id,name,body_part,is_crystallizable,is_sellable,is_droppable,is_destroyable,is_tradable,is_depositable,armor_type,weight,material,crystal_type,evasion_modifier,physical_defense,magic_defense,mp_bonus,shadow_mana,lifetime_s,price,crystal_count,enchant4_skills,item_skills
21,"Shirt","chest",false,true,true,true,true,true,"light",4830,"cloth","none",0,36,0,0,,,147,0,"",""
22,"Leather Shirt","chest",false,true,true,true,true,true,"light",4830,"leather","none",0,43,0,0,,,2430,0,"",""
23,"Wooden Breastplate","chest",false,true,true,true,true,true,"light",4820,"wood","none",0,47,0,0,,,7960,0,"",""
24,"Bone Breastplate","chest",false,true,true,true,true,true,"light",4770,"bone","none",0,50,0,0,,,15600,0,"",""
25,"Piece Bone Breastplate","chest",false,true,true,true,true,true,"heavy",8970,"bone","none",0,62,0,0,,,24480,0,"",""
26,"Bronze Breastplate","chest",false,true,true,true,true,true,"heavy",8920,"bronze","none",0,68,0,0,,,37820,0,"",""
27,"Hard Leather Shirt","chest",false,true,true,true,true,true,"light",4720,"leather","none",0,53,0,0,,,28400,0,"",""
28,"Pants","legs",false,true,true,true,true,true,"light",1740,"cloth","none",0,22,0,0,,,92,0,"",""
29,"Leather Pants","legs",false,true,true,true,true,true,"light",1730,"leather","none",0,27,0,0,,,1520,0,"",""
30,"Hard Leather Pants","legs",false,true,true,true,true,true,"light",1700,"leather","none",0,29,0,0,,,4970,0,"",""
31,"Bone Gaiters","legs",false,true,true,true,true,true,"light",1680,"bone","none",0,32,0,0,,,9770,0,"",""
32,"Piece Bone Gaiters","legs",false,true,true,true,true,true,"heavy",4020,"bone","none",0,39,0,0,,,15300,0,"",""
33,"Hard Leather Gaiters","legs",false,true,true,true,true,true,"light",1610,"leather","none",0,33,0,0,,,17700,0,"",""
34,"Bronze Gaiters","legs",false,true,true,true,true,true,"heavy",3960,"bronze","none",0,43,0,0,,,23600,0,"",""
35,"Cloth Shoes","feet",false,true,true,true,true,true,"none",1320,"cloth","none",0,9,0,0,,,37,0,"",""
36,"Leather Sandals","feet",false,true,true,true,true,true,"none",1320,"leather","none",0,9,0,0,,,37,0,"",""
37,"Leather Shoes","feet",false,true,true,true,true,true,"none",1320,"leather","none",0,13,0,0,,,2650,0,"",""
38,"Low Boots","feet",false,true,true,true,true,true,"none",1320,"leather","none",0,15,0,0,,,5210,0,"",""
39,"Boots","feet",false,true,true,true,true,true,"none",1310,"cloth","none",0,17,0,0,,,9500,0,"",""
40,"Leather Boots","feet",true,true,true,true,true,true,"none",1300,"leather","d",0,19,0,0,,,16100,30,"",""
41,"Cloth Cap","head",false,true,true,true,true,true,"none",660,"cloth","none",0,13,0,0,,,55,0,"",""
42,"Leather Cap","head",false,true,true,true,true,true,"none",660,"leather","none",0,16,0,0,,,911,0,"",""
43,"Wooden Helmet","head",false,true,true,true,true,true,"none",660,"wood","none",0,19,0,0,,,3980,0,"",""
44,"Leather Helmet","head",false,true,true,true,true,true,"none",650,"leather","none",0,23,0,0,,,7820,0,"",""
45,"Bone Helmet","head",true,true,true,true,true,true,"none",640,"bone","d",0,29,0,0,,,24100,44,"",""
46,"Bronze Helmet","head",true,true,true,true,true,true,"none",630,"bronze","d",0,33,0,0,,,38400,71,"",""
47,"Helmet","head",true,true,true,true,true,true,"none",640,"fine_steel","d",0,37,0,0,,,58600,108,"",""
48,"Short Gloves","gloves",false,true,true,true,true,true,"none",660,"cloth","none",0,9,0,0,,,37,0,"",""
49,"Gloves","gloves",false,true,true,true,true,true,"none",660,"cloth","none",0,13,0,0,,,2650,0,"",""
50,"Leather Gloves","gloves",false,true,true,true,true,true,"none",650,"leather","none",0,15,0,0,,,5210,0,"",""
51,"Bracer","gloves",false,true,true,true,true,true,"none",650,"leather","none",0,17,0,0,,,9500,0,"",""
58,"Mithril Breastplate","chest",true,true,true,true,true,true,"heavy",8670,"mithril","d",0,95,0,0,,,141100,260,"",""
59,"Mithril Gaiters","legs",true,true,true,true,true,true,"heavy",3830,"mithril","d",0,61,0,0,,,97600,180,"",""
60,"Composite Armor","fullarmor",true,true,true,true,true,true,"heavy",10980,"fine_steel","c",0,224,0,0,,,1227000,491,"",""
61,"Mithril Plate Gloves","gloves",true,true,true,true,true,true,"none",630,"mithril","d",0,29,0,0,,,75200,137,"",""
62,"Mithril Boots","feet",true,true,true,true,true,true,"none",1230,"leather","c",0,32,0,0,,,97100,39,"",""
63,"Gauntlets","gloves",true,true,true,true,true,true,"none",640,"cloth","d",0,24,0,0,,,39100,71,"",""
64,"Composite Boots","feet",true,true,true,true,true,true,"none",1220,"fine_steel","c",0,36,0,0,,,188800,76,"",""
112,"Apprentice's Earring","rear,lear",false,true,true,true,true,true,"none",150,"silver","none",0,0,11,0,,,49,0,"",""
113,"Mystic's Earring","rear,lear",false,true,true,true,true,true,"none",150,"silver","none",0,0,13,0,,,811,0,"",""
114,"Earring of Strength","rear,lear",false,true,true,true,true,true,"none",150,"gold","none",0,0,16,0,,,3510,0,"",""
115,"Earring of Wisdom","rear,lear",false,true,true,true,true,true,"none",150,"gold","none",0,0,16,0,,,3510,0,"",""
116,"Magic Ring","rfinger,lfinger",false,true,true,true,true,true,"none",150,"gold","none",0,0,7,0,,,33,0,"",""
117,"Ring of Mana","rfinger,lfinger",true,true,true,true,true,true,"none",150,"silver","b",0,0,34,0,,,404000,54,"",""
118,"Necklace of Magic","neck",false,true,true,true,true,true,"none",150,"silver","none",0,0,15,0,,,66,0,"",""
119,"Necklace of Binding","neck",true,true,true,true,true,true,"none",150,"adamantaite","c",0,0,64,0,,,434399,174,"",""
347,"Ring Mail Breastplate","chest",true,true,true,true,true,true,"heavy",8820,"steel","d",0,77,0,0,,,83500,119,"",""
348,"Scale Mail","chest",true,true,true,true,true,true,"heavy",8720,"steel","d",0,87,0,0,,,102500,189,"",""
349,"Compound Scale Mail","chest",true,true,true,true,true,true,"heavy",8620,"fine_steel","d",0,95,0,0,,,141100,260,"",""
350,"Dwarven Scale Mail","chest",true,true,true,true,true,true,"heavy",8540,"fine_steel","d",0,95,0,0,,,141100,260,"",""
351,"Blast Plate","chest",true,true,true,true,true,true,"heavy",8420,"fine_steel","d",0,97,0,0,,,203000,288,"",""
352,"Brigandine Tunic","chest",true,true,true,true,true,true,"heavy",8320,"fine_steel","d",0,103,0,0,,,229700,424,"",""
353,"Half Plate Armor","chest",true,true,true,true,true,true,"heavy",8220,"fine_steel","d",0,111,0,0,,,300800,555,"",""
354,"Chain Mail Shirt","chest",true,true,true,true,true,true,"heavy",8120,"fine_steel","c",0,120,0,0,,,388600,155,"",""
355,"Dwarven Chain Mail Shirt","chest",true,true,true,true,true,true,"heavy",8070,"fine_steel","c",0,129,0,0,,,495500,198,"",""
356,"Full Plate Armor","fullarmor",true,true,true,true,true,true,"heavy",10480,"fine_steel","c",0,239,0,0,,,1788000,715,"",""
357,"Zubei's Breastplate","chest",true,true,true,true,true,true,"heavy",7970,"mithril","b",0,157,0,0,,,2080000,213,"",""
358,"Blue Wolf Breastplate","chest",true,true,true,true,true,true,"heavy",7820,"oriharukon","b",0,166,0,0,,,3220000,330,"",""
359,"Shining Dragon Armor","fullarmor",true,true,true,true,true,true,"heavy",6400,"mithril","b",0,301,0,0,,,6770000,903,"",""
360,"Armor of Victory","chest",true,true,true,true,true,true,"heavy",3360,"oriharukon","b",0,175,0,0,,,3220000,429,"",""
361,"Breastplate of Valor","chest",true,true,true,true,true,true,"heavy",3360,"blood_steel","b",0,185,0,0,,,4630000,617,"",""
362,"Glorious Armor","fullarmor",true,true,true,true,true,true,"heavy",6720,"fine_steel","b",0,284,0,0,,,4710000,628,"",""
363,"Red Flame Armor","fullarmor",true,true,true,true,true,true,"heavy",6400,"blood_steel","b",0,301,0,0,,,6770000,903,"",""
364,"Elven Crystal Breastplate","chest",true,true,true,true,true,true,"heavy",2400,"crystal","b",0,175,0,0,,,3220000,429,"",""
365,"Dark Crystal Breastplate","chest",true,true,true,true,true,true,"heavy",7700,"crystal","a",0,171,0,0,,,4630000,285,"",""
366,"Implosion Armor","fullarmor",true,true,true,true,true,true,"heavy",6080,"damascus","b",0,284,0,0,,,4710000,628,"",""
367,"Dark Dragon Armor","fullarmor",true,true,true,true,true,true,"heavy",5760,"damascus","b",0,301,0,0,,,6770000,903,"",""
368,"Elven Vagian Armor","fullarmor",true,true,true,true,true,true,"heavy",2400,"mithril","b",0,284,0,0,,,4710000,628,"",""
369,"Dark Vagian Armor","fullarmor",true,true,true,true,true,true,"heavy",2400,"mithril","b",0,301,0,0,,,6770000,903,"",""
370,"Complete Set of Plate Armor","fullarmor",true,true,true,true,true,true,"heavy",6400,"fine_steel","b",0,284,0,0,,,4710000,628,"",""
371,"Hell Plate","fullarmor",true,true,true,true,true,true,"heavy",6400,"blood_steel","b",0,301,0,0,,,6770000,903,"",""
372,"Art of Plate","fullarmor",true,true,true,true,true,true,"heavy",6720,"chrysolite","b",0,284,0,0,,,4710000,628,"",""
373,"Masterpiece Armor","fullarmor",true,true,true,true,true,true,"heavy",5600,"oriharukon","b",0,301,0,0,,,6770000,903,"",""
374,"Armor of Nightmare","fullarmor",true,true,true,true,true,true,"heavy",9580,"blood_steel","a",0,293,0,0,,,10300000,704,"",""
375,"Dragon Scale Mail","chest",true,false,false,true,false,true,"heavy",7620,"scale_of_dragon","s",0,198,0,0,,,10500000,525,"",""
376,"Iron Plate Gaiters","legs",true,true,true,true,true,true,"heavy",3820,"steel","d",0,48,0,0,,,40100,74,"",""
377,"Scale Gaiters","legs",true,true,true,true,true,true,"heavy",3860,"fine_steel","d",0,54,0,0,,,64100,118,"",""
378,"Compound Scale Gaiters","legs",true,true,true,true,true,true,"heavy",3770,"fine_steel","d",0,61,0,0,,,97600,180,"",""
379,"Dwarven Scale Gaiters","legs",true,true,true,true,true,true,"heavy",3840,"fine_steel","d",0,61,0,0,,,97600,180,"",""
380,"Plate Gaiters","legs",true,true,true,true,true,true,"heavy",3770,"fine_steel","d",0,70,0,0,,,188000,347,"",""
381,"Chain Gaiters","legs",true,true,true,true,true,true,"heavy",3680,"fine_steel","c",0,75,0,0,,,242900,97,"",""
382,"Dwarven Chain Gaiters","legs",true,true,true,true,true,true,"heavy",3620,"fine_steel","c",0,80,0,0,,,309700,124,"",""
383,"Zubei's Gaiters","legs",true,true,true,true,true,true,"heavy",3570,"mithril","b",0,98,0,0,,,1300000,133,"",""
384,"Wolf Gaiters","legs",true,true,true,true,true,true,"heavy",2560,"oriharukon","b",0,109,0,0,,,2010000,206,"",""
385,"Gaiters of Victory","legs",true,true,true,true,true,true,"heavy",2240,"oriharukon","b",0,109,0,0,,,2010000,268,"",""
386,"Gaiters of Valor","legs",true,true,true,true,true,true,"heavy",2240,"blood_steel","b",0,116,0,0,,,2890000,385,"",""
387,"Elven Crystal Gaiters","legs",true,true,true,true,true,true,"heavy",2240,"crystal","b",0,109,0,0,,,2010000,268,"",""
388,"Dark Crystal Gaiters","legs",true,true,true,true,true,true,"heavy",3320,"crystal","a",0,107,0,0,,,2890000,178,"",""
389,"Dragon Scale Gaiters","legs",true,false,false,true,false,true,"heavy",3260,"scale_of_dragon","s",0,122,0,0,,,5980000,299,"",""
390,"Cotton Shirt","chest",false,true,true,true,true,true,"light",4770,"cloth","none",0,50,0,0,,,15600,0,"",""
391,"Puma Skin Shirt","chest",true,true,true,true,true,true,"light",4700,"leather","d",0,58,0,0,,,48200,89,"",""
392,"Lion Skin Shirt","chest",true,true,true,true,true,true,"light",4580,"leather","d",0,65,0,0,,,76900,142,"",""
393,"Mithril Banded Mail","chest",true,true,true,true,true,true,"light",4570,"mithril","d",0,73,0,0,,,117000,216,"",""
394,"Reinforced Leather Shirt","chest",true,true,true,true,true,true,"light",4570,"leather","d",0,73,0,0,,,117000,216,"",""
395,"Manticore Skin Shirt","chest",true,true,true,true,true,true,"light",4520,"leather","d",0,77,0,0,,,172000,318,"",""
396,"Salamander Skin Mail","fullarmor",true,true,true,true,true,true,"light",6100,"leather","d",0,136,0,0,,,366600,677,"",""
397,"Mithril Shirt","chest",true,true,true,true,true,true,"light",4470,"mithril","c",0,90,0,0,,,291000,116,"",""
398,"Plated Leather","chest",true,true,true,true,true,true,"light",4450,"leather","c",0,94,0,0,,,343000,137,"",""
399,"Rind Leather Armor","chest",true,true,true,true,true,true,"light",4420,"leather","c",0,97,0,0,,,372000,149,"",""
400,"Theca Leather Armor","chest",true,true,true,true,true,true,"light",4370,"leather","c",0,106,0,0,,,635000,254,"",""
401,"Drake Leather Armor","fullarmor",true,true,true,true,true,true,"light",5800,"leather","c",0,179,0,0,,,1341000,536,"",""
402,"Chain Mail of Silence","fullarmor",true,true,true,true,true,true,"light",3200,"damascus","b",0,213,0,0,,,3530000,471,"",""
403,"Gust Chain Mail","fullarmor",true,true,true,true,true,true,"light",2720,"blood_steel","b",0,225,0,0,,,5080000,677,"",""
404,"Prairie Leather Armor","chest",true,true,true,true,true,true,"light",8000,"leather","b",0,131,0,0,,,2410000,321,"",""
405,"Leather Armor of The Underworld","chest",true,true,true,true,true,true,"light",8000,"leather","b",0,139,0,0,,,3470000,463,"",""
406,"Leather Suit of Concentration","fullarmor",true,true,true,true,true,true,"light",2400,"leather","b",0,213,0,0,,,3530000,471,"",""
407,"Ace's Leather Armor","fullarmor",true,true,true,true,true,true,"light",2400,"leather","b",0,225,0,0,,,5080000,677,"",""
408,"Guardian's Leather Armor","chest",true,true,true,true,true,true,"light",8000,"leather","b",0,131,0,0,,,2410000,321,"",""
409,"Marksman's Leather Armor","chest",true,true,true,true,true,true,"light",4300,"leather","b",0,139,0,0,,,3470000,463,"",""
410,"Unicorn Leather Armor","fullarmor",true,true,true,true,true,true,"light",1280,"leather","a",0,238,0,0,,,7730000,618,"",""
411,"Dragon Leather Armor","fullarmor",true,false,false,true,false,true,"light",4950,"leather","s",0,237,0,0,,,10500000,525,"",""
412,"Cotton Pants","legs",false,true,true,true,true,true,"light",1630,"cloth","none",0,32,0,0,,,9770,0,"",""
413,"Puma Skin Gaiters","legs",true,true,true,true,true,true,"light",1600,"leather","d",0,36,0,0,,,30100,56,"",""
414,"Lion Skin Gaiters","legs",true,true,true,true,true,true,"light",1570,"leather","d",0,41,0,0,,,48000,89,"",""
415,"Mithril Banded Gaiters","legs",true,true,true,true,true,true,"light",1580,"mithril","d",0,46,0,0,,,73200,135,"",""
416,"Reinforced Leather Gaiters","legs",true,true,true,true,true,true,"light",1570,"leather","d",0,46,0,0,,,73200,135,"",""
417,"Manticore Skin Gaiters","legs",true,true,true,true,true,true,"light",1550,"leather","d",0,48,0,0,,,107700,199,"",""
418,"Plated Leather Gaiters","legs",true,true,true,true,true,true,"light",1560,"leather","c",0,59,0,0,,,214500,86,"",""
419,"Rind Leather Gaiters","legs",true,true,true,true,true,true,"light",1550,"leather","c",0,60,0,0,,,232300,93,"",""
420,"Theca Leather Gaiters","legs",true,true,true,true,true,true,"light",1530,"leather","c",0,66,0,0,,,396700,159,"",""
421,"Prairie Leather Gaiters","legs",true,true,true,true,true,true,"light",4800,"leather","b",0,82,0,0,,,1510000,201,"",""
422,"Gaiters of The Underworld","legs",true,true,true,true,true,true,"light",4800,"leather","b",0,87,0,0,,,2170000,289,"",""
423,"Guardian's Leather Gaiters","legs",true,true,true,true,true,true,"light",4800,"leather","b",0,82,0,0,,,1510000,201,"",""
424,"Marksman's Leather Gaiters","legs",true,true,true,true,true,true,"light",1490,"leather","b",0,87,0,0,,,2170000,289,"",""
425,"Apprentice's Tunic","chest",false,false,false,true,false,true,"magic",2150,"cloth","none",0,17,0,19,,,26,0,"",""
426,"Tunic","chest",false,true,true,true,true,true,"magic",2150,"cloth","none",0,18,0,24,,,147,0,"",""
427,"Cotton Robe","fullarmor",false,true,true,true,true,true,"magic",2750,"cotton","none",0,35,0,61,,,3550,0,"",""
428,"Feriotic Tunic","chest",false,true,true,true,true,true,"magic",2140,"cloth","none",0,21,0,38,,,2430,0,"",""
429,"Leather Tunic","chest",false,true,true,true,true,true,"magic",2110,"leather","none",0,25,0,52,,,7960,0,"",""
430,"Robe of Devotion","fullarmor",false,true,true,true,true,true,"magic",2650,"cloth","none",0,49,0,109,,,29700,0,"",""
431,"Robe of Magic","fullarmor",false,true,true,true,true,true,"magic",2600,"cloth","none",0,56,0,140,,,53900,0,"",""
432,"Cursed Tunic","chest",true,true,true,true,true,true,"magic",2090,"cloth","d",0,39,0,106,,,48200,89,"",""
433,"Elven Tunic","chest",true,true,true,true,true,true,"magic",2080,"cloth","d",0,43,0,126,,,76900,142,"",""
434,"White Tunic","chest",true,true,true,true,true,true,"magic",2040,"cloth","d",0,43,0,126,,,76900,142,"",""
435,"Mystic's Tunic","chest",true,true,true,true,true,true,"magic",2030,"cloth","d",0,43,0,126,,,76900,142,"",""
436,"Tunic of Knowledge","chest",true,true,true,true,true,true,"magic",2020,"cloth","d",0,49,0,147,,,117000,216,"",""
437,"Mithril Tunic","chest",true,true,true,true,true,true,"magic",2010,"mithril","d",0,52,0,169,,,172000,318,"",""
438,"Sage's Rag","fullarmor",true,true,true,true,true,true,"magic",2580,"cloth","d",0,90,0,320,,,366600,677,"",""
439,"Karmian Tunic","chest",true,true,true,true,true,true,"magic",1980,"cloth","c",0,60,0,225,,,291000,116,"",""
440,"Robe of Seal","fullarmor",true,true,true,true,true,true,"magic",2500,"cloth","c",0,105,0,413,,,603900,242,"",""
441,"Demon's Tunic","chest",true,true,true,true,true,true,"magic",1990,"cloth","c",0,69,0,284,,,566000,226,"",""
442,"Divine Tunic","chest",true,true,true,true,true,true,"magic",1980,"cloth","c",0,74,0,314,,,825000,330,"",""
443,"Tunic of Mana","chest",true,true,true,true,true,true,"magic",2000,"cloth","b",0,87,0,377,,,2410000,321,"",""
444,"Sage's Robe","fullarmor",true,true,true,true,true,true,"magic",1600,"cloth","b",0,150,0,665,,,5080000,677,"",""
445,"Paradia Tunic","chest",true,true,true,true,true,true,"magic",1990,"cloth","b",0,87,0,377,,,2410000,321,"",""
446,"Inferno Tunic","chest",true,true,true,true,true,true,"magic",1880,"cloth","b",0,92,0,409,,,3470000,463,"",""
447,"Tunic of Solar Eclipse","chest",true,true,true,true,true,true,"magic",1960,"cloth","b",0,87,0,377,,,2410000,321,"",""
448,"Robe of Black Ore","fullarmor",true,true,true,true,true,true,"magic",1600,"cloth","b",0,150,0,665,,,5080000,677,"",""
449,"Tunic of Summoning","chest",true,true,true,true,true,true,"magic",1950,"cloth","b",0,87,0,377,,,2410000,321,"",""
450,"Otherworldly Robe","fullarmor",true,true,true,true,true,true,"magic",1600,"cloth","b",0,150,0,665,,,5080000,677,"",""
451,"Elemental Tunic","chest",true,true,true,true,true,true,"magic",1970,"cloth","b",0,87,0,377,,,2410000,321,"",""
452,"Tunic of Phantom","chest",true,true,true,true,true,true,"magic",1890,"cloth","b",0,92,0,409,,,3470000,463,"",""
453,"Tunic of Grace","chest",true,true,true,true,true,true,"magic",1930,"cloth","b",0,87,0,377,,,2410000,321,"",""
454,"Robe of Holy Spirit","fullarmor",true,true,true,true,true,true,"magic",1600,"cloth","b",0,150,0,665,,,5080000,677,"",""
455,"Phoenix Tunic","chest",true,true,true,true,true,true,"magic",1950,"cloth","b",0,87,0,377,,,2410000,321,"",""
456,"Cerberus Tunic","chest",true,true,true,true,true,true,"magic",1870,"cloth","b",0,92,0,409,,,3470000,463,"",""
457,"Tunic of Aid","chest",true,true,true,true,true,true,"magic",1910,"cloth","b",0,87,0,377,,,2410000,321,"",""
458,"Robe of Blessing","fullarmor",true,true,true,true,true,true,"magic",1600,"cloth","b",0,150,0,665,,,5080000,677,"",""
459,"Dasparion's Robe","fullarmor",true,true,true,true,true,true,"magic",1200,"cloth","a",0,158,0,718,,,7730000,618,"",""
460,"The Robe","fullarmor",true,false,false,true,false,true,"magic",2300,"cloth","s",0,158,0,773,,,10500000,525,"",""
461,"Apprentice's Stockings","legs",false,false,false,true,false,true,"magic",1100,"cloth","none",0,10,0,10,,,6,0,"",""
462,"Stockings","legs",false,true,true,true,true,true,"magic",1080,"cloth","none",0,11,0,15,,,92,0,"",""
463,"Feriotic Stockings","legs",false,true,true,true,true,true,"magic",1070,"cloth","none",0,13,0,23,,,1520,0,"",""
464,"Leather Stockings","legs",false,true,true,true,true,true,"magic",1020,"leather","none",0,16,0,33,,,4970,0,"",""
465,"Cursed Stockings","legs",true,true,true,true,true,true,"magic",1020,"cloth","d",0,24,0,66,,,30100,56,"",""
466,"Elven Stockings","legs",true,true,true,true,true,true,"magic",1010,"cloth","d",0,27,0,79,,,48000,89,"",""
467,"Dark Stockings","legs",true,true,true,true,true,true,"magic",1000,"cloth","d",0,27,0,79,,,48000,89,"",""
468,"Mystic's Stockings","legs",true,true,true,true,true,true,"magic",990,"cloth","d",0,27,0,79,,,48000,89,"",""
469,"Stockings of Knowledge","legs",true,true,true,true,true,true,"magic",1000,"cloth","d",0,30,0,92,,,73200,135,"",""
470,"Mithril Stockings","legs",true,true,true,true,true,true,"magic",980,"mithril","d",0,32,0,105,,,107700,199,"",""
471,"Karmian Stockings","legs",true,true,true,true,true,true,"magic",970,"cloth","c",0,37,0,141,,,182100,73,"",""
472,"Demon's Stockings","legs",true,true,true,true,true,true,"magic",980,"cloth","c",0,43,0,177,,,354000,142,"",""
473,"Divine Stockings","legs",true,true,true,true,true,true,"magic",960,"cloth","c",0,46,0,196,,,515800,206,"",""
474,"Stockings of Mana","legs",true,true,true,true,true,true,"magic",2400,"cloth","b",0,55,0,236,,,1510000,201,"",""
475,"Paradia Stockings","legs",true,true,true,true,true,true,"magic",1600,"cloth","b",0,55,0,236,,,1510000,201,"",""
476,"Inferno Stockings","legs",true,true,true,true,true,true,"magic",1600,"cloth","b",0,58,0,256,,,2170000,289,"",""
477,"Stockings of Solar Eclipse","legs",true,true,true,true,true,true,"magic",2400,"cloth","b",0,55,0,236,,,1510000,201,"",""
478,"Stockings of Summoning","legs",true,true,true,true,true,true,"magic",2400,"cloth","b",0,55,0,236,,,1510000,201,"",""
479,"Elemental Stockings","legs",true,true,true,true,true,true,"magic",1600,"cloth","b",0,55,0,236,,,1510000,201,"",""
480,"Stockings of Phantom","legs",true,true,true,true,true,true,"magic",1600,"cloth","b",0,58,0,256,,,2170000,289,"",""
481,"Stockings of Grace","legs",true,true,true,true,true,true,"magic",2400,"cloth","b",0,55,0,236,,,1510000,201,"",""
482,"Phoenix Stockings","legs",true,true,true,true,true,true,"magic",2400,"cloth","b",0,55,0,236,,,1510000,201,"",""
483,"Cerberus Stockings","legs",true,true,true,true,true,true,"magic",6400,"cloth","b",0,58,0,256,,,2170000,289,"",""
484,"Stockings of Aid","legs",true,true,true,true,true,true,"magic",2400,"cloth","b",0,55,0,236,,,1510000,201,"",""
485,"Tattoo of Power","underwear",false,true,true,true,true,true,"none",4200,"dyestuff","none",0,53,0,0,,,28400,0,"",""
486,"Tattoo of Fire","underwear",true,true,true,true,true,true,"none",4050,"dyestuff","d",0,73,0,0,,,117000,276,"",""
487,"Tattoo of Resolve","underwear",true,true,true,true,true,true,"none",4000,"dyestuff","d",0,73,0,0,,,117000,276,"",""
488,"Tattoo of Flame","underwear",true,true,true,true,true,true,"none",800,"dyestuff","b",0,139,0,0,,,2671000,462,"",""
489,"Tattoo of Bravery","underwear",true,true,true,true,true,true,"none",4100,"dyestuff","c",0,110,0,0,,,825000,428,"",""
490,"Tattoo of Blood","underwear",true,true,true,true,true,true,"none",3800,"dyestuff","a",0,132,0,0,,,2671000,277,"",""
491,"Tattoo of Absolute","underwear",true,true,true,true,true,true,"none",800,"dyestuff","a",0,146,0,0,,,4064000,422,"",""
492,"Tattoo of Soul","underwear",true,true,true,true,true,true,"none",4150,"dyestuff","d",0,65,0,0,,,76900,181,"",""
493,"Tattoo of Avadon","underwear",true,true,true,true,true,true,"none",4000,"dyestuff","b",0,117,0,0,,,1197000,208,"",""
494,"Tattoo of Doom","underwear",true,true,true,true,true,true,"none",4100,"dyestuff","b",0,125,0,0,,,1857000,321,"",""
495,"Tattoo of Pledge","underwear",true,true,true,true,true,true,"none",4000,"dyestuff","b",0,124,0,0,,,1197000,208,"",""
496,"Tattoo of Divine","underwear",true,true,true,true,true,true,"none",4100,"dyestuff","b",0,131,0,0,,,1857000,321,"",""
497,"Chain Helmet","head",true,true,true,true,true,true,"none",620,"fine_steel","c",0,45,0,0,,,147000,59,"",""
498,"Steel Plate Helmet","head",true,true,true,true,true,true,"none",610,"fine_steel","c",0,49,0,0,,,206000,82,"",""
499,"Mithril Helmet","head",true,true,true,true,true,true,"none",240,"mithril","c",0,58,0,0,,,536000,214,"",""
500,"Great Helmet","head",true,true,true,true,true,true,"none",610,"fine_steel","c",0,51,0,0,,,185800,74,"",""
501,"Armet","head",true,true,true,true,true,true,"none",580,"chrysolite","b",0,62,0,0,,,1030000,137,"",""
502,"Close Helmet","head",true,true,true,true,true,true,"none",570,"oriharukon","a",0,64,0,0,,,1560000,125,"",""
503,"Zubei's Helmet","head",true,true,true,true,true,true,"none",590,"mithril","b",0,62,0,0,,,778000,80,"",""
504,"Dragon Helmet","head",true,false,false,true,false,true,"none",550,"bone","s",0,77,0,0,,,3590000,180,"",""
505,"Wolf Helmet","head",true,true,true,true,true,true,"none",580,"oriharukon","b",0,66,0,0,,,1210000,124,"",""
506,"Shining Dragon Helmet","head",true,true,true,true,true,true,"none",880,"mithril","b",0,67,0,0,,,1740000,232,"",""
507,"Helmet of Victory","head",true,true,true,true,true,true,"none",640,"oriharukon","b",0,66,0,0,,,1210000,161,"",""
508,"Helmet of Valor","head",true,true,true,true,true,true,"none",720,"blood_steel","b",0,67,0,0,,,1740000,232,"",""
509,"Glorious Helmet","head",true,true,true,true,true,true,"none",800,"fine_steel","a",0,65,0,0,,,2040000,163,"",""
510,"Red Flame Helmet","head",true,true,true,true,true,true,"none",960,"blood_steel","a",0,71,0,0,,,2640000,211,"",""
511,"Elven Crystal Helmet","head",true,true,true,true,true,true,"none",580,"crystal","b",0,66,0,0,,,1210000,161,"",""
512,"Dark Crystal Helmet","head",true,true,true,true,true,true,"none",570,"crystal","a",0,69,0,0,,,1740000,107,"",""
513,"Implosion Helmet","head",true,true,true,true,true,true,"none",480,"damascus","b",0,66,0,0,,,1210000,161,"",""
514,"Dark Dragon Helmet","head",true,true,true,true,true,true,"none",400,"damascus","b",0,67,0,0,,,1740000,232,"",""
515,"Elven Vagian Helm","head",true,true,true,true,true,true,"none",560,"mithril","a",0,65,0,0,,,2040000,163,"",""
516,"Dark Vagian Helm","head",true,true,true,true,true,true,"none",560,"mithril","a",0,71,0,0,,,2640000,211,"",""
517,"Composite Helmet","head",true,true,true,true,true,true,"none",610,"fine_steel","c",0,54,0,0,,,283200,113,"",""
518,"Hell Helm","head",true,true,true,true,true,true,"none",320,"blood_steel","a",0,71,0,0,,,2640000,211,"",""
519,"Art of Helmet","head",true,true,true,true,true,true,"none",400,"chrysolite","b",0,66,0,0,,,1210000,161,"",""
520,"Masterpiece Helm","head",true,true,true,true,true,true,"none",400,"oriharukon","a",0,71,0,0,,,2640000,211,"",""
521,"Helmet of Silence","head",true,true,true,true,true,true,"none",320,"damascus","b",0,66,0,0,,,1210000,161,"",""
522,"Gust Helmet","head",true,true,true,true,true,true,"none",570,"blood_steel","b",0,67,0,0,,,1740000,232,"",""
523,"Prairie Helmet","head",true,true,true,true,true,true,"none",480,"leather","b",0,66,0,0,,,1210000,161,"",""
524,"Helm of The Underworld","head",true,true,true,true,true,true,"none",320,"damascus","b",0,67,0,0,,,1740000,232,"",""
525,"Helmet of Concentration","head",true,true,true,true,true,true,"none",320,"oriharukon","b",0,66,0,0,,,1210000,161,"",""
526,"Ace's Helmet","head",true,true,true,true,true,true,"none",320,"oriharukon","b",0,67,0,0,,,1740000,232,"",""
527,"Guardian's Helmet","head",true,true,true,true,true,true,"none",240,"mithril","b",0,66,0,0,,,1210000,161,"",""
528,"Marksman Helmet","head",true,true,true,true,true,true,"none",240,"leather","b",0,67,0,0,,,1740000,232,"",""
529,"Cap of Mana","head",true,true,true,true,true,true,"none",320,"cloth","c",0,58,0,0,,,536000,214,"",""
530,"Sage's Cap","head",true,true,true,true,true,true,"none",320,"cloth","b",0,62,0,0,,,778000,104,"",""
531,"Paradia Hood","head",true,true,true,true,true,true,"none",320,"cloth","c",0,58,0,0,,,536000,214,"",""
532,"Inferno Hood","head",true,true,true,true,true,true,"none",320,"cloth","b",0,62,0,0,,,778000,104,"",""
533,"Hood of Solar Eclipse","head",true,true,true,true,true,true,"none",320,"cloth","c",0,58,0,0,,,536000,214,"",""
534,"Hood of Black Ore","head",true,true,true,true,true,true,"none",320,"cloth","b",0,62,0,0,,,778000,104,"",""
535,"Hood of Summoning","head",true,true,true,true,true,true,"none",320,"cloth","c",0,58,0,0,,,536000,214,"",""
536,"Otherworldly Hood","head",true,true,true,true,true,true,"none",320,"cloth","b",0,62,0,0,,,778000,104,"",""
537,"Elemental Hood","head",true,true,true,true,true,true,"none",320,"cloth","c",0,58,0,0,,,536000,214,"",""
538,"Hood of Phantom","head",true,true,true,true,true,true,"none",320,"cloth","b",0,62,0,0,,,778000,104,"",""
539,"Hood of Grace","head",true,true,true,true,true,true,"none",320,"cloth","c",0,58,0,0,,,536000,214,"",""
540,"Hood of Holy Spirit","head",true,true,true,true,true,true,"none",320,"cloth","b",0,62,0,0,,,778000,104,"",""
541,"Phoenix Hood","head",true,true,true,true,true,true,"none",590,"cloth","c",0,58,0,0,,,536000,214,"",""
542,"Cerberus Hood","head",true,true,true,true,true,true,"none",320,"cloth","b",0,62,0,0,,,778000,104,"",""
543,"Hood of Aid","head",true,true,true,true,true,true,"none",320,"cloth","c",0,58,0,0,,,536000,214,"",""
544,"Hood of Blessing","head",true,true,true,true,true,true,"none",320,"cloth","b",0,62,0,0,,,778000,104,"",""
545,"Flame Helm","head",true,true,true,true,true,true,"none",400,"cloth","c",0,58,0,0,,,536000,214,"",""
546,"Helm of Bravery","head",true,true,true,true,true,true,"none",400,"cloth","b",0,62,0,0,,,778000,104,"",""
547,"Tallum Helm","head",true,true,true,true,true,true,"none",570,"cloth","a",0,69,0,0,,,1740000,107,"",""
548,"Absolute Helm","head",true,true,true,true,true,true,"none",400,"cloth","b",0,62,0,0,,,778000,104,"",""
549,"Helm of Avadon","head",true,true,true,true,true,true,"none",400,"cloth","c",0,58,0,0,,,536000,214,"",""
550,"Helm of Doom","head",true,true,true,true,true,true,"none",400,"cloth","b",0,62,0,0,,,778000,124,"",""
551,"Helmet of Pledge","head",true,true,true,true,true,true,"none",400,"chrysolite","c",0,58,0,0,,,536000,214,"",""
552,"Divine Helm","head",true,true,true,true,true,true,"none",400,"cloth","b",0,62,0,0,,,778000,104,"",""
553,"Iron Boots","feet",true,true,true,true,true,true,"none",1280,"fine_steel","d",0,24,0,0,,,39100,71,"",""
554,"Zubei's Boots","feet",true,true,true,true,true,true,"none",1180,"mithril","b",0,41,0,0,,,519000,53,"",""
555,"Dragon Boots","feet",true,false,false,true,false,true,"none",1110,"leather","a",0,48,0,0,,,1760000,141,"",""
556,"Wolf Boots","feet",true,true,true,true,true,true,"none",1180,"oriharukon","b",0,41,0,0,,,519000,83,"",""
557,"Shining Dragon Boots","feet",true,true,true,true,true,true,"none",1150,"mithril","b",0,44,0,0,,,804000,107,"",""
558,"Boots of Victory","feet",true,true,true,true,true,true,"none",1180,"oriharukon","b",0,41,0,0,,,519000,69,"",""
559,"Boots of Valor","feet",true,true,true,true,true,true,"none",1150,"blood_steel","b",0,44,0,0,,,804000,107,"",""
560,"Glorious Boots","feet",true,true,true,true,true,true,"none",1180,"fine_steel","b",0,41,0,0,,,519000,69,"",""
561,"Red Flame Boots","feet",true,true,true,true,true,true,"none",1120,"blood_steel","a",0,45,0,0,,,1160000,93,"",""
562,"Elven Crystal Boots","feet",true,true,true,true,true,true,"none",1180,"crystal","b",0,41,0,0,,,519000,69,"",""
563,"Dark Crystal Boots","feet",true,true,true,true,true,true,"none",1110,"crystal","a",0,45,0,0,,,1160000,71,"",""
564,"Implosion Boots","feet",true,true,true,true,true,true,"none",1150,"damascus","b",0,44,0,0,,,804000,107,"",""
565,"Dark Dragon Boots","feet",true,true,true,true,true,true,"none",1130,"damascus","b",0,44,0,0,,,804000,107,"",""
566,"Elven Vagian Boots","feet",true,true,true,true,true,true,"none",1150,"mithril","b",0,41,0,0,,,519000,69,"",""
567,"Dark Vagian Boots","feet",true,true,true,true,true,true,"none",1130,"mithril","b",0,44,0,0,,,804000,107,"",""
568,"Composite Boots","feet",true,true,true,true,true,true,"none",200,"fine_steel","b",0,41,0,0,,,519000,69,"",""
569,"Hell Boots","feet",true,true,true,true,true,true,"none",1130,"blood_steel","b",0,44,0,0,,,804000,107,"",""
570,"Art of Boots","feet",true,true,true,true,true,true,"none",1150,"chrysolite","b",0,41,0,0,,,519000,69,"",""
571,"Masterpiece Boots","feet",true,true,true,true,true,true,"none",1130,"oriharukon","b",0,44,0,0,,,804000,107,"",""
572,"Boots of Silence","feet",true,true,true,true,true,true,"none",1190,"damascus","b",0,41,0,0,,,519000,69,"",""
573,"Gust Boots","feet",true,true,true,true,true,true,"none",1120,"blood_steel","a",0,45,0,0,,,1160000,93,"",""
574,"Prairie Boots","feet",true,true,true,true,true,true,"none",1140,"leather","b",0,41,0,0,,,519000,69,"",""
575,"Boots of The Underworld","feet",true,true,true,true,true,true,"none",1110,"leather","a",0,45,0,0,,,1160000,93,"",""
576,"Boots of Concentration","feet",true,true,true,true,true,true,"none",1170,"oriharukon","b",0,41,0,0,,,519000,69,"",""
577,"Ace's Boots","feet",true,true,true,true,true,true,"none",1150,"oriharukon","b",0,44,0,0,,,804000,107,"",""
578,"Guardian's Boots","feet",true,true,true,true,true,true,"none",1180,"mithril","b",0,41,0,0,,,519000,69,"",""
579,"Marksman Boots","feet",true,true,true,true,true,true,"none",1150,"leather","b",0,44,0,0,,,804000,107,"",""
580,"Boots of Mana","feet",true,true,true,true,true,true,"none",1180,"leather","b",0,41,0,0,,,519000,69,"",""
581,"Sage's Boots","feet",true,true,true,true,true,true,"none",1150,"leather","b",0,44,0,0,,,804000,107,"",""
582,"Paradia Boots","feet",true,true,true,true,true,true,"none",1140,"chrysolite","b",0,44,0,0,,,804000,107,"",""
583,"Majestic Boots","feet",true,true,true,true,true,true,"none",1110,"blood_steel","a",0,48,0,0,,,1760000,108,"",""
584,"Boots of Solar Eclipse","feet",true,true,true,true,true,true,"none",1180,"blood_steel","b",0,41,0,0,,,519000,69,"",""
585,"Boots of Black Ore","feet",true,true,true,true,true,true,"none",1200,"damascus","b",0,44,0,0,,,804000,107,"",""
586,"Boots of Summoning","feet",true,true,true,true,true,true,"none",1170,"leather","b",0,41,0,0,,,519000,69,"",""
587,"Otherworldly Boots","feet",true,true,true,true,true,true,"none",1200,"adamantaite","b",0,44,0,0,,,804000,107,"",""
588,"Elemental Boots","feet",true,true,true,true,true,true,"none",1130,"mithril","b",0,44,0,0,,,804000,107,"",""
589,"Boots of Phantom","feet",true,true,true,true,true,true,"none",1120,"oriharukon","a",0,48,0,0,,,1760000,141,"",""
590,"Boots of Grace","feet",true,true,true,true,true,true,"none",1130,"mithril","b",0,44,0,0,,,804000,107,"",""
591,"Boots of Holy Spirit","feet",true,true,true,true,true,true,"none",1200,"chrysolite","b",0,44,0,0,,,804000,107,"",""
592,"Phoenix Boots","feet",true,true,true,true,true,true,"none",1120,"blood_steel","a",0,45,0,0,,,1160000,93,"",""
593,"Cerberus Boots","feet",true,true,true,true,true,true,"none",1120,"damascus","a",0,48,0,0,,,1760000,141,"",""
594,"Boots of Aid","feet",true,true,true,true,true,true,"none",1200,"leather","b",0,41,0,0,,,519000,69,"",""
595,"Boots of Blessing","feet",true,true,true,true,true,true,"none",1160,"adamantaite","b",0,41,0,0,,,519000,69,"",""
596,"Flame Boots","feet",true,true,true,true,true,true,"none",1020,"blood_steel","b",0,45,0,0,,,1160000,155,"",""
597,"Boots of Bravery","feet",true,true,true,true,true,true,"none",1050,"chrysolite","b",0,45,0,0,,,1160000,155,"",""
598,"Blood Boots","feet",true,true,true,true,true,true,"none",1130,"blood_steel","a",0,45,0,0,,,1160000,93,"",""
599,"Absolute Boots","feet",true,true,true,true,true,true,"none",1130,"mithril","b",0,45,0,0,,,1160000,155,"",""
600,"Avadon Boots","feet",true,true,true,true,true,true,"none",1170,"damascus","b",0,41,0,0,,,519000,53,"",""
601,"Boots of Doom","feet",true,true,true,true,true,true,"none",1130,"mithril","b",0,44,0,0,,,804000,107,"",""
602,"Boots of Pledge","feet",true,true,true,true,true,true,"none",1130,"chrysolite","b",0,45,0,0,,,1160000,155,"",""
603,"Divine Boots","feet",true,true,true,true,true,true,"none",1200,"adamantaite","c",0,39,0,0,,,358000,143,"",""
604,"Crafted Leather Gloves","gloves",true,true,true,true,true,true,"none",650,"leather","d",0,19,0,0,,,16100,30,"",""
605,"Leather Gauntlets","gloves",true,true,true,true,true,true,"none",640,"leather","d",0,22,0,0,,,25600,47,"",""
606,"Rip Gauntlets","gloves",true,true,true,true,true,true,"none",630,"leather","d",0,27,0,0,,,57400,106,"",""
607,"Ogre Power Gauntlets","gloves",true,true,true,true,true,true,"none",620,"fine_steel","d",0,29,0,0,,,75200,139,"",""
608,"Mithril Gauntlets","gloves",true,true,true,true,true,true,"none",600,"mithril","c",0,36,0,0,,,188800,76,"",""
609,"Gauntlets of Ghost","gloves",true,true,true,true,true,true,"none",1920,"blood_steel","c",0,39,0,0,,,358000,143,"",""
610,"Saint Knight's Gauntlets","gloves",true,true,true,true,true,true,"none",6400,"oriharukon","b",0,41,0,0,,,519000,69,"",""
611,"Soul Leech Gauntlets","gloves",true,true,true,true,true,true,"none",4800,"blood_steel","b",0,44,0,0,,,804000,107,"",""
612,"Zubei's Gauntlets","gloves",true,true,true,true,true,true,"none",590,"mithril","b",0,41,0,0,,,519000,53,"",""
613,"Sand Dragon Gloves","gloves",true,true,true,true,true,true,"none",3200,"damascus","a",0,48,0,0,,,1760000,141,"",""
614,"Knight's Cloak","back",true,true,true,true,true,true,"none",240,"cloth","d",0,7,0,0,,,20900,38,"",""
615,"Cobweb Cloak","back",true,true,true,true,true,true,"none",240,"cobweb","d",0,8,0,0,,,33300,60,"",""
616,"Cloak of Magic","back",true,true,true,true,true,true,"none",240,"cloth","d",0,11,0,0,,,74700,135,"",""
617,"Mithril Cloak","back",true,true,true,true,true,true,"none",240,"mithril","d",0,11,0,0,,,97800,177,"",""
618,"Cloak of Self Protection","back",true,true,true,true,true,true,"none",240,"cloth","c",0,13,0,0,,,161000,64,"",""
619,"(Not In Use) Ancient Cloak","back",true,true,true,true,true,true,"none",230,"cloth","c",0,15,0,0,,,245000,98,"",""
620,"Cloak of Protection","back",true,true,true,true,true,true,"none",230,"cloth","c",0,16,0,0,,,358000,143,"",""
621,"Cloak of Hell","back",true,true,true,true,true,true,"none",220,"cloth","b",0,18,0,0,,,804000,107,"",""
622,"Holy Spirit's Cloak","back",true,true,true,true,true,true,"none",220,"cloth","a",0,18,0,0,,,1160000,92,"",""
623,"Divine Cloak","back",true,true,true,true,true,true,"none",220,"cloth","a",0,19,0,0,,,1760000,141,"",""
624,"Cloak of Invisibility","back",false,true,false,true,true,true,"none",260,"cloth","none",0,2,0,0,,,37,0,"",""
675,"Silk Yarn Undergarment Set","underwear",false,true,true,true,true,true,"none",170,"cloth","none",0,6,0,0,,,1330,0,"",""
676,"Pure White Undergarment Set","underwear",false,true,true,true,true,true,"none",160,"cloth","none",0,9,0,0,,,6150,0,"",""
677,"One-Piece Swimsuit","underwear",true,true,true,true,true,true,"none",150,"cloth","d",0,10,0,0,,,10400,18,"",""
678,"Bikini Set","underwear",true,true,true,true,true,true,"none",150,"cloth","d",0,11,0,0,,,16700,30,"",""
679,"Cursed Undergarment Set","underwear",true,true,true,true,true,true,"none",150,"cloth","d",0,12,0,0,,,25400,46,"",""
680,"Mithril Undergarment Set","underwear",true,true,true,true,true,true,"none",140,"mithril","c",0,16,0,0,,,63100,25,"",""
681,"Fascination Undergarment Set","underwear",true,true,true,true,true,true,"none",140,"cloth","c",0,17,0,0,,,80500,32,"",""
682,"Demon's Undergarment Set","underwear",true,true,true,true,true,true,"none",140,"cloth","c",0,19,0,0,,,179000,71,"",""
683,"Holy Undergarment Set","underwear",true,true,true,true,true,true,"none",140,"cloth","b",0,22,0,0,,,402000,53,"",""
684,"Underwear of Rule","underwear",true,true,true,true,true,true,"none",140,"cloth","a",0,24,0,0,,,880000,70,"",""
685,"Crystal Swimsuit Set","underwear",true,true,true,true,true,true,"none",130,"crystal","s",0,26,0,0,,,1310000,65,"",""
845,"Cat's Eye Earring","rear,lear",false,true,true,true,true,true,"none",150,"silver","none",0,0,19,0,,,6840,0,"",""
846,"Coral Earring","rear,lear",false,true,true,true,true,true,"none",150,"silver","none",0,0,21,0,,,12300,0,"",""
847,"Red Crescent Earring","rear,lear",true,true,true,true,true,true,"none",150,"silver","d",0,0,24,0,,,20700,38,"",""
848,"Enchanted Earring","rear,lear",true,true,true,true,true,true,"none",150,"silver","d",0,0,27,0,,,32800,61,"",""
849,"Tiger's Eye Earring","rear,lear",true,true,true,true,true,true,"none",150,"silver","d",0,0,30,0,,,49400,91,"",""
850,"Elven Earring","rear,lear",true,true,true,true,true,true,"none",150,"silver","d",0,0,34,0,,,71900,133,"",""
851,"Omen Beast's Eye Earring","rear,lear",true,true,true,true,true,true,"none",150,"silver","d",0,0,36,0,,,93300,172,"",""
852,"Moonstone Earring","rear,lear",true,true,true,true,true,true,"none",150,"silver","c",0,0,39,0,,,119299,48,"",""
853,"Earring of Protection","rear,lear",true,true,true,true,true,true,"none",150,"silver","c",0,0,42,0,,,150500,60,"",""
854,"Earring of Binding","rear,lear",true,true,true,true,true,true,"none",150,"silver","c",0,0,45,0,,,226599,91,"",""
855,"Nassen's Earring","rear,lear",true,true,true,true,true,true,"none",150,"silver","c",0,0,48,0,,,325800,130,"",""
856,"Adamantite Earring","rear,lear",true,true,true,true,true,true,"none",150,"silver","b",0,0,51,0,,,606000,62,"",""
857,"Blessed Earring","rear,lear",true,true,true,true,true,true,"none",150,"silver","c",0,0,48,0,,,424000,170,"",""
858,"Tateossian Earring","rear,lear",true,true,true,true,true,true,"none",150,"silver","s",0,0,71,31,,,4440000,157,"",""
859,"Earring of Mana","rear,lear",true,true,true,true,true,true,"none",150,"silver","b",0,0,51,0,,,606000,81,"",""
860,"Sage's Earring","rear,lear",true,true,true,true,true,true,"none",150,"silver","b",0,0,54,0,,,924000,123,"",""
861,"Paradia Earring","rear,lear",true,true,true,true,true,true,"none",150,"silver","b",0,0,54,0,,,924000,123,"",""
862,"Majestic Earring","rear,lear",true,true,true,true,true,true,"none",150,"silver","a",0,0,63,25,,,2590000,120,"",""
863,"Earring of Solar Eclipse","rear,lear",true,true,true,true,true,true,"none",150,"silver","b",0,0,51,0,,,606000,81,"",""
864,"Earring of Black Ore","rear,lear",true,true,true,true,true,true,"none",150,"silver","b",0,0,54,0,,,924000,95,"",""
865,"Earring of Summoning","rear,lear",true,true,true,true,true,true,"none",150,"silver","b",0,0,51,0,,,606000,81,"",""
866,"Otherworldly Earring","rear,lear",true,true,true,true,true,true,"none",150,"silver","b",0,0,54,0,,,924000,123,"",""
867,"Elemental Earring","rear,lear",true,true,true,true,true,true,"none",150,"silver","b",0,0,54,0,,,924000,123,"",""
868,"Earring of Phantom","rear,lear",true,true,true,true,true,true,"none",150,"silver","a",0,0,60,0,,,1950000,156,"",""
869,"Earring of Grace","rear,lear",true,true,true,true,true,true,"none",150,"silver","b",0,0,51,0,,,606000,81,"",""
870,"Earring of Holy Spirit","rear,lear",true,true,true,true,true,true,"none",150,"silver","b",0,0,54,0,,,924000,123,"",""
871,"Phoenix Earring","rear,lear",true,true,true,true,true,true,"none",150,"silver","a",0,0,60,20,,,1950000,80,"",""
872,"Cerberus Earring","rear,lear",true,true,true,true,true,true,"none",150,"silver","a",0,0,60,0,,,1950000,156,"",""
873,"Earring of Aid","rear,lear",true,true,true,true,true,true,"none",150,"silver","b",0,0,51,0,,,606000,81,"",""
874,"Earring of Blessing","rear,lear",true,true,true,true,true,true,"none",150,"silver","b",0,0,51,0,,,606000,81,"",""
875,"Ring of Knowledge","rfinger,lfinger",false,true,true,true,true,true,"none",150,"gold","none",0,0,9,0,,,540,0,"",""
876,"Ring of Anguish","rfinger,lfinger",false,true,true,true,true,true,"none",150,"gold","none",0,0,11,0,,,2340,0,"",""
877,"Ring of Wisdom","rfinger,lfinger",false,true,true,true,true,true,"none",150,"gold","none",0,0,12,0,,,4560,0,"",""
878,"Blue Coral Ring","rfinger,lfinger",false,true,true,true,true,true,"none",150,"gold","none",0,0,14,0,,,8200,0,"",""
879,"Enchanted Ring","rfinger,lfinger",true,true,true,true,true,true,"none",150,"gold","d",0,0,18,0,,,21800,40,"",""
880,"Black Pearl Ring","rfinger,lfinger",true,true,true,true,true,true,"none",150,"gold","d",0,0,20,0,,,33000,61,"",""
881,"Elven Ring","rfinger,lfinger",true,true,true,true,true,true,"none",150,"gold","d",0,0,22,0,,,47900,88,"",""
882,"Mithril Ring","rfinger,lfinger",true,true,true,true,true,true,"none",150,"gold","d",0,0,24,0,,,62200,115,"",""
883,"Aquastone Ring","rfinger,lfinger",true,true,true,true,true,true,"none",150,"gold","c",0,0,26,0,,,79500,32,"",""
884,"Ring of Protection","rfinger,lfinger",true,true,true,true,true,true,"none",150,"gold","c",0,0,28,0,,,100299,40,"",""
885,"Ring of Ages","rfinger,lfinger",true,true,true,true,true,true,"none",150,"gold","c",0,0,30,0,,,151100,60,"",""
886,"Ring of Binding","rfinger,lfinger",true,true,true,true,true,true,"none",150,"gold","c",0,0,32,0,,,217199,87,"",""
887,"Adamantite Ring","rfinger,lfinger",true,true,true,true,true,true,"none",150,"gold","b",0,0,34,0,,,404000,41,"",""
888,"Blessed Ring","rfinger,lfinger",true,true,true,true,true,true,"none",150,"gold","c",0,0,32,0,,,282000,113,"",""
889,"Tateossian Ring","rfinger,lfinger",true,true,true,true,true,true,"none",150,"gold","s",0,0,48,21,,,2960000,105,"",""
890,"Ring of Devotion","rfinger,lfinger",true,true,true,true,true,true,"none",150,"gold","d",0,0,16,0,,,13800,25,"",""
891,"Sage's Ring","rfinger,lfinger",true,true,true,true,true,true,"none",150,"gold","b",0,0,36,0,,,616000,82,"",""
892,"Paradia Ring","rfinger,lfinger",true,true,true,true,true,true,"none",150,"gold","b",0,0,36,0,,,616000,82,"",""
893,"Majestic Ring","rfinger,lfinger",true,true,true,true,true,true,"none",150,"gold","a",0,0,42,17,,,1730000,80,"",""
894,"Ring of Solar Eclipse","rfinger,lfinger",true,true,true,true,true,true,"none",150,"gold","b",0,0,34,0,,,404000,54,"",""
895,"Ring of Black Ore","rfinger,lfinger",true,true,true,true,true,true,"none",150,"gold","b",0,0,36,0,,,616000,63,"",""
896,"Ring of Summoning","rfinger,lfinger",true,true,true,true,true,true,"none",150,"gold","b",0,0,34,0,,,404000,54,"",""
897,"Otherworldly Ring","rfinger,lfinger",true,true,true,true,true,true,"none",150,"gold","b",0,0,36,0,,,616000,82,"",""
898,"Elemental Ring","rfinger,lfinger",true,true,true,true,true,true,"none",150,"gold","b",0,0,36,0,,,616000,82,"",""
899,"Ring of Phantom","rfinger,lfinger",true,true,true,true,true,true,"none",150,"gold","a",0,0,40,0,,,1300000,104,"",""
900,"Ring of Grace","rfinger,lfinger",true,true,true,true,true,true,"none",150,"gold","b",0,0,34,0,,,404000,54,"",""
901,"Ring of Holy Spirit","rfinger,lfinger",true,true,true,true,true,true,"none",150,"gold","b",0,0,36,0,,,616000,82,"",""
902,"Phoenix Ring","rfinger,lfinger",true,true,true,true,true,true,"none",150,"gold","a",0,0,40,13,,,1300000,54,"",""
903,"Cerberus Ring","rfinger,lfinger",true,true,true,true,true,true,"none",150,"gold","a",0,0,40,0,,,1300000,104,"",""
904,"Ring of Aid","rfinger,lfinger",true,true,true,true,true,true,"none",150,"gold","b",0,0,34,0,,,404000,54,"",""
905,"Ring of Blessing","rfinger,lfinger",true,true,true,true,true,true,"none",150,"gold","b",0,0,34,0,,,404000,54,"",""
906,"Necklace of Knowledge","neck",false,true,true,true,true,true,"none",150,"silver","none",0,0,18,0,,,1080,0,"",""
907,"Necklace of Anguish","neck",false,true,true,true,true,true,"none",150,"silver","none",0,0,21,0,,,4680,0,"",""
908,"Necklace of Wisdom","neck",false,true,true,true,true,true,"none",150,"silver","none",0,0,25,0,,,9120,0,"",""
909,"Blue Diamond Necklace","neck",false,true,true,true,true,true,"none",150,"silver","none",0,0,28,0,,,16400,0,"",""
910,"Necklace of Devotion","neck",true,true,true,true,true,true,"none",150,"silver","d",0,0,32,0,,,27600,51,"",""
911,"Enchanted Necklace","neck",true,true,true,true,true,true,"none",150,"silver","d",0,0,36,0,,,43700,81,"",""
912,"Near Forest Necklace","neck",true,true,true,true,true,true,"none",150,"silver","d",0,0,40,0,,,65900,122,"",""
913,"Elven Necklace","neck",true,true,true,true,true,true,"none",150,"silver","d",0,0,45,0,,,95800,177,"",""
914,"Necklace of Darkness","neck",true,true,true,true,true,true,"none",150,"silver","d",0,0,48,0,,,124400,230,"",""
915,"Aquastone Necklace","neck",true,true,true,true,true,true,"none",150,"silver","c",0,0,52,0,,,159000,64,"",""
916,"Necklace of Protection","neck",true,true,true,true,true,true,"none",150,"silver","c",0,0,56,0,,,200599,80,"",""
917,"Necklace of Mermaid","neck",true,true,true,true,true,true,"none",150,"silver","c",0,0,60,0,,,302100,121,"",""
918,"Adamantite Necklace","neck",true,true,true,true,true,true,"none",150,"silver","b",0,0,68,0,,,808000,83,"",""
919,"Blessed Necklace","neck",true,true,true,true,true,true,"none",150,"silver","c",0,0,64,0,,,565000,226,"",""
920,"Tateossian Necklace","neck",true,true,true,true,true,true,"none",150,"silver","s",0,0,95,42,,,5920000,209,"",""
921,"Necklace of Mana","neck",true,true,true,true,true,true,"none",150,"silver","b",0,0,68,0,,,808000,108,"",""
922,"Sage's Necklace","neck",true,true,true,true,true,true,"none",150,"silver","b",0,0,72,0,,,1230000,164,"",""
923,"Paradia Necklace","neck",true,true,true,true,true,true,"none",150,"silver","b",0,0,72,0,,,1230000,164,"",""
924,"Majestic Necklace","neck",true,true,true,true,true,true,"none",150,"silver","a",0,0,85,33,,,3450000,160,"",""
925,"Necklace of Solar Eclipse","neck",true,true,true,true,true,true,"none",150,"silver","b",0,0,68,0,,,808000,108,"",""
926,"Necklace of Black Ore","neck",true,true,true,true,true,true,"none",150,"silver","b",0,0,72,0,,,1230000,126,"",""
927,"Necklace of Summoning","neck",true,true,true,true,true,true,"none",150,"silver","b",0,0,68,0,,,808000,108,"",""
928,"Otherworldly Necklace","neck",true,true,true,true,true,true,"none",150,"silver","b",0,0,72,0,,,1230000,164,"",""
929,"Elemental Necklace","neck",true,true,true,true,true,true,"none",150,"silver","b",0,0,72,0,,,1230000,164,"",""
930,"Necklace of Phantom","neck",true,true,true,true,true,true,"none",150,"silver","a",0,0,80,0,,,2600000,208,"",""
931,"Necklace of Grace","neck",true,true,true,true,true,true,"none",150,"silver","b",0,0,68,0,,,808000,108,"",""
932,"Necklace of Holy Spirit","neck",true,true,true,true,true,true,"none",150,"silver","b",0,0,72,0,,,1230000,164,"",""
933,"Phoenix Necklace","neck",true,true,true,true,true,true,"none",150,"silver","a",0,0,80,26,,,2600000,107,"",""
934,"Cerberus Necklace","neck",true,true,true,true,true,true,"none",150,"silver","a",0,0,80,0,,,2600000,208,"",""
935,"Necklace of Aid","neck",true,true,true,true,true,true,"none",150,"silver","b",0,0,68,0,,,808000,108,"",""
936,"Necklace of Blessing","neck",true,true,true,true,true,true,"none",150,"silver","b",0,0,68,0,,,808000,108,"",""
990,"Mandragora Essence","gloves",false,true,true,true,true,true,"none",60,"cloth","none",0,9,0,0,,,37,0,"",""
991,"Royen's Key","gloves",false,true,true,true,true,true,"none",60,"cloth","none",0,9,0,0,,,37,0,"",""
992,"Shilen's 1st Mark","gloves",false,true,true,true,true,true,"none",60,"cloth","none",0,9,0,0,,,37,0,"",""
993,"Shilen's 2nd Mark","gloves",false,true,true,true,true,true,"none",60,"cloth","none",0,9,0,0,,,37,0,"",""
994,"Eye of Abyss","gloves",false,true,true,true,true,true,"none",60,"cloth","none",0,9,0,0,,,37,0,"",""
995,"Wanted Poster","gloves",false,true,true,true,true,true,"none",60,"cloth","none",0,9,0,0,,,37,0,"",""
996,"Alex's Dagger","gloves",false,true,true,true,true,true,"none",60,"cloth","none",0,9,0,0,,,37,0,"",""
997,"Pinter's Bill","gloves",false,true,true,true,true,true,"none",60,"cloth","none",0,9,0,0,,,37,0,"",""
998,"Book of Aklantoth - Part 1","gloves",false,true,true,true,true,true,"none",60,"cloth","none",0,9,0,0,,,37,0,"",""
999,"Book of Aklantoth - Part 2","gloves",false,true,true,true,true,true,"none",60,"cloth","none",0,9,0,0,,,37,0,"",""
1000,"Book of Aklantoth - Part 3","gloves",false,true,true,true,true,true,"none",60,"cloth","none",0,9,0,0,,,37,0,"",""
1100,"Cotton Tunic","chest",false,true,true,true,true,true,"magic",2120,"cloth","none",0,21,0,38,,,2430,0,"",""
1101,"Tunic of Devotion","chest",false,true,true,true,true,true,"magic",2090,"cloth","none",0,30,0,67,,,15600,0,"",""
1102,"Tunic of Magic","chest",false,true,true,true,true,true,"magic",2080,"cloth","none",0,34,0,86,,,28400,0,"",""
1103,"Cotton Stockings","legs",false,true,true,true,true,true,"magic",1060,"cloth","none",0,13,0,23,,,1520,0,"",""
1104,"Stockings of Devotion","legs",false,true,true,true,true,true,"magic",1040,"cloth","none",0,19,0,42,,,9770,0,"",""
1105,"Stockings of Magic","legs",false,true,true,true,true,true,"magic",1030,"cloth","none",0,21,0,54,,,17700,0,"",""
1119,"Short Leather Gloves","gloves",false,true,true,true,true,true,"none",660,"leather","none",0,11,0,0,,,607,0,"",""
1120,"Pa'agrian Hand","gloves",true,true,true,true,true,true,"none",1600,"leather","c",0,34,0,0,,,161000,64,"",""
1121,"Apprentice's Shoes","feet",false,true,true,true,true,true,"none",1320,"leather","none",0,8,0,0,,,7,0,"",""
1122,"Cotton Shoes","feet",false,true,true,true,true,true,"none",1320,"leather","none",0,11,0,0,,,607,0,"",""
1123,"Blue Buckskin Boots","feet",true,true,true,true,true,true,"none",1300,"leather","d",0,22,0,0,,,25600,47,"",""
1124,"Boots of Power","feet",true,true,true,true,true,true,"none",1250,"leather","d",0,27,0,0,,,57400,106,"",""
1125,"Assault Boots","feet",true,true,true,true,true,true,"none",1240,"leather","d",0,29,0,0,,,75200,139,"",""
1126,"Crimson Boots","feet",true,true,true,true,true,true,"none",1210,"leather","c",0,34,0,0,,,123900,50,"",""
1127,"Forgotten Boots","feet",true,true,true,true,true,true,"none",4000,"leather","c",0,36,0,0,,,245000,98,"",""
1128,"Adamantite Boots","feet",true,true,true,true,true,true,"none",4000,"adamantaite","c",0,39,0,0,,,358000,143,"",""
1129,"Crude Leather Shoes","feet",false,true,true,true,true,true,"none",1320,"leather","none",0,11,0,0,,,607,0,"",""
1146,"Squire's Shirt","chest",false,false,false,true,false,true,"light",3301,"cloth","none",0,33,0,0,,,26,0,"",""
1147,"Squire's Pants","legs",false,false,false,true,false,true,"light",1750,"cloth","none",0,20,0,0,,,6,0,"",""
1148,"Hard Leather Helmet","head",false,true,true,true,true,true,"none",640,"leather","none",0,26,0,0,,,14200,0,"",""
1149,"Shining Circlet","head",true,true,true,true,true,true,"none",600,"steel","c",0,54,0,0,,,283200,113,"",""
1308,"Compound Scale Mail","chest",false,false,true,true,false,true,"heavy",1400,"fine_steel","none",0,51,0,0,,,247000,0,"",""
1309,"Mithril Breastplate","chest",false,false,true,true,false,true,"heavy",1000,"mithril","none",0,51,0,0,,,247000,0,"",""
1310,"Tunic of Magic","chest",false,false,true,true,false,true,"magic",150,"cloth","none",0,51,0,96,,,48500,0,"",""
1311,"Puma Skin Shirt","chest",false,false,true,true,false,true,"light",300,"leather","none",0,51,0,0,,,99900,0,"",""
1312,"White Tunic","chest",false,false,true,true,false,true,"magic",150,"cloth","none",0,51,0,142,,,138000,0,"",""
1313,"Compound Scale Gaiters","legs",false,false,true,true,false,true,"heavy",1000,"fine_steel","none",0,32,0,0,,,170000,0,"",""
1314,"Mithril Gaiters","legs",false,false,true,true,false,true,"heavy",600,"mithril","none",0,32,0,0,,,170000,0,"",""
1315,"Stockings of Magic","legs",false,false,true,true,false,true,"magic",150,"cloth","none",0,32,0,60,,,30300,0,"",""
1316,"Puma Skin Gaiters","legs",false,false,true,true,false,true,"light",400,"leather","none",0,32,0,0,,,55800,0,"",""
1317,"Dark Stockings","legs",false,false,true,true,false,true,"magic",150,"cloth","none",0,32,0,79,,,62500,0,"",""
1318,"Gloves","gloves",false,false,true,true,false,true,"none",80,"cloth","none",0,14,0,0,,,3270,0,"",""
1319,"Leather Gloves","gloves",false,false,true,true,false,true,"none",100,"leather","none",0,14,0,0,,,7950,0,"",""
1320,"Crafted Leather Gloves","gloves",false,false,true,true,false,true,"none",100,"leather","none",0,14,0,0,,,29800,0,"",""
1321,"Rip Gauntlets","gloves",false,false,true,true,false,true,"none",150,"leather","none",0,14,0,0,,,97800,0,"",""
1322,"Bracer","gloves",false,false,true,true,false,true,"none",80,"leather","none",0,14,0,0,,,16200,0,"",""
1323,"Leather Shoes","feet",false,false,true,true,false,true,"none",120,"leather","none",0,14,0,0,,,3270,0,"",""
1324,"Low Boots","feet",false,false,true,true,false,true,"none",150,"leather","none",0,14,0,0,,,7950,0,"",""
1325,"Leather Boots","feet",false,false,true,true,false,true,"none",250,"leather","none",0,14,0,0,,,29800,0,"",""
1326,"Iron Boots","feet",false,false,true,true,false,true,"none",300,"fine_steel","none",0,14,0,0,,,74700,0,"",""
1327,"Boots","feet",false,false,true,true,false,true,"none",200,"cloth","none",0,14,0,0,,,16200,0,"",""
1506,"Necklace of Courage","neck",false,true,true,true,true,true,"none",150,"silver","none",0,0,15,0,,,66,0,"",""
1507,"Necklace of Valor","neck",false,true,true,true,true,true,"none",150,"silver","none",0,0,21,0,,,4680,0,"",""
1508,"Ring of Raccoon","rfinger,lfinger",false,true,true,true,true,true,"none",150,"gold","none",0,0,11,0,,,2340,0,"",""
1509,"Ring of Firefly","rfinger,lfinger",false,true,true,true,true,true,"none",150,"gold","none",0,0,11,0,,,2340,0,"",""
2376,"Avadon Breastplate","chest",true,true,true,true,true,true,"heavy",7920,"leather","b",0,157,0,0,,,2080000,213,"",""
2377,"Mithril Scale Gaiters","legs",true,true,true,true,true,true,"heavy",3870,"leather","d",0,64,0,0,,,143600,265,"",""
2378,"Brigandine Gaiters","legs",true,true,true,true,true,true,"heavy",3820,"leather","d",0,64,0,0,,,143600,265,"",""
2379,"Avadon Gaiters","legs",true,true,true,true,true,true,"heavy",3520,"leather","b",0,98,0,0,,,1300000,133,"",""
2380,"Blue Wolf Gaiters","legs",true,true,true,true,true,true,"heavy",3370,"leather","b",0,104,0,0,,,2010000,206,"",""
2381,"Doom Plate Armor","fullarmor",true,true,true,true,true,true,"heavy",9980,"leather","b",0,270,0,0,,,4710000,536,"",""
2382,"Tallum Plate Armor","fullarmor",true,true,true,true,true,true,"heavy",9780,"leather","a",0,278,0,0,,,6770000,463,"",""
2383,"Majestic Plate Armor","fullarmor",true,true,true,true,true,true,"heavy",9200,"leather","a",0,293,0,0,,,10300000,704,"",""
2384,"Zubei's Leather Shirt","chest",true,true,true,true,true,true,"light",4330,"leather","b",0,117,0,0,,,1560000,160,"",""
2385,"Dark Crystal Leather Armor","chest",true,true,true,true,true,true,"light",4300,"leather","a",0,128,0,0,,,3470000,214,"",""
2386,"Wooden Gaiters","legs",false,true,true,true,true,true,"light",1670,"leather","none",0,29,0,0,,,4970,0,"",""
2387,"Tempered Mithril Gaiters","legs",true,true,true,true,true,true,"light",1530,"leather","c",0,56,0,0,,,182100,73,"",""
2388,"Zubei's Leather Gaiters","legs",true,true,true,true,true,true,"light",1480,"leather","b",0,73,0,0,,,973000,100,"",""
2389,"Dark Crystal Leggings","legs",true,true,true,true,true,true,"light",1480,"leather","a",0,80,0,0,,,2170000,134,"",""
2390,"Avadon Leather Armor","fullarmor",true,true,true,true,true,true,"light",5600,"leather","b",0,191,0,0,,,2280000,259,"",""
2391,"Blue Wolf Leather Armor","fullarmor",true,true,true,true,true,true,"light",5500,"leather","b",0,202,0,0,,,3530000,402,"",""
2392,"Leather Armor of Doom","fullarmor",true,true,true,true,true,true,"light",5500,"leather","b",0,202,0,0,,,3530000,402,"",""
2393,"Tallum Leather Armor","fullarmor",true,true,true,true,true,true,"light",5400,"leather","a",0,209,0,0,,,5080000,347,"",""
2394,"Nightmarish Leather Armor","fullarmor",true,true,true,true,true,true,"light",5300,"leather","a",0,220,0,0,,,7730000,528,"",""
2395,"Majestic Leather Armor","fullarmor",true,true,true,true,true,true,"light",5350,"leather","a",0,220,0,0,,,7730000,528,"",""
2396,"Elven Mithril Tunic","chest",true,true,true,true,true,true,"magic",720,"leather","d",0,54,0,169,,,224000,407,"",""
2397,"Tunic of Zubei","chest",true,true,true,true,true,true,"magic",1960,"leather","b",0,78,0,345,,,1560000,160,"",""
2398,"Blue Wolf Tunic","chest",true,true,true,true,true,true,"magic",1920,"leather","b",0,83,0,377,,,2410000,248,"",""
2399,"Tunic of Doom","chest",true,true,true,true,true,true,"magic",1900,"leather","b",0,83,0,377,,,2410000,248,"",""
2400,"Tallum Tunic","chest",true,true,true,true,true,true,"magic",1860,"leather","a",0,86,0,409,,,3470000,214,"",""
2401,"Elven Mithril Stockings","legs",true,true,true,true,true,true,"magic",2400,"leather","d",0,34,0,105,,,140000,255,"",""
2402,"Stockings of Zubei","legs",true,true,true,true,true,true,"magic",940,"leather","b",0,49,0,216,,,973000,100,"",""
2403,"Blue Wolf Stockings","legs",true,true,true,true,true,true,"magic",920,"leather","b",0,52,0,236,,,1510000,155,"",""
2404,"Stockings of Doom","legs",true,true,true,true,true,true,"magic",910,"leather","b",0,52,0,236,,,1510000,155,"",""
2405,"Tallum Stockings","legs",true,true,true,true,true,true,"magic",920,"leather","a",0,53,0,256,,,2170000,134,"",""
2406,"Avadon Robe","fullarmor",true,true,true,true,true,true,"magic",2540,"leather","b",0,127,0,561,,,2280000,259,"",""
2407,"Dark Crystal Robe","fullarmor",true,true,true,true,true,true,"magic",2450,"leather","a",0,139,0,665,,,5080000,347,"",""
2408,"Nightmare Robe","fullarmor",true,true,true,true,true,true,"magic",2300,"leather","a",0,147,0,718,,,7730000,528,"",""
2409,"Majestic Robe","fullarmor",true,true,true,true,true,true,"magic",2330,"leather","a",0,147,0,718,,,7730000,528,"",""
2410,"Nightmarish Tattoo","underwear",true,true,true,true,true,true,"none",3600,"leather","a",0,139,0,0,,,4064000,422,"",""
2411,"Brigandine Helmet","head",true,true,true,true,true,true,"none",630,"leather","d",0,41,0,0,,,86100,159,"",""
2412,"Plate Helmet","head",true,true,true,true,true,true,"none",630,"leather","d",0,44,0,0,,,112800,205,"",""
2413,"Chain Hood","head",true,true,true,true,true,true,"none",620,"leather","c",0,47,0,0,,,145700,58,"",""
2414,"Full Plate Helmet","head",true,true,true,true,true,true,"none",600,"leather","c",0,58,0,0,,,412600,165,"",""
2415,"Avadon Circlet","head",true,true,true,true,true,true,"none",590,"leather","b",0,62,0,0,,,778000,80,"",""
2416,"Blue Wolf Helmet","head",true,true,true,true,true,true,"none",580,"leather","b",0,66,0,0,,,1210000,124,"",""
2417,"Doom Helmet","head",true,true,true,true,true,true,"none",580,"leather","b",0,66,0,0,,,1210000,124,"",""
2418,"Helm of Nightmare","head",true,true,true,true,true,true,"none",560,"leather","a",0,73,0,0,,,2640000,163,"",""
2419,"Majestic Circlet","head",true,true,true,true,true,true,"none",550,"leather","a",0,73,0,0,,,2640000,163,"",""
2420,"Dragon Headgear","head",true,true,true,true,true,true,"none",540,"leather","s",0,77,0,0,,,3590000,180,"",""
2421,"The Hood","head",true,true,true,true,true,true,"none",540,"leather","s",0,77,0,0,,,3590000,180,"",""
2422,"Reinforced Leather Boots","feet",true,true,true,true,true,true,"none",1280,"leather","d",0,24,0,0,,,39100,72,"",""
2423,"Boots of Knowledge","feet",true,true,true,true,true,true,"none",1270,"leather","d",0,24,0,0,,,39100,72,"",""
2424,"Manticore Skin Boots","feet",true,true,true,true,true,true,"none",1260,"leather","d",0,27,0,0,,,57400,106,"",""
2425,"Brigandine Boots","feet",true,true,true,true,true,true,"none",1250,"leather","d",0,27,0,0,,,57400,106,"",""
2426,"Elven Mithril Boots","feet",true,true,true,true,true,true,"none",1250,"leather","d",0,27,0,0,,,57400,106,"",""
2427,"Salamander Skin Boots","feet",true,true,true,true,true,true,"none",1230,"leather","d",0,29,0,0,,,75200,139,"",""
2428,"Plate Boots","feet",true,true,true,true,true,true,"none",1240,"leather","d",0,29,0,0,,,75200,139,"",""
2429,"Chain Boots","feet",true,true,true,true,true,true,"none",1220,"leather","c",0,32,0,0,,,97100,39,"",""
2430,"Karmian Boots","feet",true,true,true,true,true,true,"none",1230,"leather","c",0,32,0,0,,,97100,39,"",""
2431,"Plated Leather Boots","feet",true,true,true,true,true,true,"none",1220,"leather","c",0,32,0,0,,,97100,39,"",""
2432,"Dwarven Chain Boots","feet",true,true,true,true,true,true,"none",1210,"leather","c",0,32,0,0,,,97100,39,"",""
2433,"Boots of Seal","feet",true,true,true,true,true,true,"none",1220,"leather","c",0,32,0,0,,,97100,39,"",""
2434,"Rind Leather Boots","feet",true,true,true,true,true,true,"none",1220,"leather","c",0,34,0,0,,,123900,50,"",""
2435,"Demon's Boots","feet",true,true,true,true,true,true,"none",1220,"leather","c",0,36,0,0,,,188800,76,"",""
2436,"Theca Leather Boots","feet",true,true,true,true,true,true,"none",1210,"leather","c",0,37,0,0,,,211600,85,"",""
2437,"Drake Leather Boots","feet",true,true,true,true,true,true,"none",1210,"leather","c",0,39,0,0,,,275100,110,"",""
2438,"Full Plate Boots","feet",true,true,true,true,true,true,"none",1200,"leather","c",0,39,0,0,,,275100,110,"",""
2439,"Blue Wolf Boots","feet",true,true,true,true,true,true,"none",1130,"leather","b",0,44,0,0,,,804000,83,"",""
2440,"Boots of Nightmare","feet",true,true,true,true,true,true,"none",1110,"leather","a",0,48,0,0,,,1760000,108,"",""
2441,"Dark Legion Boots","feet",true,true,true,true,true,true,"none",1120,"leather","a",0,48,0,0,,,1760000,141,"",""
2442,"Dasparion's Boots","feet",true,true,true,true,true,true,"none",1100,"leather","a",0,48,0,0,,,1760000,141,"",""
2443,"Dragon Leather Boots","feet",true,true,true,true,true,true,"none",1100,"leather","s",0,51,0,0,,,2390000,120,"",""
2444,"The Boots","feet",true,true,true,true,true,true,"none",1100,"leather","s",0,51,0,0,,,2390000,120,"",""
2445,"Dragon Scale Boots","feet",true,true,true,true,true,true,"none",1100,"leather","a",0,48,0,0,,,1760000,141,"",""
2446,"Reinforced Leather Gloves","gloves",true,true,true,true,true,true,"none",640,"leather","d",0,24,0,0,,,39100,72,"",""
2447,"Gloves of Knowledge","gloves",true,true,true,true,true,true,"none",640,"leather","d",0,24,0,0,,,39100,72,"",""
2448,"Manticore Skin Gloves","gloves",true,true,true,true,true,true,"none",630,"leather","d",0,27,0,0,,,57400,106,"",""
2449,"Brigandine Gauntlets","gloves",true,true,true,true,true,true,"none",630,"leather","d",0,27,0,0,,,57400,106,"",""
2450,"Mithril Gloves","gloves",true,true,true,true,true,true,"none",640,"leather","d",0,27,0,0,,,57400,106,"",""
2451,"Sage's Worn Gloves","gloves",true,true,true,true,true,true,"none",630,"leather","d",0,29,0,0,,,75200,139,"",""
2452,"Reinforced Mithril Gloves","gloves",true,true,true,true,true,true,"none",620,"leather","c",0,32,0,0,,,97100,39,"",""
2453,"Chain Gloves","gloves",true,true,true,true,true,true,"none",620,"leather","c",0,32,0,0,,,97100,39,"",""
2454,"Karmian Gloves","gloves",true,true,true,true,true,true,"none",620,"leather","c",0,32,0,0,,,97100,39,"",""
2455,"Plated Leather Gloves","gloves",true,true,true,true,true,true,"none",610,"leather","c",0,33,0,0,,,114400,46,"",""
2456,"Dwarven Chain Gloves","gloves",true,true,true,true,true,true,"none",600,"leather","c",0,34,0,0,,,123900,50,"",""
2457,"Gloves of Seal","gloves",true,true,true,true,true,true,"none",620,"leather","c",0,34,0,0,,,123900,50,"",""
2458,"Rind Leather Gloves","gloves",true,true,true,true,true,true,"none",600,"leather","c",0,34,0,0,,,123900,50,"",""
2459,"Demon's Gloves","gloves",true,true,true,true,true,true,"none",610,"leather","c",0,36,0,0,,,188800,76,"",""
2460,"Theca Leather Gloves","gloves",true,true,true,true,true,true,"none",600,"leather","c",0,37,0,0,,,211600,85,"",""
2461,"Drake Leather Gloves","gloves",true,true,true,true,true,true,"none",600,"leather","c",0,39,0,0,,,275100,110,"",""
2462,"Full Plate Gauntlets","gloves",true,true,true,true,true,true,"none",600,"leather","c",0,39,0,0,,,275100,110,"",""
2463,"Divine Gloves","gloves",true,true,true,true,true,true,"none",610,"leather","c",0,39,0,0,,,275100,110,"",""
2464,"Avadon Gloves","gloves",true,true,true,true,true,true,"none",590,"leather","b",0,41,0,0,,,519000,53,"",""
2465,"Chain Gloves of Silence","gloves",true,true,true,true,true,true,"none",590,"leather","b",0,41,0,0,,,519000,69,"",""
2466,"Guardian's Gloves","gloves",true,true,true,true,true,true,"none",590,"leather","b",0,41,0,0,,,519000,69,"",""
2467,"Gloves of Blessing","gloves",true,true,true,true,true,true,"none",590,"leather","b",0,41,0,0,,,519000,69,"",""
2468,"Blessed Gloves","gloves",true,true,true,true,true,true,"none",600,"leather","c",0,39,0,0,,,358000,143,"",""
2469,"Gloves of The Underworld","gloves",true,true,true,true,true,true,"none",580,"leather","a",0,45,0,0,,,1160000,93,"",""
2470,"Gloves of Phantom","gloves",true,true,true,true,true,true,"none",560,"leather","a",0,48,0,0,,,1760000,141,"",""
2471,"Dark Legion Gloves","gloves",true,true,true,true,true,true,"none",560,"leather","a",0,48,0,0,,,1760000,141,"",""
2472,"Dark Crystal Gloves","gloves",true,true,true,true,true,true,"none",580,"leather","a",0,45,0,0,,,1160000,71,"",""
2473,"The Gloves","gloves",true,true,true,true,true,true,"none",540,"leather","s",0,51,0,0,,,2390000,120,"",""
2474,"Dasparion's Gloves","gloves",true,true,true,true,true,true,"none",550,"leather","a",0,48,0,0,,,1760000,141,"",""
2475,"Doom Gloves","gloves",true,true,true,true,true,true,"none",580,"leather","b",0,44,0,0,,,804000,83,"",""
2476,"Dragon Gauntlets","gloves",true,true,true,true,true,true,"none",540,"leather","s",0,52,0,0,,,2610000,131,"",""
2477,"Dragon Leather Gloves","gloves",true,true,true,true,true,true,"none",540,"leather","s",0,51,0,0,,,2390000,120,"",""
2478,"Tallum Gloves","gloves",true,true,true,true,true,true,"none",580,"leather","a",0,45,0,0,,,1160000,71,"",""
2479,"Gauntlets of Nightmare","gloves",true,true,true,true,true,true,"none",550,"leather","a",0,48,0,0,,,1760000,108,"",""
2480,"Elemental Gloves","gloves",true,true,true,true,true,true,"none",580,"leather","b",0,44,0,0,,,804000,107,"",""
2481,"Gloves of Grace","gloves",true,true,true,true,true,true,"none",580,"leather","b",0,44,0,0,,,804000,107,"",""
2482,"Majestic Gauntlets","gloves",true,true,true,true,true,true,"none",540,"leather","a",0,48,0,0,,,1760000,108,"",""
2483,"Gust Bracer","gloves",true,true,true,true,true,true,"none",580,"leather","a",0,45,0,0,,,1160000,93,"",""
2484,"Cerberus Gloves","gloves",true,true,true,true,true,true,"none",540,"leather","a",0,48,0,0,,,1760000,141,"",""
2485,"Implosion Gauntlets","gloves",true,true,true,true,true,true,"none",580,"leather","b",0,44,0,0,,,804000,107,"",""
2486,"Paradia Gloves","gloves",true,true,true,true,true,true,"none",580,"leather","b",0,44,0,0,,,804000,107,"",""
2487,"Blue Wolf Gloves","gloves",true,true,true,true,true,true,"none",590,"leather","b",0,44,0,0,,,804000,83,"",""
2488,"Phoenix Gloves","gloves",true,true,true,true,true,true,"none",570,"leather","a",0,45,0,0,,,1160000,93,"",""
2489,"Gloves of Black Ore","gloves",true,true,true,true,true,true,"none",570,"leather","a",0,45,0,0,,,1160000,93,"",""
2490,"Cloak of Silence","back",false,true,true,true,true,true,"none",250,"leather","none",0,5,0,0,,,6770,0,"",""
2491,"Golden Yarn Cloak","back",false,true,true,true,true,true,"none",250,"leather","none",0,5,0,0,,,12300,0,"",""
2492,"Shadow Cloak","back",true,true,true,true,true,true,"none",240,"leather","c",0,12,0,0,,,126000,50,"",""
2506,"Wolf's Leather Armor","wolf",false,true,true,true,true,true,"pet",160,"leather","none",0,9,14,0,,,6630,0,"",""
3891,"Wolf's Hide Armor","wolf",false,true,true,true,true,true,"pet",160,"leather","none",0,13,16,0,,,16900,0,"",""
3892,"Wolf's Hard Leather Mail","wolf",false,true,true,true,true,true,"pet",160,"leather","none",0,16,18,0,,,30766,0,"",""
3893,"Wolf's Wooden Armor","wolf",false,true,true,true,true,true,"pet",160,"leather","none",0,19,20,0,,,52216,0,"",""
3894,"Wolf's Ring Mail","wolf",false,true,true,true,true,true,"pet",160,"leather","none",0,22,23,0,,,83308,0,"",""
3895,"Wolf's Bone Armor","wolf",false,true,true,true,true,true,"pet",160,"leather","none",0,26,26,0,,,126750,0,"",""
3896,"Wolf's Scale Male","wolf",false,true,true,true,true,true,"pet",160,"leather","none",0,30,29,0,,,186333,0,"",""
3897,"Wof's Bronze Armor","wolf",false,true,true,true,true,true,"pet",160,"leather","none",0,33,31,0,,,260000,0,"",""
3898,"Wolf's Plate Mail","wolf",false,true,true,true,true,true,"pet",160,"leather","none",0,37,33,0,,,330000,0,"",""
3899,"Wolf's Steel Armor","wolf",false,true,true,true,true,true,"pet",160,"leather","none",0,40,36,0,,,420000,0,"",""
3900,"Wolf's Luxury Plate","wolf",false,true,true,true,true,true,"pet",160,"leather","none",0,43,38,0,,,640000,0,"",""
3901,"Wolf's Mithril Armor","wolf",false,true,true,true,true,true,"pet",160,"leather","none",0,47,41,0,,,940000,0,"",""
3912,"Hatchling's Soft Leather","hatchling",false,true,true,true,true,true,"pet",160,"leather","none",0,26,26,0,,,200000,0,"",""
3913,"Hatchling's Scale Mail","hatchling",false,true,true,true,true,true,"pet",160,"leather","none",0,29,29,0,,,186333,0,"",""
3914,"Hatchling's Brigandine","hatchling",false,true,true,true,true,true,"pet",160,"leather","none",0,31,31,0,,,244833,0,"",""
3915,"Hatchling's Bronze Coat","hatchling",false,true,true,true,true,true,"pet",160,"leather","none",0,33,33,0,,,315250,0,"",""
3916,"Hatchling's Steel Coat","hatchling",false,true,true,true,true,true,"pet",160,"leather","none",0,36,36,0,,,403000,0,"",""
3917,"Hatchling's Shadowplate","hatchling",false,true,true,true,true,true,"pet",160,"leather","none",0,38,38,0,,,1100000,0,"",""
3918,"Hatchling's Mithril Coat","hatchling",false,true,true,true,true,true,"pet",160,"leather","none",0,41,41,0,,,1600000,0,"",""
4224,"Dream Armor","chest",true,true,true,true,true,true,"heavy",8920,"bronze","none",0,68,0,0,,,49200,0,"",""
4225,"Dream Stockings","legs",true,true,true,true,true,true,"heavy",3960,"bronze","none",0,43,0,0,,,30700,0,"",""
4226,"Dream Gloves","gloves",true,true,true,true,true,true,"none",650,"leather","none",0,17,0,0,,,12300,0,"",""
4227,"Dream Boots","feet",true,true,true,true,true,true,"none",1310,"cloth","none",0,17,0,0,,,12300,0,"",""
4228,"Ubiquitous Armor","chest",true,true,true,true,true,true,"heavy",8920,"bronze","none",0,68,0,0,,,49200,0,"",""
4229,"Ubiquitous Stockings","legs",true,true,true,true,true,true,"heavy",3960,"bronze","none",0,43,0,0,,,30700,0,"",""
4230,"Ubiquitous Gloves","gloves",true,true,true,true,true,true,"none",650,"leather","none",0,17,0,0,,,12300,0,"",""
4231,"Ubiquitous Boots","feet",true,true,true,true,true,true,"none",1310,"cloth","none",0,17,0,0,,,12300,0,"",""
4234,"Hatchling's Level 65 Armor","hatchling",false,true,true,true,true,true,"pet",160,"leather","none",0,50,50,0,,,5628000,0,"",""
4235,"Hatchling's Level 75 Armor","hatchling",false,true,true,true,true,true,"pet",160,"leather","none",0,58,58,0,,,19073000,0,"",""
4236,"Gara Item","chest",false,true,true,true,true,true,"light",160,"leather","none",0,58,58,0,,,19073000,0,"",""
5170,"Mithril Panzer Coat","strider",false,true,true,true,true,true,"pet",160,"leather","none",0,41,41,0,,,893750,0,"",""
5171,"Brigadine Panzer Coat","strider",false,true,true,true,true,true,"pet",160,"leather","none",0,44,44,0,,,1296750,0,"",""
5172,"Draconic Panzer Coat","strider",false,true,true,true,true,true,"pet",160,"leather","none",0,46,46,0,,,2011750,0,"",""
5173,"Blood Panzer Coat","strider",false,true,true,true,true,true,"pet",160,"leather","none",0,49,49,0,,,2893583,0,"",""
5174,"Ophidian Panzer Coat","strider",false,true,true,true,true,true,"pet",160,"leather","none",0,52,52,0,,,4402666,0,"",""
5175,"Inferno Panzer Coat","strider",false,true,true,true,true,true,"pet",160,"leather","none",0,54,54,0,,,6032000,0,"",""
5182,"Hatchling's Gorgon Coat","hatchling",false,true,true,true,true,true,"pet",160,"leather","none",0,44,44,0,,,1296750,0,"",""
5183,"Hatchling's Ophidian Plate","hatchling",false,true,true,true,true,true,"pet",160,"leather","none",0,46,46,0,,,2011750,0,"",""
5184,"Hatchling's Crimson Plate","hatchling",false,true,true,true,true,true,"pet",160,"leather","none",0,49,49,0,,,2893583,0,"",""
5185,"Hatchling's Draconic Plate","hatchling",false,true,true,true,true,true,"pet",160,"leather","none",0,52,52,0,,,4402666,0,"",""
5186,"Hatchling's Inferno Plate","hatchling",false,true,true,true,true,true,"pet",160,"leather","none",0,54,54,0,,,6032000,0,"",""
5216,"Wolf Level 75 Armor","wolf",false,true,true,true,true,true,"pet",160,"leather","none",0,71,58,0,,,938705,0,"",""
5287,"Sealed Dark Crystal Breastplate","chest",true,true,true,true,true,true,"heavy",7700,"crystal","a",0,171,0,0,,,4630000,285,"",""
5288,"Sealed Dark Crystal Gaiters","legs",true,true,true,true,true,true,"heavy",3320,"crystal","a",0,107,0,0,,,2890000,178,"",""
5289,"Sealed Dark Crystal Helmet","head",true,true,true,true,true,true,"none",570,"crystal","a",0,69,0,0,,,1740000,107,"",""
5290,"Sealed Dark Crystal Gloves","gloves",true,true,true,true,true,true,"none",580,"leather","a",0,46,0,0,,,1160000,71,"",""
5291,"Sealed Dark Crystal Boots","feet",true,true,true,true,true,true,"none",1110,"crystal","a",0,46,0,0,,,1160000,71,"",""
5293,"Sealed Tallum Plate Armor","fullarmor",true,true,true,true,true,true,"heavy",9780,"leather","a",0,278,0,0,,,6770000,463,"",""
5294,"Sealed Tallum Helmet","head",true,true,true,true,true,true,"none",570,"cloth","a",0,69,0,0,,,1740000,107,"",""
5295,"Sealed Tallum Gloves","gloves",true,true,true,true,true,true,"none",580,"leather","a",0,46,0,0,,,1160000,71,"",""
5296,"Sealed Tallum Boots","feet",true,true,true,true,true,true,"none",1130,"blood_steel","a",0,46,0,0,,,1160000,71,"",""
5297,"Sealed Dark Crystal Leather Armor","chest",true,true,true,true,true,true,"light",4300,"leather","a",0,128,0,0,,,3470000,214,"",""
5298,"Sealed Dark Crystal Leggings","legs",true,true,true,true,true,true,"light",1480,"leather","a",0,80,0,0,,,2170000,134,"",""
5299,"Sealed Gloves of The Underworld","gloves",true,true,true,true,true,true,"none",580,"leather","a",0,45,0,0,,,1070000,86,"",""
5300,"Sealed Boots of The Underworld","feet",true,true,true,true,true,true,"none",1110,"leather","a",0,45,0,0,,,1070000,86,"",""
5301,"Sealed Tallum Leather Armor","fullarmor",true,true,true,true,true,true,"light",5400,"leather","a",0,209,0,0,,,5080000,347,"",""
5302,"Sealed Gust Bracer","gloves",true,true,true,true,true,true,"none",580,"leather","a",0,45,0,0,,,1070000,86,"",""
5303,"Sealed Gust Boots","feet",true,true,true,true,true,true,"none",1120,"blood_steel","a",0,45,0,0,,,1070000,86,"",""
5304,"Sealed Tallum Tunic","chest",true,true,true,true,true,true,"magic",1860,"leather","a",0,86,0,409,,,3470000,214,"",""
5305,"Sealed Tallum Stockings","legs",true,true,true,true,true,true,"magic",920,"leather","a",0,53,0,256,,,2170000,134,"",""
5306,"Sealed Gloves of Black Ore","gloves",true,true,true,true,true,true,"none",570,"leather","a",0,45,0,0,,,1070000,86,"",""
5307,"Sealed Red Flame Boots","feet",true,true,true,true,true,true,"none",1120,"blood_steel","a",0,45,0,0,,,1070000,86,"",""
5308,"Sealed Dark Crystal Robe","fullarmor",true,true,true,true,true,true,"magic",2450,"leather","a",0,139,0,665,,,5080000,347,"",""
5309,"Sealed Phoenix Gloves","gloves",true,true,true,true,true,true,"none",570,"leather","a",0,45,0,0,,,1070000,86,"",""
5310,"Sealed Phoenix Boots","feet",true,true,true,true,true,true,"none",1120,"blood_steel","a",0,45,0,0,,,1070000,86,"",""
5311,"Sealed Armor of Nightmare","fullarmor",true,true,true,true,true,true,"heavy",9580,"blood_steel","a",0,293,0,0,,,10300000,704,"",""
5312,"Sealed Helm of Nightmare","head",true,true,true,true,true,true,"none",560,"leather","a",0,73,0,0,,,2640000,163,"",""
5313,"Sealed Gauntlets of Nightmare","gloves",true,true,true,true,true,true,"none",550,"leather","a",0,49,0,0,,,1760000,108,"",""
5314,"Sealed Boots of Nightmare","feet",true,true,true,true,true,true,"none",1110,"leather","a",0,49,0,0,,,1760000,108,"",""
5316,"Sealed Majestic Plate Armor","fullarmor",true,true,true,true,true,true,"heavy",9200,"leather","a",0,293,0,0,,,10300000,704,"",""
5317,"Sealed Majestic Circlet","head",true,true,true,true,true,true,"none",550,"leather","a",0,73,0,0,,,2640000,163,"",""
5318,"Sealed Majestic Gauntlets","gloves",true,true,true,true,true,true,"none",540,"leather","a",0,49,0,0,,,1760000,108,"",""
5319,"Sealed Majestic Boots","feet",true,true,true,true,true,true,"none",1110,"blood_steel","a",0,49,0,0,,,1760000,108,"",""
5320,"Sealed Leather Armor of Nightmare","fullarmor",true,true,true,true,true,true,"light",5300,"leather","a",0,220,0,0,,,7730000,528,"",""
5321,"Sealed Dark Legion Gloves","gloves",true,true,true,true,true,true,"none",560,"leather","a",0,48,0,0,,,1630000,130,"",""
5322,"Sealed Dark Legion Boots","feet",true,true,true,true,true,true,"none",1120,"leather","a",0,48,0,0,,,1630000,130,"",""
5323,"Sealed Majestic Leather Armor","fullarmor",true,true,true,true,true,true,"light",5350,"leather","a",0,220,0,0,,,7730000,528,"",""
5324,"Sealed Gloves of Phantom","gloves",true,true,true,true,true,true,"none",560,"leather","a",0,48,0,0,,,1630000,130,"",""
5325,"Sealed Boots of Phantom","feet",true,true,true,true,true,true,"none",1120,"oriharukon","a",0,48,0,0,,,1630000,130,"",""
5326,"Sealed Nightmare Robe","fullarmor",true,true,true,true,true,true,"magic",2300,"leather","a",0,147,0,718,,,7730000,528,"",""
5327,"Sealed Cerberus Gloves","gloves",true,true,true,true,true,true,"none",540,"leather","a",0,48,0,0,,,1630000,130,"",""
5328,"Sealed Cerberus Boots","feet",true,true,true,true,true,true,"none",1120,"damascus","a",0,48,0,0,,,1630000,130,"",""
5329,"Sealed Majestic Robe","fullarmor",true,true,true,true,true,true,"magic",2330,"leather","a",0,147,0,718,,,7730000,528,"",""
5330,"Sealed Dasparion's Gloves","gloves",true,true,true,true,true,true,"none",550,"leather","a",0,48,0,0,,,1630000,130,"",""
5331,"Sealed Dasparion's Boots","feet",true,true,true,true,true,true,"none",1100,"leather","a",0,48,0,0,,,1630000,130,"",""
5576,"Sound Test Boots","feet",false,true,true,true,true,true,"none",50,"cloth","none",0,0,0,0,,,0,0,"",""
5590,"Squeaking Shoes","feet",false,true,true,true,true,true,"none",50,"cloth","none",0,0,0,0,,,350000,0,"",""
5709,"Sealed Zubei's Gauntlets","gloves",true,true,true,true,true,true,"none",590,"mithril","b",0,41,0,0,,,519000,53,"",""
5710,"Zubei's Gauntlets - Heavy Armor","gloves",true,true,true,true,true,true,"none",590,"mithril","b",0,41,0,0,,,519000,53,"",""
5711,"Zubei's Gauntlets - Light Armor","gloves",true,true,true,true,true,true,"none",590,"mithril","b",0,41,0,0,,,519000,53,"",""
5712,"Zubei's Gauntlets - Robe","gloves",true,true,true,true,true,true,"none",590,"mithril","b",0,41,0,0,,,519000,53,"",""
5713,"Sealed Avadon Gloves","gloves",true,true,true,true,true,true,"none",590,"mithril","b",0,41,0,0,,,519000,53,"",""
5714,"Avadon Gloves - Heavy Armor","gloves",true,true,true,true,true,true,"none",590,"mithril","b",0,41,0,0,,,519000,53,"",""
5715,"Avadon Gloves - Light Armor","gloves",true,true,true,true,true,true,"none",590,"mithril","b",0,41,0,0,,,519000,53,"",""
5716,"Avadon Gloves - Robe","gloves",true,true,true,true,true,true,"none",590,"mithril","b",0,41,0,0,,,519000,53,"",""
5717,"Sealed Blue Wolf Gloves","gloves",true,true,true,true,true,true,"none",590,"leather","b",0,44,0,0,,,804000,83,"",""
5718,"Blue Wolf Gloves - Heavy Armor","gloves",true,true,true,true,true,true,"none",590,"leather","b",0,44,0,0,,,804000,83,"",""
5719,"Blue Wolf Gloves - Light Armor","gloves",true,true,true,true,true,true,"none",590,"leather","b",0,44,0,0,,,804000,83,"",""
5720,"Blue Wolf Gloves - Robe","gloves",true,true,true,true,true,true,"none",590,"leather","b",0,44,0,0,,,804000,83,"",""
5721,"Sealed Doom Gloves","gloves",true,true,true,true,true,true,"none",580,"leather","b",0,44,0,0,,,804000,83,"",""
5722,"Doom Gloves - Heavy Armor","gloves",true,true,true,true,true,true,"none",580,"leather","b",0,44,0,0,,,804000,83,"",""
5723,"Doom Gloves - Light Armor","gloves",true,true,true,true,true,true,"none",580,"leather","b",0,44,0,0,,,804000,83,"",""
5724,"Doom Gloves - Robe","gloves",true,true,true,true,true,true,"none",580,"leather","b",0,44,0,0,,,804000,83,"",""
5725,"Sealed Zubei's Boots","feet",true,true,true,true,true,true,"none",1180,"mithril","b",0,41,0,0,,,519000,53,"",""
5726,"Zubei's Boots - Heavy Armor","feet",true,true,true,true,true,true,"none",1180,"mithril","b",0,41,0,0,,,519000,53,"",""
5727,"Zubei's Boots - Light Armor","feet",true,true,true,true,true,true,"none",1180,"mithril","b",0,41,0,0,,,519000,53,"",""
5728,"Zubei's Boots - Robe","feet",true,true,true,true,true,true,"none",1180,"mithril","b",0,41,0,0,,,519000,53,"",""
5729,"Sealed Avadon Boots","feet",true,true,true,true,true,true,"none",1180,"mithril","b",0,41,0,0,,,519000,53,"",""
5730,"Avadon Boots - Heavy Armor","feet",true,true,true,true,true,true,"none",1180,"mithril","b",0,41,0,0,,,519000,53,"",""
5731,"Avadon Boots - Light Armor","feet",true,true,true,true,true,true,"none",1180,"mithril","b",0,41,0,0,,,519000,53,"",""
5732,"Avadon Boots - Robe","feet",true,true,true,true,true,true,"none",1180,"mithril","b",0,41,0,0,,,519000,53,"",""
5733,"Sealed Blue Wolf Boots","feet",true,true,true,true,true,true,"none",1130,"leather","b",0,44,0,0,,,804000,83,"",""
5734,"Blue Wolf Boots - Heavy Armor","feet",true,true,true,true,true,true,"none",1130,"leather","b",0,44,0,0,,,804000,83,"",""
5735,"Blue Wolf Boots - Light Armor","feet",true,true,true,true,true,true,"none",1130,"leather","b",0,44,0,0,,,804000,83,"",""
5736,"Blue Wolf Boots - Robe","feet",true,true,true,true,true,true,"none",1130,"leather","b",0,44,0,0,,,804000,83,"",""
5737,"Sealed Boots of Doom","feet",true,true,true,true,true,true,"none",1130,"mithril","b",0,44,0,0,,,804000,83,"",""
5738,"Doom Boots - Heavy Armor","feet",true,true,true,true,true,true,"none",1130,"mithril","b",0,44,0,0,,,804000,83,"",""
5739,"Doom Boots - Light Armor","feet",true,true,true,true,true,true,"none",1130,"mithril","b",0,44,0,0,,,804000,83,"",""
5740,"Doom Boots - Robe","feet",true,true,true,true,true,true,"none",1130,"mithril","b",0,44,0,0,,,804000,83,"",""
5765,"Dark Crystal Gloves - Heavy Armor","gloves",true,true,true,true,true,true,"none",580,"leather","a",0,46,0,0,,,1160000,71,"",""
5766,"Dark Crystal Gloves - Light Armor","gloves",true,true,true,true,true,true,"none",580,"leather","a",0,46,0,0,,,1160000,71,"",""
5767,"Dark Crystal Gloves - Robe","gloves",true,true,true,true,true,true,"none",580,"leather","a",0,46,0,0,,,1160000,71,"",""
5768,"Tallum Gloves - Heavy Armor","gloves",true,true,true,true,true,true,"none",580,"leather","a",0,46,0,0,,,1160000,71,"",""
5769,"Tallum Gloves - Light Armor","gloves",true,true,true,true,true,true,"none",580,"leather","a",0,46,0,0,,,1160000,71,"",""
5770,"Tallum Gloves - Robe","gloves",true,true,true,true,true,true,"none",580,"leather","a",0,46,0,0,,,1160000,71,"",""
5771,"Gauntlets of Nightmare - Heavy Armor","gloves",true,true,true,true,true,true,"none",550,"leather","a",0,49,0,0,,,1760000,108,"",""
5772,"Gauntlets of Nightmare - Light Armor","gloves",true,true,true,true,true,true,"none",550,"leather","a",0,49,0,0,,,1760000,108,"",""
5773,"Gauntlets of Nightmare - Robe","gloves",true,true,true,true,true,true,"none",550,"leather","a",0,49,0,0,,,1760000,108,"",""
5774,"Majestic Gauntlets - Heavy Armor","gloves",true,true,true,true,true,true,"none",540,"leather","a",0,49,0,0,,,1760000,108,"",""
5775,"Majestic Gauntlets - Light Armor","gloves",true,true,true,true,true,true,"none",540,"leather","a",0,49,0,0,,,1760000,108,"",""
5776,"Majestic Gauntlets - Robe","gloves",true,true,true,true,true,true,"none",540,"leather","a",0,49,0,0,,,1760000,108,"",""
5777,"Dark Crystal Boots - Heavy Armor","feet",true,true,true,true,true,true,"none",1110,"crystal","a",0,46,0,0,,,1160000,71,"",""
5778,"Dark Crystal Boots - Light Armor","feet",true,true,true,true,true,true,"none",1110,"crystal","a",0,46,0,0,,,1160000,71,"",""
5779,"Dark Crystal Boots - Robe","feet",true,true,true,true,true,true,"none",1110,"crystal","a",0,46,0,0,,,1160000,71,"",""
5780,"Tallum Boots - Heavy Armor","feet",true,true,true,true,true,true,"none",1130,"blood_steel","a",0,46,0,0,,,1160000,71,"",""
5781,"Tallum Boots - Light Armor","feet",true,true,true,true,true,true,"none",1130,"blood_steel","a",0,46,0,0,,,1160000,71,"",""
5782,"Tallum Boots - Robe","feet",true,true,true,true,true,true,"none",1130,"blood_steel","a",0,46,0,0,,,1160000,71,"",""
5783,"Boots of Nightmare - Heavy Armor","feet",true,true,true,true,true,true,"none",1110,"leather","a",0,49,0,0,,,1760000,108,"",""
5784,"Boots of Nightmare - Light Armor","feet",true,true,true,true,true,true,"none",1110,"leather","a",0,49,0,0,,,1760000,108,"",""
5785,"Boots of Nightmare - Robe","feet",true,true,true,true,true,true,"none",1110,"leather","a",0,49,0,0,,,1760000,108,"",""
5786,"Majestic Boots - Heavy Armor","feet",true,true,true,true,true,true,"none",1110,"blood_steel","a",0,49,0,0,,,1760000,108,"",""
5787,"Majestic Boots - Light Armor","feet",true,true,true,true,true,true,"none",1110,"blood_steel","a",0,49,0,0,,,1760000,108,"",""
5788,"Majestic Boots - Robe","feet",true,true,true,true,true,true,"none",1110,"blood_steel","a",0,49,0,0,,,1760000,108,"",""
5808,"Party Mask","face",false,true,true,true,true,true,"none",10,"wood","none",0,0,0,0,,,500000,0,"",""
6323,"Sealed Phoenix Necklace","neck",true,true,true,true,true,true,"none",150,"silver","a",0,0,76,0,,,1740000,107,"",""
6324,"Sealed Phoenix Earring","rear,lear",true,true,true,true,true,true,"none",150,"silver","a",0,0,57,0,,,1310000,80,"",""
6325,"Sealed Phoenix Ring","rfinger,lfinger",true,true,true,true,true,true,"none",150,"gold","a",0,0,38,0,,,871000,54,"",""
6326,"Sealed Majestic Necklace","neck",true,true,true,true,true,true,"none",150,"silver","a",0,0,80,0,,,2600000,160,"",""
6327,"Sealed Majestic Earring","rear,lear",true,true,true,true,true,true,"none",150,"silver","a",0,0,60,0,,,1950000,120,"",""
6328,"Sealed Majestic Ring","rfinger,lfinger",true,true,true,true,true,true,"none",150,"silver","a",0,0,40,0,,,1300000,80,"",""
6373,"Imperial Crusader Breastplate","chest",true,true,true,true,true,true,"heavy",7620,"scale_of_dragon","s",0,205,0,0,,,14300000,613,"",""
6374,"Imperial Crusader Gaiters","legs",true,true,true,true,true,true,"heavy",3260,"scale_of_dragon","s",0,128,0,0,,,8960000,383,"",""
6375,"Imperial Crusader Gauntlets","gloves",true,true,true,true,true,true,"none",540,"leather","s",0,55,0,0,,,3580000,153,"",""
6376,"Imperial Crusader Boots","feet",true,true,true,true,true,true,"none",1110,"leather","s",0,55,0,0,,,3580000,153,"",""
6378,"Imperial Crusader Helmet","head",true,true,true,true,true,true,"none",550,"bone","s",0,83,0,0,,,5370000,230,"",""
6379,"Draconic Leather Armor","fullarmor",true,true,true,true,true,true,"light",4950,"leather","s",0,249,0,0,,,17400000,748,"",""
6380,"Draconic Leather Gloves","gloves",true,true,true,true,true,true,"none",540,"leather","s",0,55,0,0,,,3580000,153,"",""
6381,"Draconic Leather Boots","feet",true,true,true,true,true,true,"none",1110,"leather","s",0,55,0,0,,,3580000,153,"",""
6382,"Draconic Leather Helmet","head",true,true,true,true,true,true,"none",550,"bone","s",0,83,0,0,,,5370000,230,"",""
6383,"Major Arcana Robe","fullarmor",true,true,true,true,true,true,"magic",2300,"cloth","s",0,166,0,866,,,17400000,748,"",""
6384,"Major Arcana Gloves","gloves",true,true,true,true,true,true,"none",540,"leather","s",0,55,0,0,,,3580000,153,"",""
6385,"Major Arcana Boots","feet",true,true,true,true,true,true,"none",1110,"leather","s",0,55,0,0,,,3580000,153,"",""
6386,"Major Arcana Circlet","head",true,true,true,true,true,true,"none",550,"bone","s",0,83,0,0,,,5370000,230,"",""
6394,"Red Party Mask","face",false,true,true,true,true,true,"none",10,"wood","none",0,0,0,0,,,500000,0,"",""
6408,"Formal Wear","fullarmor",false,true,true,true,true,true,"none",1000,"cloth","none",0,0,0,0,,,5000000,0,"",""
6656,"Earring of Antharas","rear,lear",true,true,true,true,true,true,"none",150,"gold","s",0,0,71,31,,,3700000,178,"","3558-1"
6657,"Necklace of Valakas","neck",true,true,true,true,true,true,"none",150,"gold","s",0,0,95,42,,,4940000,237,"","3557-1"
6658,"Ring of Baium","rfinger,lfinger",true,true,true,true,true,true,"none",150,"gold","s",0,0,48,21,,,1730000,83,"","3561-1"
6659,"Zaken's Earring","rear,lear",true,true,true,true,true,true,"none",150,"gold","s",0,0,71,31,,,2590000,124,"","3559-1"
6660,"Ring of Queen Ant","rfinger,lfinger",true,true,true,true,true,true,"none",150,"gold","b",0,0,48,21,,,616000,82,"","3562-1"
6661,"Earring of Orfen","rear,lear",true,true,true,true,true,true,"none",150,"gold","a",0,0,71,31,,,1300000,104,"","3560-1"
6662,"Ring of Core","rfinger,lfinger",true,true,true,true,true,true,"none",150,"gold","a",0,0,48,21,,,870000,69,"","3563-1"
6674,"Sealed Imperial Crusader Breastplate","chest",true,true,true,true,true,true,"heavy",7620,"scale_of_dragon","s",0,193,0,0,,,14300000,613,"",""
6675,"Sealed Imperial Crusader Gaiters","legs",true,true,true,true,true,true,"heavy",3260,"scale_of_dragon","s",0,121,0,0,,,8960000,383,"",""
6676,"Sealed Imperial Crusader Gauntlet","gloves",true,true,true,true,true,true,"none",540,"leather","s",0,55,0,0,,,3580000,153,"",""
6677,"Sealed Imperial Crusader Boots","feet",true,true,true,true,true,true,"none",1110,"leather","s",0,55,0,0,,,3580000,153,"",""
6679,"Sealed Imperial Crusader Helmet","head",true,true,true,true,true,true,"none",550,"bone","s",0,83,0,0,,,5370000,230,"",""
6680,"Sealed Draconic Leather Armor","fullarmor",true,true,true,true,true,true,"light",4950,"leather","s",0,236,0,0,,,17400000,748,"",""
6681,"Sealed Draconic Leather Glove","gloves",true,true,true,true,true,true,"none",540,"leather","s",0,55,0,0,,,3580000,153,"",""
6682,"Sealed Draconic Leather Boots","feet",true,true,true,true,true,true,"none",1110,"leather","s",0,55,0,0,,,3580000,153,"",""
6683,"Sealed Draconic Leather Helmet","head",true,true,true,true,true,true,"none",550,"bone","s",0,83,0,0,,,5370000,230,"",""
6684,"Sealed Major Arcana Robe","fullarmor",true,true,true,true,true,true,"magic",2300,"cloth","s",0,157,0,866,,,17400000,748,"",""
6685,"Sealed Major Arcana Glove","gloves",true,true,true,true,true,true,"none",540,"leather","s",0,55,0,0,,,3580000,153,"",""
6686,"Sealed Major Arcana Boots","feet",true,true,true,true,true,true,"none",1110,"leather","s",0,55,0,0,,,3580000,153,"",""
6687,"Sealed Major Arcana Circlet","head",true,true,true,true,true,true,"none",550,"bone","s",0,83,0,0,,,5370000,230,"",""
6724,"Sealed Tateossian Earring","rear,lear",true,true,true,true,true,true,"none",150,"silver","s",0,0,68,0,,,3700000,157,"",""
6725,"Sealed Tateossian Ring","rfinger,lfinger",true,true,true,true,true,true,"none",150,"gold","s",0,0,46,0,,,2470000,105,"",""
6726,"Sealed Tateossian Necklace","neck",true,true,true,true,true,true,"none",150,"silver","s",0,0,91,0,,,4940000,209,"",""
6834,"Circlet of Innadril","face",false,true,false,true,false,true,"none",10,"wood","none",0,0,0,0,,,500000,0,"","3633-1"
6835,"Circlet of Dion","face",false,true,false,true,false,true,"none",10,"wood","none",0,0,0,0,,,500000,0,"","3633-1"
6836,"Circlet of Goddard","face",false,true,false,true,false,true,"none",10,"wood","none",0,0,0,0,,,500000,0,"","3633-2"
6837,"Circlet of Oren","face",false,true,false,true,false,true,"none",10,"wood","none",0,0,0,0,,,500000,0,"","3633-1"
6838,"Circlet of Gludio","face",false,true,false,true,false,true,"none",10,"wood","none",0,0,0,0,,,500000,0,"","3633-1"
6839,"Circlet of Giran","face",false,true,false,true,false,true,"none",10,"wood","none",0,0,0,0,,,500000,0,"","3633-1"
6840,"Circlet of Aden","face",false,true,false,true,false,true,"none",10,"wood","none",0,0,0,0,,,500000,0,"","3633-2"
6841,"The Lord's Crown","face",false,false,false,true,false,true,"none",10,"wood","none",0,0,0,0,,,0,0,"","3632-1;3633-2"
6842,"Wings of Destiny Circlet","face",false,false,false,true,false,true,"none",10,"wood","none",0,0,0,0,,,0,0,"",""
6843,"Cat Ear","hair",false,true,true,true,true,true,"none",10,"wood","none",0,0,0,0,,,500000,0,"",""
6844,"Lady's Hair Pin","hair",false,true,true,true,true,true,"none",10,"wood","none",0,0,0,0,,,500000,0,"",""
6845,"Pirate's Eye Patch","face",false,true,true,true,true,true,"none",10,"wood","none",0,0,0,0,,,500000,0,"",""
6846,"Monocle","face",false,true,true,true,true,true,"none",10,"wood","none",0,0,0,0,,,500000,0,"",""
7059,"Golden Festival Mask","face",false,false,false,true,false,true,"none",10,"wood","none",0,0,0,0,,,0,0,"",""
7060,"Tateossian Hairband","face",false,true,false,true,true,true,"none",10,"wood","none",0,0,0,0,,,0,0,"",""
7680,"Raccoon Ears","hair",false,true,true,true,true,true,"none",10,"wood","none",0,0,0,0,,,500000,0,"",""
7681,"Outlaw's Eyepatch","face",false,true,true,true,true,true,"none",10,"wood","none",0,0,0,0,,,500000,0,"",""
7682,"Maiden's Hairpin","hair",false,true,true,true,true,true,"none",10,"wood","none",0,0,0,0,,,500000,0,"",""
7683,"Rabbit Ears","hair",false,true,true,true,true,true,"none",10,"wood","none",0,0,0,0,,,500000,0,"",""
7694,"Noblesse Tiara","face",false,false,false,true,false,true,"none",10,"wood","none",0,0,0,0,,,0,0,"",""
7695,"Forget-me-not Hairpin","hair",false,true,true,true,true,true,"none",10,"wood","none",0,0,0,0,,,500000,0,"",""
7696,"Daisy Hairpin","hair",false,true,true,true,true,true,"none",10,"wood","none",0,0,0,0,,,500000,0,"",""
7836,"Santa's Hat","hairall",false,true,false,true,true,true,"none",10,"wood","none",0,0,0,0,,,0,0,"",""
7837,"Sayha's White Mask","face",false,false,false,true,true,true,"none",10,"steel","none",0,0,0,0,,,0,0,"",""
7839,"Gran Kain's Black Mask","face",false,false,false,true,true,true,"none",10,"steel","none",0,0,0,0,,,0,0,"",""
7840,"Rabbit Ears (Event)","hair",false,false,false,true,false,true,"none",10,"wood","none",0,0,0,0,,,0,0,"",""
7841,"Racoon Ears (Event)","hair",false,false,false,true,false,true,"none",10,"wood","none",0,0,0,0,,,0,0,"",""
7842,"Cat Ears (Event)","hair",false,false,false,true,false,true,"none",10,"wood","none",0,0,0,0,,,0,0,"",""
7843,"Pirate's Eyepatch (Event)","face",false,false,false,true,false,true,"none",10,"wood","none",0,0,0,0,,,0,0,"",""
7844,"Monocle (Event)","face",false,false,false,true,false,true,"none",10,"wood","none",0,0,0,0,,,0,0,"",""
7845,"Outlaw's Eyepatch (Event)","face",false,false,false,true,false,true,"none",10,"wood","none",0,0,0,0,,,0,0,"",""
7846,"Lady's Hairpin (Event)","hair",false,false,false,true,false,true,"none",10,"wood","none",0,0,0,0,,,0,0,"",""
7847,"Noblewoman's Hairpin (Event)","hair",false,false,false,true,false,true,"none",10,"wood","none",0,0,0,0,,,0,0,"",""
7848,"Forget-me-not Hairpin (Event)","hair",false,false,false,true,false,true,"none",10,"wood","none",0,0,0,0,,,0,0,"",""
7849,"Daisy Hairpin (Event)","hair",false,false,false,true,false,true,"none",10,"wood","none",0,0,0,0,,,0,0,"",""
7850,"Clan Oath Helm","head",true,true,true,true,true,true,"none",640,"fine_steel","d",0,37,0,0,,,76200,108,"",""
7851,"Clan Oath Armor","fullarmor",true,true,true,true,true,true,"heavy",9870,"fine_steel","d",0,158,0,0,,,330000,469,"",""
7852,"Clan Oath Gauntlets - Heavy Armor","gloves",true,true,true,true,true,true,"none",640,"fine_steel","d",0,24,0,0,,,50800,72,"",""
7853,"Clan Oath Sabaton - Heavy Armor","feet",true,true,true,true,true,true,"none",1280,"fine_steel","d",0,24,0,0,,,50800,72,"",""
7854,"Clan Oath Brigandine","fullarmor",true,true,true,true,true,true,"light",5400,"leather","d",0,119,0,0,,,247000,352,"",""
7855,"Clan Oath Leather Gloves - Light Armor","gloves",true,true,true,true,true,true,"none",640,"leather","d",0,24,0,0,,,50800,72,"",""
7856,"Clan Oath Boots - Light Armor","feet",true,true,true,true,true,true,"none",1280,"leather","d",0,24,0,0,,,50800,72,"",""
7857,"Clan Oath Aketon","fullarmor",true,true,true,true,true,true,"magic",2450,"cloth","d",0,79,0,239,,,247000,357,"",""
7858,"Clan Oath Padded Gloves - Robe","gloves",true,true,true,true,true,true,"none",640,"cloth","d",0,24,0,0,,,50800,72,"",""
7859,"Clan Oath Sandals - Robe","feet",true,true,true,true,true,true,"none",1280,"cloth","d",0,24,0,0,,,50800,72,"",""
7860,"Apella Helm","head",true,true,true,true,true,true,"none",570,"fine_steel","a",0,69,0,0,,,1340000,107,"",""
7861,"Apella Plate Armor","fullarmor",true,true,true,true,true,true,"heavy",9780,"leather","a",0,278,0,0,,,6770000,463,"",""
7862,"Apella Gauntlet - Heavy Armor","gloves",true,true,true,true,true,true,"heavy",580,"leather","a",0,46,0,0,,,1160000,71,"",""
7863,"Apella Solleret - Heavy Armor","feet",true,true,true,true,true,true,"heavy",1130,"blood_steel","a",0,46,0,0,,,1160000,71,"",""
7864,"Apella Brigandine","fullarmor",true,true,true,true,true,true,"light",5400,"leather","a",0,209,0,0,,,5080000,347,"",""
7865,"Apella Leather Gloves - Light Armor","gloves",true,true,true,true,true,true,"light",580,"leather","a",0,46,0,0,,,1160000,71,"",""
7866,"Apella Boots - Light Armor","feet",true,true,true,true,true,true,"light",1130,"blood_steel","a",0,46,0,0,,,1160000,71,"",""
7867,"Apella Doublet","fullarmor",true,true,true,true,true,true,"magic",2450,"leather","a",0,139,0,665,,,4340000,347,"",""
7868,"Apella Silk Gloves - Robe","gloves",true,true,true,true,true,true,"magic",580,"leather","a",0,46,0,0,,,1160000,71,"",""
7869,"Apella Sandals - Robe","feet",true,true,true,true,true,true,"magic",1130,"blood_steel","a",0,46,0,0,,,1160000,71,"",""
7870,"Sealed Apella Helm","head",true,true,true,true,true,true,"none",570,"cloth","a",0,69,0,0,,,1340000,107,"",""
7871,"Sealed Apella Plate Armor","fullarmor",true,true,true,true,true,true,"heavy",9780,"leather","a",0,278,0,0,,,6770000,463,"",""
7872,"Sealed Apella Gauntlet","gloves",true,true,true,true,true,true,"none",580,"leather","a",0,46,0,0,,,1160000,71,"",""
7873,"Sealed Apella Solleret","feet",true,true,true,true,true,true,"none",1130,"blood_steel","a",0,46,0,0,,,1160000,71,"",""
7874,"Sealed Apella Brigandine","fullarmor",true,true,true,true,true,true,"light",5400,"leather","a",0,209,0,0,,,5080000,347,"",""
7875,"Sealed Apella Leather Gloves","gloves",true,true,true,true,true,true,"none",580,"leather","a",0,46,0,0,,,1160000,71,"",""
7876,"Sealed Apella Boots","feet",true,true,true,true,true,true,"none",1130,"blood_steel","a",0,46,0,0,,,1160000,71,"",""
7877,"Sealed Apella Doublet","fullarmor",true,true,true,true,true,true,"magic",2450,"leather","a",0,139,0,665,,,4340000,347,"",""
7878,"Sealed Apella Silk Gloves","gloves",true,true,true,true,true,true,"none",580,"leather","a",0,46,0,0,,,1160000,71,"",""
7879,"Sealed Apella Sandals","feet",true,true,true,true,true,true,"none",1130,"blood_steel","a",0,46,0,0,,,1160000,71,"",""
8177,"Raid Challenger's Circlet","face",false,true,true,true,true,true,"none",10,"wood","none",0,0,0,0,,,0,0,"",""
8178,"Raid Adventurer's Circlet","face",false,true,true,true,true,true,"none",10,"wood","none",0,0,0,0,,,0,0,"",""
8179,"Raid Master's Circlet","face",false,true,true,true,true,true,"none",10,"wood","none",0,0,0,0,,,0,0,"",""
8180,"Circlet of Ice Fairy Sirra","face",false,true,true,true,true,true,"none",10,"wood","none",0,0,0,0,,,0,0,"",""
8181,"Academy Circlet","face",false,false,false,true,false,true,"none",10,"wood","none",0,0,0,0,,,0,0,"",""
8182,"Circlet of Rune","face",false,true,false,true,false,true,"none",10,"wood","none",0,0,0,0,,,500000,0,"","3633-2"
8183,"Circlet of Schuttgart","face",false,true,false,true,false,true,"none",10,"wood","none",0,0,0,0,,,500000,0,"","3633-2"
8184,"Party Hat","hairall",false,true,true,true,true,true,"none",10,"wood","none",0,0,0,0,,,0,0,"",""
8185,"Feathered Hat","hairall",false,true,true,true,true,true,"none",10,"wood","none",0,0,0,0,,,0,0,"",""
8186,"Artisan's Goggles","hairall",false,true,true,true,true,true,"none",10,"wood","none",0,0,0,0,,,0,0,"",""
8187,"Demon Horns","hair",false,true,true,true,true,true,"none",10,"wood","none",0,0,0,0,,,0,0,"",""
8188,"Little Angel Wings","hair",false,true,true,true,true,true,"none",10,"wood","none",0,0,0,0,,,0,0,"",""
8189,"Fairy Antennae","hair",false,true,true,true,true,true,"none",10,"wood","none",0,0,0,0,,,0,0,"",""
8191,"Frintezza's Necklace","neck",true,true,true,true,true,true,"none",150,"gold","a",0,0,95,42,,,3450000,230,"","3604-1"
8541,"Little Harness","babypet",false,true,true,true,true,true,"pet",160,"leather","none",0,10,25,0,,,216666,0,"",""
8552,"Mask of Spirits","face",false,true,true,true,true,true,"none",10,"paper","none",0,0,0,0,,,0,0,"",""
8557,"Blue Party Hat","hairall",false,true,true,true,true,true,"none",10,"wood","none",0,0,0,0,,,0,0,"",""
8558,"Eva's Mark (Event)","face",false,false,false,true,false,true,"none",10,"steel","none",0,0,0,0,,,0,0,"",""
8559,"Diadem","hairall",false,true,true,true,true,true,"none",10,"wood","none",0,0,0,0,,,0,0,"",""
8560,"Teddy Bear Hat","hairall",false,true,true,true,true,true,"none",10,"wood","none",0,0,0,0,,,0,0,"",""
8561,"Piggy Hat","hairall",false,true,true,true,true,true,"none",10,"wood","none",0,0,0,0,,,0,0,"",""
8562,"Jester Hat","hairall",false,true,true,true,true,true,"none",10,"wood","none",0,0,0,0,,,0,0,"",""
8563,"Wizard Hat","hairall",false,true,true,true,true,true,"none",10,"wood","none",0,0,0,0,,,0,0,"",""
8564,"Dapper Cap","hairall",false,true,true,true,true,true,"none",10,"wood","none",0,0,0,0,,,0,0,"",""
8565,"Romantic Chapeau","hairall",false,true,true,true,true,true,"none",10,"wood","none",0,0,0,0,,,0,0,"",""
8566,"Iron Circlet","face",false,false,false,true,true,true,"none",10,"steel","none",0,0,0,0,,,0,0,"",""
8567,"Valakas Slayer Circlet","face",false,true,true,true,true,true,"none",10,"wood","none",0,0,0,0,,,0,0,"",""
8568,"Antharas Slayer Circlet","face",false,true,true,true,true,true,"none",10,"wood","none",0,0,0,0,,,0,0,"",""
8569,"Half Face Mask","face",false,true,true,true,true,true,"none",10,"wood","none",0,0,0,0,,,0,0,"",""
8660,"Demon Horns","hair",false,true,true,true,true,true,"none",10,"wood","none",0,0,0,0,,,0,0,"",""
8661,"Mask of Spirits","face",false,true,true,true,true,true,"none",10,"paper","none",0,0,0,0,,,0,0,"",""
8662,"Fairy Antennae (Event)","hair",false,false,false,true,false,true,"none",10,"wood","none",0,0,0,0,,,0,0,"",""
8910,"Black Feather Mask (Event)","hairall",false,false,false,true,false,true,"none",10,"steel","none",0,0,0,0,,,0,0,"",""
8911,"Black Half-Mask (Event)","face",false,true,true,true,true,true,"none",10,"steel","none",0,0,0,0,,,0,0,"",""
8912,"Single Stem Flower","hair",false,true,true,true,true,true,"none",10,"steel","none",0,0,0,0,,,0,0,"",""
8913,"Butterfly Hairpin","hair",false,true,true,true,true,true,"none",10,"steel","none",0,0,0,0,,,0,0,"",""
8914,"Luxurious Gold Circlet","hairall",false,true,true,true,true,true,"none",10,"steel","none",0,0,0,0,,,0,0,"",""
8915,"Luxurious Silver Circlet","hairall",false,true,true,true,true,true,"none",10,"steel","none",0,0,0,0,,,0,0,"",""
8916,"Eye Patch","face",false,true,true,true,true,true,"none",10,"steel","none",0,0,0,0,,,0,0,"",""
8917,"Goddess Circlet","hairall",false,true,true,true,true,true,"none",10,"steel","none",0,0,0,0,,,0,0,"",""
8918,"Leather Cap","hairall",false,true,true,true,true,true,"none",10,"steel","none",0,0,0,0,,,0,0,"",""
8919,"First Mate's Hat","hairall",false,false,false,true,true,true,"none",10,"steel","none",0,0,0,0,,,0,0,"",""
8920,"Angel Halo","hairall",false,true,true,true,true,true,"none",10,"steel","none",0,0,0,0,,,0,0,"",""
8921,"Demon Circlet","hairall",false,true,true,true,true,true,"none",10,"steel","none",0,0,0,0,,,0,0,"",""
8922,"Pirate Hat","hairall",false,true,true,true,true,true,"none",10,"steel","none",0,0,0,0,,,0,0,"",""
8923,"Scar","face",false,true,true,true,true,true,"none",10,"steel","none",0,0,0,0,,,0,0,"",""
8936,"Santa's Antlers","hairall",false,true,true,true,true,true,"none",10,"wood","none",0,0,0,0,,,0,0,"",""
8947,"L2 Day: Rabbit Ears","hair",false,true,true,true,true,true,"none",10,"wood","none",0,0,0,0,,,0,0,"",""
8948,"L2 Day: Little Angel Wings","hair",false,true,true,true,true,true,"none",10,"wood","none",0,0,0,0,,,0,0,"",""
8949,"L2 Day: Fairy Antennae","hair",false,true,true,true,true,true,"none",10,"wood","none",0,0,0,0,,,0,0,"",""
8950,"L2 Day: Feathered Hat","hairall",false,true,true,true,true,true,"none",10,"wood","none",0,0,0,0,,,0,0,"",""
8951,"L2 Day: Artisan's Goggles","hairall",false,true,true,true,true,true,"none",10,"wood","none",0,0,0,0,,,0,0,"",""
9030,"Shadow Item: Bronze Breastplate","chest",false,false,false,true,false,true,"heavy",2973,"bronze","none",0,68,0,0,600,,0,0,"",""
9031,"Shadow Item: Bronze Gaiters","legs",false,false,false,true,false,true,"heavy",1320,"bronze","none",0,43,0,0,600,,0,0,"",""
9032,"Shadow Item: Hard Leather Shirt","chest",false,false,false,true,false,true,"light",1573,"leather","none",0,53,0,0,600,,0,0,"",""
9033,"Shadow Item: Hard Leather Gaiters","legs",false,false,false,true,false,true,"light",537,"leather","none",0,33,0,0,600,,0,0,"",""
9034,"Shadow Item: Tunic of Magic","chest",false,false,false,true,false,true,"magic",693,"cloth","none",0,34,0,86,600,,0,0,"",""
9035,"Shadow Item: Stockings of Magic","legs",false,false,false,true,false,true,"magic",343,"cloth","none",0,21,0,54,600,,0,0,"",""
9037,"Shadow Item: Hard Leather Helmet","head",false,false,false,true,false,true,"none",213,"leather","none",0,26,0,0,600,,0,0,"",""
9038,"Shadow Item: Boots","feet",false,false,false,true,false,true,"none",437,"cloth","none",0,17,0,0,600,,0,0,"",""
9039,"Shadow Item: Bracer","gloves",false,false,false,true,false,true,"none",217,"leather","none",0,17,0,0,600,,0,0,"",""
9040,"Shadow Item: Mithril Breastplate","chest",false,false,false,true,false,true,"heavy",2890,"mithril","d",0,95,0,0,600,,0,0,"",""
9041,"Shadow Item: Mithril Gaiters","legs",false,false,false,true,false,true,"heavy",1277,"mithril","d",0,61,0,0,600,,0,0,"",""
9042,"Shadow Item: Gauntlet","gloves",false,false,false,true,false,true,"none",213,"cloth","d",0,24,0,0,600,,0,0,"",""
9043,"Shadow Item: Iron Boots","feet",false,false,false,true,false,true,"none",427,"fine_steel","d",0,24,0,0,600,,0,0,"",""
9045,"Shadow Item: Reinforced Leather Shirt","chest",false,false,false,true,false,true,"light",1523,"leather","d",0,73,0,0,600,,0,0,"",""
9046,"Shadow Item: Reinforced Leather Gaiters","legs",false,false,false,true,false,true,"light",523,"leather","d",0,46,0,0,600,,0,0,"",""
9047,"Shadow Item: Reinforced Leather Gloves","gloves",false,false,false,true,false,true,"none",213,"leather","d",0,24,0,0,600,,0,0,"",""
9048,"Shadow Item: Reinforced Leather Boots","feet",false,false,false,true,false,true,"none",427,"leather","d",0,24,0,0,600,,0,0,"",""
9049,"Shadow Item: Tunic of Knowledge","chest",false,false,false,true,false,true,"magic",673,"cloth","d",0,49,0,147,600,,0,0,"",""
9050,"Shadow Item: Stockings of Knowledge","legs",false,false,false,true,false,true,"magic",333,"cloth","d",0,30,0,92,600,,0,0,"",""
9051,"Shadow Item: Gloves of Knowledge","gloves",false,false,false,true,false,true,"none",213,"leather","d",0,24,0,0,600,,0,0,"",""
9052,"Shadow Item: Boots of Knowledge","feet",false,false,false,true,false,true,"none",423,"leather","d",0,24,0,0,600,,0,0,"",""
9053,"Shadow Item: Helmet","head",false,false,false,true,false,true,"none",213,"fine_steel","d",0,37,0,0,600,,0,0,"",""
9054,"Shadow Item: Composite Armor","fullarmor",false,false,false,true,false,true,"heavy",3660,"fine_steel","c",0,224,0,0,600,,0,0,"",""
9055,"Shadow Item: Composite Boots","feet",false,false,false,true,false,true,"none",407,"fine_steel","c",0,36,0,0,600,,0,0,"",""
9057,"Shadow Item: Composite Helmet","head",false,false,false,true,false,true,"none",203,"fine_steel","c",0,54,0,0,600,,0,0,"",""
9058,"Shadow Item: Theca Leather Armor","chest",false,false,false,true,false,true,"light",1457,"leather","c",0,106,0,0,600,,0,0,"",""
9059,"Shadow Item: Theca Leather Gaiters","legs",false,false,false,true,false,true,"light",510,"leather","c",0,66,0,0,600,,0,0,"",""
9060,"Shadow Item: Theca Leather Boots","feet",false,false,false,true,false,true,"none",403,"leather","c",0,37,0,0,600,,0,0,"",""
9061,"Shadow Item: Theca Leather Gloves","gloves",false,false,false,true,false,true,"none",200,"leather","c",0,37,0,0,600,,0,0,"",""
9062,"Shadow Item: Demon's Tunic","chest",false,false,false,true,false,true,"magic",663,"cloth","c",0,69,0,284,600,,0,0,"",""
9063,"Shadow Item: Demon's Stockings","legs",false,false,false,true,false,true,"magic",327,"cloth","c",0,43,0,177,600,,0,0,"",""
9064,"Shadow Item: Demon's Boots","feet",false,false,false,true,false,true,"none",407,"leather","c",0,36,0,0,600,,0,0,"",""
9065,"Shadow Item: Demon's Gloves","gloves",false,false,false,true,false,true,"none",203,"leather","c",0,36,0,0,600,,0,0,"",""
9066,"Shadow Item: Shining Circlet","head",false,false,false,true,false,true,"none",200,"steel","c",0,54,0,0,600,,0,0,"",""
9067,"Shadow Item: Zubei's Breastplate","chest",false,false,false,true,false,true,"heavy",2657,"mithril","b",0,157,0,0,600,,0,0,"",""
9068,"Shadow Item: Zubei's Gaiters","legs",false,false,false,true,false,true,"heavy",1190,"mithril","b",0,98,0,0,600,,0,0,"",""
9069,"Shadow Item: Zubei's Helmet","head",false,false,false,true,false,true,"none",197,"mithril","b",0,62,0,0,600,,0,0,"",""
9071,"Shadow Item: Zubei's Gauntlet","gloves",false,false,false,true,false,true,"none",197,"mithril","b",0,41,0,0,600,,0,0,"",""
9072,"Shadow Item: Zubei's Boots","feet",false,false,false,true,false,true,"none",393,"mithril","b",0,41,0,0,600,,0,0,"",""
9073,"Shadow Item: Zubei's Leather Shirt","chest",false,false,false,true,false,true,"light",1443,"leather","b",0,117,0,0,600,,0,0,"",""
9074,"Shadow Item: Zubei's Leather Gaiters","legs",false,false,false,true,false,true,"light",493,"leather","b",0,73,0,0,600,,0,0,"",""
9075,"Shadow Item: Zubei's Gauntlet","gloves",false,false,false,true,false,true,"none",197,"mithril","b",0,41,0,0,600,,0,0,"",""
9076,"Shadow Item: Zubei's Boots","feet",false,false,false,true,false,true,"none",393,"mithril","b",0,41,0,0,600,,0,0,"",""
9077,"Shadow Item: Tunic of Zubei","chest",false,false,false,true,false,true,"magic",653,"leather","b",0,78,0,345,600,,0,0,"",""
9078,"Shadow Item: Stockings of Zubei","legs",false,false,false,true,false,true,"magic",313,"leather","b",0,49,0,216,600,,0,0,"",""
9079,"Shadow Item: Zubei's Gauntlet","gloves",false,false,false,true,false,true,"none",197,"mithril","b",0,41,0,0,600,,0,0,"",""
9080,"Shadow Item: Zubei's Boots","feet",false,false,false,true,false,true,"none",393,"mithril","b",0,41,0,0,600,,0,0,"",""
9081,"Shadow Item: Dark Crystal Breastplate","chest",false,false,false,true,false,true,"heavy",2567,"crystal","a",0,171,0,0,600,,0,0,"",""
9082,"Shadow Item: Dark Crystal Gaiters","legs",false,false,false,true,false,true,"heavy",1107,"crystal","a",0,107,0,0,600,,0,0,"",""
9083,"Shadow Item: Dark Crystal Helmet","head",false,false,false,true,false,true,"none",190,"crystal","a",0,69,0,0,600,,0,0,"",""
9085,"Shadow Item: Dark Crystal Gloves","gloves",false,false,false,true,false,true,"none",193,"leather","a",0,46,0,0,600,,0,0,"",""
9086,"Shadow Item: Dark Crystal Boots","feet",false,false,false,true,false,true,"none",370,"crystal","a",0,46,0,0,600,,0,0,"",""
9087,"Shadow Item: Dark Crystal Leather Armor","chest",false,false,false,true,false,true,"light",1433,"leather","a",0,128,0,0,600,,0,0,"",""
9088,"Shadow Item: Dark Crystal Leggings","legs",false,false,false,true,false,true,"light",493,"leather","a",0,80,0,0,600,,0,0,"",""
9089,"Shadow Item: Dark Crystal Gloves","gloves",false,false,false,true,false,true,"none",193,"leather","a",0,46,0,0,600,,0,0,"",""
9090,"Shadow Item: Dark Crystal Boots","feet",false,false,false,true,false,true,"none",370,"crystal","a",0,46,0,0,600,,0,0,"",""
9091,"Shadow Item: Dark Crystal Robe","fullarmor",false,false,false,true,false,true,"magic",817,"leather","a",0,139,0,665,600,,0,0,"",""
9092,"Shadow Item: Dark Crystal Gloves","gloves",false,false,false,true,false,true,"none",193,"leather","a",0,46,0,0,600,,0,0,"",""
9093,"Shadow Item: Dark Crystal Boots","feet",false,false,false,true,false,true,"none",370,"crystal","a",0,46,0,0,600,,0,0,"",""
9094,"Shadow Item: Majestic Plate Armor","fullarmor",false,false,false,true,false,true,"heavy",3067,"leather","a",0,293,0,0,600,,0,0,"",""
9095,"Shadow Item: Majestic Circlet","head",false,false,false,true,false,true,"none",183,"leather","a",0,73,0,0,600,,0,0,"",""
9096,"Shadow Item: Majestic Gauntlet","gloves",false,false,false,true,false,true,"none",180,"leather","a",0,49,0,0,600,,0,0,"",""
9097,"Shadow Item: Majestic Boots","feet",false,false,false,true,false,true,"none",370,"blood_steel","a",0,49,0,0,600,,0,0,"",""
9098,"Shadow Item: Majestic Leather Armor","fullarmor",false,false,false,true,false,true,"light",1783,"leather","a",0,220,0,0,600,,0,0,"",""
9099,"Shadow Item: Majestic Gauntlet","gloves",false,false,false,true,false,true,"none",180,"leather","a",0,49,0,0,600,,0,0,"",""
9100,"Shadow Item: Majestic Boots","feet",false,false,false,true,false,true,"none",370,"blood_steel","a",0,49,0,0,600,,0,0,"",""
9101,"Shadow Item: Majestic Robe","fullarmor",false,false,false,true,false,true,"magic",777,"leather","a",0,147,0,718,600,,0,0,"",""
9102,"Shadow Item: Majestic Gauntlet","gloves",false,false,false,true,false,true,"none",180,"leather","a",0,49,0,0,600,,0,0,"",""
9103,"Shadow Item: Majestic Boots","feet",false,false,false,true,false,true,"none",370,"blood_steel","a",0,49,0,0,600,,0,0,"",""
9128,"Shadow Item: Mithril Gauntlet","gloves",false,false,false,true,false,true,"none",200,"mithril","c",0,36,0,0,600,,0,0,"",""
9138,"Santa's Hat","hairall",false,true,true,true,true,true,"none",10,"wood","none",0,0,0,0,,,0,0,"",""
9145,"Little Angel Wings (Event)","hair",false,false,false,true,false,true,"none",10,"wood","none",0,0,0,0,,,0,0,"",""
9158,"Golden Circlet of Redemption","hairall",false,true,true,true,true,true,"none",10,"steel","none",0,0,0,0,,,0,0,"",""
9159,"Silver Circlet of Salvation","hairall",false,true,true,true,true,true,"none",10,"steel","none",0,0,0,0,,,0,0,"",""
9160,"Pig Wrangler's Cap","hairall",false,true,true,true,true,true,"none",10,"steel","none",0,0,0,0,,,0,0,"",""
9177,"Shadow Item - Teddy Bear Hat - Resurrection","hairall",false,false,false,true,false,true,"none",10,"wood","none",0,0,0,0,360,,0,0,"","3160-5"
9178,"Shadow Item - Piggy Hat - Resurrection","hairall",false,false,false,true,false,true,"none",10,"wood","none",0,0,0,0,360,,0,0,"","3160-5"
9179,"Shadow Item - Jester Hat - Resurrection","hairall",false,false,false,true,false,true,"none",10,"wood","none",0,0,0,0,360,,0,0,"","3160-5"
9180,"Shadow Item - Wizard Hat - Resurrection","hairall",false,false,false,true,false,true,"none",10,"wood","none",0,0,0,0,360,,0,0,"","3160-5"
9181,"Shadow Item - Dapper Cap - Resurrection","hairall",false,false,false,true,false,true,"none",10,"wood","none",0,0,0,0,360,,0,0,"","3160-5"
9182,"Shadow Item - Romantic Chapeau - Resurrection","hairall",false,false,false,true,false,true,"none",10,"wood","none",0,0,0,0,360,,0,0,"","3160-5"
9183,"Shadow Item - Iron Circlet - Resurrection","hairall",false,false,false,true,false,true,"none",10,"wood","none",0,0,0,0,360,,0,0,"","3160-5"
9184,"Shadow Item - Teddy Bear Hat - Escape","hairall",false,false,false,true,false,true,"none",10,"wood","none",0,0,0,0,360,,0,0,"","3146-1"
9185,"Shadow Item - Piggy Hat - Escape","hairall",false,false,false,true,false,true,"none",10,"wood","none",0,0,0,0,360,,0,0,"","3146-1"
9186,"Shadow Item - Jester Hat - Escape","hairall",false,false,false,true,false,true,"none",10,"wood","none",0,0,0,0,360,,0,0,"","3146-1"
9187,"Shadow Item - Wizard Hat - Escape","hairall",false,false,false,true,false,true,"none",10,"wood","none",0,0,0,0,360,,0,0,"","3146-1"
9188,"Shadow Item - Dapper Cap - Escape","hairall",false,false,false,true,false,true,"none",10,"wood","none",0,0,0,0,360,,0,0,"","3146-1"
9189,"Shadow Item - Romantic Chapeau - Escape","hairall",false,false,false,true,false,true,"none",10,"wood","none",0,0,0,0,360,,0,0,"","3146-1"
9190,"Shadow Item - Iron Circlet - Escape","hairall",false,false,false,true,false,true,"none",10,"wood","none",0,0,0,0,360,,0,0,"","3146-1"
9191,"Shadow Item - Teddy Bear Hat - Big Head","hairall",false,false,false,true,false,true,"none",10,"wood","none",0,0,0,0,360,,0,0,"","3203-1"
9192,"Shadow Item - Piggy Hat - Big Head","hairall",false,false,false,true,false,true,"none",10,"wood","none",0,0,0,0,360,,0,0,"","3203-1"
9193,"Shadow Item - Jester Hat - Big Head","hairall",false,false,false,true,false,true,"none",10,"wood","none",0,0,0,0,360,,0,0,"","3203-1"
9194,"Shadow Item - Wizard Hat - Big Head","hairall",false,false,false,true,false,true,"none",10,"wood","none",0,0,0,0,360,,0,0,"","3203-1"
9195,"Shadow Item - Dapper Cap - Big Head","hairall",false,false,false,true,false,true,"none",10,"wood","none",0,0,0,0,360,,0,0,"","3203-1"
9196,"Shadow Item - Romantic Chapeau - Big Head","hairall",false,false,false,true,false,true,"none",10,"wood","none",0,0,0,0,360,,0,0,"","3203-1"
9197,"Shadow Item - Iron Circlet - Big Head","hairall",false,false,false,true,false,true,"none",10,"wood","none",0,0,0,0,360,,0,0,"","3203-1"
9198,"Shadow Item - Teddy Bear Hat - Firework","hairall",false,false,false,true,false,true,"none",10,"wood","none",0,0,0,0,360,,0,0,"","3156-1"
9199,"Shadow Item - Piggy Hat - Firework","hairall",false,false,false,true,false,true,"none",10,"wood","none",0,0,0,0,360,,0,0,"","3156-1"
9200,"Shadow Item - Jester Hat - Firework","hairall",false,false,false,true,false,true,"none",10,"wood","none",0,0,0,0,360,,0,0,"","3156-1"
9201,"Shadow Item - Wizard Hat - Firework","hairall",false,false,false,true,false,true,"none",10,"wood","none",0,0,0,0,360,,0,0,"","3156-1"
9202,"Shadow Item - Dapper Cap - Firework","hairall",false,false,false,true,false,true,"none",10,"wood","none",0,0,0,0,360,,0,0,"","3156-1"
9203,"Shadow Item - Romantic Chapeau - Firework","hairall",false,false,false,true,false,true,"none",10,"wood","none",0,0,0,0,360,,0,0,"","3156-1"
9204,"Shadow Item - Iron Circlet - Firework","hairall",false,false,false,true,false,true,"none",10,"wood","none",0,0,0,0,360,,0,0,"","3156-1"
9208,"Phantom Mask (Event)","hairall",false,false,false,true,false,true,"none",10,"wood","none",0,0,0,0,,,0,0,"",""
9391,"Human Circlet","hairall",false,true,true,true,true,true,"none",10,"wood","none",0,0,0,0,,,0,0,"",""
9392,"Elven Circlet","hairall",false,true,true,true,true,true,"none",10,"wood","none",0,0,0,0,,,0,0,"",""
9393,"Dark Elven Circlet","hairall",false,true,true,true,true,true,"none",10,"wood","none",0,0,0,0,,,0,0,"",""
9394,"Orcish Circlet","hairall",false,true,true,true,true,true,"none",10,"wood","none",0,0,0,0,,,0,0,"",""
9395,"Dwarven Circlet","hairall",false,true,true,true,true,true,"none",10,"wood","none",0,0,0,0,,,0,0,"",""
9396,"Kamaelic Circlet","hairall",false,true,true,true,true,true,"none",10,"wood","none",0,0,0,0,,,0,0,"",""
9397,"Shield Master Circlet","hairall",false,true,true,true,true,true,"none",10,"wood","none",0,0,0,0,,,0,0,"",""
9398,"Bard Circlet","hairall",false,true,true,true,true,true,"none",10,"wood","none",0,0,0,0,,,0,0,"",""
9399,"Force Master Circlet","hairall",false,true,true,true,true,true,"none",10,"wood","none",0,0,0,0,,,0,0,"",""
9400,"Weapon Master Circlet","hairall",false,true,true,true,true,true,"none",10,"wood","none",0,0,0,0,,,0,0,"",""
9401,"Dagger Master Circlet","hairall",false,true,true,true,true,true,"none",10,"wood","none",0,0,0,0,,,0,0,"",""
9402,"Bow Master Circlet","hairall",false,true,true,true,true,true,"none",10,"wood","none",0,0,0,0,,,0,0,"",""
9403,"Wizard Circlet","hairall",false,true,true,true,true,true,"none",10,"wood","none",0,0,0,0,,,0,0,"",""
9404,"Summoner Circlet","hairall",false,true,true,true,true,true,"none",10,"wood","none",0,0,0,0,,,0,0,"",""
9405,"Healer Circlet","hairall",false,true,true,true,true,true,"none",10,"wood","none",0,0,0,0,,,0,0,"",""
9406,"Enchanter Circlet","hairall",false,true,true,true,true,true,"none",10,"wood","none",0,0,0,0,,,0,0,"",""
9407,"Weapon Master Circlet (Kamael only)","hairall",false,true,true,true,true,true,"none",10,"wood","none",0,0,0,0,,,0,0,"",""
9408,"Bow Master Circlet (Kamael only)","hairall",false,true,true,true,true,true,"none",10,"wood","none",0,0,0,0,,,0,0,"",""
9409,"Black Phantom Mask (Event)","hairall",false,false,false,true,false,true,"none",10,"wood","none",0,0,0,0,,,0,0,"",""
9410,"Human Veteran's Circlet","hairall",false,true,true,true,true,true,"none",10,"wood","none",0,0,0,0,,,0,0,"",""
9411,"Elven Veteran's Circlet","hairall",false,true,true,true,true,true,"none",10,"wood","none",0,0,0,0,,,0,0,"",""
9412,"Dark Elven Veteran's Circlet","hairall",false,true,true,true,true,true,"none",10,"wood","none",0,0,0,0,,,0,0,"",""
9413,"Orcish Veteran's Circlet","hairall",false,true,true,true,true,true,"none",10,"wood","none",0,0,0,0,,,0,0,"",""
9414,"Dwarf Veteran's Circlet","hairall",false,true,true,true,true,true,"none",10,"wood","none",0,0,0,0,,,0,0,"",""
9415,"Kamaelic Veteran's Circlet","hairall",false,true,true,true,true,true,"none",10,"wood","none",0,0,0,0,,,0,0,"",""
9416,"Dynasty Breast Plate","chest",true,true,true,true,true,true,"heavy",7570,"wood","s80",0,226,0,0,,,24398000,1171,"",""
9417,"Dynasty Breast Plate - Shield Master","chest",true,true,true,true,true,true,"heavy",7570,"wood","s80",0,226,0,0,,,24398000,1171,"",""
9418,"Dynasty Breast Plate - Weapon Master","chest",true,true,true,true,true,true,"heavy",7570,"wood","s80",0,226,0,0,,,24398000,1171,"",""
9419,"Dynasty Breast Plate - Force Master","chest",true,true,true,true,true,true,"heavy",7570,"wood","s80",0,226,0,0,,,24398000,1171,"",""
9420,"Dynasty Breast Plate - Bard","chest",true,true,true,true,true,true,"heavy",7570,"wood","s80",0,226,0,0,,,24398000,1171,"",""
9421,"Dynasty Gaiter","legs",true,true,true,true,true,true,"heavy",3210,"wood","s80",0,141,0,0,,,15248000,731,"",""
9422,"Dynasty Helmet","head",true,true,true,true,true,true,"heavy",530,"wood","s80",0,92,0,0,,,9149000,439,"",""
9423,"Dynasty Gauntlet - Heavy Armor","gloves",true,true,true,true,true,true,"heavy",520,"wood","s80",0,61,0,0,,,6099000,293,"",""
9424,"Dynasty Boots - Heavy Armor","feet",true,true,true,true,true,true,"heavy",1090,"wood","s80",0,61,0,0,,,6099000,293,"",""
9425,"Dynasty Leather Armor","chest",true,true,true,true,true,true,"light",4180,"wood","s80",0,170,0,0,,,18298000,878,"",""
9426,"Dynasty Leather Armor - Dagger Master","chest",true,true,true,true,true,true,"light",4180,"wood","s80",0,170,0,0,,,18298000,878,"",""
9427,"Dynasty Leather Armor - Bow Master","chest",true,true,true,true,true,true,"light",4180,"wood","s80",0,170,0,0,,,18298000,878,"",""
9428,"Dynasty Leather Leggings","legs",true,true,true,true,true,true,"light",1370,"wood","s80",0,106,0,0,,,11436000,549,"",""
9429,"Dynasty Leather Helmet","head",true,true,true,true,true,true,"light",530,"wood","s80",0,92,0,0,,,9149000,439,"",""
9430,"Dynasty Leather Gloves - Light Armor","gloves",true,true,true,true,true,true,"light",520,"wood","s80",0,61,0,0,,,6099000,293,"",""
9431,"Dynasty Leather Boots - Light Armor","feet",true,true,true,true,true,true,"light",1090,"wood","s80",0,61,0,0,,,6099000,293,"",""
9432,"Dynasty Tunic","chest",true,true,true,true,true,true,"magic",1780,"wood","s80",0,113,0,592,,,18298000,878,"",""
9433,"Dynasty Tunic - Healer","chest",true,true,true,true,true,true,"magic",1780,"wood","s80",0,113,0,592,,,18298000,878,"",""
9434,"Dynasty Tunic - Enchanter","chest",true,true,true,true,true,true,"magic",1780,"wood","s80",0,113,0,592,,,18298000,878,"",""
9435,"Dynasty Tunic - Summoner","chest",true,true,true,true,true,true,"magic",1780,"wood","s80",0,113,0,592,,,18298000,878,"",""
9436,"Dynasty Tunic - Wizard","chest",true,true,true,true,true,true,"magic",1780,"wood","s80",0,113,0,592,,,18298000,878,"",""
9437,"Dynasty Stockings","legs",true,true,true,true,true,true,"magic",860,"wood","s80",0,71,0,370,,,11436000,549,"",""
9438,"Dynasty Circlet","head",true,true,true,true,true,true,"magic",530,"wood","s80",0,92,0,0,,,9149000,439,"",""
9439,"Dynasty Gloves - Robe","gloves",true,true,true,true,true,true,"magic",520,"wood","s80",0,61,0,0,,,6099000,293,"",""
9440,"Dynasty Shoes - Robe","feet",true,true,true,true,true,true,"magic",1090,"wood","s80",0,61,0,0,,,6099000,293,"",""
9452,"Sealed Dynasty Earring","rear,lear",true,true,true,true,true,true,"none",150,"wood","s80",0,0,79,0,,,4032000,194,"",""
9453,"Sealed Dynasty Necklace","neck",true,true,true,true,true,true,"none",150,"wood","s80",0,0,106,0,,,5376000,258,"",""
9454,"Sealed Dynasty Ring","rfinger,lfinger",true,true,true,true,true,true,"none",150,"wood","s80",0,0,53,0,,,2688000,129,"",""
9455,"Dynasty Earrings","rear,lear",true,true,true,true,true,true,"none",150,"wood","s80",0,0,90,35,,,4032000,194,"",""
9456,"Dynasty Necklace","neck",true,true,true,true,true,true,"none",150,"wood","s80",0,0,120,46,,,5376000,258,"",""
9457,"Dynasty Ring","rfinger,lfinger",true,true,true,true,true,true,"none",150,"wood","s80",0,0,60,23,,,2688000,129,"",""
9458,"Dynasty Earrings - Stun Resistance","rear,lear",true,true,true,true,true,true,"none",150,"wood","s80",0,0,27,35,,,4032000,194,"",""
9459,"Dynasty Necklace - Stun Resistance","neck",true,true,true,true,true,true,"none",150,"wood","s80",0,0,36,46,,,5376000,258,"",""
9460,"Dynasty Ring - Stun Resistance","rfinger,lfinger",true,true,true,true,true,true,"none",150,"wood","s80",0,0,18,23,,,2688000,129,"",""
9461,"Dynasty Earrings - Poison Resistance","rear,lear",true,true,true,true,true,true,"none",150,"wood","s80",0,0,27,35,,,4032000,194,"",""
9462,"Dynasty Necklace - Poison Resistance","neck",true,true,true,true,true,true,"none",150,"wood","s80",0,0,36,46,,,5376000,258,"",""
9463,"Dynasty Ring - Poison Resistance","rfinger,lfinger",true,true,true,true,true,true,"none",150,"wood","s80",0,0,18,23,,,2688000,129,"",""
9464,"Dynasty Earrings - Bleeding Resistance","rear,lear",true,true,true,true,true,true,"none",150,"wood","s80",0,0,27,35,,,4032000,194,"",""
9465,"Dynasty Necklace - Bleeding Resistance","neck",true,true,true,true,true,true,"none",150,"wood","s80",0,0,36,46,,,5376000,258,"",""
9466,"Dynasty Ring - Bleeding Resistance","rfinger,lfinger",true,true,true,true,true,true,"none",150,"wood","s80",0,0,18,23,,,2688000,129,"",""
9467,"Dynasty Earrings - Sleep Resistance","rear,lear",true,true,true,true,true,true,"none",150,"wood","s80",0,0,27,35,,,4032000,194,"",""
9468,"Dynasty Necklace - Sleep Resistance","neck",true,true,true,true,true,true,"none",150,"wood","s80",0,0,36,46,,,5376000,258,"",""
9469,"Dynasty Ring - Sleep Resistance","rfinger,lfinger",true,true,true,true,true,true,"none",150,"wood","s80",0,0,18,23,,,2688000,129,"",""
9470,"Dynasty Earrings - Paralysis Resistance","rear,lear",true,true,true,true,true,true,"none",150,"wood","s80",0,0,27,35,,,4032000,194,"",""
9471,"Dynasty Necklace - Paralysis Resistance","neck",true,true,true,true,true,true,"none",150,"wood","s80",0,0,36,46,,,5376000,258,"",""
9472,"Dynasty Ring - Paralysis Resistance","rfinger,lfinger",true,true,true,true,true,true,"none",150,"wood","s80",0,0,18,23,,,2688000,129,"",""
9473,"Dynasty Earrings - Hold Resistance","rear,lear",true,true,true,true,true,true,"none",150,"wood","s80",0,0,27,35,,,4032000,194,"",""
9474,"Dynasty Necklace - Hold Resistance","neck",true,true,true,true,true,true,"none",150,"wood","s80",0,0,36,46,,,5376000,258,"",""
9475,"Dynasty Ring - Hold Resistance","rfinger,lfinger",true,true,true,true,true,true,"none",150,"wood","s80",0,0,18,23,,,2688000,129,"",""
9476,"Dynasty Earrings - Fear Resistance","rear,lear",true,true,true,true,true,true,"none",150,"wood","s80",0,0,27,35,,,4032000,194,"",""
9477,"Dynasty Necklace - Fear Resistance","neck",true,true,true,true,true,true,"none",150,"wood","s80",0,0,36,46,,,5376000,258,"",""
9478,"Dynasty Ring - Fear Resistance","rfinger,lfinger",true,true,true,true,true,true,"none",150,"wood","s80",0,0,18,23,,,2688000,129,"",""
9479,"Dynasty Earrings (not used) - Darkness Resistance","rear,lear",true,true,true,true,true,true,"none",150,"wood","s80",0,0,27,35,,,4032000,194,"",""
9480,"Dynasty Necklace (not used) - Darkness Resistance","neck",true,true,true,true,true,true,"none",150,"wood","s80",0,0,36,46,,,5376000,258,"",""
9481,"Dynasty Ring (not used) - Darkness Resistance","rfinger,lfinger",true,true,true,true,true,true,"none",150,"wood","s80",0,0,18,23,,,2688000,129,"",""
9514,"Sealed Dynasty Breast Plate","chest",true,true,true,true,true,true,"heavy",7570,"wood","s80",0,214,0,0,,,24398000,1171,"",""
9515,"Sealed Dynasty Gaiter","legs",true,true,true,true,true,true,"heavy",3210,"wood","s80",0,134,0,0,,,15248000,731,"",""
9516,"Sealed Dynasty Helmet","head",true,true,true,true,true,true,"heavy",530,"wood","s80",0,92,0,0,,,9149000,439,"",""
9517,"Sealed Dynasty Gauntlets","gloves",true,true,true,true,true,true,"heavy",520,"wood","s80",0,61,0,0,,,6099000,293,"",""
9518,"Sealed Dynasty Boots","feet",true,true,true,true,true,true,"heavy",1090,"wood","s80",0,61,0,0,,,6099000,293,"",""
9519,"Sealed Dynasty Leather Armor","chest",true,true,true,true,true,true,"light",4180,"wood","s80",0,161,0,0,,,18298000,878,"",""
9520,"Sealed Dynasty Leather Leggings","legs",true,true,true,true,true,true,"light",1370,"wood","s80",0,100,0,0,,,11436000,549,"",""
9521,"Sealed Dynasty Leather Helmet","head",true,true,true,true,true,true,"light",530,"wood","s80",0,92,0,0,,,9149000,439,"",""
9522,"Sealed Dynasty Leather Gloves","gloves",true,true,true,true,true,true,"light",520,"wood","s80",0,61,0,0,,,6099000,293,"",""
9523,"Sealed Dynasty Leather Boots","feet",true,true,true,true,true,true,"light",1090,"wood","s80",0,61,0,0,,,6099000,293,"",""
9524,"Sealed Dynasty Tunic","chest",true,true,true,true,true,true,"magic",1780,"wood","s80",0,107,0,592,,,18298000,878,"",""
9525,"Sealed Dynasty Stockings","legs",true,true,true,true,true,true,"magic",860,"wood","s80",0,67,0,370,,,11436000,549,"",""
9526,"Sealed Dynasty Circlet","head",true,true,true,true,true,true,"magic",530,"wood","s80",0,92,0,0,,,9149000,439,"",""
9527,"Sealed Dynasty Gloves","gloves",true,true,true,true,true,true,"magic",520,"wood","s80",0,61,0,0,,,6099000,293,"",""
9528,"Sealed Dynasty Shoes","feet",true,true,true,true,true,true,"magic",1090,"wood","s80",0,61,0,0,,,6099000,293,"",""
9577,"Cotton Shirt","underwear",false,true,true,true,true,true,"none",130,"wood","none",0,6,0,0,,,1300,0,"",""
9578,"Linen Shirt","underwear",true,true,true,true,true,true,"none",130,"wood","d",0,12,0,0,,,25000,39,"",""
9579,"Silk Shirt","underwear",true,true,true,true,true,true,"none",130,"wood","c",0,17,0,0,,,80000,27,"",""
9580,"Thin Leather Shirt","underwear",true,true,true,true,true,true,"none",130,"wood","b",0,21,0,0,,,260000,29,"",""
9581,"Scale Shirt","underwear",true,true,true,true,true,true,"none",130,"wood","a",0,23,0,0,,,588000,39,"",""
9582,"Mithril Shirt","underwear",true,true,true,true,true,true,"none",130,"wood","s",0,28,0,0,,,1800000,86,"",""
9583,"Striped Cotton Shirt","underwear",false,true,true,true,true,true,"none",130,"wood","none",0,8,0,0,,,6100,0,"",""
9584,"Striped Linen Shirt","underwear",true,true,true,true,true,true,"none",130,"wood","d",0,14,0,0,,,49000,75,"",""
9585,"Striped Silk Shirt","underwear",true,true,true,true,true,true,"none",130,"wood","c",0,19,0,0,,,180000,60,"",""
9586,"Thin Striped Leather Shirt","underwear",true,true,true,true,true,true,"none",130,"wood","b",0,22,0,0,,,400000,44,"",""
9587,"Striped Scale Shirt","underwear",true,true,true,true,true,true,"none",130,"wood","a",0,26,0,0,,,880000,59,"",""
9588,"Striped Mithril Shirt","underwear",true,true,true,true,true,true,"none",130,"wood","s",0,30,0,0,,,2540000,122,"",""
9589,"Iron Bracelet","rbracelet",true,true,true,true,true,true,"none",150,"wood","c",0,0,0,0,,,216000,72,"","3322-1"
9590,"Bronze Bracelet","rbracelet",true,true,true,true,true,true,"none",150,"wood","b",0,0,0,0,,,480000,53,"","3323-1"
9591,"Steel Bracelet","rbracelet",true,true,true,true,true,true,"none",150,"wood","a",0,0,0,0,,,1140000,76,"","3324-1"
9592,"Mithril Bracelet","rbracelet",true,true,true,true,true,true,"none",150,"wood","s",0,0,0,0,,,3556000,171,"","3325-1"
9605,"Agathion Seal Bracelet - Rainbow Clan Hall","lbracelet",false,false,false,true,false,true,"none",150,"wood","none",0,0,0,0,,,7000000,0,"","3267-1;3269-1;5414-1"
9606,"Agathion Seal Bracelet - Wild Beast Reserve","lbracelet",false,false,false,true,false,true,"none",150,"wood","none",0,0,0,0,,,7000000,0,"","3267-1;3270-1;5413-1"
9607,"Agathion Seal Bracelet - Gludio","lbracelet",false,false,false,true,false,true,"none",150,"wood","none",0,0,0,0,,,30000000,0,"","3267-1;3268-1;5415-1"
9608,"Agathion Seal Bracelet - Dion","lbracelet",false,false,false,true,false,true,"none",150,"wood","none",0,0,0,0,,,30000000,0,"","3267-1;3268-1;5415-1"
9609,"Agathion Seal Bracelet - Giran","lbracelet",false,false,false,true,false,true,"none",150,"wood","none",0,0,0,0,,,30000000,0,"","3267-1;3268-1;5415-1"
9610,"Agathion Seal Bracelet - Oren","lbracelet",false,false,false,true,false,true,"none",150,"wood","none",0,0,0,0,,,30000000,0,"","3267-1;3268-1;5415-1"
9611,"Agathion Seal Bracelet - Aden","lbracelet",false,false,false,true,false,true,"none",150,"wood","none",0,0,0,0,,,30000000,0,"","3267-1;3268-1;5415-1"
9612,"Agathion Seal Bracelet - Innadril","lbracelet",false,false,false,true,false,true,"none",150,"wood","none",0,0,0,0,,,30000000,0,"","3267-1;3268-1;5415-1"
9613,"Agathion Seal Bracelet - Goddard","lbracelet",false,false,false,true,false,true,"none",150,"wood","none",0,0,0,0,,,30000000,0,"","3267-1;3268-1;5415-1"
9614,"Agathion Seal Bracelet - Rune","lbracelet",false,false,false,true,false,true,"none",150,"wood","none",0,0,0,0,,,30000000,0,"","3267-1;3268-1;5415-1"
9615,"Agathion Seal Bracelet - Schuttgart","lbracelet",false,false,false,true,false,true,"none",150,"wood","none",0,0,0,0,,,30000000,0,"","3267-1;3268-1;5415-1"
9662,"Great Wolf Scale Armor","greatwolf",false,true,true,true,true,true,"pet",160,"wood","none",0,112,14,0,,,2033416,0,"",""
9663,"Great Wolf Bronze Armor","greatwolf",false,true,true,true,true,true,"pet",160,"wood","none",0,124,14,0,,,3921666,0,"",""
9664,"Great Wolf Plate Armor","greatwolf",false,true,true,true,true,true,"pet",160,"wood","none",0,136,14,0,,,7719833,0,"",""
9665,"Great Wolf Mithril Armor","greatwolf",false,true,true,true,true,true,"pet",160,"wood","none",0,148,14,0,,,13609916,0,"",""
9666,"Great Wolf Oriharukon Armor","greatwolf",false,true,true,true,true,true,"pet",160,"wood","none",0,160,14,0,,,26255666,0,"",""
9667,"Great Wolf Orichalcum Armor","greatwolf",false,true,true,true,true,true,"pet",160,"wood","none",0,171,14,0,,,52952250,0,"",""
9669,"Native Helmet","head",false,true,true,true,true,true,"none",70,"wood","none",0,33,0,0,,,0,0,"",""
9670,"Native Tunic","chest",false,true,true,true,true,true,"none",4720,"wood","none",0,53,0,0,,,0,0,"",""
9671,"Native Pants","legs",false,true,true,true,true,true,"none",1700,"wood","none",0,29,0,0,,,0,0,"",""
9677,"Ring of Wind Mastery","rfinger,lfinger",false,true,true,true,true,true,"none",150,"wood","b",0,0,36,0,,,0,0,"",""
9820,"Shadow Item: Clan Oath Helm","head",false,false,false,true,false,true,"none",210,"wood","d",0,37,0,0,300,,0,0,"",""
9821,"Shadow Item: Clan Oath Armor","fullarmor",false,false,false,true,false,true,"none",3290,"wood","d",0,158,0,0,300,,0,0,"",""
9822,"Shadow Item: Clan Oath Gauntlets - Heavy Armor","gloves",false,false,false,true,false,true,"none",210,"wood","d",0,24,0,0,300,,0,0,"",""
9823,"Shadow Item: Clan Oath Sabaton - Heavy Armor","feet",false,false,false,true,false,true,"none",430,"wood","d",0,24,0,0,300,,0,0,"",""
9824,"Shadow Item: Clan Oath Brigandine","fullarmor",false,false,false,true,false,true,"none",1800,"wood","d",0,119,0,0,300,,0,0,"",""
9825,"Shadow Item: Clan Oath Leather Gloves - Light Armor","gloves",false,false,false,true,false,true,"none",210,"wood","d",0,24,0,0,300,,0,0,"",""
9826,"Shadow Item: Clan Oath Boots - Light Armor","feet",false,false,false,true,false,true,"none",430,"wood","d",0,24,0,0,300,,0,0,"",""
9827,"Shadow Item: Clan Oath Aketon","fullarmor",false,false,false,true,false,true,"none",820,"wood","d",0,79,0,239,300,,0,0,"",""
9828,"Shadow Item: Clan Oath Padded Gloves - Robe","gloves",false,false,false,true,false,true,"none",210,"wood","d",0,24,0,0,300,,0,0,"",""
9829,"Shadow Item: Clan Oath Sandals - Robe","feet",false,false,false,true,false,true,"none",430,"wood","d",0,24,0,0,300,,0,0,"",""
9830,"Improved Apella Helm","head",true,true,true,true,true,true,"none",570,"wood","a",0,73,0,0,,,2030000,163,"",""
9831,"Improved Apella Plate Armor","fullarmor",true,true,true,true,true,true,"heavy",9780,"wood","a",0,293,0,0,,,0,704,"",""
9832,"Improved Apella Gauntlet - Heavy Armor","gloves",true,true,true,true,true,true,"heavy",580,"wood","a",0,49,0,0,,,1360000,108,"",""
9833,"Improved Apella Solleret - Heavy Armor","feet",true,true,true,true,true,true,"heavy",1130,"wood","a",0,49,0,0,,,1360000,108,"",""
9834,"Improved Apella Brigandine","fullarmor",true,true,true,true,true,true,"light",5400,"wood","a",0,220,0,0,,,6600000,526,"",""
9835,"Improved Apella Leather Gloves - Light Armor","gloves",true,true,true,true,true,true,"light",580,"wood","a",0,49,0,0,,,1360000,108,"",""
9836,"Improved Apella Boots - Light Armor","feet",true,true,true,true,true,true,"light",1130,"wood","a",0,49,0,0,,,1360000,108,"",""
9837,"Improved Apella Doublet","fullarmor",true,true,true,true,true,true,"magic",2450,"wood","a",0,147,0,718,,,6600000,526,"",""
9838,"Improved Apella Silk Gloves - Robe","gloves",true,true,true,true,true,true,"magic",580,"wood","a",0,49,0,0,,,1360000,108,"",""
9839,"Improved Apella Sandals - Robe","feet",true,true,true,true,true,true,"magic",1130,"wood","a",0,49,0,0,,,1360000,108,"",""
9883,"Teddy Bear Hat - Big Head","hairall",false,true,true,true,true,true,"none",10,"wood","none",0,0,0,0,,,0,0,"","3265-1"
9884,"Piggy Hat - Big Head","hairall",false,true,true,true,true,true,"none",10,"wood","none",0,0,0,0,,,0,0,"","3265-1"
9885,"Jester Hat - Big Head","hairall",false,true,true,true,true,true,"none",10,"wood","none",0,0,0,0,,,0,0,"","3265-1"
9886,"Wizard Hat - Big Head","hairall",false,true,true,true,true,true,"none",10,"wood","none",0,0,0,0,,,0,0,"","3265-1"
9887,"Dapper Cap - Big Head","hairall",false,true,true,true,true,true,"none",10,"wood","none",0,0,0,0,,,0,0,"","3265-1"
9888,"Romantic Chapeau - Big Head","hairall",false,true,true,true,true,true,"none",10,"wood","none",0,0,0,0,,,0,0,"","3265-1"
9889,"Iron Circlet - Big Head","hairall",false,true,true,true,true,true,"none",10,"wood","none",0,0,0,0,,,0,0,"","3265-1"
9890,"Teddy Bear Hat - Firework","hairall",false,true,true,true,true,true,"none",10,"wood","none",0,0,0,0,,,0,0,"","3266-1"
9891,"Piggy Hat - Firework","hairall",false,true,true,true,true,true,"none",10,"wood","none",0,0,0,0,,,0,0,"","3266-1"
9892,"Jester Hat - Firework","hairall",false,true,true,true,true,true,"none",10,"wood","none",0,0,0,0,,,0,0,"","3266-1"
9893,"Wizard Hat - Firework","hairall",false,true,true,true,true,true,"none",10,"wood","none",0,0,0,0,,,0,0,"","3266-1"
9894,"Dapper Cap - Firework","hairall",false,true,true,true,true,true,"none",10,"wood","none",0,0,0,0,,,0,0,"","3266-1"
9895,"Romantic Chapeau - Firework","hairall",false,true,true,true,true,true,"none",10,"wood","none",0,0,0,0,,,0,0,"","3266-1"
9896,"Iron Circlet - Firework","hairall",false,true,true,true,true,true,"none",10,"wood","none",0,0,0,0,,,0,0,"","3266-1"
9899,"Weight Loss Ring","rfinger,lfinger",false,true,true,true,true,true,"none",150,"wood","none",0,0,24,0,,,0,0,"","3406-1"
9900,"Quiet Footsteps Ring","rfinger,lfinger",false,true,true,true,true,true,"none",150,"wood","none",0,0,0,0,400,,0,0,"",""
9909,"Agathion Seal Bracelet","lbracelet",false,false,false,true,false,true,"none",150,"wood","none",0,0,0,0,700,,0,0,"","3361-1;3267-1"
9913,"Talisman_Test","talisman",false,false,false,true,false,true,"none",150,"wood","none",0,0,0,0,60,,0,0,"",""
9914,"Blue Talisman of Power","talisman",false,false,false,true,false,true,"none",150,"wood","none",0,0,0,0,65,,0,0,"","3271-1"
9915,"Blue Talisman of Wild Magic","talisman",false,false,false,true,false,true,"none",150,"wood","none",0,0,0,0,75,,0,0,"","3277-1"
9916,"Blue Talisman of Defense","talisman",false,false,false,true,false,true,"none",150,"wood","none",0,0,0,0,65,,0,0,"","3272-1"
9917,"Red Talisman of Minimum Clarity","talisman",false,false,false,true,false,true,"none",150,"wood","none",0,0,0,0,65,,0,0,"","3281-1"
9918,"Red Talisman of Maximum Clarity","talisman",false,false,false,true,false,true,"none",150,"wood","none",0,0,0,0,74,,0,0,"","3282-1"
9919,"Blue Talisman of Reflection","talisman",false,false,false,true,false,true,"none",150,"wood","none",0,0,0,0,65,,0,0,"","3410-1"
9920,"Blue Talisman of Invisibility","talisman",false,false,false,true,false,true,"none",150,"wood","none",0,0,0,0,64,,0,0,"","3280-1"
9921,"Blue Talisman - Shield Protection","talisman",false,false,false,true,false,true,"none",150,"wood","none",0,0,0,0,65,,0,0,"","3274-1"
9922,"Black Talisman - Mending","talisman",false,false,false,true,false,true,"none",150,"wood","none",0,0,0,0,65,,0,0,"","3286-1"
9923,"Black Talisman - Escape","talisman",false,false,false,true,false,true,"none",150,"wood","none",0,0,0,0,65,,0,0,"","3289-1"
9924,"Blue Talisman of Healing","talisman",false,false,false,true,false,true,"none",150,"wood","none",0,0,0,0,64,,0,0,"","3283-1"
9925,"Red Talisman of Recovery","talisman",false,false,false,true,false,true,"none",150,"wood","none",0,0,0,0,64,,0,0,"","3273-1"
9926,"Blue Talisman of Defense","talisman",false,false,false,true,false,true,"none",150,"wood","none",0,0,0,0,65,,0,0,"","3285-1"
9927,"Blue Talisman of Magic Defense","talisman",false,false,false,true,false,true,"none",150,"wood","none",0,0,0,0,65,,0,0,"","3276-1"
9928,"Red Talisman of Mental Regeneration","talisman",false,false,false,true,false,true,"none",150,"wood","none",0,0,0,0,65,,0,0,"","3278-1"
9929,"Blue Talisman of Protection","talisman",false,false,false,true,false,true,"none",150,"wood","none",0,0,0,0,65,,0,0,"","3275-1"
9930,"Blue Talisman of Evasion","talisman",false,false,false,true,false,true,"none",150,"wood","none",0,0,0,0,65,,0,0,"","3321-1"
9931,"Red Talisman of Meditation","talisman",false,false,false,true,false,true,"none",150,"wood","none",0,0,0,0,74,,0,0,"","3279-1"
9932,"Blue Talisman - Divine Protection","talisman",false,false,false,true,false,true,"none",150,"wood","none",0,0,0,0,74,,0,0,"","3284-1"
9933,"Yellow Talisman of Power","talisman",false,false,false,true,false,true,"none",150,"wood","none",0,0,0,0,60,,0,0,"","3293-1"
9934,"Yellow Talisman of Violent Haste","talisman",false,false,false,true,false,true,"none",150,"wood","none",0,0,0,0,60,,0,0,"","3301-1"
9935,"Yellow Talisman of Arcane Defense","talisman",false,false,false,true,false,true,"none",150,"wood","none",0,0,0,0,60,,0,0,"","3296-1"
9936,"Yellow Talisman of Arcane Power","talisman",false,false,false,true,false,true,"none",150,"wood","none",0,0,0,0,60,,0,0,"","3294-1"
9937,"Yellow Talisman of Arcane Haste","talisman",false,false,false,true,false,true,"none",150,"wood","none",0,0,0,0,60,,0,0,"","3302-1"
9938,"Yellow Talisman of Accuracy","talisman",false,false,false,true,false,true,"none",150,"wood","none",0,0,0,0,60,,0,0,"","3297-1"
9939,"Yellow Talisman of Defense","talisman",false,false,false,true,false,true,"none",150,"wood","none",0,0,0,0,60,,0,0,"","3295-1"
9940,"Yellow Talisman of Alacrity","talisman",false,false,false,true,false,true,"none",150,"wood","none",0,0,0,0,60,,0,0,"","3313-1"
9941,"Yellow Talisman of Speed","talisman",false,false,false,true,false,true,"none",150,"wood","none",0,0,0,0,60,,0,0,"","3300-1"
9942,"Yellow Talisman of Critical Reduction","talisman",false,false,false,true,false,true,"none",150,"wood","none",0,0,0,0,60,,0,0,"","3317-1"
9943,"Yellow Talisman of Critical Power","talisman",false,false,false,true,false,true,"none",150,"wood","none",0,0,0,0,60,,0,0,"","3299-1"
9944,"Yellow Talisman of Critical Dodging","talisman",false,false,false,true,false,true,"none",150,"wood","none",0,0,0,0,60,,0,0,"","3316-1"
9945,"Yellow Talisman of Evasion","talisman",false,false,false,true,false,true,"none",150,"wood","none",0,0,0,0,60,,0,0,"","3298-1"
9946,"Yellow Talisman of Healing","talisman",false,false,false,true,false,true,"none",150,"wood","none",0,0,0,0,60,,0,0,"","3312-1"
9947,"Yellow Talisman of CP Regeneration","talisman",false,false,false,true,false,true,"none",150,"wood","none",0,0,0,0,60,,0,0,"","3311-1"
9948,"Yellow Talisman of Physical Regeneration","talisman",false,false,false,true,false,true,"none",150,"wood","none",0,0,0,0,60,,0,0,"","3310-1"
9949,"Yellow Talisman of Mental Regeneration","talisman",false,false,false,true,false,true,"none",150,"wood","none",0,0,0,0,60,,0,0,"","3320-1"
9950,"Grey Talisman of Weight Training","talisman",false,false,false,true,false,true,"none",150,"wood","none",0,0,0,0,60,,0,0,"","3314-1"
9951,"Grey Talisman of Mid-Grade Fishing","talisman",false,false,false,true,false,true,"none",150,"wood","none",0,0,0,0,60,,0,0,"","3315-1"
9952,"Orange Talisman - Hot Springs Recovery","talisman",false,false,false,true,false,true,"none",150,"wood","none",0,0,0,0,64,,0,0,"","3332-1"
9953,"Orange Talisman - Elixir of Life","talisman",false,false,false,true,false,true,"none",150,"wood","none",0,0,0,0,64,,0,0,"","3333-1"
9954,"Orange Talisman - Elixir of Mental Strength","talisman",false,false,false,true,false,true,"none",150,"wood","none",0,0,0,0,65,,0,0,"","3334-1"
9955,"Black Talisman of Vocalization","talisman",false,false,false,true,false,true,"none",150,"wood","none",0,0,0,0,65,,0,0,"","3291-1"
9956,"Black Talisman of Arcane Freedom","talisman",false,false,false,true,false,true,"none",150,"wood","none",0,0,0,0,65,,0,0,"","3288-1"
9957,"Black Talisman of Physical Freedom","talisman",false,false,false,true,false,true,"none",150,"wood","none",0,0,0,0,65,,0,0,"","3287-1"
9958,"Black Talisman of Rescue","talisman",false,false,false,true,false,true,"none",150,"wood","none",0,0,0,0,65,,0,0,"","3290-1"
9959,"Black Talisman of Free Speech","talisman",false,false,false,true,false,true,"none",150,"wood","none",0,0,0,0,65,,0,0,"","3292-1"
9960,"White Talisman of Bravery","talisman",false,false,false,true,false,true,"none",150,"wood","none",0,0,0,0,60,,0,0,"","3306-1"
9961,"White Talisman of Motion","talisman",false,false,false,true,false,true,"none",150,"wood","none",0,0,0,0,60,,0,0,"","3307-1"
9962,"White Talisman of Grounding","talisman",false,false,false,true,false,true,"none",150,"wood","none",0,0,0,0,60,,0,0,"","3305-1"
9963,"White Talisman of Attention","talisman",false,false,false,true,false,true,"none",150,"wood","none",0,0,0,0,60,,0,0,"","3304-1"
9964,"White Talisman of Bandages","talisman",false,false,false,true,false,true,"none",150,"wood","none",0,0,0,0,60,,0,0,"","3303-1"
9965,"White Talisman of Protection","talisman",false,false,false,true,false,true,"none",150,"wood","none",0,0,0,0,60,,0,0,"","3309-1"
9966,"White Talisman of Freedom","talisman",false,false,false,true,false,true,"none",150,"wood","none",0,0,0,0,60,,0,0,"","3308-1"
10018,"Agathion Seal Bracelet - Fortress","lbracelet",false,false,false,true,false,true,"none",150,"wood","none",0,0,0,0,,,0,0,"","3361-1;5458-1;3267-1"
10019,"Ring Mail Breastplate","chest",false,false,false,true,false,true,"none",8820,"wood","d",0,77,0,0,,,0,0,"",""
10020,"Iron Plate Gaiters","legs",false,false,false,true,false,true,"none",3820,"wood","d",0,48,0,0,,,0,0,"",""
10021,"Puma Skin Shirt","chest",false,false,false,true,false,true,"none",4700,"wood","d",0,58,0,0,,,0,0,"",""
10022,"Puma Skin Gaiters","legs",false,false,false,true,false,true,"none",1600,"wood","d",0,36,0,0,,,0,0,"",""
10023,"Cursed Tunic","chest",false,false,false,true,false,true,"none",2090,"wood","d",0,39,0,106,,,0,0,"",""
10024,"Cursed Stockings","legs",false,false,false,true,false,true,"none",1020,"wood","d",0,24,0,66,,,0,0,"",""
10119,"Dynasty Sigil","lhand",false,true,true,true,true,true,"sigil",930,"wood","s80",0,15,0,0,,,6404000,307,"","8311-1"
10120,"Sealed Dynasty Sigil","lhand",false,true,true,true,true,true,"sigil",930,"wood","s80",0,15,0,0,,,6404000,307,"",""
10121,"Sealed Arcana Sigil","lhand",false,true,true,true,true,true,"sigil",940,"wood","s",0,13,0,0,,,3355000,161,"",""
10122,"Red Crescent Earring","rear,lear",false,false,false,true,false,true,"none",150,"silver","d",0,0,24,0,,,0,0,"",""
10123,"Necklace of Devotion","neck",false,false,false,true,false,true,"none",150,"silver","d",0,0,32,0,,,0,0,"",""
10124,"Ring of Devotion","rfinger,lfinger",false,false,false,true,false,true,"none",150,"gold","d",0,0,16,0,,,0,0,"",""
10126,"Dynasty Leather Armor - Force Master","chest",true,true,true,true,true,true,"light",4180,"wood","s80",0,170,0,0,,,18298000,878,"",""
10127,"Dynasty Leather Armor - Weapon Master","chest",true,true,true,true,true,true,"light",4180,"wood","s80",0,170,0,0,,,18298000,878,"",""
10139,"Agathion Bracelet","lbracelet",false,false,false,true,false,true,"none",150,"wood","none",0,0,0,0,700,,0,0,"","3269-1;5414-1;3267-1"
10140,"Blessed Ring of Escape","rfinger,lfinger",false,true,true,true,true,true,"none",150,"wood","none",0,0,24,0,250,,0,0,"","3408-1"
10141,"Grey Talisman - Yeti Transform","talisman",false,false,false,true,false,true,"none",150,"wood","none",0,0,0,0,70,,0,0,"","3335-1"
10142,"Grey Talisman - Buffalo Transform","talisman",false,false,false,true,false,true,"none",150,"wood","none",0,0,0,0,70,,0,0,"","3336-1"
10158,"Grey Talisman of Upper Grade Fishing","talisman",false,false,false,true,false,true,"none",150,"wood","none",0,0,0,0,60,,0,0,"","3315-1"
10168,"Dynasty Leather Armor - Enchanter","chest",true,true,true,true,true,true,"light",4180,"wood","s80",0,170,0,0,,,18298000,878,"",""
10169,"Enchanter Circlet (Kamael only)","hairall",false,true,true,true,true,true,"none",10,"wood","none",0,0,0,0,,,0,0,"",""
10170,"Baylor's Earring","rear,lear",true,true,true,true,true,true,"none",150,"gold","s80",0,0,71,31,,,0,487,"",""
10175,"Gobblin Circlet (Event)","hairall",false,false,false,true,false,true,"none",10,"wood","none",0,0,0,0,,,0,0,"",""
10176,"White Half Mask","hairall",false,false,false,true,true,true,"none",10,"wood","none",0,0,0,0,,,0,0,"",""
10177,"Black Half Mask","hairall",false,false,false,true,true,true,"none",10,"wood","none",0,0,0,0,,,0,0,"",""
10207,"Enhanced Striped Scale Shirt","underwear",true,true,true,true,true,true,"none",130,"wood","a",0,26,0,0,,,88000,59,"",""
10208,"Enhanced Striped Mithril Shirt","underwear",true,true,true,true,true,true,"none",130,"wood","s",0,30,0,70,,,2540000,122,"",""
10209,"Enhanced Steel Bracelet","rbracelet",true,true,true,true,true,true,"none",150,"wood","a",0,0,0,60,,,1144000,76,"","3324-1"
10210,"Enhanced Mithril Bracelet","rbracelet",true,true,true,true,true,true,"none",150,"wood","s",0,0,0,120,,,3556000,170,"","3325-1"
10211,"Blessed Ring of Resurrection","rfinger,lfinger",false,true,true,true,true,true,"none",150,"wood","none",0,0,24,0,180,,0,0,"","3409-1"
10214,"Dynasty Leather Armor - Summoner","chest",true,true,true,true,true,true,"light",4180,"wood","s80",0,170,0,0,,,18298000,878,"",""
10227,"Dynasty Platinum Plate","chest",true,true,true,true,true,true,"heavy",7570,"wood","s80",0,226,0,0,,,33673000,1616,"",""
10228,"Dynasty Platinum Plate - Shield Master","chest",true,true,true,true,true,true,"heavy",7570,"wood","s80",0,226,0,0,,,33673000,1616,"",""
10229,"Dynasty Platinum Plate - Weapon Master","chest",true,true,true,true,true,true,"heavy",7570,"wood","s80",0,226,0,0,,,33673000,1616,"",""
10230,"Dynasty Platinum Plate - Force Master","chest",true,true,true,true,true,true,"heavy",7570,"wood","s80",0,226,0,0,,,33673000,1616,"",""
10231,"Dynasty Platinum Plate - Bard","chest",true,true,true,true,true,true,"heavy",7570,"wood","s80",0,226,0,0,,,33673000,1616,"",""
10232,"Dynasty Jewel Leather Mail","chest",true,true,true,true,true,true,"light",4180,"wood","s80",0,170,0,0,,,25255000,1212,"",""
10233,"Dynasty Jewel Leather Mail - Dagger Master","chest",true,true,true,true,true,true,"light",4180,"wood","s80",0,170,0,0,,,25255000,1212,"",""
10234,"Dynasty Jewel Leather Mail - Bow Master","chest",true,true,true,true,true,true,"light",4180,"wood","s80",0,170,0,0,,,25255000,1212,"",""
10235,"Dynasty Silver Satin Tunic","chest",true,true,true,true,true,true,"magic",1780,"wood","s80",0,113,0,592,,,25255000,1212,"",""
10236,"Dynasty Silver Satin Tunic - Healer","chest",true,true,true,true,true,true,"magic",1780,"wood","s80",0,113,0,592,,,25255000,1212,"",""
10237,"Dynasty Silver Satin Tunic - Enchanter","chest",true,true,true,true,true,true,"magic",1780,"wood","s80",0,113,0,592,,,25255000,1212,"",""
10238,"Dynasty Silver Satin Tunic - Summoner","chest",true,true,true,true,true,true,"magic",1780,"wood","s80",0,113,0,592,,,25255000,1212,"",""
10239,"Dynasty Silver Satin Tunic - Human Wizard","chest",true,true,true,true,true,true,"magic",1780,"wood","s80",0,113,0,592,,,25255000,1212,"",""
10240,"Bird Nest","hairall",false,true,true,true,true,true,"none",10,"wood","none",0,0,0,0,,,0,0,"",""
10241,"Purple Viking Circlet","hairall",false,true,true,true,true,true,"none",10,"wood","none",0,0,0,0,,,0,0,"",""
10242,"Golden Viking Circlet","hairall",false,true,true,true,true,true,"none",10,"wood","none",0,0,0,0,,,0,0,"",""
10243,"Panda Hat","hairall",false,true,true,true,true,true,"none",10,"wood","none",0,0,0,0,,,0,0,"",""
10244,"White Sheep Hat","hairall",false,true,true,true,true,true,"none",10,"wood","none",0,0,0,0,,,0,0,"",""
10245,"Black Sheep Hat","hairall",false,true,true,true,true,true,"none",10,"wood","none",0,0,0,0,,,0,0,"",""
10246,"Frog Hat","hairall",false,true,true,true,true,true,"none",10,"wood","none",0,0,0,0,,,0,0,"",""
10247,"Fish Hat","hairall",false,true,true,true,true,true,"none",10,"wood","none",0,0,0,0,,,0,0,"",""
10248,"Straw Hat","hairall",false,true,true,true,true,true,"none",10,"wood","none",0,0,0,0,,,0,0,"",""
10249,"Chicken Hat","hairall",false,true,true,true,true,true,"none",10,"wood","none",0,0,0,0,,,0,0,"",""
10250,"Adventurer Hat (Event)","hairall",false,false,false,true,false,true,"none",10,"wood","none",0,0,0,0,,,0,0,"",""
10251,"Medieval Party Mask","hairall",false,true,true,true,true,true,"none",10,"wood","none",0,0,0,0,,,0,0,"",""
10273,"Wolf Summoning Bracelet","lbracelet",false,true,true,true,true,true,"none",150,"wood","none",0,0,0,0,200,,0,0,"",""
10314,"Beleth's Ring","rfinger,lfinger",true,true,true,true,true,true,"none",150,"wood","s",0,0,48,21,,,0,152,"","3649-1"
10315,"Shadow Item - Purple Viking Circlet","hairall",false,false,false,true,false,true,"none",10,"wood","none",0,0,0,0,500,,0,0,"",""
10316,"Agathion Seal Bracelet - Little Angel - Firecracker","lbracelet",false,false,false,true,false,true,"none",150,"wood","none",0,0,0,0,,,0,0,"","3423-1;3267-1;5535-1;5538-1"
10317,"Agathion Seal Bracelet - Little Angel - Big Head","lbracelet",false,false,false,true,false,true,"none",150,"wood","none",0,0,0,0,,,0,0,"","3423-1;3267-1;5535-1;5539-1"
10318,"Agathion Seal Bracelet - Little Angel - Escape","lbracelet",false,false,false,true,false,true,"none",150,"wood","none",0,0,0,0,,,0,0,"","3423-1;3267-1;5535-1;5540-1"
10319,"Agathion Seal Bracelet - Little Angel - Resurrection","lbracelet",false,false,false,true,false,true,"none",150,"wood","none",0,0,0,0,,,0,0,"","3423-1;3267-1;5535-1;5541-1"
10320,"Agathion Seal Bracelet - Little Angel","lbracelet",false,false,false,true,false,true,"none",150,"wood","none",0,0,0,0,,,0,0,"","3423-1;3267-1;5535-1"
10321,"Shadow Item - Golden Viking Circlet","hairall",false,false,false,true,false,true,"none",10,"wood","none",0,0,0,0,500,,0,0,"",""
10322,"Agathion Seal Bracelet - Little Devil - Firecracker","lbracelet",false,false,false,true,false,true,"none",150,"wood","none",0,0,0,0,,,0,0,"","3424-1;3267-1;5536-1;5542-1"
10323,"Agathion Seal Bracelet - Little Devil - Big Head","lbracelet",false,false,false,true,false,true,"none",150,"wood","none",0,0,0,0,,,0,0,"","3424-1;3267-1;5536-1;5543-1"
10324,"Agathion Seal Bracelet - Little Devil - Escape","lbracelet",false,false,false,true,false,true,"none",150,"wood","none",0,0,0,0,,,0,0,"","3424-1;3267-1;5536-1;5544-1"
10325,"Agathion Seal Bracelet - Little Devil - Resurrection","lbracelet",false,false,false,true,false,true,"none",150,"wood","none",0,0,0,0,,,0,0,"","3424-1;3267-1;5536-1;5545-1"
10326,"Agathion Seal Bracelet - Little Devil","lbracelet",false,false,false,true,false,true,"none",150,"wood","none",0,0,0,0,,,0,0,"","3424-1;3267-1;5536-1"
10416,"Blue Talisman - Explosion","talisman",false,false,false,true,false,true,"none",150,"wood","none",0,0,0,0,65,,0,0,"","3428-1"
10417,"Blue Talisman - Magic Explosion","talisman",false,false,false,true,false,true,"none",150,"wood","none",0,0,0,0,65,,0,0,"","3437-1"
10418,"White Talisman - Storm","talisman",false,false,false,true,false,true,"none",150,"wood","none",0,0,0,0,65,,0,0,"","3431-1"
10419,"White Talisman - Darkness","talisman",false,false,false,true,false,true,"none",150,"wood","none",0,0,0,0,65,,0,0,"","3430-1"
10420,"White Talisman - Water","talisman",false,false,false,true,false,true,"none",150,"wood","none",0,0,0,0,65,,0,0,"","3432-1"
10421,"White Talisman - Fire","talisman",false,false,false,true,false,true,"none",150,"wood","none",0,0,0,0,65,,0,0,"","3433-1"
10422,"White Talisman - Light","talisman",false,false,false,true,false,true,"none",150,"wood","none",0,0,0,0,65,,0,0,"","3435-1"
10423,"Blue Talisman - Self-Destruction","talisman",false,false,false,true,false,true,"none",150,"wood","none",0,0,0,0,60,,0,0,"","3436-1"
10424,"Blue Talisman - Greater Healing","talisman",false,false,false,true,false,true,"none",150,"wood","none",0,0,0,0,65,,0,0,"","3438-1"
10470,"Shadow Item - Red Crescent","rear,lear",false,false,false,true,false,true,"none",150,"wood","d",0,0,24,0,180,,0,0,"",""
10471,"Shadow Item - Ring of Devotion","rfinger,lfinger",false,false,false,true,false,true,"none",150,"wood","d",0,0,16,0,180,,0,0,"",""
10472,"Shadow Item - Necklace of Devotion","neck",false,false,false,true,false,true,"none",150,"wood","d",0,0,32,0,180,,0,0,"",""
10487,"Dynasty Jeweled Leather Armor - Force Master","chest",true,true,true,true,true,true,"light",4180,"wood","s80",0,170,0,0,,,25255000,1212,"",""
10488,"Dynasty Jeweled Leather Armor - Weapon Master","chest",true,true,true,true,true,true,"light",4180,"wood","s80",0,170,0,0,,,25255000,1212,"",""
10489,"Dynasty Jeweled Leather Armor - Enchanter","chest",true,true,true,true,true,true,"light",4180,"wood","s80",0,170,0,0,,,25255000,1212,"",""
10490,"Dynasty Jeweled Leather Armor - Summoner","chest",true,true,true,true,true,true,"light",4180,"wood","s80",0,170,0,0,,,25255000,1212,"",""
10491,"Silk Shirt - HP","underwear",true,true,true,true,true,true,"none",130,"wood","c",0,17,0,0,,,80000,27,"3439-1",""
10492,"Silk Shirt - MP","underwear",true,true,true,true,true,true,"none",130,"wood","c",0,17,0,0,,,80000,27,"3440-1",""
10493,"Silk Shirt - CP","underwear",true,true,true,true,true,true,"none",130,"wood","c",0,17,0,0,,,80000,27,"3441-1",""
10494,"Thin Leather Shirt - HP","underwear",true,true,true,true,true,true,"none",130,"wood","b",0,21,0,0,,,260000,29,"3445-1",""
10495,"Thin Leather Shirt - MP","underwear",true,true,true,true,true,true,"none",130,"wood","b",0,21,0,0,,,260000,29,"3446-1",""
10496,"Thin Leather Shirt - CP","underwear",true,true,true,true,true,true,"none",130,"wood","b",0,21,0,0,,,260000,29,"3447-1",""
10497,"Scale Shirt - HP","underwear",true,true,true,true,true,true,"none",130,"wood","a",0,23,0,0,,,588000,39,"3451-1",""
10498,"Scale Shirt - MP","underwear",true,true,true,true,true,true,"none",130,"wood","a",0,23,0,0,,,588000,39,"3452-1",""
10499,"Scale Shirt - CP","underwear",true,true,true,true,true,true,"none",130,"wood","a",0,23,0,0,,,588000,39,"3453-1",""
10500,"Mithril Shirt - HP","underwear",true,true,true,true,true,true,"none",130,"wood","s",0,28,0,0,,,1800000,86,"3457-1",""
10501,"Mithril Shirt - MP","underwear",true,true,true,true,true,true,"none",130,"wood","s",0,28,0,0,,,1800000,86,"3458-1",""
10502,"Mithril Shirt - CP","underwear",true,true,true,true,true,true,"none",130,"wood","s",0,28,0,0,,,1800000,86,"3459-1",""
10503,"Striped Silk Shirt - HP","underwear",true,true,true,true,true,true,"none",130,"wood","c",0,19,0,0,,,180000,60,"3463-1",""
10504,"Striped Silk Shirt - MP","underwear",true,true,true,true,true,true,"none",130,"wood","c",0,19,0,0,,,180000,60,"3464-1",""
10505,"Striped Silk Shirt - CP","underwear",true,true,true,true,true,true,"none",130,"wood","c",0,19,0,0,,,180000,60,"3465-1",""
10506,"Thin Striped Leather Shirt - HP","underwear",true,true,true,true,true,true,"none",130,"wood","b",0,22,0,0,,,400000,44,"3469-1",""
10507,"Thin Striped Leather Shirt - MP","underwear",true,true,true,true,true,true,"none",130,"wood","b",0,22,0,0,,,400000,44,"3470-1",""
10508,"Thin Striped Leather Shirt - CP","underwear",true,true,true,true,true,true,"none",130,"wood","b",0,22,0,0,,,400000,44,"3471-1",""
10509,"Striped Scale Shirt - HP","underwear",true,true,true,true,true,true,"none",130,"wood","a",0,26,0,0,,,880000,59,"3475-1",""
10510,"Striped Scale Shirt - MP","underwear",true,true,true,true,true,true,"none",130,"wood","a",0,26,0,0,,,880000,59,"3476-1",""
10511,"Striped Scale Shirt - CP","underwear",true,true,true,true,true,true,"none",130,"wood","a",0,26,0,0,,,880000,59,"3477-1",""
10512,"Striped Mithril Shirt - HP","underwear",true,true,true,true,true,true,"none",130,"wood","s",0,30,0,0,,,2540000,122,"3481-1",""
10513,"Striped Mithril Shirt - MP","underwear",true,true,true,true,true,true,"none",130,"wood","s",0,30,0,0,,,2540000,122,"3482-1",""
10514,"Striped Mithril Shirt - CP","underwear",true,true,true,true,true,true,"none",130,"wood","s",0,30,0,0,,,2540000,122,"3483-1",""
10518,"Red Talisman - Life Force","talisman",false,false,false,true,false,true,"none",150,"wood","none",0,0,0,0,70,,0,0,"","3429-1"
10519,"White Talisman -  Earth","talisman",false,false,false,true,false,true,"none",150,"wood","none",0,0,0,0,80,,0,0,"","3434-1"
10533,"Blue Talisman - Attack Power","talisman",false,false,false,true,false,true,"none",150,"wood","none",0,0,0,0,65,,0,0,"","3487-1"
10534,"Blue Talisman - Shield Defense","talisman",false,false,false,true,false,true,"none",150,"wood","none",0,0,0,0,65,,0,0,"","3488-1"
10535,"Yellow Talisman - Defense Power","talisman",false,false,false,true,false,true,"none",150,"wood","none",0,0,0,0,60,,0,0,"","3490-1"
10536,"Yellow Talisman - Magic Power","talisman",false,false,false,true,false,true,"none",150,"wood","none",0,0,0,0,60,,0,0,"","3489-1"
10537,"Yellow Talisman - Evasion","talisman",false,false,false,true,false,true,"none",150,"wood","none",0,0,0,0,60,,0,0,"","3491-1"
10538,"Yellow Talisman - Healing Power","talisman",false,false,false,true,false,true,"none",150,"wood","none",0,0,0,0,60,,0,0,"","3495-1"
10539,"Yellow Talisman - CP Recovery Rate","talisman",false,false,false,true,false,true,"none",150,"wood","none",0,0,0,0,60,,0,0,"","3494-1"
10540,"Yellow Talisman - HP Recovery Rate","talisman",false,false,false,true,false,true,"none",150,"wood","none",0,0,0,0,60,,0,0,"","3493-1"
10541,"Yellow Talisman - Low Grade MP regeneration rate","talisman",false,false,false,true,false,true,"none",150,"wood","none",0,0,0,0,60,,0,0,"","3497-1"
10542,"Red Talisman - HP/CP Recovery","talisman",false,false,false,true,false,true,"none",150,"wood","none",0,0,0,0,64,,0,0,"","3496-1"
10543,"Yellow Talisman - Speed","talisman",false,false,false,true,false,true,"none",150,"wood","none",0,0,0,0,60,,0,0,"","3492-1"
10606,"Agathion Seal Bracelet - Rudolph","lbracelet",false,false,false,true,false,true,"none",150,"wood","none",0,0,0,0,,,0,0,"","3425-1;3267-1;5537-1"
10607,"Agathion Seal Bracelet - Rudolph","lbracelet",false,false,false,true,false,true,"none",150,"wood","none",0,0,0,0,,,0,0,"","3425-1;3267-1"
10613,"Bird Nest (Event)","hairall",false,false,false,true,false,true,"none",10,"wood","none",0,0,0,0,,,0,0,"",""
10614,"White Wool Hat (Event)","hairall",false,false,false,true,false,true,"none",10,"wood","none",0,0,0,0,,,0,0,"",""
10615,"Black Wool Hat (Event)","hairall",false,false,false,true,false,true,"none",10,"wood","none",0,0,0,0,,,0,0,"",""
10616,"Straw Hat (Event)","hairall",false,false,false,true,false,true,"none",10,"wood","none",0,0,0,0,,,0,0,"",""
10617,"Ant Hat - Year 2008","hairall",false,false,false,true,true,true,"none",10,"wood","none",0,0,0,0,,,0,0,"",""
10618,"Ol Mahum Hat - Year 2008","hairall",false,false,false,true,true,true,"none",10,"wood","none",0,0,0,0,,,0,0,"",""
10619,"Wolf Hat - Year 2008","hairall",false,false,false,true,true,true,"none",10,"wood","none",0,0,0,0,,,0,0,"",""
10620,"Shadow Item - Ant Hat - Blessed Scroll of Escape","hairall",false,false,false,true,false,true,"none",10,"wood","none",0,0,0,0,1440,,0,0,"",""
10621,"Shadow Item - Ant Hat - Blessed Scroll of Resurrection","hairall",false,false,false,true,false,true,"none",10,"wood","none",0,0,0,0,1440,,0,0,"",""
10622,"Shadow Item - Ant Hat - Firecracker","hairall",false,false,false,true,false,true,"none",10,"wood","none",0,0,0,0,1440,,0,0,"",""
10623,"Shadow Item - Ant Hat - Big Head","hairall",false,false,false,true,false,true,"none",10,"wood","none",0,0,0,0,1440,,0,0,"",""
10624,"Shadow Item - Ol Mahum Hat - Blessed Scroll of Escape","hairall",false,false,false,true,false,true,"none",10,"wood","none",0,0,0,0,1440,,0,0,"",""
10625,"Shadow Item - Ol Mahum Hat - Blessed Scroll of Resurrection","hairall",false,false,false,true,false,true,"none",10,"wood","none",0,0,0,0,1440,,0,0,"",""
10626,"Shadow Item - Ol Mahum Hat - Firecracker","hairall",false,false,false,true,false,true,"none",10,"wood","none",0,0,0,0,1440,,0,0,"",""
10627,"Shadow Item - Ol Mahum Hat - Big Head","hairall",false,false,false,true,false,true,"none",10,"wood","none",0,0,0,0,1440,,0,0,"",""
10628,"Shadow Item - Wolf Hat - Blessed Scroll of Escape","hairall",false,false,false,true,false,true,"none",10,"wood","none",0,0,0,0,1440,,0,0,"",""
10629,"Shadow Item - Wolf Hat - Blessed Scroll of Resurrection","hairall",false,false,false,true,false,true,"none",10,"wood","none",0,0,0,0,1440,,0,0,"",""
10630,"Shadow Item - Wolf Hat - Firecracker","hairall",false,false,false,true,false,true,"none",10,"wood","none",0,0,0,0,1440,,0,0,"",""
10631,"Shadow Item - Wolf Hat - Big Head","hairall",false,false,false,true,false,true,"none",10,"wood","none",0,0,0,0,1440,,0,0,"",""
10658,"Pet Accessory (not used) ","underwear",false,true,true,true,true,true,"none",150,"wood","none",0,0,7,0,,,0,0,"",""
10659,"Agathion Summon Bracelet - Monkey","lbracelet",false,false,false,true,false,true,"none",150,"wood","none",0,0,0,0,,,0,0,"","8254-1;3267-1"
10660,"Agathion Summon Bracelet - Griffin","lbracelet",false,false,false,true,false,true,"none",150,"wood","none",0,0,0,0,,,0,0,"","8255-1;3267-1"
10793,"Armor of Nightmare {PvP}","fullarmor",true,false,false,true,false,true,"heavy",9580,"wood","a",0,293,0,0,,,8800000,704,"",""
10794,"Majestic Plate Armor {PvP}","fullarmor",true,false,false,true,false,true,"heavy",9200,"wood","a",0,293,0,0,,,8800000,704,"",""
10795,"Leather Armor of Nightmare {PvP}","fullarmor",true,false,false,true,false,true,"light",5300,"wood","a",0,220,0,0,,,6600000,528,"",""
10796,"Majestic Leather Mail {PvP}","fullarmor",true,false,false,true,false,true,"light",5350,"wood","a",0,220,0,0,,,6600000,528,"",""
10797,"Robe of Nightmare {PvP}","fullarmor",true,false,false,true,false,true,"magic",2300,"wood","a",0,147,0,718,,,6600000,528,"",""
10798,"Majestic Robe {PvP}","fullarmor",true,false,false,true,false,true,"magic",2330,"wood","a",0,147,0,718,,,6600000,528,"",""
10799,"Imperial Crusader Breastplate {PvP}","chest",true,false,false,true,false,true,"heavy",7620,"wood","s",0,205,0,0,,,12780000,613,"",""
10800,"Draconic Leather Armor {PvP}","fullarmor",true,false,false,true,false,true,"light",4950,"wood","s",0,249,0,0,,,15580000,748,"",""
10801,"Major Arcana Robe {PvP}","fullarmor",true,false,false,true,false,true,"magic",2300,"wood","s",0,166,0,866,,,15580000,748,"",""
10802,"Dynasty Breastplate {PvP}","chest",true,false,false,true,false,true,"heavy",7570,"wood","s80",0,226,0,0,,,24398000,1171,"",""
10803,"Dynasty Breastplate {PvP} - Shield Master","chest",true,false,false,true,false,true,"heavy",7570,"wood","s80",0,226,0,0,,,24398000,1171,"",""
10804,"Dynasty Breastplate {PvP} - Weapon Master","chest",true,false,false,true,false,true,"heavy",7570,"wood","s80",0,226,0,0,,,24398000,1171,"",""
10805,"Dynasty Breastplate {PvP} - Force Master","chest",true,false,false,true,false,true,"heavy",7570,"wood","s80",0,226,0,0,,,24398000,1171,"",""
10806,"Dynasty Breastplate {PvP} - Bard","chest",true,false,false,true,false,true,"heavy",7570,"wood","s80",0,226,0,0,,,24398000,1171,"",""
10807,"Dynasty Leather Armor {PvP}","chest",true,false,false,true,false,true,"light",4180,"wood","s80",0,170,0,0,,,18298000,878,"",""
10808,"Dynasty Leather Armor {PvP} - Dagger Master","chest",true,false,false,true,false,true,"light",4180,"wood","s80",0,170,0,0,,,18298000,878,"",""
10809,"Dynasty Leather Armor {PvP} - Bow Master","chest",true,false,false,true,false,true,"light",4180,"wood","s80",0,170,0,0,,,18298000,878,"",""
10810,"Dynasty Tunic {PvP}","chest",true,false,false,true,false,true,"magic",1780,"wood","s80",0,113,0,592,,,18298000,878,"",""
10811,"Dynasty Tunic {PvP} - Healer","chest",true,false,false,true,false,true,"magic",1780,"wood","s80",0,113,0,592,,,18298000,878,"",""
10812,"Dynasty Tunic {PvP} - Enchanter","chest",true,false,false,true,false,true,"magic",1780,"wood","s80",0,113,0,592,,,18298000,878,"",""
10813,"Dynasty Tunic {PvP} - Summoner","chest",true,false,false,true,false,true,"magic",1780,"wood","s80",0,113,0,592,,,18298000,878,"",""
10814,"Dynasty Tunic {PvP} - Wizard","chest",true,false,false,true,false,true,"magic",1780,"wood","s80",0,113,0,592,,,18298000,878,"",""
10815,"Dynasty Leather Armor {PvP} - Force Master","chest",true,false,false,true,false,true,"light",4180,"wood","s80",0,170,0,0,,,18298000,878,"",""
10816,"Dynasty Leather Armor {PvP} - Weapon Master","chest",true,false,false,true,false,true,"light",4180,"wood","s80",0,170,0,0,,,18298000,878,"",""
10817,"Dynasty Leather Armor {PvP} - Enchanter","chest",true,false,false,true,false,true,"light",4180,"wood","s80",0,170,0,0,,,18298000,878,"",""
10818,"Dynasty Leather Armor {PvP} - Summoner","chest",true,false,false,true,false,true,"light",4180,"wood","s80",0,170,0,0,,,18298000,878,"",""
10819,"Dynasty Platinum Breastplate {PvP}","chest",true,false,false,true,false,true,"heavy",7570,"wood","s80",0,226,0,0,,,33673000,1616,"",""
10820,"Dynasty Platinum Breastplate {PvP} - Shield Master","chest",true,false,false,true,false,true,"heavy",7570,"wood","s80",0,226,0,0,,,33673000,1616,"",""
10821,"Dynasty Platinum Breastplate {PvP} - Weapon Master","chest",true,false,false,true,false,true,"heavy",7570,"wood","s80",0,226,0,0,,,33673000,1616,"",""
10822,"Dynasty Platinum Breastplate {PvP} - Force Master","chest",true,false,false,true,false,true,"heavy",7570,"wood","s80",0,226,0,0,,,33673000,1616,"",""
10823,"Dynasty Platinum Breastplate {PvP} - Bard","chest",true,false,false,true,false,true,"heavy",7570,"wood","s80",0,226,0,0,,,33673000,1616,"",""
10824,"Dynasty Jewel Leather Armor {PvP}","chest",true,false,false,true,false,true,"light",4180,"wood","s80",0,170,0,0,,,25255000,1212,"",""
10825,"Dynasty Jewel Leather Armor {PvP} - Dagger Master","chest",true,false,false,true,false,true,"light",4180,"wood","s80",0,170,0,0,,,25255000,1212,"",""
10826,"Dynasty Jewel Leather Armor {PvP} - Bow Master","chest",true,false,false,true,false,true,"light",4180,"wood","s80",0,170,0,0,,,25255000,1212,"",""
10827,"Dynasty Silver Satin Tunic {PvP}","chest",true,false,false,true,false,true,"magic",1780,"wood","s80",0,113,0,592,,,25255000,1212,"",""
10828,"Dynasty Silver Satin Tunic {PvP} - Healer","chest",true,false,false,true,false,true,"magic",1780,"wood","s80",0,113,0,592,,,25255000,1212,"",""
10829,"Dynasty Silver Satin Tunic {PvP} - Enchanter","chest",true,false,false,true,false,true,"magic",1780,"wood","s80",0,113,0,592,,,25255000,1212,"",""
10830,"Dynasty Silver Satin Tunic {PvP} - Summoner","chest",true,false,false,true,false,true,"magic",1780,"wood","s80",0,113,0,592,,,25255000,1212,"",""
10831,"Dynasty Silver Satin Tunic {PvP} - Wizard","chest",true,false,false,true,false,true,"magic",1780,"wood","s80",0,113,0,592,,,25255000,1212,"",""
10832,"Dynasty Jewel Leather Armor {PvP} - Force Master","chest",true,false,false,true,false,true,"light",4180,"wood","s80",0,170,0,0,,,25255000,1212,"",""
10833,"Dynasty Jewel Leather Armor {PvP} - Weapon Master","chest",true,false,false,true,false,true,"light",4180,"wood","s80",0,170,0,0,,,25255000,1212,"",""
10834,"Dynasty Jewel Leather Armor {PvP} - Enchanter","chest",true,false,false,true,false,true,"light",4180,"wood","s80",0,170,0,0,,,25255000,1212,"",""
10835,"Dynasty Jewel Leather Armor {PvP} - Summoner","chest",true,false,false,true,false,true,"light",4180,"wood","s80",0,170,0,0,,,25255000,1212,"",""
11349,"Sealed Zubei's Gauntlet","gloves",true,true,true,true,true,true,"none",590,"wood","b",0,41,0,0,,,519000,53,"",""
11350,"Sealed Zubei's Boots","feet",true,true,true,true,true,true,"none",1180,"wood","b",0,41,0,0,,,519000,53,"",""
11351,"Sealed Avadon Gloves","gloves",true,true,true,true,true,true,"none",590,"wood","b",0,41,0,0,,,519000,53,"",""
11352,"Sealed Avadon Boots","feet",true,true,true,true,true,true,"none",1170,"wood","b",0,41,0,0,,,519000,53,"",""
11353,"Zubei's Leather Gaiters","legs",true,true,true,true,true,true,"light",1480,"wood","b",0,73,0,0,,,973000,100,"","3668-1"
11354,"Zubei's Leather Shirt","chest",true,true,true,true,true,true,"light",4330,"wood","b",0,117,0,0,,,1560000,160,"","3669-1"
11355,"Zubei's Gaiters","legs",true,true,true,true,true,true,"heavy",3570,"wood","b",0,98,0,0,,,1300000,133,"","3672-1"
11356,"Zubei's Gauntlet - Heavy Armor Use","gloves",true,true,true,true,true,true,"none",590,"wood","b",0,41,0,0,,,519000,53,"","3673-1"
11357,"Zubei's Gauntlet - Light Armor Use","gloves",true,true,true,true,true,true,"none",590,"wood","b",0,41,0,0,,,519000,53,"","3670-1"
11358,"Zubei's Gauntlet - Robe Use","gloves",true,true,true,true,true,true,"none",590,"wood","b",0,41,0,0,,,519000,53,"","3679-1"
11359,"Zubei's Boots - Heavy Armor Use","feet",true,true,true,true,true,true,"none",1180,"wood","b",0,41,0,0,,,519000,53,"","3674-1"
11360,"Zubei's Boots - Light Armor Use","feet",true,true,true,true,true,true,"none",1180,"wood","b",0,41,0,0,,,519000,53,"","3671-1"
11361,"Zubei's Boots - Robe Use","feet",true,true,true,true,true,true,"none",1180,"wood","b",0,41,0,0,,,519000,53,"","3680-1"
11363,"Zubei's Helmet - Heavy Armor Use","head",true,true,true,true,true,true,"none",590,"wood","b",0,62,0,0,,,778000,80,"","3675-1"
11364,"Zubei's Breastplate","chest",true,true,true,true,true,true,"heavy",7970,"wood","b",0,157,0,0,,,2080000,213,"","3676-1"
11365,"Avadon Gloves - Heavy Armor Use","gloves",true,true,true,true,true,true,"none",590,"wood","b",0,41,0,0,,,519000,53,"","3682-1"
11366,"Avadon Gloves - Light Armor Use","gloves",true,true,true,true,true,true,"none",590,"wood","b",0,41,0,0,,,519000,53,"","3689-1"
11367,"Avadon Gloves - Robe Use","gloves",true,true,true,true,true,true,"none",590,"wood","b",0,41,0,0,,,519000,53,"","3693-1"
11368,"Avadon Leather Armor","fullarmor",true,true,true,true,true,true,"light",5600,"wood","b",0,191,0,0,,,2280000,259,"","3690-1"
11369,"Avadon Robe","fullarmor",true,true,true,true,true,true,"magic",2540,"wood","b",0,127,0,561,,,2280000,259,"","3694-1"
11370,"Avadon Boots - Heavy Armor Use","feet",true,true,true,true,true,true,"none",1180,"wood","b",0,41,0,0,,,519000,53,"","3683-1"
11371,"Avadon Boots - Light Armor Use","feet",true,true,true,true,true,true,"none",1180,"wood","b",0,41,0,0,,,519000,53,"","3691-1"
11372,"Avadon Boots - Robe Use","feet",true,true,true,true,true,true,"none",1180,"wood","b",0,41,0,0,,,519000,53,"","3695-1"
11373,"Avadon Circlet - Heavy Armor Use","head",true,true,true,true,true,true,"none",590,"wood","b",0,62,0,0,,,778000,80,"","3688-1"
11375,"Avadon Gaiters","legs",true,true,true,true,true,true,"heavy",3520,"wood","b",0,98,0,0,,,1300000,133,"","3685-1"
11376,"Avadon Breastplate","chest",true,true,true,true,true,true,"heavy",7920,"wood","b",0,157,0,0,,,2080000,213,"","3686-1"
11377,"Tunic of Zubei","chest",true,true,true,true,true,true,"magic",1960,"wood","b",0,78,0,345,,,1560000,160,"","3677-1"
11378,"Stockings of Zubei","legs",true,true,true,true,true,true,"magic",940,"wood","b",0,49,0,216,,,973000,100,"","3678-1"
11379,"Doom Gloves - Heavy Armor Use","gloves",true,true,true,true,true,true,"none",580,"wood","b",0,44,0,0,,,804000,83,"","3696-1"
11380,"Doom Gloves - Light Armor Use","gloves",true,true,true,true,true,true,"none",580,"wood","b",0,44,0,0,,,804000,83,"","3702-1"
11381,"Doom Gloves - Robe Use","gloves",true,true,true,true,true,true,"none",580,"wood","b",0,44,0,0,,,804000,83,"","3705-1"
11382,"Doom Boots - Heavy Armor Use","feet",true,true,true,true,true,true,"none",1130,"wood","b",0,44,0,0,,,804000,83,"","3697-1"
11383,"Doom Boots - Light Armor Use","feet",true,true,true,true,true,true,"none",1130,"wood","b",0,44,0,0,,,804000,83,"","3703-1"
11384,"Doom Boots - Robe Use","feet",true,true,true,true,true,true,"none",1130,"wood","b",0,44,0,0,,,804000,83,"","3706-1"
11386,"Doom Plate Armor","fullarmor",true,true,true,true,true,true,"heavy",9980,"wood","b",0,270,0,0,,,4710000,536,"","3698-1"
11387,"Doom Helmet - Heavy Armor Use","head",true,true,true,true,true,true,"none",580,"wood","b",0,66,0,0,,,1210000,124,"","3699-1"
11388,"Leather Armor of Doom","fullarmor",true,true,true,true,true,true,"light",5500,"wood","b",0,202,0,0,,,3530000,402,"","3701-1"
11389,"Sealed Doom Gloves","gloves",true,true,true,true,true,true,"none",580,"wood","b",0,44,0,0,,,804000,83,"",""
11390,"Sealed Boots of Doom","feet",true,true,true,true,true,true,"none",1130,"wood","b",0,44,0,0,,,804000,83,"",""
11391,"Sealed Blue Wolf Boots","feet",true,true,true,true,true,true,"none",1130,"wood","b",0,44,0,0,,,804000,83,"",""
11392,"Sealed Blue Wolf Gloves","gloves",true,true,true,true,true,true,"none",590,"wood","b",0,44,0,0,,,804000,83,"",""
11393,"Tunic of Doom","chest",true,true,true,true,true,true,"magic",1900,"wood","b",0,83,0,377,,,2410000,248,"","3707-1"
11394,"Blue Wolf Gaiters","legs",true,true,true,true,true,true,"heavy",3370,"wood","b",0,104,0,0,,,2010000,206,"","3711-1"
11395,"Blue Wolf Leather Armor","fullarmor",true,true,true,true,true,true,"light",5500,"wood","b",0,202,0,0,,,3530000,402,"","3715-1"
11396,"Blue Wolf Boots - Heavy Armor Use","feet",true,true,true,true,true,true,"none",1130,"wood","b",0,44,0,0,,,804000,83,"","3712-1"
11397,"Blue Wolf Boots - Light Armor Use","feet",true,true,true,true,true,true,"none",1130,"wood","b",0,44,0,0,,,804000,83,"","3716-1"
11398,"Blue Wolf Boots - Robe Use","feet",true,true,true,true,true,true,"none",1130,"wood","b",0,44,0,0,,,804000,83,"","3719-1"
11399,"Blue Wolf Gloves - Heavy Armor Use","gloves",true,true,true,true,true,true,"none",590,"wood","b",0,44,0,0,,,804000,83,"","3713-1"
11400,"Blue Wolf Gloves - Light Armor Use","gloves",true,true,true,true,true,true,"none",590,"wood","b",0,44,0,0,,,804000,83,"","3717-1"
11401,"Blue Wolf Gloves - Robe Use","gloves",true,true,true,true,true,true,"none",590,"wood","b",0,44,0,0,,,804000,83,"","3720-1"
11402,"Blue Wolf Tunic","chest",true,true,true,true,true,true,"magic",1920,"wood","b",0,83,0,377,,,2410000,248,"","3721-1"
11403,"Blue Wolf Helmet - Heavy Armor Use","head",true,true,true,true,true,true,"none",580,"wood","b",0,66,0,0,,,1210000,124,"","3714-1"
11404,"Blue Wolf Stockings","legs",true,true,true,true,true,true,"magic",920,"wood","b",0,52,0,236,,,1510000,155,"","3722-1"
11405,"Blue Wolf Breastplate","chest",true,true,true,true,true,true,"heavy",7820,"wood","b",0,166,0,0,,,3220000,330,"","3710-1"
11406,"Stockings of Doom","legs",true,true,true,true,true,true,"magic",910,"wood","b",0,52,0,236,,,1160000,155,"","3708-1"
11407,"Dark Crystal Gaiters","legs",true,true,true,true,true,true,"heavy",3320,"wood","a",0,107,0,0,,,2890000,178,"","3726-1"
11408,"Dark Crystal Gloves - Heavy Armor Use","gloves",true,true,true,true,true,true,"none",580,"wood","a",0,46,0,0,,,1160000,71,"","3727-1"
11409,"Dark Crystal Gloves - Light Armor Use","gloves",true,true,true,true,true,true,"none",580,"wood","a",0,46,0,0,,,1160000,71,"","3731-1"
11410,"Dark Crystal Gloves - Robe Use","gloves",true,true,true,true,true,true,"none",580,"wood","a",0,46,0,0,,,1160000,71,"","3735-1"
11411,"Dark Crystal Leather Armor","chest",true,true,true,true,true,true,"light",4300,"wood","a",0,128,0,0,,,3470000,214,"","3730-1"
11412,"Dark Crystal Robe","fullarmor",true,true,true,true,true,true,"magic",2450,"wood","a",0,139,0,665,,,5080000,347,"","3736-1"
11413,"Dark Crystal Boots - Heavy Armor Use","feet",true,true,true,true,true,true,"none",1110,"wood","a",0,46,0,0,,,1160000,71,"","3728-1"
11414,"Dark Crystal Boots - Light Armor Use","feet",true,true,true,true,true,true,"none",1110,"wood","a",0,46,0,0,,,1160000,71,"","3732-1"
11415,"Dark Crystal Boots - Robe Use","feet",true,true,true,true,true,true,"none",1110,"wood","a",0,46,0,0,,,1160000,71,"","3737-1"
11417,"Dark Crystal Helmet - Heavy Armor Use","head",true,true,true,true,true,true,"none",570,"wood","a",0,69,0,0,,,1740000,107,"","3724-1"
11418,"Dark Crystal Breastplate","chest",true,true,true,true,true,true,"heavy",7700,"wood","a",0,171,0,0,,,4630000,285,"","3725-1"
11419,"Dark Crystal Leggings","legs",true,true,true,true,true,true,"light",1480,"wood","a",0,80,0,0,,,2170000,134,"","3734-1"
11420,"Sealed Dark Crystal Gaiters","legs",true,true,true,true,true,true,"heavy",3320,"wood","a",0,107,0,0,,,2890000,178,"",""
11421,"Sealed Dark Crystal Gloves","gloves",true,true,true,true,true,true,"none",580,"wood","a",0,46,0,0,,,1160000,71,"",""
11422,"Sealed Dark Crystal Leather Armor","chest",true,true,true,true,true,true,"light",4300,"wood","a",0,128,0,0,,,3470000,214,"",""
11423,"Sealed Dark Crystal Robe","fullarmor",true,true,true,true,true,true,"magic",2450,"wood","a",0,139,0,665,,,5080000,347,"",""
11424,"Sealed Dark Crystal Boots","feet",true,true,true,true,true,true,"none",1110,"wood","a",0,46,0,0,,,1160000,71,"",""
11426,"Sealed Dark Crystal Helmet - Heavy Armor Use","head",true,true,true,true,true,true,"none",570,"wood","a",0,69,0,0,,,1740000,107,"",""
11427,"Sealed Dark Crystal Breastplate","chest",true,true,true,true,true,true,"heavy",7700,"wood","a",0,171,0,0,,,4630000,285,"",""
11428,"Sealed Dark Crystal Leggings","legs",true,true,true,true,true,true,"light",1480,"wood","a",0,80,0,0,,,2170000,134,"",""
11429,"Sealed Tallum Gloves","gloves",true,true,true,true,true,true,"none",580,"wood","a",0,46,0,0,,,1160000,71,"",""
11430,"Sealed Tallum Leather Armor","fullarmor",true,true,true,true,true,true,"light",5400,"wood","a",0,209,0,0,,,5080000,347,"",""
11431,"Sealed Tallum Boots","feet",true,true,true,true,true,true,"none",1130,"wood","a",0,46,0,0,,,1160000,71,"",""
11432,"Sealed Tallum Tunic","chest",true,true,true,true,true,true,"magic",1860,"wood","a",0,86,0,409,,,3470000,214,"",""
11433,"Sealed Tallum Plate Armor","fullarmor",true,true,true,true,true,true,"heavy",9780,"wood","a",0,278,0,0,,,6770000,463,"",""
11434,"Sealed Tallum Helmet - Heavy Armor Use","head",true,true,true,true,true,true,"none",570,"wood","a",0,69,0,0,,,1740000,107,"",""
11435,"Sealed Tallum Stockings","legs",true,true,true,true,true,true,"magic",920,"wood","a",0,53,0,256,,,2170000,134,"",""
11436,"Holy Spirit's Cloak","back",true,true,true,true,true,true,"none",220,"wood","a",0,18,0,0,,,1160000,92,"",""
11437,"Tallum Gloves - Heavy Armor Use","gloves",true,true,true,true,true,true,"none",580,"wood","a",0,46,0,0,,,1160000,71,"","3739-1"
11438,"Tallum Gloves - Light Armor Use","gloves",true,true,true,true,true,true,"none",580,"wood","a",0,46,0,0,,,1160000,71,"","3744-1"
11439,"Tallum Gloves - Robe Use","gloves",true,true,true,true,true,true,"none",580,"wood","a",0,46,0,0,,,1160000,71,"","3747-1"
11440,"Tallum Leather Armor","fullarmor",true,true,true,true,true,true,"light",5400,"wood","a",0,209,0,0,,,5080000,347,"","3743-1"
11441,"Tallum Boots - Heavy Armor Use","feet",true,true,true,true,true,true,"none",1130,"wood","a",0,46,0,0,,,1160000,71,"","3740-1"
11442,"Tallum Boots - Light Armor Use","feet",true,true,true,true,true,true,"none",1130,"wood","a",0,46,0,0,,,1160000,71,"","3745-1"
11443,"Tallum Boots - Robe Use","feet",true,true,true,true,true,true,"none",1130,"wood","a",0,46,0,0,,,1160000,71,"","3748-1"
11444,"Tallum Tunic","chest",true,true,true,true,true,true,"magic",1860,"wood","a",0,86,0,409,,,3470000,214,"","3749-1"
11445,"Tallum Plate Armor","fullarmor",true,true,true,true,true,true,"heavy",9780,"wood","a",0,278,0,0,,,6770000,463,"","3741-1"
11446,"Tallum Helmet - Heavy Armor Use","head",true,true,true,true,true,true,"none",570,"wood","a",0,69,0,0,,,1740000,107,"","3742-1"
11447,"Tallum Stockings","legs",true,true,true,true,true,true,"magic",920,"wood","a",0,53,0,256,,,2170000,134,"","3750-1"
11448,"Majestic Gauntlet - Heavy Armor Use","gloves",true,true,true,true,true,true,"none",540,"wood","a",0,49,0,0,,,1760000,108,"","3752-1"
11449,"Majestic Gauntlet - Light Armor Use","gloves",true,true,true,true,true,true,"none",540,"wood","a",0,49,0,0,,,1760000,108,"","3756-1"
11450,"Majestic Gauntlet - Robe Use","gloves",true,true,true,true,true,true,"none",540,"wood","a",0,49,0,0,,,1760000,108,"","3760-1"
11451,"Majestic Leather Armor","fullarmor",true,true,true,true,true,true,"light",5350,"wood","a",0,220,0,0,,,7730000,528,"","3757-1"
11452,"Majestic Robe","fullarmor",true,true,true,true,true,true,"magic",2330,"wood","a",0,147,0,718,,,7730000,528,"","3761-1"
11453,"Majestic Boots - Heavy Armor Use","feet",true,true,true,true,true,true,"none",1110,"wood","a",0,49,0,0,,,1760000,108,"","3755-1"
11454,"Majestic Boots - Light Armor Use","feet",true,true,true,true,true,true,"none",1110,"wood","a",0,49,0,0,,,1760000,108,"","3758-1"
11455,"Majestic Boots - Robe Use","feet",true,true,true,true,true,true,"none",1110,"wood","a",0,49,0,0,,,1760000,108,"","3762-1"
11456,"Majestic Circlet - Heavy Armor Use","head",true,true,true,true,true,true,"none",550,"wood","a",0,73,0,0,,,2640000,163,"","3753-1"
11457,"Majestic Plate Armor","fullarmor",true,true,true,true,true,true,"heavy",9200,"wood","a",0,293,0,0,,,10300000,704,"","3754-1"
11458,"Sealed Majestic Gauntlet","gloves",true,true,true,true,true,true,"none",540,"wood","a",0,49,0,0,,,1760000,108,"",""
11459,"Sealed Majestic Leather Armor","fullarmor",true,true,true,true,true,true,"light",5350,"wood","a",0,220,0,0,,,7730000,528,"",""
11460,"Sealed Majestic Robe","fullarmor",true,true,true,true,true,true,"magic",2330,"wood","a",0,147,0,718,,,7730000,528,"",""
11461,"Sealed Majestic Boots","feet",true,true,true,true,true,true,"none",1110,"wood","a",0,49,0,0,,,1760000,108,"",""
11462,"Sealed Majestic Circlet - Heavy Armor Use","head",true,true,true,true,true,true,"none",550,"wood","a",0,73,0,0,,,2640000,163,"",""
11463,"Sealed Majestic Plate Armor","fullarmor",true,true,true,true,true,true,"heavy",9200,"wood","a",0,293,0,0,,,10300000,704,"",""
11464,"Sealed Armor of Nightmare","fullarmor",true,true,true,true,true,true,"heavy",9580,"wood","a",0,293,0,0,,,10300000,704,"",""
11465,"Sealed Gauntlet of Nightmare","gloves",true,true,true,true,true,true,"none",550,"wood","a",0,49,0,0,,,1760000,108,"",""
11466,"Sealed Leather Armor of Nightmare","fullarmor",true,true,true,true,true,true,"light",5300,"wood","a",0,220,0,0,,,7730000,528,"",""
11467,"Sealed Nightmare Robe","fullarmor",true,true,true,true,true,true,"magic",2300,"wood","a",0,147,0,718,,,7730000,528,"",""
11468,"Sealed Boots of Nightmare","feet",true,true,true,true,true,true,"none",1110,"wood","a",0,49,0,0,,,1760000,108,"",""
11470,"Sealed Helm of Nightmare - Heavy Armor Use","head",true,true,true,true,true,true,"none",560,"wood","a",0,73,0,0,,,2640000,163,"",""
11471,"Armor of Nightmare","fullarmor",true,true,true,true,true,true,"heavy",9580,"wood","a",0,293,0,0,,,10300000,704,"","3764-1"
11472,"Gauntlet of Nightmare - Heavy Armor Use","gloves",true,true,true,true,true,true,"none",550,"wood","a",0,49,0,0,,,1760000,108,"","3765-1"
11473,"Gauntlet of Nightmare - Light Armor Use","gloves",true,true,true,true,true,true,"none",550,"wood","a",0,49,0,0,,,1760000,108,"","3769-1"
11474,"Gauntlet of Nightmare - Robe Use","gloves",true,true,true,true,true,true,"none",550,"wood","a",0,49,0,0,,,1760000,108,"","3771-1"
11475,"Nightmarish Leather Armor","fullarmor",true,true,true,true,true,true,"light",5300,"wood","a",0,220,0,0,,,7730000,528,"","3768-1"
11476,"Nightmare Robe","fullarmor",true,true,true,true,true,true,"magic",2300,"wood","a",0,147,0,718,,,7730000,528,"","3772-1"
11477,"Boots of Nightmare - Heavy Armor Use","feet",true,true,true,true,true,true,"none",1110,"wood","a",0,49,0,0,,,1760000,108,"","3766-1"
11478,"Boots of Nightmare - Light Armor Use","feet",true,true,true,true,true,true,"none",1110,"wood","a",0,49,0,0,,,1760000,108,"","3770-1"
11479,"Boots of Nightmare - Robe Use","feet",true,true,true,true,true,true,"none",1110,"wood","a",0,49,0,0,,,1760000,108,"","3773-1"
11481,"Helm of Nightmare - Heavy Armor Use","head",true,true,true,true,true,true,"none",560,"wood","a",0,73,0,0,,,2640000,163,"","3767-1"
11482,"Great Wolf Oriharukon Armor","chest",false,true,true,true,true,true,"light",160,"wood","none",0,160,14,0,,,0,0,"",""
11483,"Draconic Leather Gloves","gloves",true,true,true,true,true,true,"none",540,"wood","s",0,55,0,0,,,3580000,153,"","3775-1"
11484,"Draconic Leather Boots","feet",true,true,true,true,true,true,"none",1110,"wood","s",0,55,0,0,,,3580000,153,"","3776-1"
11485,"Draconic Leather Armor","fullarmor",true,true,true,true,true,true,"light",4950,"wood","s",0,249,0,0,,,17400000,748,"","3777-1"
11486,"Draconic Leather Helmet","head",true,true,true,true,true,true,"none",550,"wood","s",0,83,0,0,,,5370000,230,"","3778-1"
11487,"Major Arcana Gloves","gloves",true,true,true,true,true,true,"none",540,"wood","s",0,55,0,0,,,3580000,153,"","3779-1"
11488,"Major Arcana Robe","fullarmor",true,true,true,true,true,true,"magic",2300,"wood","s",0,166,0,866,,,17400000,748,"","3780-1"
11489,"Major Arcana Boots","feet",true,true,true,true,true,true,"none",1110,"wood","s",0,55,0,0,,,3580000,153,"","3781-1"
11490,"Major Arcana Circlet","head",true,true,true,true,true,true,"none",550,"wood","s",0,83,0,0,,,5370000,230,"","3782-1"
11491,"Sealed Draconic Leather Gloves","gloves",true,true,true,true,true,true,"none",540,"wood","s",0,55,0,0,,,3580000,153,"",""
11492,"Sealed Draconic Leather Boots","feet",true,true,true,true,true,true,"none",1110,"wood","s",0,55,0,0,,,3580000,153,"",""
11493,"Sealed Draconic Leather Armor","fullarmor",true,true,true,true,true,true,"light",4950,"wood","s",0,236,0,0,,,17400000,748,"",""
11494,"Sealed Draconic Leather Helmet","head",true,true,true,true,true,true,"none",550,"wood","s",0,83,0,0,,,5370000,230,"",""
11495,"Sealed Major Arcana Gloves","gloves",true,true,true,true,true,true,"none",540,"wood","s",0,55,0,0,,,3580000,153,"",""
11496,"Sealed Major Arcana Robe","fullarmor",true,true,true,true,true,true,"magic",2300,"wood","s",0,157,0,866,,,17400000,748,"",""
11497,"Sealed Major Arcana Boots","feet",true,true,true,true,true,true,"none",1110,"wood","s",0,55,0,0,,,3580000,153,"",""
11498,"Sealed Major Arcana Circlet","head",true,true,true,true,true,true,"none",550,"wood","s",0,83,0,0,,,5370000,230,"",""
11499,"Sealed Imperial Crusader Gaiters","legs",true,true,true,true,true,true,"heavy",3260,"wood","s",0,121,0,0,,,8960000,383,"",""
11500,"Sealed Imperial Crusader Gauntlet","gloves",true,true,true,true,true,true,"none",540,"wood","s",0,55,0,0,,,3580000,153,"",""
11501,"Sealed Imperial Crusader Boots","feet",true,true,true,true,true,true,"none",1110,"wood","s",0,55,0,0,,,3580000,153,"",""
11503,"Sealed Imperial Crusader Helmet","head",true,true,true,true,true,true,"none",550,"wood","s",0,83,0,0,,,5370000,230,"",""
11504,"Sealed Imperial Crusader Breastplate","chest",true,true,true,true,true,true,"heavy",7620,"wood","s",0,193,0,0,,,14300000,613,"",""
11505,"Imperial Crusader Gaiters","legs",true,true,true,true,true,true,"heavy",3260,"wood","s",0,128,0,0,,,8960000,383,"","3783-1"
11506,"Imperial Crusader Gauntlet","gloves",true,true,true,true,true,true,"none",540,"wood","s",0,55,0,0,,,3580000,153,"","3784-1"
11507,"Imperial Crusader Boots","feet",true,true,true,true,true,true,"none",1110,"wood","s",0,55,0,0,,,3580000,153,"","3785-1"
11509,"Imperial Crusader Helmet","head",true,true,true,true,true,true,"none",550,"wood","s",0,83,0,0,,,5370000,230,"","3787-1"
11510,"Imperial Crusader Breastplate","chest",true,true,true,true,true,true,"heavy",7620,"wood","s",0,205,0,0,,,14300000,613,"","3788-1"
11511,"Great Wolf Orichalcum Armor","chest",false,true,true,true,true,true,"light",160,"wood","none",0,171,14,0,,,0,0,"",""
11512,"Dynasty Gaiters","legs",true,true,true,true,true,true,"heavy",3210,"wood","s80",0,141,0,0,,,15248000,731,"","3790-1"
11513,"Dynasty Gauntlet","gloves",true,true,true,true,true,true,"none",520,"wood","s80",0,61,0,0,,,6099000,293,"","3791-1"
11514,"Dynasty Gloves","gloves",true,true,true,true,true,true,"none",520,"wood","s80",0,61,0,0,,,6099000,293,"","3801-1"
11515,"Dynasty Leather Gloves","gloves",true,true,true,true,true,true,"none",520,"wood","s80",0,61,0,0,,,6099000,293,"","3866-1"
11516,"Dynasty Leather Leggings","legs",true,true,true,true,true,true,"light",1370,"wood","s80",0,106,0,0,,,11436000,549,"","3796-1"
11517,"Dynasty Leather Armor","chest",true,true,true,true,true,true,"light",4180,"wood","s80",0,170,0,0,,,18298000,878,"","3795-1"
11518,"Dynasty Leather Armor","chest",true,true,true,true,true,true,"light",4180,"wood","s80",0,170,0,0,,,18298000,878,"","3795-1"
11519,"Dynasty Leather Armor","chest",true,true,true,true,true,true,"light",4180,"wood","s80",0,170,0,0,,,18298000,878,"","3795-1"
11520,"Dynasty Leather Armor","chest",true,true,true,true,true,true,"light",4180,"wood","s80",0,170,0,0,,,18298000,878,"","3795-1"
11521,"Dynasty Leather Armor","chest",true,true,true,true,true,true,"light",4180,"wood","s80",0,170,0,0,,,18298000,878,"","3795-1"
11522,"Dynasty Leather Armor","chest",true,true,true,true,true,true,"light",4180,"wood","s80",0,170,0,0,,,18298000,878,"","3795-1"
11523,"Dynasty Leather Armor","chest",true,true,true,true,true,true,"light",4180,"wood","s80",0,170,0,0,,,18298000,878,"","3795-1"
11524,"Dynasty Leather Boots","feet",true,true,true,true,true,true,"none",1090,"wood","s80",0,61,0,0,,,6099000,293,"","3797-1"
11525,"Dynasty Leather Helmet","head",true,true,true,true,true,true,"none",530,"wood","s80",0,92,0,0,,,9149000,439,"","3798-1"
11526,"Dynasty Boots","feet",true,true,true,true,true,true,"none",1090,"wood","s80",0,61,0,0,,,6099000,293,"","3792-1"
11527,"Dynasty Breastplate","chest",true,true,true,true,true,true,"heavy",7570,"wood","s80",0,226,0,0,,,24398000,1171,"","3789-1"
11528,"Dynasty Breastplate","chest",true,true,true,true,true,true,"heavy",7570,"wood","s80",0,226,0,0,,,24398000,1171,"","3789-1"
11529,"Dynasty Breastplate","chest",true,true,true,true,true,true,"heavy",7570,"wood","s80",0,226,0,0,,,24398000,1171,"","3789-1"
11530,"Dynasty Breastplate","chest",true,true,true,true,true,true,"heavy",7570,"wood","s80",0,226,0,0,,,24398000,1171,"","3789-1"
11531,"Dynasty Breastplate","chest",true,true,true,true,true,true,"heavy",7570,"wood","s80",0,226,0,0,,,24398000,1171,"","3789-1"
11533,"Dynasty Shoes","feet",true,true,true,true,true,true,"none",1090,"wood","s80",0,61,0,0,,,6099000,293,"","3802-1"
11534,"Dynasty Silver Satin Tunic","chest",true,true,true,true,true,true,"magic",1780,"wood","s80",0,113,0,592,,,25255000,1212,"","3804-1"
11535,"Dynasty Silver Satin Tunic","chest",true,true,true,true,true,true,"magic",1780,"wood","s80",0,113,0,592,,,25255000,1212,"","3804-1"
11536,"Dynasty Silver Satin Tunic","chest",true,true,true,true,true,true,"magic",1780,"wood","s80",0,113,0,592,,,25255000,1212,"","3804-1"
11537,"Dynasty Silver Satin Tunic","chest",true,true,true,true,true,true,"magic",1780,"wood","s80",0,113,0,592,,,25255000,1212,"","3804-1"
11538,"Dynasty Silver Satin Tunic","chest",true,true,true,true,true,true,"magic",1780,"wood","s80",0,113,0,592,,,25255000,1212,"","3804-1"
11539,"Dynasty Circlet","head",true,true,true,true,true,true,"none",530,"wood","s80",0,92,0,0,,,9149000,439,"","3803-1"
11540,"Dynasty Jewel Leather Mail","chest",true,true,true,true,true,true,"light",4180,"wood","s80",0,170,0,0,,,25255000,1212,"","3805-1"
11541,"Dynasty Jewel Leather Mail","chest",true,true,true,true,true,true,"light",4180,"wood","s80",0,170,0,0,,,25255000,1212,"","3805-1"
11542,"Dynasty Jewel Leather Mail","chest",true,true,true,true,true,true,"light",4180,"wood","s80",0,170,0,0,,,25255000,1212,"","3805-1"
11543,"Dynasty Jewel Leather Mail","chest",true,true,true,true,true,true,"light",4180,"wood","s80",0,170,0,0,,,25255000,1212,"","3805-1"
11544,"Dynasty Jewel Leather Mail","chest",true,true,true,true,true,true,"light",4180,"wood","s80",0,170,0,0,,,25255000,1212,"","3805-1"
11545,"Dynasty Jewel Leather Mail","chest",true,true,true,true,true,true,"light",4180,"wood","s80",0,170,0,0,,,25255000,1212,"","3805-1"
11546,"Dynasty Jewel Leather Mail","chest",true,true,true,true,true,true,"light",4180,"wood","s80",0,170,0,0,,,25255000,1212,"","3805-1"
11547,"Dynasty Tunic","chest",true,true,true,true,true,true,"magic",1780,"wood","s80",0,113,0,592,,,18298000,878,"","3799-1"
11548,"Dynasty Tunic","chest",true,true,true,true,true,true,"magic",1780,"wood","s80",0,113,0,592,,,18298000,878,"","3799-1"
11549,"Dynasty Tunic","chest",true,true,true,true,true,true,"magic",1780,"wood","s80",0,113,0,592,,,18298000,878,"","3799-1"
11550,"Dynasty Tunic","chest",true,true,true,true,true,true,"magic",1780,"wood","s80",0,113,0,592,,,18298000,878,"","3799-1"
11551,"Dynasty Tunic","chest",true,true,true,true,true,true,"magic",1780,"wood","s80",0,113,0,592,,,18298000,878,"","3799-1"
11552,"Dynasty Platinum Plate","chest",true,true,true,true,true,true,"heavy",7570,"wood","s80",0,226,0,0,,,33673000,1616,"","3806-1"
11553,"Dynasty Platinum Plate","chest",true,true,true,true,true,true,"heavy",7570,"wood","s80",0,226,0,0,,,33673000,1616,"","3806-1"
11554,"Dynasty Platinum Plate","chest",true,true,true,true,true,true,"heavy",7570,"wood","s80",0,226,0,0,,,33673000,1616,"","3806-1"
11555,"Dynasty Platinum Plate","chest",true,true,true,true,true,true,"heavy",7570,"wood","s80",0,226,0,0,,,33673000,1616,"","3806-1"
11556,"Dynasty Platinum Plate","chest",true,true,true,true,true,true,"heavy",7570,"wood","s80",0,226,0,0,,,33673000,1616,"","3806-1"
11557,"Dynasty Helmet - Heavy Armor Use","head",true,true,true,true,true,true,"none",530,"wood","s80",0,92,0,0,,,9149000,439,"","3794-1"
11558,"Dynasty Stockings","legs",true,true,true,true,true,true,"magic",860,"wood","s80",0,71,0,370,,,11436000,549,"","3800-1"
11559,"Sealed Dynasty Gaiters","legs",true,true,true,true,true,true,"heavy",3210,"wood","s80",0,134,0,0,,,15248000,731,"",""
11560,"Sealed Dynasty Gauntlet","gloves",true,true,true,true,true,true,"none",520,"wood","s80",0,61,0,0,,,6099000,293,"",""
11561,"Sealed Dynasty Gloves","gloves",true,true,true,true,true,true,"none",520,"wood","s80",0,61,0,0,,,6099000,293,"",""
11562,"Sealed Dynasty Leather Gloves","gloves",true,true,true,true,true,true,"none",520,"wood","s80",0,61,0,0,,,6099000,293,"",""
11563,"Sealed Dynasty Leather Leggings","legs",true,true,true,true,true,true,"light",1370,"wood","s80",0,100,0,0,,,11436000,549,"",""
11564,"Sealed Dynasty Leather Armor","chest",true,true,true,true,true,true,"light",4180,"wood","s80",0,161,0,0,,,18298000,878,"",""
11565,"Sealed Dynasty Leather Boots","feet",true,true,true,true,true,true,"none",1090,"wood","s80",0,61,0,0,,,6099000,293,"",""
11566,"Sealed Dynasty Leather Helmet","head",true,true,true,true,true,true,"none",530,"wood","s80",0,92,0,0,,,9149000,439,"",""
11567,"Sealed Dynasty Boots","feet",true,true,true,true,true,true,"none",1090,"wood","s80",0,61,0,0,,,6099000,293,"",""
11568,"Sealed Dynasty Breastplate","chest",true,true,true,true,true,true,"heavy",7570,"wood","s80",0,214,0,0,,,24398000,1171,"",""
11570,"Sealed Dynasty Shoes","feet",true,true,true,true,true,true,"none",1090,"wood","s80",0,61,0,0,,,6099000,293,"",""
11571,"Sealed Dynasty Circlet","head",true,true,true,true,true,true,"none",530,"wood","s80",0,92,0,0,,,9149000,439,"",""
11572,"Sealed Dynasty Tunic","chest",true,true,true,true,true,true,"magic",1780,"wood","s80",0,107,0,592,,,18298000,878,"",""
11573,"Sealed Dynasty Helmet","head",true,true,true,true,true,true,"none",530,"wood","s80",0,92,0,0,,,9149000,439,"",""
11574,"Sealed Dynasty Stockings","legs",true,true,true,true,true,true,"magic",860,"wood","s80",0,67,0,370,,,11436000,549,"",""
11575,"Adamantite Earring","rear,lear",true,true,true,true,true,true,"none",150,"wood","b",0,0,51,0,,,606000,62,"","3807-1"
11576,"Adamantite Necklace","neck",true,true,true,true,true,true,"none",150,"wood","b",0,0,68,0,,,808000,83,"","3808-1"
11577,"Adamantite Ring","rfinger,lfinger",true,true,true,true,true,true,"none",150,"wood","b",0,0,34,0,,,404000,41,"","3809-1"
11578,"Earring of Black Ore","rear,lear",true,true,true,true,true,true,"none",150,"wood","b",0,0,54,0,,,924000,95,"","3810-1"
11579,"Necklace of Black Ore","neck",true,true,true,true,true,true,"none",150,"wood","b",0,0,72,0,,,1230000,126,"","3811-1"
11580,"Ring of Black Ore","rfinger,lfinger",true,true,true,true,true,true,"none",150,"wood","b",0,0,36,0,,,616000,63,"","3812-1"
11581,"Sealed Phoenix Necklace","neck",true,true,true,true,true,true,"none",150,"wood","a",0,0,76,0,,,2600000,107,"",""
11582,"Sealed Phoenix Ring","rfinger,lfinger",true,true,true,true,true,true,"none",150,"wood","a",0,0,38,0,,,1300000,54,"",""
11583,"Sealed Phoenix Earring","rear,lear",true,true,true,true,true,true,"none",150,"wood","a",0,0,57,0,,,1950000,80,"",""
11584,"Phoenix Necklace","neck",true,true,true,true,true,true,"none",150,"wood","a",0,0,80,26,,,2600000,107,"","3813-1"
11585,"Phoenix Ring","rfinger,lfinger",true,true,true,true,true,true,"none",150,"wood","a",0,0,40,13,,,1300000,54,"","3814-1"
11586,"Phoenix Earring","rear,lear",true,true,true,true,true,true,"none",150,"wood","a",0,0,60,20,,,1950000,80,"","3815-1"
11587,"Majestic Necklace","neck",true,true,true,true,true,true,"none",150,"wood","a",0,0,85,33,,,3450000,160,"","3816-1"
11588,"Majestic Ring","rfinger,lfinger",true,true,true,true,true,true,"none",150,"wood","a",0,0,42,17,,,1730000,80,"","3817-1"
11589,"Majestic Earring","rear,lear",true,true,true,true,true,true,"none",150,"wood","a",0,0,63,25,,,2590000,120,"","3818-1"
11590,"Sealed Majestic Necklace","neck",true,true,true,true,true,true,"none",150,"wood","a",0,0,80,0,,,3450000,160,"",""
11591,"Sealed Majestic Ring","rfinger,lfinger",true,true,true,true,true,true,"none",150,"wood","a",0,0,40,0,,,1730000,80,"",""
11592,"Sealed Majestic Earring","rear,lear",true,true,true,true,true,true,"none",150,"wood","a",0,0,60,0,,,2590000,120,"",""
11593,"Sealed Tateossian Necklace","neck",true,true,true,true,true,true,"none",150,"wood","s",0,0,91,0,,,5920000,209,"",""
11594,"Sealed Tateossian Ring","rfinger,lfinger",true,true,true,true,true,true,"none",150,"wood","s",0,0,46,0,,,2960000,105,"",""
11595,"Sealed Tateossian Earring","rear,lear",true,true,true,true,true,true,"none",150,"wood","s",0,0,68,0,,,4440000,157,"",""
11596,"Tateossian Necklace","neck",true,true,true,true,true,true,"none",150,"wood","s",0,0,95,42,,,5920000,209,"","3819-1"
11597,"Tateossian Ring","rfinger,lfinger",true,true,true,true,true,true,"none",150,"wood","s",0,0,48,21,,,2960000,105,"","3820-1"
11598,"Tateossian Earring","rear,lear",true,true,true,true,true,true,"none",150,"wood","s",0,0,71,31,,,4440000,157,"","3821-1"
11599,"Dynasty Necklace","neck",true,true,true,true,true,true,"none",150,"wood","s80",0,0,120,46,,,5376000,258,"","3822-1"
11600,"Dynasty Ring","rfinger,lfinger",true,true,true,true,true,true,"none",150,"wood","s80",0,0,60,23,,,2688000,129,"","3823-1"
11601,"Dynasty Earring","rear,lear",true,true,true,true,true,true,"none",150,"wood","s80",0,0,90,35,,,4032000,194,"","3824-1"
11602,"Sealed Dynasty Necklace","neck",true,true,true,true,true,true,"none",150,"wood","s80",0,0,106,0,,,5376000,258,"",""
11603,"Sealed Dynasty Ring","rfinger,lfinger",true,true,true,true,true,true,"none",150,"wood","s80",0,0,53,0,,,2688000,129,"",""
11604,"Sealed Dynasty Earring","rear,lear",true,true,true,true,true,true,"none",150,"wood","s80",0,0,79,0,,,4032000,194,"",""
12006,"Common Item - Leather Boots","feet",true,true,true,true,true,true,"none",433,"wood","d",0,19,0,0,,,890,2,"",""
12007,"Common Item - Crafted Leather Gloves","gloves",true,true,true,true,true,true,"none",217,"wood","d",0,19,0,0,,,890,2,"",""
12008,"Common Item - Ring Mail Breastplate","chest",true,true,true,true,true,true,"heavy",2940,"wood","d",0,77,0,0,,,3560,6,"",""
12009,"Common Item - Bone Helmet","head",true,true,true,true,true,true,"none",213,"wood","d",0,29,0,0,,,1340,2,"",""
12010,"Common Item - Cursed Tunic","chest",true,true,true,true,true,true,"magic",697,"wood","d",0,39,0,106,,,2670,5,"",""
12011,"Common Item - Cursed Stockings","legs",true,true,true,true,true,true,"magic",340,"wood","d",0,24,0,66,,,1670,3,"",""
12012,"Common Item - Iron Plate Gaiters","legs",true,true,true,true,true,true,"heavy",1273,"wood","d",0,48,0,0,,,2230,4,"",""
12014,"Common Item - Puma Skin Gaiters","legs",true,true,true,true,true,true,"light",533,"wood","d",0,36,0,0,,,1670,3,"",""
12015,"Common Item - Puma Skin Shirt","chest",true,true,true,true,true,true,"light",1567,"wood","d",0,58,0,0,,,2670,5,"",""
12016,"Common Item - Leather Gauntlet","gloves",true,true,true,true,true,true,"none",213,"wood","d",0,22,0,0,,,1350,2,"",""
12017,"Common Item - Dark Stockings","legs",true,true,true,true,true,true,"magic",333,"wood","d",0,27,0,79,,,2520,5,"",""
12018,"Common Item - Mystic's Tunic","chest",true,true,true,true,true,true,"magic",677,"wood","d",0,43,0,126,,,4040,7,"",""
12019,"Common Item - Mystic's Stockings","legs",true,true,true,true,true,true,"magic",330,"wood","d",0,27,0,79,,,2520,5,"",""
12020,"Common Item - Lion Skin Gaiters","legs",true,true,true,true,true,true,"light",523,"wood","d",0,41,0,0,,,2520,5,"",""
12021,"Common Item - Lion Skin Shirt","chest",true,true,true,true,true,true,"light",1527,"wood","d",0,65,0,0,,,4040,7,"",""
12022,"Common Item - White Tunic","chest",true,true,true,true,true,true,"magic",680,"wood","d",0,43,0,126,,,4040,7,"",""
12023,"Common Item - Scale Gaiters","legs",true,true,true,true,true,true,"heavy",1287,"wood","d",0,54,0,0,,,3360,6,"",""
12024,"Common Item - Scale Mail","chest",true,true,true,true,true,true,"heavy",2907,"wood","d",0,87,0,0,,,5380,10,"",""
12026,"Common Item - Elven Tunic","chest",true,true,true,true,true,true,"magic",693,"wood","d",0,43,0,126,,,4040,7,"",""
12027,"Common Item - Elven Stockings","legs",true,true,true,true,true,true,"magic",337,"wood","d",0,27,0,79,,,2520,5,"",""
12028,"Common Item - Bronze Helmet","head",true,true,true,true,true,true,"none",210,"wood","d",0,33,0,0,,,2020,4,"",""
12029,"Common Item - Blue Buckskin Boots","feet",true,true,true,true,true,true,"none",433,"wood","d",0,22,0,0,,,1350,2,"",""
12030,"Common Item - Dwarven Scale Mail","chest",true,true,true,true,true,true,"heavy",2847,"wood","d",0,95,0,0,,,7160,13,"",""
12031,"Common Item - Mithril Breastplate","chest",true,true,true,true,true,true,"heavy",2890,"wood","d",0,95,0,0,,,7160,13,"",""
12032,"Common Item - Compound Scale Mail","chest",true,true,true,true,true,true,"heavy",2873,"wood","d",0,95,0,0,,,7160,13,"",""
12033,"Common Item - Iron Boots","feet",true,true,true,true,true,true,"none",427,"wood","d",0,24,0,0,,,1960,4,"",""
12034,"Common Item - Reinforced Leather Gaiters","legs",true,true,true,true,true,true,"light",523,"wood","d",0,46,0,0,,,3680,7,"",""
12035,"Common Item - Reinforced Leather Boots","feet",true,true,true,true,true,true,"none",427,"wood","d",0,24,0,0,,,1960,4,"",""
12036,"Common Item - Reinforced Leather Shirt","chest",true,true,true,true,true,true,"light",1523,"wood","d",0,73,0,0,,,5890,11,"",""
12037,"Common Item - Reinforced Leather Gloves","gloves",true,true,true,true,true,true,"none",213,"wood","d",0,24,0,0,,,1960,4,"",""
12038,"Common Item - Gauntlet","gloves",true,true,true,true,true,true,"none",213,"wood","d",0,24,0,0,,,1960,4,"",""
12039,"Common Item - Dwarven Scale Gaiters","legs",true,true,true,true,true,true,"heavy",1280,"wood","d",0,61,0,0,,,4910,9,"",""
12040,"Common Item - Linen Shirt","underwear",true,true,true,true,true,true,"none",43,"wood","d",0,12,0,0,,,4910,39,"",""
12041,"Common Item - Mithril Gaiters","legs",true,true,true,true,true,true,"heavy",1277,"wood","d",0,61,0,0,,,4910,9,"",""
12042,"Common Item - Mithril Banded Gaiters","legs",true,true,true,true,true,true,"light",527,"wood","d",0,46,0,0,,,3680,7,"",""
12043,"Common Item - Mithril Banded Mail","chest",true,true,true,true,true,true,"light",1523,"wood","d",0,73,0,0,,,5890,11,"",""
12044,"Common Item - Blast Plate","chest",true,true,true,true,true,true,"heavy",2807,"wood","d",0,97,0,0,,,7860,14,"",""
12045,"Common Item - Boots of Knowledge","feet",true,true,true,true,true,true,"none",423,"wood","d",0,24,0,0,,,1960,4,"",""
12046,"Common Item - Gloves of Knowledge","gloves",true,true,true,true,true,true,"none",213,"wood","d",0,24,0,0,,,1960,4,"",""
12047,"Common Item - Tunic of Knowledge","chest",true,true,true,true,true,true,"magic",673,"wood","d",0,49,0,147,,,5890,11,"",""
12048,"Common Item - Stockings of Knowledge","legs",true,true,true,true,true,true,"magic",333,"wood","d",0,30,0,92,,,3680,7,"",""
12049,"Common Item - Compound Scale Gaiters","legs",true,true,true,true,true,true,"heavy",1257,"wood","d",0,61,0,0,,,4910,9,"",""
12050,"Common Item - Helmet","head",true,true,true,true,true,true,"none",213,"wood","d",0,37,0,0,,,2950,5,"",""
12052,"Common Item - Manticore Skin Gaiters","legs",true,true,true,true,true,true,"light",517,"wood","d",0,48,0,0,,,5220,9,"",""
12053,"Common Item - Manticore Skin Boots","feet",true,true,true,true,true,true,"none",420,"wood","d",0,27,0,0,,,2780,5,"",""
12054,"Common Item - Manticore Skin Shirt","chest",true,true,true,true,true,true,"light",1507,"wood","d",0,77,0,0,,,8350,15,"",""
12055,"Common Item - Manticore Skin Gloves","gloves",true,true,true,true,true,true,"none",210,"wood","d",0,27,0,0,,,2780,5,"",""
12056,"Common Item - Mithril Scale Gaiters","legs",true,true,true,true,true,true,"heavy",1290,"wood","d",0,64,0,0,,,6960,13,"",""
12057,"Common Item - Mithril Tunic","chest",true,true,true,true,true,true,"magic",670,"wood","d",0,52,0,169,,,8350,15,"",""
12058,"Common Item - Mithril Stockings","legs",true,true,true,true,true,true,"magic",327,"wood","d",0,32,0,105,,,5220,9,"",""
12059,"Common Item - Brigandine","chest",true,true,true,true,true,true,"heavy",2773,"wood","d",0,103,0,0,,,11100,20,"",""
12060,"Common Item - Brigandine Gaiters","legs",true,true,true,true,true,true,"heavy",1273,"wood","d",0,64,0,0,,,6960,13,"",""
12061,"Common Item - Brigandine Gauntlet","gloves",true,true,true,true,true,true,"none",210,"wood","d",0,27,0,0,,,2780,5,"",""
12062,"Common Item - Brigandine Boots","feet",true,true,true,true,true,true,"none",417,"wood","d",0,27,0,0,,,2780,5,"",""
12064,"Common Item - Brigandine Helmet","head",true,true,true,true,true,true,"none",210,"wood","d",0,41,0,0,,,4170,8,"",""
12065,"Common Item - Elven Mithril Gloves","gloves",true,true,true,true,true,true,"none",213,"wood","d",0,27,0,0,,,2780,5,"",""
12066,"Common Item - Elven Mithril Boots","feet",true,true,true,true,true,true,"none",417,"wood","d",0,27,0,0,,,2780,5,"",""
12067,"Common Item - Striped Linen Shirt","underwear",true,true,true,true,true,true,"none",43,"wood","d",0,14,0,0,,,6960,75,"",""
12068,"Common Item - Rip Gauntlet","gloves",true,true,true,true,true,true,"none",210,"wood","d",0,27,0,0,,,2780,5,"",""
12070,"Common Item - Boots of Power","feet",true,true,true,true,true,true,"none",417,"wood","d",0,27,0,0,,,2780,5,"",""
12071,"Common Item - Assault Boots","feet",true,true,true,true,true,true,"none",413,"wood","d",0,29,0,0,,,3560,6,"",""
12072,"Common Item - Mithril Gloves","gloves",true,true,true,true,true,true,"none",210,"wood","d",0,29,0,0,,,3560,6,"",""
12074,"Common Item - Salamander Skin Mail","fullarmor",true,true,true,true,true,true,"light",2033,"wood","d",0,136,0,0,,,17300,31,"",""
12075,"Common Item - Salamander Skin Boots","feet",true,true,true,true,true,true,"none",410,"wood","d",0,29,0,0,,,3560,6,"",""
12076,"Common Item - Ogre Power Gauntlet","gloves",true,true,true,true,true,true,"none",207,"wood","d",0,29,0,0,,,3560,6,"",""
12077,"Common Item - Plate Boots","feet",true,true,true,true,true,true,"none",413,"wood","d",0,29,0,0,,,3560,6,"",""
12079,"Common Item - Plate Helmet","head",true,true,true,true,true,true,"none",210,"wood","d",0,44,0,0,,,5340,10,"",""
12080,"Common Item - Plate Gaiters","legs",true,true,true,true,true,true,"heavy",1257,"wood","d",0,70,0,0,,,8890,16,"",""
12081,"Common Item - Half Plate Armor","chest",true,true,true,true,true,true,"heavy",2740,"wood","d",0,111,0,0,,,14200,26,"",""
12082,"Common Item - Sage's Worn Gloves","gloves",true,true,true,true,true,true,"none",210,"wood","d",0,29,0,0,,,3560,6,"",""
12083,"Common Item - Sage's Rag","fullarmor",true,true,true,true,true,true,"magic",860,"wood","d",0,90,0,320,,,17300,31,"",""
12084,"Common Item - Tempered Mithril Gaiters","legs",true,true,true,true,true,true,"light",510,"wood","c",0,56,0,0,,,8430,3,"",""
12085,"Common Item - Tempered Mithril Boots","feet",true,true,true,true,true,true,"none",410,"wood","c",0,32,0,0,,,4500,2,"",""
12086,"Common Item - Tempered Mithril Shirt","chest",true,true,true,true,true,true,"light",1490,"wood","c",0,90,0,0,,,13500,5,"",""
12087,"Common Item - Reinforced Mithril Gloves","gloves",true,true,true,true,true,true,"none",207,"wood","c",0,32,0,0,,,4500,2,"",""
12088,"Common Item - Dwarven Chain Boots","feet",true,true,true,true,true,true,"none",403,"wood","c",0,32,0,0,,,4500,2,"",""
12089,"Common Item - Boots of Seal","feet",true,true,true,true,true,true,"none",407,"wood","c",0,32,0,0,,,4500,2,"",""
12090,"Common Item - Chain Hood","head",true,true,true,true,true,true,"none",207,"wood","c",0,47,0,0,,,6750,3,"",""
12092,"Common Item - Chain Gloves","gloves",true,true,true,true,true,true,"none",207,"wood","c",0,32,0,0,,,4500,2,"",""
12093,"Common Item - Chain Boots","feet",true,true,true,true,true,true,"none",407,"wood","c",0,32,0,0,,,4500,2,"",""
12094,"Common Item - Chain Gaiters","legs",true,true,true,true,true,true,"heavy",1227,"wood","c",0,75,0,0,,,11200,4,"",""
12095,"Common Item - Chain Mail Shirt","chest",true,true,true,true,true,true,"heavy",2707,"wood","c",0,120,0,0,,,18000,7,"",""
12097,"Common Item - Karmian Gloves","gloves",true,true,true,true,true,true,"none",207,"wood","c",0,32,0,0,,,4500,2,"",""
12098,"Common Item - Karmian Boots","feet",true,true,true,true,true,true,"none",410,"wood","c",0,32,0,0,,,4500,2,"",""
12099,"Common Item - Karmian Tunic","chest",true,true,true,true,true,true,"magic",660,"wood","c",0,60,0,225,,,13500,5,"",""
12100,"Common Item - Karmian Stockings","legs",true,true,true,true,true,true,"magic",323,"wood","c",0,37,0,141,,,8430,3,"",""
12101,"Common Item - Plate Leather Boots","feet",true,true,true,true,true,true,"none",407,"wood","c",0,32,0,0,,,4500,2,"",""
12103,"Common Item - Plate Leather Gaiters","legs",true,true,true,true,true,true,"light",520,"wood","c",0,59,0,0,,,11200,4,"",""
12104,"Common Item - Plate Leather Gloves","gloves",true,true,true,true,true,true,"none",203,"wood","c",0,33,0,0,,,4500,2,"",""
12105,"Common Item - Plate Leather Armor","chest",true,true,true,true,true,true,"light",1483,"wood","c",0,94,0,0,,,18000,7,"",""
12106,"Common Item - Great Helmet","head",true,true,true,true,true,true,"none",203,"wood","c",0,51,0,0,,,8420,3,"",""
12108,"Common Item - Dwarven Chain Gloves","gloves",true,true,true,true,true,true,"none",200,"wood","c",0,34,0,0,,,5620,2,"",""
12109,"Common Item - Dwarven Chain Gaiters","legs",true,true,true,true,true,true,"heavy",1207,"wood","c",0,80,0,0,,,14000,6,"",""
12110,"Common Item - Dwarven Chain Mail Shirt","chest",true,true,true,true,true,true,"heavy",2690,"wood","c",0,129,0,0,,,22500,9,"",""
12111,"Common Item - Rind Leather Gaiters","legs",true,true,true,true,true,true,"light",517,"wood","c",0,60,0,0,,,10500,4,"",""
12112,"Common Item - Rind Leather Gloves","gloves",true,true,true,true,true,true,"none",200,"wood","c",0,34,0,0,,,5620,2,"",""
12113,"Common Item - Rind Leather Armor","chest",true,true,true,true,true,true,"light",1473,"wood","c",0,97,0,0,,,16800,7,"",""
12114,"Common Item - Rind Leather Boots","feet",true,true,true,true,true,true,"none",407,"wood","c",0,34,0,0,,,5620,2,"",""
12115,"Common Item - Robe of Seal","fullarmor",true,true,true,true,true,true,"magic",833,"wood","c",0,105,0,413,,,27400,11,"",""
12116,"Common Item - Gloves of Seal","gloves",true,true,true,true,true,true,"none",207,"wood","c",0,34,0,0,,,5620,2,"",""
12117,"Common Item - Silk Shirt","underwear",true,true,true,true,true,true,"none",43,"wood","c",0,17,0,0,,,14000,27,"",""
12118,"Common Item - Crimson Boots","feet",true,true,true,true,true,true,"none",403,"wood","c",0,34,0,0,,,5620,2,"",""
12119,"Common Item - Mithril Gauntlet","gloves",true,true,true,true,true,true,"none",200,"wood","c",0,36,0,0,,,10400,4,"",""
12120,"Common Item - Shining Circlet","head",true,true,true,true,true,true,"none",200,"wood","c",0,54,0,0,,,15600,6,"",""
12121,"Common Item - Demon's Boots","feet",true,true,true,true,true,true,"none",407,"wood","c",0,36,0,0,,,10400,4,"",""
12122,"Common Item - Demon's Gloves","gloves",true,true,true,true,true,true,"none",203,"wood","c",0,36,0,0,,,10400,4,"",""
12123,"Common Item - Demon's Tunic","chest",true,true,true,true,true,true,"magic",663,"wood","c",0,69,0,284,,,31200,12,"",""
12124,"Common Item - Demon's Stockings","legs",true,true,true,true,true,true,"magic",327,"wood","c",0,43,0,177,,,19500,8,"",""
12125,"Common Item - Composite Boots","feet",true,true,true,true,true,true,"none",407,"wood","c",0,36,0,0,,,10400,4,"",""
12127,"Common Item - Composite Helmet","head",true,true,true,true,true,true,"none",203,"wood","c",0,54,0,0,,,15600,6,"",""
12128,"Common Item - Composite Armor","fullarmor",true,true,true,true,true,true,"heavy",3660,"wood","c",0,224,0,0,,,67700,27,"",""
12130,"Common Item - Theca Leather Gaiters","legs",true,true,true,true,true,true,"light",510,"wood","c",0,66,0,0,,,21000,8,"",""
12131,"Common Item - Theca Leather Gloves","gloves",true,true,true,true,true,true,"none",200,"wood","c",0,37,0,0,,,11200,4,"",""
12132,"Common Item - Theca Leather Boots","feet",true,true,true,true,true,true,"none",403,"wood","c",0,37,0,0,,,11200,4,"",""
12133,"Common Item - Theca Leather Armor","chest",true,true,true,true,true,true,"light",1457,"wood","c",0,106,0,0,,,33600,13,"",""
12134,"Common Item - Drake Leather Gloves","gloves",true,true,true,true,true,true,"none",200,"wood","c",0,39,0,0,,,16300,7,"",""
12135,"Common Item - Drake Leather Armor","fullarmor",true,true,true,true,true,true,"light",1933,"wood","c",0,179,0,0,,,79500,32,"",""
12136,"Common Item - Drake Leather Boots","feet",true,true,true,true,true,true,"none",403,"wood","c",0,39,0,0,,,16300,7,"",""
12137,"Common Item - Divine Gloves","gloves",true,true,true,true,true,true,"none",203,"wood","c",0,39,0,0,,,16300,7,"",""
12138,"Common Item - Divine Tunic","chest",true,true,true,true,true,true,"magic",660,"wood","c",0,74,0,314,,,48900,20,"",""
12139,"Common Item - Divine Stockings","legs",true,true,true,true,true,true,"magic",320,"wood","c",0,46,0,196,,,30600,12,"",""
12140,"Common Item - Stripe Silk Shirt","underwear",true,true,true,true,true,true,"none",43,"wood","c",0,19,0,0,,,40800,60,"",""
12141,"Common Item - Full Plate Gauntlet","gloves",true,true,true,true,true,true,"none",200,"wood","c",0,39,0,0,,,16300,7,"",""
12142,"Common Item - Full Plate Boots","feet",true,true,true,true,true,true,"none",400,"wood","c",0,39,0,0,,,16300,7,"",""
12144,"Common Item - Full Plate Armor","fullarmor",true,true,true,true,true,true,"heavy",3493,"wood","c",0,239,0,0,,,106000,42,"",""
12145,"Common Item - Full Plate Helmet","head",true,true,true,true,true,true,"none",200,"wood","c",0,58,0,0,,,24500,10,"",""
12146,"Common Item - Sealed Zubei's Gauntlet","gloves",true,true,true,true,true,true,"none",197,"wood","b",0,41,0,0,,,20900,3,"",""
12147,"Common Item - Sealed Zubei's Boots","feet",true,true,true,true,true,true,"none",393,"wood","b",0,41,0,0,,,20900,3,"",""
12148,"Common Item - Sealed Avadon Gloves","gloves",true,true,true,true,true,true,"none",197,"wood","b",0,41,0,0,,,20900,3,"",""
12149,"Common Item - Sealed Avadon Boots","feet",true,true,true,true,true,true,"none",390,"wood","b",0,41,0,0,,,20900,3,"",""
12150,"Common Item - Zubei's Leather Gaiters","legs",true,true,true,true,true,true,"light",493,"wood","b",0,73,0,0,,,39100,5,"",""
12151,"Common Item - Zubei's Leather Shirt","chest",true,true,true,true,true,true,"light",1443,"wood","b",0,117,0,0,,,62600,8,"",""
12152,"Common Item - Zubei's Gaiters","legs",true,true,true,true,true,true,"heavy",1190,"wood","b",0,98,0,0,,,52200,7,"",""
12153,"Common Item - Zubei's Gauntlet","gloves",true,true,true,true,true,true,"none",197,"wood","b",0,41,0,0,,,20900,3,"",""
12154,"Common Item - Zubei's Gauntlet","gloves",true,true,true,true,true,true,"none",197,"wood","b",0,41,0,0,,,20900,3,"",""
12155,"Common Item - Zubei's Gauntlet","gloves",true,true,true,true,true,true,"none",197,"wood","b",0,41,0,0,,,20900,3,"",""
12156,"Common Item - Zubei's Boots","feet",true,true,true,true,true,true,"none",393,"wood","b",0,41,0,0,,,20900,3,"",""
12157,"Common Item - Zubei's Boots","feet",true,true,true,true,true,true,"none",393,"wood","b",0,41,0,0,,,20900,3,"",""
12158,"Common Item - Zubei's Boots","feet",true,true,true,true,true,true,"none",393,"wood","b",0,41,0,0,,,20900,3,"",""
12160,"Common Item - Zubei's Helmet","head",true,true,true,true,true,true,"none",197,"wood","b",0,62,0,0,,,31300,4,"",""
12161,"Common Item - Zubei's Breastplate","chest",true,true,true,true,true,true,"heavy",2657,"wood","b",0,157,0,0,,,83500,11,"",""
12162,"Common Item - Avadon Gloves","gloves",true,true,true,true,true,true,"none",197,"wood","b",0,41,0,0,,,20900,3,"",""
12163,"Common Item - Avadon Gloves","gloves",true,true,true,true,true,true,"none",197,"wood","b",0,41,0,0,,,20900,3,"",""
12164,"Common Item - Avadon Gloves","gloves",true,true,true,true,true,true,"none",197,"wood","b",0,41,0,0,,,20900,3,"",""
12165,"Common Item - Avadon Leather Armor","fullarmor",true,true,true,true,true,true,"light",1867,"wood","b",0,191,0,0,,,102000,14,"",""
12166,"Common Item - Avadon Robe","fullarmor",true,true,true,true,true,true,"magic",847,"wood","b",0,127,0,561,,,102000,14,"",""
12167,"Common Item - Avadon Boots","feet",true,true,true,true,true,true,"none",393,"wood","b",0,41,0,0,,,20900,3,"",""
12168,"Common Item - Avadon Boots","feet",true,true,true,true,true,true,"none",393,"wood","b",0,41,0,0,,,20900,3,"",""
12169,"Common Item - Avadon Boots","feet",true,true,true,true,true,true,"none",393,"wood","b",0,41,0,0,,,20900,3,"",""
12170,"Common Item - Avadon Circlet","head",true,true,true,true,true,true,"none",197,"wood","b",0,62,0,0,,,31300,4,"",""
12172,"Common Item - Avadon Plate Gaiters","legs",true,true,true,true,true,true,"heavy",1173,"wood","b",0,98,0,0,,,52200,7,"",""
12173,"Common Item - Avadon Breastplate","chest",true,true,true,true,true,true,"heavy",2640,"wood","b",0,157,0,0,,,83500,11,"",""
12174,"Common Item - Thin Leather Shirt","underwear",true,true,true,true,true,true,"none",43,"wood","b",0,21,0,0,,,52200,29,"",""
12175,"Common Item - Tunic of Zubei","chest",true,true,true,true,true,true,"magic",653,"wood","b",0,78,0,345,,,62600,8,"",""
12176,"Common Item - Stockings of Zubei","legs",true,true,true,true,true,true,"magic",313,"wood","b",0,49,0,216,,,39100,5,"",""
12177,"Common Item - Doom Gloves","gloves",true,true,true,true,true,true,"none",193,"wood","b",0,44,0,0,,,37600,5,"",""
12178,"Common Item - Doom Gloves","gloves",true,true,true,true,true,true,"none",193,"wood","b",0,44,0,0,,,37600,5,"",""
12179,"Common Item - Doom Gloves","gloves",true,true,true,true,true,true,"none",193,"wood","b",0,44,0,0,,,37600,5,"",""
12180,"Common Item - Doom Boots","feet",true,true,true,true,true,true,"none",377,"wood","b",0,44,0,0,,,37600,5,"",""
12181,"Common Item - Doom Boots","feet",true,true,true,true,true,true,"none",377,"wood","b",0,44,0,0,,,37600,5,"",""
12182,"Common Item - Doom Boots","feet",true,true,true,true,true,true,"none",377,"wood","b",0,44,0,0,,,37600,5,"",""
12184,"Common Item - Doom Plate Armor","fullarmor",true,true,true,true,true,true,"heavy",3327,"wood","b",0,270,0,0,,,244000,33,"",""
12185,"Common Item - Doom Helmet","head",true,true,true,true,true,true,"none",193,"wood","b",0,66,0,0,,,56300,8,"",""
12186,"Common Item - Leather Armor of Doom","fullarmor",true,true,true,true,true,true,"light",1833,"wood","b",0,202,0,0,,,183000,24,"",""
12187,"Common Item - Sealed Doom Gloves","gloves",true,true,true,true,true,true,"none",193,"wood","b",0,44,0,0,,,37600,5,"",""
12188,"Common Item - Sealed Doom Boots","feet",true,true,true,true,true,true,"none",377,"wood","b",0,44,0,0,,,37600,5,"",""
12189,"Common Item - Sealed Blue Wolf Boots","feet",true,true,true,true,true,true,"none",377,"wood","b",0,44,0,0,,,37600,5,"",""
12190,"Common Item - Sealed Blue Wolf Gloves","gloves",true,true,true,true,true,true,"none",197,"wood","b",0,44,0,0,,,37600,5,"",""
12191,"Common Item - Thin Stripe Leather Shirt","underwear",true,true,true,true,true,true,"none",43,"wood","b",0,22,0,0,,,93900,44,"",""
12192,"Common Item - Tunic of Doom","chest",true,true,true,true,true,true,"magic",633,"wood","b",0,83,0,377,,,112700,15,"",""
12193,"Common Item - Blue Wolf Gaiters","legs",true,true,true,true,true,true,"heavy",1123,"wood","b",0,104,0,0,,,93900,13,"",""
12194,"Common Item - Blue Wolf Leather Armor","fullarmor",true,true,true,true,true,true,"light",1833,"wood","b",0,202,0,0,,,183000,24,"",""
12195,"Common Item - Blue Wolf Boots","feet",true,true,true,true,true,true,"none",377,"wood","b",0,44,0,0,,,37600,5,"",""
12196,"Common Item - Blue Wolf Boots","feet",true,true,true,true,true,true,"none",377,"wood","b",0,44,0,0,,,37600,5,"",""
12197,"Common Item - Blue Wolf Boots","feet",true,true,true,true,true,true,"none",377,"wood","b",0,44,0,0,,,37600,5,"",""
12198,"Common Item - Blue Wolf Gloves","gloves",true,true,true,true,true,true,"none",197,"wood","b",0,44,0,0,,,37600,5,"",""
12199,"Common Item - Blue Wolf Gloves","gloves",true,true,true,true,true,true,"none",197,"wood","b",0,44,0,0,,,37600,5,"",""
12200,"Common Item - Blue Wolf Gloves","gloves",true,true,true,true,true,true,"none",197,"wood","b",0,44,0,0,,,37600,5,"",""
12201,"Common Item - Blue Wolf Tunic","chest",true,true,true,true,true,true,"magic",640,"wood","b",0,83,0,377,,,112700,15,"",""
12202,"Common Item - Blue Wolf Helmet","head",true,true,true,true,true,true,"none",193,"wood","b",0,66,0,0,,,56300,8,"",""
12203,"Common Item - Blue Wolf Stockings","legs",true,true,true,true,true,true,"magic",307,"wood","b",0,52,0,236,,,70400,9,"",""
12204,"Common Item - Blue Wolf Breastplate","chest",true,true,true,true,true,true,"heavy",2607,"wood","b",0,166,0,0,,,150200,20,"",""
12205,"Common Item - Stockings of Doom","legs",true,true,true,true,true,true,"magic",303,"wood","b",0,52,0,236,,,70400,9,"",""
12206,"Common Item - Dark Crystal Gaiters","legs",true,true,true,true,true,true,"heavy",1107,"wood","a",0,107,0,0,,,115000,9,"",""
12207,"Common Item - Dark Crystal Gloves","gloves",true,true,true,true,true,true,"none",193,"wood","a",0,46,0,0,,,45900,4,"",""
12208,"Common Item - Dark Crystal Gloves","gloves",true,true,true,true,true,true,"none",193,"wood","a",0,46,0,0,,,45900,4,"",""
12209,"Common Item - Dark Crystal Gloves","gloves",true,true,true,true,true,true,"none",193,"wood","a",0,46,0,0,,,45900,4,"",""
12210,"Common Item - Dark Crystal Leather Armor","chest",true,true,true,true,true,true,"light",1433,"wood","a",0,128,0,0,,,137700,11,"",""
12211,"Common Item - Dark Crystal Robe","fullarmor",true,true,true,true,true,true,"magic",817,"wood","a",0,139,0,665,,,224000,18,"",""
12212,"Common Item - Dark Crystal Boots","feet",true,true,true,true,true,true,"none",370,"wood","a",0,46,0,0,,,45900,4,"",""
12213,"Common Item - Dark Crystal Boots","feet",true,true,true,true,true,true,"none",370,"wood","a",0,46,0,0,,,45900,4,"",""
12214,"Common Item - Dark Crystal Boots","feet",true,true,true,true,true,true,"none",370,"wood","a",0,46,0,0,,,45900,4,"",""
12216,"Common Item - Dark Crystal Helmet","head",true,true,true,true,true,true,"none",190,"wood","a",0,69,0,0,,,68800,6,"",""
12217,"Common Item - Dark Crystal Breastplate","chest",true,true,true,true,true,true,"heavy",2567,"wood","a",0,171,0,0,,,183500,15,"",""
12218,"Common Item - Dark Crystal Leggings","legs",true,true,true,true,true,true,"light",493,"wood","a",0,80,0,0,,,86000,7,"",""
12219,"Common Item - Barbed Shirt","underwear",true,true,true,true,true,true,"none",43,"wood","a",0,23,0,0,,,115000,39,"",""
12220,"Common Item - Sealed Dark Crystal Gaiters","legs",true,true,true,true,true,true,"heavy",1107,"wood","a",0,107,0,0,,,115000,9,"",""
12221,"Common Item - Sealed Dark Crystal Gloves","gloves",true,true,true,true,true,true,"none",193,"wood","a",0,46,0,0,,,45900,4,"",""
12222,"Common Item - Sealed Dark Crystal Leather Armor","chest",true,true,true,true,true,true,"light",1433,"wood","a",0,128,0,0,,,137700,11,"",""
12223,"Common Item - Sealed Dark Crystal Robe","fullarmor",true,true,true,true,true,true,"magic",817,"wood","a",0,139,0,665,,,224000,18,"",""
12224,"Common Item - Sealed Dark Crystal Boots","feet",true,true,true,true,true,true,"none",370,"wood","a",0,46,0,0,,,45900,4,"",""
12226,"Common Item - Sealed Dark Crystal Helmet","head",true,true,true,true,true,true,"none",190,"wood","a",0,69,0,0,,,68800,6,"",""
12227,"Common Item - Sealed Dark Crystal Breastplate","chest",true,true,true,true,true,true,"heavy",2567,"wood","a",0,171,0,0,,,183500,15,"",""
12228,"Common Item - Sealed Dark Crystal Leggings","legs",true,true,true,true,true,true,"light",493,"wood","a",0,80,0,0,,,86000,7,"",""
12229,"Common Item - Sealed Tallum Gloves","gloves",true,true,true,true,true,true,"none",193,"wood","a",0,46,0,0,,,45900,4,"",""
12230,"Common Item - Sealed Tallum Leather Armor","fullarmor",true,true,true,true,true,true,"light",1800,"wood","a",0,209,0,0,,,224000,18,"",""
12231,"Common Item - Sealed Tallum Boots","feet",true,true,true,true,true,true,"none",377,"wood","a",0,46,0,0,,,45900,4,"",""
12232,"Common Item - Sealed Tallum Tunic","chest",true,true,true,true,true,true,"magic",620,"wood","a",0,86,0,409,,,137700,11,"",""
12233,"Common Item - Sealed Tallum Plate Armor","fullarmor",true,true,true,true,true,true,"heavy",3260,"wood","a",0,278,0,0,,,298000,24,"",""
12234,"Common Item - Sealed Tallum Helmet","head",true,true,true,true,true,true,"none",190,"wood","a",0,69,0,0,,,68800,6,"",""
12235,"Common Item - Sealed Tallum Stockings","legs",true,true,true,true,true,true,"magic",307,"wood","a",0,53,0,256,,,86000,7,"",""
12236,"Common Item - Tallum Gloves","gloves",true,true,true,true,true,true,"none",193,"wood","a",0,46,0,0,,,45900,4,"",""
12237,"Common Item - Tallum Gloves","gloves",true,true,true,true,true,true,"none",193,"wood","a",0,46,0,0,,,45900,4,"",""
12238,"Common Item - Tallum Gloves","gloves",true,true,true,true,true,true,"none",193,"wood","a",0,46,0,0,,,45900,4,"",""
12239,"Common Item - Tallum Leather Armor","fullarmor",true,true,true,true,true,true,"light",1800,"wood","a",0,209,0,0,,,224000,18,"",""
12240,"Common Item - Tallum Boots","feet",true,true,true,true,true,true,"none",377,"wood","a",0,46,0,0,,,45900,4,"",""
12241,"Common Item - Tallum Boots","feet",true,true,true,true,true,true,"none",377,"wood","a",0,46,0,0,,,45900,4,"",""
12242,"Common Item - Tallum Boots","feet",true,true,true,true,true,true,"none",377,"wood","a",0,46,0,0,,,45900,4,"",""
12243,"Common Item - Tallum Tunic","chest",true,true,true,true,true,true,"magic",620,"wood","a",0,86,0,409,,,137700,11,"",""
12244,"Common Item - Tallum Plate Armor","fullarmor",true,true,true,true,true,true,"heavy",3260,"wood","a",0,278,0,0,,,298000,24,"",""
12245,"Common Item - Tallum Helmet","head",true,true,true,true,true,true,"none",190,"wood","a",0,69,0,0,,,68800,6,"",""
12246,"Common Item - Tallum Stockings","legs",true,true,true,true,true,true,"magic",307,"wood","a",0,53,0,256,,,86000,7,"",""
12247,"Common Item - Majestic Gauntlet","gloves",true,true,true,true,true,true,"none",180,"wood","a",0,49,0,0,,,73500,6,"",""
12248,"Common Item - Majestic Gauntlet","gloves",true,true,true,true,true,true,"none",180,"wood","a",0,49,0,0,,,73500,6,"",""
12249,"Common Item - Majestic Gauntlet","gloves",true,true,true,true,true,true,"none",180,"wood","a",0,49,0,0,,,73500,6,"",""
12250,"Common Item - Majestic Leather Armor","fullarmor",true,true,true,true,true,true,"light",1783,"wood","a",0,220,0,0,,,358000,29,"",""
12251,"Common Item - Majestic Robe","fullarmor",true,true,true,true,true,true,"magic",777,"wood","a",0,147,0,718,,,358000,29,"",""
12252,"Common Item - Majestic Boots","feet",true,true,true,true,true,true,"none",370,"wood","a",0,49,0,0,,,73500,6,"",""
12253,"Common Item - Majestic Boots","feet",true,true,true,true,true,true,"none",370,"wood","a",0,49,0,0,,,73500,6,"",""
12254,"Common Item - Majestic Boots","feet",true,true,true,true,true,true,"none",370,"wood","a",0,49,0,0,,,73500,6,"",""
12255,"Common Item - Majestic Circlet","head",true,true,true,true,true,true,"none",183,"wood","a",0,73,0,0,,,110200,9,"",""
12256,"Common Item - Majestic Plate Armor","fullarmor",true,true,true,true,true,true,"heavy",3067,"wood","a",0,293,0,0,,,477000,38,"",""
12257,"Common Item - Sealed Majestic Gauntlet","gloves",true,true,true,true,true,true,"none",180,"wood","a",0,49,0,0,,,73500,6,"",""
12258,"Common Item - Sealed Majestic Leather Armor","fullarmor",true,true,true,true,true,true,"light",1783,"wood","a",0,220,0,0,,,358000,29,"",""
12259,"Common Item - Sealed Majestic Robe","fullarmor",true,true,true,true,true,true,"magic",777,"wood","a",0,147,0,718,,,358000,29,"",""
12260,"Common Item - Sealed Majestic Boots","feet",true,true,true,true,true,true,"none",370,"wood","a",0,49,0,0,,,73500,6,"",""
12261,"Common Item - Sealed Majestic Circlet","head",true,true,true,true,true,true,"none",183,"wood","a",0,73,0,0,,,110200,9,"",""
12262,"Common Item - Sealed Majestic Plate Armor","fullarmor",true,true,true,true,true,true,"heavy",3067,"wood","a",0,293,0,0,,,477000,38,"",""
12263,"Common Item - Sealed Armor of Nightmare","fullarmor",true,true,true,true,true,true,"heavy",3193,"wood","a",0,293,0,0,,,477000,38,"",""
12264,"Common Item - Sealed Gauntlet of Nightmare","gloves",true,true,true,true,true,true,"none",183,"wood","a",0,49,0,0,,,73500,6,"",""
12265,"Common Item - Sealed Leather Armor of Nightmare","fullarmor",true,true,true,true,true,true,"light",1767,"wood","a",0,220,0,0,,,358000,29,"",""
12266,"Common Item - Sealed Nightmare Robe","fullarmor",true,true,true,true,true,true,"magic",767,"wood","a",0,147,0,718,,,358000,29,"",""
12267,"Common Item - Sealed Boots of Nightmare","feet",true,true,true,true,true,true,"none",370,"wood","a",0,49,0,0,,,73500,6,"",""
12269,"Common Item - Sealed Helm of Nightmare","head",true,true,true,true,true,true,"none",187,"wood","a",0,73,0,0,,,110200,9,"",""
12270,"Common Item - Armor of Nightmare","fullarmor",true,true,true,true,true,true,"heavy",3193,"wood","a",0,293,0,0,,,477000,38,"",""
12271,"Common Item - Gauntlet of Nightmare","gloves",true,true,true,true,true,true,"none",183,"wood","a",0,49,0,0,,,73500,6,"",""
12272,"Common Item - Gauntlet of Nightmare","gloves",true,true,true,true,true,true,"none",183,"wood","a",0,49,0,0,,,73500,6,"",""
12273,"Common Item - Gauntlet of Nightmare","gloves",true,true,true,true,true,true,"none",183,"wood","a",0,49,0,0,,,73500,6,"",""
12274,"Common Item - Nightmarish Leather Armor","fullarmor",true,true,true,true,true,true,"light",1767,"wood","a",0,220,0,0,,,358000,29,"",""
12275,"Common Item - Nightmare Robe","fullarmor",true,true,true,true,true,true,"magic",767,"wood","a",0,147,0,718,,,358000,29,"",""
12276,"Common Item - Boots of Nightmare","feet",true,true,true,true,true,true,"none",370,"wood","a",0,49,0,0,,,73500,6,"",""
12277,"Common Item - Boots of Nightmare","feet",true,true,true,true,true,true,"none",370,"wood","a",0,49,0,0,,,73500,6,"",""
12278,"Common Item - Boots of Nightmare","feet",true,true,true,true,true,true,"none",370,"wood","a",0,49,0,0,,,73500,6,"",""
12280,"Common Item - Helm of Nightmare","head",true,true,true,true,true,true,"none",187,"wood","a",0,73,0,0,,,110200,9,"",""
12281,"Common Item - Stripe Barbed Shirt","underwear",true,true,true,true,true,true,"none",43,"wood","a",0,26,0,0,,,184000,59,"",""
12282,"Common Item - Draconic Leather Gloves","gloves",true,true,true,true,true,true,"none",180,"wood","s",0,55,0,0,,,0,0,"",""
12283,"Common Item - Draconic Leather Boots","feet",true,true,true,true,true,true,"none",370,"wood","s",0,55,0,0,,,0,0,"",""
12284,"Common Item - Draconic Leather Armor","fullarmor",true,true,true,true,true,true,"light",1650,"wood","s",0,249,0,0,,,0,0,"",""
12285,"Common Item - Draconic Leather Helmet","head",true,true,true,true,true,true,"none",183,"wood","s",0,83,0,0,,,0,0,"",""
12286,"Common Item - Major Arcana Gloves","gloves",true,true,true,true,true,true,"none",180,"wood","s",0,55,0,0,,,0,0,"",""
12287,"Common Item - Major Arcana Robe","fullarmor",true,true,true,true,true,true,"magic",767,"wood","s",0,166,0,866,,,0,0,"",""
12288,"Common Item - Major Arcana Boots","feet",true,true,true,true,true,true,"none",370,"wood","s",0,55,0,0,,,0,0,"",""
12289,"Common Item - Major Arcana Circlet","head",true,true,true,true,true,true,"none",183,"wood","s",0,83,0,0,,,0,0,"",""
12290,"Common Item - Mithril Shirt","underwear",true,true,true,true,true,true,"none",43,"wood","s",0,28,0,0,,,650000,72,"",""
12291,"Common Item - Sealed Draconic Leather Gloves","gloves",true,true,true,true,true,true,"none",180,"wood","s",0,55,0,0,,,0,0,"",""
12292,"Common Item - Sealed Draconic Leather Boots","feet",true,true,true,true,true,true,"none",370,"wood","s",0,55,0,0,,,0,0,"",""
12293,"Common Item - Sealed Draconic Leather Armor","fullarmor",true,true,true,true,true,true,"light",1650,"wood","s",0,236,0,0,,,0,0,"",""
12294,"Common Item - Sealed Draconic Leather Helmet","head",true,true,true,true,true,true,"none",183,"wood","s",0,83,0,0,,,0,0,"",""
12295,"Common Item - Sealed Major Arcana Gloves","gloves",true,true,true,true,true,true,"none",180,"wood","s",0,55,0,0,,,0,0,"",""
12296,"Common Item - Sealed Major Arcana Robe","fullarmor",true,true,true,true,true,true,"magic",767,"wood","s",0,157,0,866,,,0,0,"",""
12297,"Common Item - Sealed Major Arcana Boots","feet",true,true,true,true,true,true,"none",370,"wood","s",0,55,0,0,,,0,0,"",""
12298,"Common Item - Sealed Major Arcana Circlet","head",true,true,true,true,true,true,"none",183,"wood","s",0,83,0,0,,,0,0,"",""
12299,"Common Item - Sealed Imperial Crusader Gaiters","legs",true,true,true,true,true,true,"heavy",1087,"wood","s",0,121,0,0,,,0,0,"",""
12300,"Common Item - Sealed Imperial Crusader Gauntlet","gloves",true,true,true,true,true,true,"none",180,"wood","s",0,55,0,0,,,0,0,"",""
12301,"Common Item - Sealed Imperial Crusader Boots","feet",true,true,true,true,true,true,"none",370,"wood","s",0,55,0,0,,,0,0,"",""
12303,"Common Item - Sealed Imperial Crusader Helmet","head",true,true,true,true,true,true,"none",183,"wood","s",0,83,0,0,,,0,0,"",""
12304,"Common Item - Sealed Imperial Crusader Breastplate","chest",true,true,true,true,true,true,"heavy",2540,"wood","s",0,193,0,0,,,0,0,"",""
12305,"Common Item - Imperial Crusader Gaiters","legs",true,true,true,true,true,true,"heavy",1087,"wood","s",0,128,0,0,,,0,0,"",""
12306,"Common Item - Imperial Crusader Gauntlet","gloves",true,true,true,true,true,true,"none",180,"wood","s",0,55,0,0,,,0,0,"",""
12307,"Common Item - Imperial Crusader Boots","feet",true,true,true,true,true,true,"none",370,"wood","s",0,55,0,0,,,0,0,"",""
12309,"Common Item - Imperial Crusader Helmet","head",true,true,true,true,true,true,"none",183,"wood","s",0,83,0,0,,,0,0,"",""
12310,"Common Item - Imperial Crusader Breastplate","chest",true,true,true,true,true,true,"heavy",2540,"wood","s",0,205,0,0,,,0,0,"",""
12311,"Common Item - Red Crescent","rear,lear",true,true,true,true,true,true,"none",50,"wood","d",0,0,24,0,,,1150,2,"",""
12312,"Common Item - Necklace of Devotion","neck",true,true,true,true,true,true,"none",50,"wood","d",0,0,32,0,,,1530,3,"",""
12313,"Common Item - Ring of Devotion","rfinger,lfinger",true,true,true,true,true,true,"none",50,"wood","d",0,0,16,0,,,765,1,"",""
12314,"Common Item - Enchanted Earring","rear,lear",true,true,true,true,true,true,"none",50,"wood","d",0,0,27,0,,,1720,3,"",""
12315,"Common Item - Enchanted Necklace","neck",true,true,true,true,true,true,"none",50,"wood","d",0,0,36,0,,,2290,4,"",""
12316,"Common Item - Enchanted Ring","rfinger,lfinger",true,true,true,true,true,true,"none",50,"wood","d",0,0,18,0,,,1150,2,"",""
12317,"Common Item - Near Forest Necklace","neck",true,true,true,true,true,true,"none",50,"wood","d",0,0,40,0,,,3320,6,"",""
12318,"Common Item - Tiger's Eye","rear,lear",true,true,true,true,true,true,"none",50,"wood","d",0,0,30,0,,,2490,5,"",""
12319,"Common Item - Black Pearl Ring","rfinger,lfinger",true,true,true,true,true,true,"none",50,"wood","d",0,0,20,0,,,1660,3,"",""
12320,"Common Item - Elven Necklace","neck",true,true,true,true,true,true,"none",50,"wood","d",0,0,45,0,,,4640,8,"",""
12321,"Common Item - Elven Ring","rfinger,lfinger",true,true,true,true,true,true,"none",50,"wood","d",0,0,22,0,,,2320,4,"",""
12322,"Common Item - Elven Earring","rear,lear",true,true,true,true,true,true,"none",50,"wood","d",0,0,34,0,,,3480,6,"",""
12323,"Common Item - Mithril Ring","rfinger,lfinger",true,true,true,true,true,true,"none",50,"wood","d",0,0,24,0,,,2940,5,"",""
12324,"Common Item - Necklace of Darkness","neck",true,true,true,true,true,true,"none",50,"wood","d",0,0,48,0,,,5880,11,"",""
12325,"Common Item - Omen Beast's Eye","rear,lear",true,true,true,true,true,true,"none",50,"wood","d",0,0,36,0,,,4410,8,"",""
12326,"Common Item - Moonstone Earring","rear,lear",true,true,true,true,true,true,"none",50,"wood","c",0,0,39,0,,,5520,2,"",""
12327,"Common Item - Aquastone Necklace","neck",true,true,true,true,true,true,"none",50,"wood","c",0,0,52,0,,,7359,3,"",""
12328,"Common Item - Aquastone Ring","rfinger,lfinger",true,true,true,true,true,true,"none",50,"wood","c",0,0,26,0,,,3679,1,"",""
12329,"Common Item - Earring of Protection","rear,lear",true,true,true,true,true,true,"none",50,"wood","c",0,0,42,0,,,6819,3,"",""
12330,"Common Item - Necklace of Protection","neck",true,true,true,true,true,true,"none",50,"wood","c",0,0,56,0,,,9090,4,"",""
12331,"Common Item - Ring of Protection","rfinger,lfinger",true,true,true,true,true,true,"none",50,"wood","c",0,0,28,0,,,4550,2,"",""
12332,"Common Item - Earring of Binding","rear,lear",true,true,true,true,true,true,"none",50,"wood","c",0,0,45,0,,,12499,5,"",""
12333,"Common Item - Ring of Ages","rfinger,lfinger",true,true,true,true,true,true,"none",50,"wood","c",0,0,30,0,,,8330,3,"",""
12334,"Common Item - Necklace of Mermaid","neck",true,true,true,true,true,true,"none",50,"wood","c",0,0,60,0,,,16700,7,"",""
12335,"Common Item - Nassen's Earring","rear,lear",true,true,true,true,true,true,"none",50,"wood","c",0,0,48,0,,,19300,8,"",""
12336,"Common Item - Necklace of Binding","neck",true,true,true,true,true,true,"none",50,"wood","c",0,0,64,0,,,25699,10,"",""
12337,"Common Item - Ring of Binding","rfinger,lfinger",true,true,true,true,true,true,"none",50,"wood","c",0,0,32,0,,,12899,5,"",""
12338,"Common Item - Adamantite Earring","rear,lear",true,true,true,true,true,true,"none",50,"wood","b",0,0,51,0,,,24350,3,"",""
12339,"Common Item - Adamantite Necklace","neck",true,true,true,true,true,true,"none",50,"wood","b",0,0,68,0,,,32500,4,"",""
12340,"Common Item - Adamantite Ring","rfinger,lfinger",true,true,true,true,true,true,"none",50,"wood","b",0,0,34,0,,,16200,2,"",""
12341,"Common Item - Earring of Black Ore","rear,lear",true,true,true,true,true,true,"none",50,"wood","b",0,0,54,0,,,43100,6,"",""
12342,"Common Item - Necklace of Black Ore","neck",true,true,true,true,true,true,"none",50,"wood","b",0,0,72,0,,,57500,7,"",""
12343,"Common Item - Ring of Black Ore","rfinger,lfinger",true,true,true,true,true,true,"none",50,"wood","b",0,0,36,0,,,28800,4,"",""
12344,"Common Item - Sealed Phoenix Necklace","neck",true,true,true,true,true,true,"none",50,"wood","a",0,0,76,0,,,69000,5,"",""
12345,"Common Item - Sealed Phoenix Earring","rear,lear",true,true,true,true,true,true,"none",50,"wood","a",0,0,57,0,,,51800,4,"",""
12346,"Common Item - Sealed Phoenix Ring","rfinger,lfinger",true,true,true,true,true,true,"none",50,"wood","a",0,0,38,0,,,34500,3,"",""
12347,"Common Item - Phoenix Necklace","neck",true,true,true,true,true,true,"none",50,"wood","a",0,0,80,26,,,69000,5,"",""
12348,"Common Item - Phoenix Ring","rfinger,lfinger",true,true,true,true,true,true,"none",50,"wood","a",0,0,40,13,,,34500,3,"",""
12349,"Common Item - Phoenix Earring","rear,lear",true,true,true,true,true,true,"none",50,"wood","a",0,0,60,20,,,51800,4,"",""
12350,"Common Item - Sealed Majestic Necklace","neck",true,true,true,true,true,true,"none",50,"wood","a",0,0,80,0,,,108300,9,"",""
12351,"Common Item - Sealed Majestic Ring","rfinger,lfinger",true,true,true,true,true,true,"none",50,"wood","a",0,0,40,0,,,54200,4,"",""
12352,"Common Item - Sealed Majestic Earring","rear,lear",true,true,true,true,true,true,"none",50,"wood","a",0,0,60,0,,,81300,7,"",""
12353,"Common Item - Majestic Necklace","neck",true,true,true,true,true,true,"none",50,"wood","a",0,0,85,33,,,108300,9,"",""
12354,"Common Item - Majestic Ring","rfinger,lfinger",true,true,true,true,true,true,"none",50,"wood","a",0,0,42,17,,,54200,4,"",""
12355,"Common Item - Majestic Earring","rear,lear",true,true,true,true,true,true,"none",50,"wood","a",0,0,63,25,,,81300,7,"",""
12356,"Common Item - Sealed Tateossian Necklace","neck",true,true,true,true,true,true,"none",50,"wood","s",0,0,91,0,,,0,0,"",""
12357,"Common Item - Sealed Tateossian Ring","rfinger,lfinger",true,true,true,true,true,true,"none",50,"wood","s",0,0,46,0,,,0,0,"",""
12358,"Common Item - Sealed Tateossian Earring","rear,lear",true,true,true,true,true,true,"none",50,"wood","s",0,0,68,0,,,0,0,"",""
12359,"Common Item - Tateossian Necklace","neck",true,true,true,true,true,true,"none",50,"wood","s",0,0,95,42,,,0,0,"",""
12360,"Common Item - Tateossian Ring","rfinger,lfinger",true,true,true,true,true,true,"none",50,"wood","s",0,0,48,21,,,0,0,"",""
12361,"Common Item - Tateossian Earring","rear,lear",true,true,true,true,true,true,"none",50,"wood","s",0,0,71,31,,,0,0,"",""
12372,"Monkey Hat","hairall",false,true,true,true,true,true,"none",10,"wood","none",0,0,0,0,,,0,0,"",""
12373,"Pig Hat","hairall",false,true,true,true,true,true,"none",10,"wood","none",0,0,0,0,,,0,0,"",""
12740,"Baby Pet Scale Armor","babypet",false,true,true,true,true,true,"pet",160,"wood","none",0,112,0,0,,,2033416,0,"",""
12741,"Baby Pet Bronze Armor","babypet",false,true,true,true,true,true,"pet",160,"wood","none",0,124,0,0,,,3921666,0,"",""
12742,"Baby Pet Plate Armor","babypet",false,true,true,true,true,true,"pet",160,"wood","none",0,136,0,0,,,7719833,0,"",""
12743,"Baby Pet Mithril Armor","babypet",false,true,true,true,true,true,"pet",160,"wood","none",0,148,0,0,,,13609916,0,"",""
12744,"Baby Pet Oriharukon Armor","babypet",false,true,true,true,true,true,"pet",160,"wood","none",0,160,0,0,,,26255666,0,"",""
12745,"Baby Pet Orichalcum Armor","babypet",false,true,true,true,true,true,"pet",160,"wood","none",0,171,0,0,,,52952250,0,"",""
12746,"Crystal Pendant","neck",false,true,true,true,true,true,"pet",150,"wood","none",0,0,22,0,,,4185,0,"",""
12747,"Ruby Pendant","neck",false,true,true,true,true,true,"pet",150,"wood","none",0,0,30,0,,,21862,0,"",""
12748,"Sapphire Pendant","neck",false,true,true,true,true,true,"pet",150,"wood","none",0,0,40,0,,,69221,0,"",""
12749,"Diamond Pendant","neck",false,true,true,true,true,true,"pet",150,"wood","none",0,0,52,0,,,169809,0,"",""
12750,"Enria Pendant","neck",false,true,true,true,true,true,"pet",150,"wood","none",0,0,66,0,,,501403,0,"",""
12751,"Thons Pendant","neck",false,true,true,true,true,true,"pet",150,"wood","none",0,0,80,0,,,1795061,0,"",""
12752,"Asofe Pendant","neck",false,true,true,true,true,true,"pet",150,"wood","none",0,0,94,0,,,5596065,0,"",""
12766,"Gold Circlet","hairall",false,true,true,true,true,true,"none",10,"wood","none",0,0,0,0,,,0,0,"",""
12767,"Silver Circlet","hairall",false,true,true,true,true,true,"none",10,"wood","none",0,0,0,0,,,0,0,"",""
12779,"Agathion Seal Bracelet - Little Angel","lbracelet",false,false,false,true,false,true,"none",150,"wood","none",0,0,0,0,,,0,0,"","3423-1;5535-1;3267-1"
12780,"Agathion Seal Bracelet - Little Devil","lbracelet",false,false,false,true,false,true,"none",150,"wood","none",0,0,0,0,,,0,0,"","3424-1;5536-1;3267-1"
12781,"Ol Mahum Hat","hairall",false,true,true,true,true,true,"none",10,"wood","none",0,0,0,0,,,0,0,"",""
12782,"Kat the Cat Hat - 30 day limited period","hairall",false,false,false,true,false,true,"none",10,"wood","none",0,0,0,0,,2592000,0,0,"",""
12783,"Feline Queen Hat - 30 day limited period","hairall",false,false,false,true,false,true,"none",10,"wood","none",0,0,0,0,,2592000,0,0,"",""
12784,"Ant Hat","hairall",false,false,false,true,true,true,"none",10,"wood","none",0,0,0,0,,,0,0,"",""
12785,"Wolf Hat","hairall",false,false,false,true,true,true,"none",10,"wood","none",0,0,0,0,,,0,0,"",""
12786,"Monster Eye Hat - 30 day limited period","hairall",false,false,false,true,false,true,"none",10,"wood","none",0,0,0,0,,2592000,0,0,"",""
12787,"Brown Bear Hat - 30 day limited period","hairall",false,false,false,true,false,true,"none",10,"wood","none",0,0,0,0,,2592000,0,0,"",""
12788,"Fungus Hat - 30 day limited period","hairall",false,false,false,true,false,true,"none",10,"wood","none",0,0,0,0,,2592000,0,0,"",""
12789,"Skull Hat - 30 day limited period","hairall",false,false,false,true,false,true,"none",10,"wood","none",0,0,0,0,,2592000,0,0,"",""
12790,"Ornithomimus Hat - 30 day limited period","hairall",false,false,false,true,false,true,"none",10,"wood","none",0,0,0,0,,2592000,0,0,"",""
12791,"Feline King Hat - 30 day limited period","hairall",false,false,false,true,false,true,"none",10,"wood","none",0,0,0,0,,2592000,0,0,"",""
12792,"Kai the Cat Hat - 30 day limited period","hairall",false,false,false,true,false,true,"none",10,"wood","none",0,0,0,0,,2592000,0,0,"",""
12811,"Arcana Sigil","lhand",false,true,true,true,true,true,"sigil",940,"silver","s",0,13,0,0,,,3760000,161,"",""
12812,"Dynasty Sigil","lhand",false,true,true,true,true,true,"sigil",930,"silver","s80",0,15,0,0,,,4560000,221,"",""
12813,"Vesper Sigil","lhand",false,true,true,true,true,true,"sigil",920,"silver","s84",0,17,0,0,,,12250000,588,"",""
12815,"Red Talisman - Max CP","talisman",false,false,false,true,false,true,"none",150,"wood","none",0,0,0,0,65,,0,0,"","3664-1"
12816,"Red Talisman - CP Regeneration","talisman",false,false,false,true,false,true,"none",150,"wood","none",0,0,0,0,65,,0,0,"","3665-1"
12817,"Yellow Talisman - Increase Force","talisman",false,false,false,true,false,true,"none",150,"wood","none",0,0,0,0,65,,0,0,"","3666-1"
12818,"Yellow Talisman - Damage Transition","talisman",false,false,false,true,false,true,"none",150,"wood","none",0,0,0,0,65,,0,0,"","3667-1"
12835,"Shadow Item - Teddy Bear Hat","hairall",false,false,false,true,false,true,"none",10,"wood","none",0,0,0,0,300,,0,0,"",""
12836,"Shadow Item - Piggy Hat","hairall",false,false,false,true,false,true,"none",10,"wood","none",0,0,0,0,300,,0,0,"",""
12837,"Shadow Item - Jester Hat","hairall",false,false,false,true,false,true,"none",10,"wood","none",0,0,0,0,300,,0,0,"",""
12838,"Fish Hat (Event)","hairall",false,false,false,true,true,true,"none",10,"wood","none",0,0,0,0,,,0,0,"",""
12839,"Medieval Style Party Mask (Event)","hairall",false,false,false,true,false,true,"none",10,"wood","none",0,0,0,0,,,0,0,"",""
12978,"Zubei's Helmet - Light Armor Use","head",true,true,true,true,true,true,"none",590,"wood","b",0,62,0,0,,,778000,80,"","8233-1"
12979,"Zubei's Helmet - Robe Use","head",true,true,true,true,true,true,"none",590,"wood","b",0,62,0,0,,,778000,80,"","8234-1"
12980,"Avadon Circlet - Light Armor Use","head",true,true,true,true,true,true,"none",590,"wood","b",0,62,0,0,,,778000,80,"","3688-1"
12981,"Avadon Circlet - Robe Use","head",true,true,true,true,true,true,"none",590,"wood","b",0,62,0,0,,,778000,80,"","3692-1"
12982,"Doom Helmet - Light Armor Use","head",true,true,true,true,true,true,"none",580,"wood","b",0,66,0,0,,,1210000,124,"","3704-1"
12983,"Doom Helmet - Robe Use","head",true,true,true,true,true,true,"none",580,"wood","b",0,66,0,0,,,1210000,124,"","3709-1"
12984,"Blue Wolf Helmet - Light Armor Use","head",true,true,true,true,true,true,"none",580,"wood","b",0,66,0,0,,,1210000,124,"","3718-1"
12985,"Blue Wolf Helmet - Robe Use","head",true,true,true,true,true,true,"none",580,"wood","b",0,66,0,0,,,1210000,124,"","3723-1"
12986,"Dark Crystal Helmet - Light Armor Use","head",true,true,true,true,true,true,"none",570,"wood","a",0,69,0,0,,,1740000,107,"","3733-1"
12987,"Dark Crystal Helmet - Robe Use","head",true,true,true,true,true,true,"none",570,"wood","a",0,69,0,0,,,1740000,107,"","3738-1"
12988,"Tallum Helmet - Light Armor Use","head",true,true,true,true,true,true,"none",570,"wood","a",0,69,0,0,,,1740000,107,"","3746-1"
12989,"Tallum Helmet - Robe Use","head",true,true,true,true,true,true,"none",570,"wood","a",0,69,0,0,,,1740000,107,"","3751-1"
12990,"Majestic Circlet - Light Armor Use","head",true,true,true,true,true,true,"none",550,"wood","a",0,73,0,0,,,2640000,163,"","3759-1"
12991,"Majestic Circlet - Robe Use","head",true,true,true,true,true,true,"none",550,"wood","a",0,73,0,0,,,2640000,163,"","3763-1"
12992,"Helm of Nightmare - Light Armor Use","head",true,true,true,true,true,true,"none",560,"wood","a",0,73,0,0,,,2640000,163,"","8235-1"
12993,"Helm of Nightmare - Robe Use","head",true,true,true,true,true,true,"none",560,"wood","a",0,73,0,0,,,2640000,163,"","8236-1"
12994,"Sealed Dark Crystal Helmet - Light Armor Use","head",true,true,true,true,true,true,"none",570,"wood","a",0,69,0,0,,,1740000,107,"",""
12995,"Sealed Dark Crystal Helmet - Robe Use","head",true,true,true,true,true,true,"none",570,"wood","a",0,69,0,0,,,1740000,107,"",""
12996,"Sealed Tallum Helmet - Light Armor Use","head",true,true,true,true,true,true,"none",570,"wood","a",0,69,0,0,,,1740000,107,"",""
12997,"Sealed Tallum Helmet - Robe Use","head",true,true,true,true,true,true,"none",570,"wood","a",0,69,0,0,,,1740000,107,"",""
12998,"Sealed Majestic Circlet - Light Armor Use","head",true,true,true,true,true,true,"none",550,"wood","a",0,73,0,0,,,2640000,163,"",""
12999,"Sealed Majestic Circlet - Robe Use","head",true,true,true,true,true,true,"none",550,"wood","a",0,73,0,0,,,2640000,163,"",""
13000,"Sealed Helm of Nightmare - Light Armor Use","head",true,true,true,true,true,true,"none",560,"wood","a",0,73,0,0,,,2640000,163,"",""
13001,"Sealed Helm of Nightmare - Robe Use","head",true,true,true,true,true,true,"none",560,"wood","a",0,73,0,0,,,2640000,163,"",""
13022,"Light Purple-Maned Horse Mounting Bracelet - 7 day limited period","lbracelet",false,false,false,true,false,true,"none",30,"wood","none",0,0,0,0,,604800,0,0,"","8247-1"
13023,"Agathion of Love - 30-day limited period","lbracelet",false,false,false,true,false,true,"none",30,"wood","none",0,0,0,0,,2592000,0,0,"","8245-1;23024-1;3267-1"
13024,"Sudden Agathion - 30-day limited period","lbracelet",false,false,false,true,false,true,"none",30,"wood","none",0,0,0,0,,2592000,0,0,"","8257-1;5956-1;3267-1"
13025,"Shiny Agathion - 30-day limited period","lbracelet",false,false,false,true,false,true,"none",30,"wood","none",0,0,0,0,,2592000,0,0,"","8256-1;5955-1;3267-1"
13026,"Sobbing Agathion - 30-day limited period","lbracelet",false,false,false,true,false,true,"none",30,"wood","none",0,0,0,0,,2592000,0,0,"","8258-1;5957-1;3267-1"
13050,"Tigress exclusive armor","underwear",false,true,true,true,true,true,"light",160,"wood","none",0,49,49,0,,,0,0,"",""
13058,"Silenos Hair Accessory","hairall",false,true,true,true,true,true,"none",10,"wood","none",0,0,0,0,,,0,0,"",""
13074,"Shadow Item - Top Hat","hairall",false,false,false,true,false,true,"none",10,"wood","none",0,0,0,0,10080,,0,0,"",""
13075,"Shadow Item - Black Mask","face",false,false,false,true,false,true,"none",10,"wood","none",0,0,0,0,10080,,0,0,"",""
13076,"Shadow Item - Rider Goggles","hairall",false,false,false,true,false,true,"none",10,"wood","none",0,0,0,0,10080,,0,0,"",""
13078,"Arcana Sigil","lhand",false,true,true,true,true,true,"sigil",940,"wood","s",0,13,0,0,,,3355000,161,"","8310-1"
13137,"Vesper Helmet","head",true,true,true,true,true,true,"heavy",530,"fine_steel","s84",0,101,0,0,,,17500000,840,"",""
13138,"Vesper Leather Helmet","head",true,true,true,true,true,true,"light",530,"wood","s84",0,101,0,0,,,17500000,840,"",""
13139,"Vesper Circlet","head",true,true,true,true,true,true,"magic",530,"cloth","s84",0,101,0,0,,,17500000,840,"",""
13140,"Vesper Noble Helmet","head",true,true,true,true,true,true,"heavy",530,"fine_steel","s84",0,101,0,0,,,17500000,840,"",""
13141,"Vesper Noble Leather Helmet","head",true,true,true,true,true,true,"light",530,"wood","s84",0,101,0,0,,,17500000,840,"",""
13142,"Vesper Noble Circlet","head",true,true,true,true,true,true,"magic",530,"cloth","s84",0,101,0,0,,,17500000,840,"",""
13143,"Sealed Vesper Helmet","head",true,true,true,true,true,true,"heavy",530,"fine_steel","s84",0,101,0,0,,,17500000,840,"",""
13144,"Sealed Vesper Leather Helmet","head",true,true,true,true,true,true,"light",530,"wood","s84",0,101,0,0,,,17500000,840,"",""
13145,"Sealed Vesper Circlet","head",true,true,true,true,true,true,"magic",530,"cloth","s84",0,101,0,0,,,17500000,840,"",""
13146,"Sealed Vesper Noble Helmet","head",true,true,true,true,true,true,"heavy",530,"fine_steel","s84",0,101,0,0,,,17500000,840,"",""
13147,"Sealed Vesper Noble Leather Helmet","head",true,true,true,true,true,true,"light",530,"wood","s84",0,101,0,0,,,17500000,840,"",""
13148,"Sealed Vesper Noble Circlet","head",true,true,true,true,true,true,"magic",530,"cloth","s84",0,101,0,0,,,17500000,840,"",""
13234,"Varka Karm (used by Varka Silenos)","hair",false,true,true,true,true,true,"none",10,"wood","none",0,0,0,0,,,0,0,"",""
13235,"Ketra Karm (used by Ketra Orcs)","hairall",false,true,true,true,true,true,"none",10,"wood","none",0,0,0,0,,,0,0,"",""
13236,"AU Karm","hairall",false,true,true,true,true,true,"none",10,"wood","none",0,0,0,0,,,0,0,"",""
13237,"AR Karm","hairall",false,true,true,true,true,true,"none",10,"wood","none",0,0,0,0,,,0,0,"",""
13238,"AE Karm","hairall",false,true,true,true,true,true,"none",10,"wood","none",0,0,0,0,,,0,0,"",""
13239,"Kat the Cat Hat - 7-day Limited Period","hairall",false,false,false,true,false,true,"none",10,"wood","none",0,0,0,0,,604800,0,0,"",""
13240,"Feline Queen Hat - 7-day Limited Period","hairall",false,false,false,true,false,true,"none",10,"wood","none",0,0,0,0,,604800,0,0,"",""
13241,"Monster Eye Hat - 7-day Limited Period","hairall",false,false,false,true,false,true,"none",10,"wood","none",0,0,0,0,,604800,0,0,"",""
13242,"Brown Bear Hat - 7-day Limited Period","hairall",false,false,false,true,false,true,"none",10,"wood","none",0,0,0,0,,604800,0,0,"",""
13243,"Fungus Hat - 7-day Limited Period","hairall",false,false,false,true,false,true,"none",10,"wood","none",0,0,0,0,,604800,0,0,"",""
13244,"Skull Hat - 7-day Limited Period","hairall",false,false,false,true,false,true,"none",10,"wood","none",0,0,0,0,,604800,0,0,"",""
13245,"Ornithomimus Hat - 7-day Limited Period","hairall",false,false,false,true,false,true,"none",10,"wood","none",0,0,0,0,,604800,0,0,"",""
13246,"Feline King Hat - 7-day Limited Period","hairall",false,false,false,true,false,true,"none",10,"wood","none",0,0,0,0,,604800,0,0,"",""
13247,"Kai the Cat Hat - 7-day Limited Period","hairall",false,false,false,true,false,true,"none",10,"wood","none",0,0,0,0,,604800,0,0,"",""
13254,"Agathion of Love - 7-day Limited Period","lbracelet",false,false,false,true,false,true,"none",30,"wood","none",0,0,0,0,,604800,0,0,"","8245-1;3267-1;23024-1"
13260,"Gran Kain's Squeaking Shoes - 10 hours limited period","feet",false,false,false,true,true,true,"none",50,"wood","none",0,0,0,0,,36000,0,0,"",""
13293,"Pailaka Earring","rear,lear",false,false,false,true,false,true,"none",150,"wood","d",0,0,43,20,,,0,0,"",""
13294,"Pailaka Ring","rfinger,lfinger",false,false,false,true,false,true,"none",150,"wood","d",0,0,29,15,,,0,0,"",""
13295,"Pailaka Bracelet","rbracelet",false,false,false,true,false,true,"none",150,"wood","b",0,0,0,20,,,0,0,"","3323-1"
13296,"Pailaka Shirt","underwear",false,false,false,true,false,true,"none",130,"wood","a",0,28,0,40,,,0,0,"",""
13308,"Light Purple-Maned Horse Mounting Bracelet (Event) - 7-day Limited Period","lbracelet",false,false,false,true,false,true,"none",30,"wood","none",0,0,0,0,,604800,0,0,"","8247-1"
13309,"Agathion of Love (Event) - 30-day limited period","lbracelet",false,false,false,true,false,true,"none",30,"wood","none",0,0,0,0,,2592000,0,0,"","8245-1;23024-1;3267-1"
13310,"Kat the Cat Hat (Event) - 30-day limited period","hairall",false,false,false,true,false,true,"none",10,"wood","none",0,0,0,0,,2592000,0,0,"",""
13311,"Feline Queen Hat (Event) - 30-day limited period","hairall",false,false,false,true,false,true,"none",10,"wood","none",0,0,0,0,,2592000,0,0,"",""
13312,"Monster Eye Hat (Event) - 30-day limited period","hairall",false,false,false,true,false,true,"none",10,"wood","none",0,0,0,0,,2592000,0,0,"",""
13313,"Brown Bear Hat (Event) - 30-day limited period","hairall",false,false,false,true,false,true,"none",10,"wood","none",0,0,0,0,,2592000,0,0,"",""
13314,"Fungus Hat (Event) - 30-day limited period","hairall",false,false,false,true,false,true,"none",10,"wood","none",0,0,0,0,,2592000,0,0,"",""
13315,"Skull Hat (Event) - 30-day limited period","hairall",false,false,false,true,false,true,"none",10,"wood","none",0,0,0,0,,2592000,0,0,"",""
13316,"Ornithomimus Hat (Event) - 30-day limited period","hairall",false,false,false,true,false,true,"none",10,"wood","none",0,0,0,0,,2592000,0,0,"",""
13317,"Feline King Hat (Event) - 30-day limited period","hairall",false,false,false,true,false,true,"none",10,"wood","none",0,0,0,0,,2592000,0,0,"",""
13318,"Kai the Cat Hat (Event) - 30-day limited period","hairall",false,false,false,true,false,true,"none",10,"wood","none",0,0,0,0,,2592000,0,0,"",""
13325,"Kat the Cat Hat (Event) - 7-day Limited Period","hairall",false,false,false,true,false,true,"none",10,"wood","none",0,0,0,0,,604800,0,0,"",""
13326,"Feline Queen Hat (Event) - 7-day Limited Period","hairall",false,false,false,true,false,true,"none",10,"wood","none",0,0,0,0,,604800,0,0,"",""
13327,"Monster Eye Hat (Event) - 7-day Limited Period","hairall",false,false,false,true,false,true,"none",10,"wood","none",0,0,0,0,,604800,0,0,"",""
13328,"Brown Bear Hat (Event) - 7-day Limited Period","hairall",false,false,false,true,false,true,"none",10,"wood","none",0,0,0,0,,604800,0,0,"",""
13329,"Fungus Hat (Event) - 7-day Limited Period","hairall",false,false,false,true,false,true,"none",10,"wood","none",0,0,0,0,,604800,0,0,"",""
13330,"Skull Hat (Event) - 7-day Limited Period","hairall",false,false,false,true,false,true,"none",10,"wood","none",0,0,0,0,,604800,0,0,"",""
13331,"Ornithomimus Hat (Event) - 7-day Limited Period","hairall",false,false,false,true,false,true,"none",10,"wood","none",0,0,0,0,,604800,0,0,"",""
13332,"Feline King Hat (Event) - 7-day Limited Period","hairall",false,false,false,true,false,true,"none",10,"wood","none",0,0,0,0,,604800,0,0,"",""
13333,"Kai the Cat Hat (Event) - 7-day Limited Period","hairall",false,false,false,true,false,true,"none",10,"wood","none",0,0,0,0,,604800,0,0,"",""
13340,"Agathion of Love (Event) - 7-day Limited Period","lbracelet",false,false,false,true,false,true,"none",30,"wood","none",0,0,0,0,,604800,0,0,"","8245-1;23024-1;3267-1"
13389,"Kratei Barbed Shirt - CP","underwear",true,false,false,true,false,true,"none",130,"wood","a",0,23,0,0,,,0,0,"3453-1",""
13390,"Kratei Mithril Shirt - CP","underwear",true,false,false,true,false,true,"none",130,"wood","s",0,28,0,0,,,0,0,"3459-1",""
13391,"Kratei Striped Barbed Shirt - CP","underwear",true,false,false,true,false,true,"none",130,"wood","a",0,26,0,0,,,0,0,"3477-1",""
13392,"Kratei Striped Mithril Shirt - CP","underwear",true,true,true,true,true,true,"none",130,"wood","s",0,30,0,0,,,0,0,"3483-1",""
13393,"Shadow Item - Monkey Hat","hairall",false,false,false,true,false,true,"none",10,"wood","none",0,0,0,0,100,,0,0,"",""
13394,"Shadow Item - Pig Hat","hairall",false,false,false,true,false,true,"none",10,"wood","none",0,0,0,0,100,,0,0,"",""
13415,"Frog Hat","hairall",false,true,true,true,true,true,"none",10,"wood","none",0,0,0,0,,,0,0,"",""
13416,"Chicken Hat","hairall",false,true,true,true,true,true,"none",10,"wood","none",0,0,0,0,,,0,0,"",""
13429,"Teddy Bear Hat (Event)","hairall",false,false,false,true,false,true,"none",10,"wood","none",0,0,0,0,,,0,0,"",""
13430,"Piggy Hat (Event)","hairall",false,false,false,true,false,true,"none",10,"wood","none",0,0,0,0,,,0,0,"",""
13431,"Jester Hat (Event)","hairall",false,false,false,true,false,true,"none",10,"wood","none",0,0,0,0,,,0,0,"",""
13432,"Vesper Breastplate","chest",true,true,true,true,true,true,"heavy",7520,"fine_steel","s84",0,250,0,0,,,46668000,2240,"",""
13433,"Vesper Leather Breastplate","chest",true,true,true,true,true,true,"light",4140,"wood","s84",0,187,0,0,,,35000000,1680,"",""
13434,"Vesper Tunic","chest",true,true,true,true,true,true,"magic",1750,"cloth","s84",0,125,0,637,,,35000000,1680,"",""
13435,"Vesper Noble Breastplate","chest",true,true,true,true,true,true,"heavy",7520,"fine_steel","s84",0,250,0,0,,,55840000,2680,"",""
13436,"Vesper Noble Leather Breastplate","chest",true,true,true,true,true,true,"light",4140,"wood","s84",0,187,0,0,,,41880000,2010,"",""
13437,"Vesper Noble Tunic","chest",true,true,true,true,true,true,"magic",1750,"cloth","s84",0,125,0,637,,,41880000,2010,"",""
13438,"Vesper Gaiters","legs",true,true,true,true,true,true,"heavy",3170,"fine_steel","s84",0,156,0,0,,,29168000,1400,"",""
13439,"Vesper Gauntlet","gloves",true,true,true,true,true,true,"heavy",510,"fine_steel","s84",0,68,0,0,,,11667000,560,"",""
13440,"Vesper Boots","feet",true,true,true,true,true,true,"heavy",1070,"fine_steel","s84",0,68,0,0,,,11667000,560,"",""
13441,"Vesper Leather Leggings","legs",true,true,true,true,true,true,"light",1320,"wood","s84",0,117,0,0,,,21876000,1050,"",""
13442,"Vesper Leather Gloves","gloves",true,true,true,true,true,true,"light",510,"wood","s84",0,68,0,0,,,11667000,560,"",""
13443,"Vesper Leather Boots","feet",true,true,true,true,true,true,"light",1070,"wood","s84",0,68,0,0,,,11667000,560,"",""
13444,"Vesper Stockings","legs",true,true,true,true,true,true,"magic",850,"cloth","s84",0,78,0,415,,,21876000,1050,"",""
13445,"Vesper Gloves","gloves",true,true,true,true,true,true,"magic",510,"cloth","s84",0,68,0,0,,,11667000,560,"",""
13446,"Vesper Shoes","feet",true,true,true,true,true,true,"magic",1070,"cloth","s84",0,68,0,0,,,11667000,560,"",""
13448,"Vesper Noble Gaiters","legs",true,true,true,true,true,true,"heavy",3170,"fine_steel","s84",0,156,0,0,,,34900000,1675,"",""
13449,"Vesper Noble Gauntlet","gloves",true,true,true,true,true,true,"heavy",510,"fine_steel","s84",0,68,0,0,,,13960000,670,"",""
13450,"Vesper Noble Boots","feet",true,true,true,true,true,true,"heavy",1070,"fine_steel","s84",0,68,0,0,,,13960000,670,"",""
13451,"Vesper Noble Leather Leggings","legs",true,true,true,true,true,true,"light",1320,"wood","s84",0,117,0,0,,,26175000,1256,"",""
13452,"Vesper Noble Leather Gloves","gloves",true,true,true,true,true,true,"light",510,"wood","s84",0,68,0,0,,,13960000,510,"",""
13453,"Vesper Noble Leather Boots","feet",true,true,true,true,true,true,"light",1070,"wood","s84",0,68,0,0,,,13960000,510,"",""
13454,"Vesper Noble Stockings","legs",true,true,true,true,true,true,"magic",850,"cloth","s84",0,78,0,415,,,26175000,1256,"",""
13455,"Vesper Noble Gloves","gloves",true,true,true,true,true,true,"magic",510,"cloth","s84",0,68,0,0,,,13960000,670,"",""
13456,"Vesper Noble Shoes","feet",true,true,true,true,true,true,"magic",1070,"cloth","s84",0,68,0,0,,,13960000,670,"",""
13472,"Circlet of Innadril Valor","hairall",false,true,true,true,true,true,"none",10,"wood","none",0,0,0,0,,,2000000,0,"",""
13473,"Circlet of Aden Valor","hairall",false,true,true,true,true,true,"none",10,"wood","none",0,0,0,0,,,2000000,0,"",""
13474,"Circlet of Dion Valor","hairall",false,true,true,true,true,true,"none",10,"wood","none",0,0,0,0,,,2000000,0,"",""
13475,"Circlet of Dion Sniper","hairall",false,true,true,true,true,true,"none",10,"wood","none",0,0,0,0,,,2000000,0,"",""
13476,"Circlet of Innadril Sniper","hairall",false,true,true,true,true,true,"none",10,"wood","none",0,0,0,0,,,2000000,0,"",""
13477,"Circlet of Oren Sniper","hairall",false,true,true,true,true,true,"none",10,"wood","none",0,0,0,0,,,2000000,0,"",""
13478,"Circlet of Gludio Sage","hairall",false,true,true,true,true,true,"none",10,"wood","none",0,0,0,0,,,2000000,0,"",""
13479,"Circlet of Rune Sage","hairall",false,true,true,true,true,true,"none",10,"wood","none",0,0,0,0,,,2000000,0,"",""
13480,"Circlet of Giran Sage","hairall",false,true,true,true,true,true,"none",10,"wood","none",0,0,0,0,,,2000000,0,"",""
13481,"Circlet of Goddard Combat","hairall",false,true,true,true,true,true,"none",10,"wood","none",0,0,0,0,,,2000000,0,"",""
13482,"Circlet of Schuttgart Combat","hairall",false,true,true,true,true,true,"none",10,"wood","none",0,0,0,0,,,2000000,0,"",""
13483,"Circlet of Oren Combat","hairall",false,true,true,true,true,true,"none",10,"wood","none",0,0,0,0,,,2000000,0,"",""
13484,"Circlet of Gludio Silence","hairall",false,true,true,true,true,true,"none",10,"wood","none",0,0,0,0,,,2000000,0,"",""
13485,"Circlet of Schuttgart Silence","hairall",false,true,true,true,true,true,"none",10,"wood","none",0,0,0,0,,,2000000,0,"",""
13486,"Circlet of Aden Unity","hairall",false,true,true,true,true,true,"none",10,"wood","none",0,0,0,0,,,2000000,0,"",""
13487,"Circlet of Rune Silence","hairall",false,true,true,true,true,true,"none",10,"wood","none",0,0,0,0,,,2000000,0,"",""
13488,"Birthday Hat","hairall",false,true,true,true,true,true,"none",10,"wood","none",0,0,0,0,,,0,0,"",""
13489,"Halloween Hat","hairall",false,true,true,true,true,true,"none",10,"wood","none",0,0,0,0,,,0,0,"",""
13490,"Arrow-Pierced Apple","hair",false,true,true,true,true,true,"none",10,"wood","none",0,0,0,0,,,0,0,"",""
13491,"Popped-Out Eye","face",false,true,true,true,true,true,"none",10,"wood","none",0,0,0,0,,,0,0,"",""
13492,"Graduation Cap","hairall",false,true,true,true,true,true,"none",10,"wood","none",0,0,0,0,,,0,0,"",""
13493,"Refined Carnival Circlet","hairall",false,true,true,true,true,true,"none",10,"wood","none",0,0,0,0,,,0,0,"",""
13494,"Refined Angel Ring","hair",false,true,true,true,true,true,"none",10,"wood","none",0,0,0,0,,,0,0,"",""
13495,"Refined Devil Horn","hair",false,true,true,true,true,true,"none",10,"wood","none",0,0,0,0,,,0,0,"",""
13496,"Refined Pirate Hat","hairall",false,true,true,true,true,true,"none",10,"wood","none",0,0,0,0,,,0,0,"",""
13497,"Event - Refined Chick Hat","hairall",false,false,false,true,false,true,"none",10,"wood","none",0,0,0,0,,,0,0,"",""
13498,"Refined Wizard Hat","hairall",false,true,true,true,true,true,"none",10,"wood","none",0,0,0,0,,,0,0,"",""
13499,"Refined Jester Hat","hairall",false,true,true,true,true,true,"none",10,"wood","none",0,0,0,0,,,0,0,"",""
13500,"Event - Refined Black Feather Mask","hairall",false,false,false,true,false,true,"none",10,"wood","none",0,0,0,0,,,0,0,"",""
13501,"Refined Romantic Chapeau","hairall",false,true,true,true,true,true,"none",10,"wood","none",0,0,0,0,,,0,0,"",""
13502,"Event - Refined Carnival Circlet","hairall",false,false,false,true,false,true,"none",10,"wood","none",0,0,0,0,,,0,0,"",""
13503,"Refined Medieval Style Party Mask","hairall",false,true,true,true,true,true,"none",10,"wood","none",0,0,0,0,,,0,0,"",""
13504,"Refined Dapper Cap","hairall",false,true,true,true,true,true,"none",10,"wood","none",0,0,0,0,,,0,0,"",""
13505,"Clownfish Hat","hairall",false,true,true,true,true,true,"none",10,"wood","none",0,0,0,0,,,0,0,"",""
13506,"Improved Lord's Crown","hairall",false,false,false,true,false,true,"none",10,"wood","none",0,0,0,0,,,0,0,"",""
13507,"Circlet of Flames","hairall",false,true,true,true,true,true,"none",10,"wood","none",0,0,0,0,,,0,0,"",""
13508,"Circlet of Freeze","hairall",false,true,true,true,true,true,"none",10,"wood","none",0,0,0,0,,,0,0,"",""
13509,"Circlet of Storm","hairall",false,true,true,true,true,true,"none",10,"wood","none",0,0,0,0,,,0,0,"",""
13510,"Circlet of Earthquake","hairall",false,true,true,true,true,true,"none",10,"wood","none",0,0,0,0,,,0,0,"",""
13511,"Circlet of Darkness","hairall",false,true,true,true,true,true,"none",10,"wood","none",0,0,0,0,,,0,0,"",""
13512,"Circlet of Splendor","hairall",false,true,true,true,true,true,"none",10,"wood","none",0,0,0,0,,,0,0,"",""
13513,"Mining Hat","hairall",false,true,true,true,true,true,"none",10,"wood","none",0,0,0,0,,,0,0,"",""
13514,"Improved Mining Hat","hairall",false,true,true,true,true,true,"none",10,"wood","none",0,0,0,0,,,0,0,"",""
13515,"Search Hat","hairall",false,true,true,true,true,true,"none",10,"wood","none",0,0,0,0,,,0,0,"",""
13516,"Improved Search Hat","hairall",false,true,true,true,true,true,"none",10,"wood","none",0,0,0,0,,,0,0,"",""
13517,"Event - Raccoon Hat ","hairall",false,false,false,true,false,true,"none",10,"wood","none",0,0,0,0,,,0,0,"",""
13518,"Event - Top Hat","hairall",false,false,false,true,false,true,"none",10,"wood","none",0,0,0,0,,,0,0,"",""
13519,"Event - Black Mask ","face",false,false,false,true,false,true,"none",10,"wood","none",0,0,0,0,,,0,0,"",""
13520,"Event - Jindo Dog Hat","hairall",false,false,false,true,false,true,"none",10,"wood","none",0,0,0,0,,,0,0,"",""
13521,"Event - Shaggy Dog Hat","hairall",false,false,false,true,false,true,"none",10,"wood","none",0,0,0,0,,,0,0,"",""
13522,"Event - Rider Goggles","hairall",false,false,false,true,false,true,"none",10,"wood","none",0,0,0,0,,,0,0,"",""
13523,"Event - Lineage Souvenir Circlet","hairall",false,false,false,true,false,true,"none",10,"wood","none",0,0,0,0,,,0,0,"",""
13526,"Test Belt","belt",true,true,true,true,true,true,"none",4830,"wood","none",0,36,0,0,,,0,0,"",""
13527,"Test Cloak","back",false,true,true,true,true,true,"none",260,"wood","none",0,2,0,0,,,37,0,"",""
13529,"Test Sigil","lhand",false,true,true,true,true,true,"sigil",1430,"wood","none",0,0,0,0,,,0,0,"",""
13543,"Agathion Summon Bracelet - Collection","lbracelet",false,false,false,true,false,true,"none",150,"wood","none",0,0,0,0,,,0,0,"","8251-1;5780-1;3267-1"
13544,"Agathion Summon Bracelet - Boy Teddy Bear","lbracelet",false,false,false,true,false,true,"none",150,"wood","none",0,0,0,0,,,0,0,"","8259-1;5958-1;3267-1"
13545,"Agathion Summon Bracelet - Girl Teddy Bear","lbracelet",false,false,false,true,false,true,"none",150,"wood","none",0,0,0,0,,,0,0,"","8260-1;5959-1;3267-1"
13546,"Steam Sledge Mounting Bracelet","lbracelet",false,false,false,true,false,true,"none",150,"wood","none",0,0,0,0,,604800,0,0,"","8261-1"
13547,"Tawny-Maned Lion Mounting Bracelet","lbracelet",false,false,false,true,false,true,"none",150,"wood","none",0,0,0,0,,604800,0,0,"","8262-1"
13687,"Knight's Cloak - Heavy Armor exclusive","back",false,false,false,true,false,true,"heavy",220,"wood","s84",0,20,0,0,,,28671000,0,"",""
13688,"Knight's Cloak - Light Armor exclusive","back",false,false,false,true,false,true,"light",220,"wood","s84",0,20,0,0,,,28671000,0,"",""
13689,"Knight's Cloak - Robe exclusive","back",false,false,false,true,false,true,"magic",220,"wood","s84",0,20,0,0,,,28671000,0,"",""
13690,"Knight's Cloak - Kamael exclusive","back",false,false,false,true,false,true,"light",220,"wood","s84",0,20,0,0,,,28671000,0,"",""
13740,"Gludio Water Protection Necklace","neck",false,false,false,true,false,true,"none",150,"wood","a",0,0,85,33,,,0,0,"",""
13741,"Dion Divinity Protection Necklace","neck",false,false,false,true,false,true,"none",150,"wood","a",0,0,85,33,,,0,0,"",""
13742,"Giran Wind Protection Necklace","neck",false,false,false,true,false,true,"none",150,"wood","a",0,0,85,33,,,0,0,"",""
13743,"Oren Protection Necklace of Darkness","neck",false,false,false,true,false,true,"none",150,"wood","a",0,0,85,33,,,0,0,"",""
13744,"Aden Earth Protection Necklace","neck",false,false,false,true,false,true,"none",150,"wood","a",0,0,85,33,,,0,0,"",""
13745,"Innadril Water Protection Necklace","neck",false,false,false,true,false,true,"none",150,"wood","a",0,0,85,33,,,0,0,"",""
13746,"Goddard Fire Protection Necklace","neck",false,false,false,true,false,true,"none",150,"wood","a",0,0,85,33,,,0,0,"",""
13747,"Rune Fire Protection Necklace","neck",false,false,false,true,false,true,"none",150,"wood","a",0,0,85,33,,,0,0,"",""
13748,"Schuttgart Wind Protection Necklace","neck",false,false,false,true,false,true,"none",150,"wood","a",0,0,85,33,,,0,0,"",""
13751,"Warrior's T-shirt","underwear",true,false,false,true,false,true,"none",130,"wood","a",0,28,0,0,,,0,0,"8324-1",""
13752,"Olympiad Warrior's Ring","rfinger,lfinger",false,false,false,true,false,true,"none",150,"wood","a",0,0,42,21,,2592000,0,0,"","8292-1"
13753,"Olympiad Warrior's Necklace","neck",false,false,false,true,false,true,"none",150,"wood","a",0,0,85,26,,2592000,0,0,"","8294-1"
13754,"Olympiad Warrior's Earring","rear,lear",false,false,false,true,false,true,"none",150,"wood","a",0,0,63,31,,2592000,0,0,"","8293-1"
13756,"Agathion Summon Bracelet - Knight","lbracelet",false,false,false,true,false,true,"none",150,"wood","none",0,0,0,0,,,0,0,"","8275-1;3267-1"
13802,"Native's Hood","head",false,true,true,true,true,true,"none",70,"wood","none",0,33,0,0,,,0,0,"",""
13803,"Native's Tunic","chest",false,true,true,true,true,true,"light",4720,"wood","none",0,53,0,0,,,0,0,"",""
13804,"Native's Trousers","legs",false,true,true,true,true,true,"light",1700,"wood","none",0,29,0,0,,,0,0,"",""
13805,"Guards of the Dawn Helmet","head",true,true,true,true,true,true,"none",70,"wood","none",0,33,0,0,,,0,0,"",""
13806,"Guards of the Dawn Tunic","chest",false,true,true,true,true,true,"light",4720,"wood","none",0,53,0,0,,,0,0,"",""
13807,"Guards of the Dawn Trousers","legs",false,true,true,true,true,true,"light",1700,"wood","none",0,29,0,0,,,0,0,"",""
13885,"Sealed Arcana Sigil","lhand",true,true,true,true,true,true,"sigil",940,"wood","s",0,13,0,0,,,3355000,161,"",""
13886,"Sealed Dynasty Sigil","lhand",true,true,true,true,true,true,"sigil",930,"wood","s80",0,15,0,0,,,6404000,307,"",""
13887,"Sealed Vesper Sigil","lhand",true,true,true,true,true,true,"sigil",920,"wood","s84",0,17,0,0,,,12250000,588,"",""
13888,"Sealed Lord's Cloak","back",false,true,true,true,true,true,"none",220,"wood","s84",0,2,0,0,,,28671000,0,"",""
13889,"Holy Spirit's Cloak - Kamael exclusive","back",false,true,true,true,true,true,"light",220,"wood","s84",0,20,0,0,,,28671000,0,"",""
13890,"Holy Spirit's Cloak - Heavy Armor exclusive","back",false,true,true,true,true,true,"heavy",220,"wood","s84",0,20,0,0,,,28671000,0,"",""
13891,"Holy Spirit's Cloak - Light Armor exclusive","back",false,true,true,true,true,true,"light",220,"wood","s84",0,20,0,0,,,28671000,0,"",""
13892,"Holy Spirit's Cloak - Robe exclusive","back",false,true,true,true,true,true,"magic",220,"wood","s84",0,20,0,0,,,28671000,0,"",""
13894,"Cloth Belt","belt",true,true,true,true,true,true,"none",500,"wood","c",0,10,0,0,,,45100,18,"",""
13895,"Leather Belt","belt",true,true,true,true,true,true,"none",480,"wood","b",0,11,0,0,,,165000,22,"",""
13896,"Iron Belt","belt",true,true,true,true,true,true,"none",460,"wood","a",0,12,0,0,,,371300,30,"",""
13897,"Mithril Belt","belt",true,true,true,true,true,true,"none",440,"wood","s",0,14,0,0,,,1917000,92,"",""
13938,"Low-Grade Magic Pouch Cloth Belt","belt",true,true,true,true,true,true,"none",500,"wood","c",0,10,0,0,,,45100,18,"","8290-3"
13939,"Regular Magic Pouch Cloth Belt","belt",true,true,true,true,true,true,"none",500,"wood","c",0,10,0,0,,,45100,18,"","8290-4"
13940,"High-Grade Magic Pouch Cloth Belt","belt",true,true,true,true,true,true,"none",500,"wood","c",0,10,0,0,,,45100,18,"","8290-5"
13941,"Top-Grade Magic Pouch Cloth Belt","belt",true,true,true,true,true,true,"none",500,"wood","c",0,10,0,0,,,45100,18,"","8290-6"
13942,"Low-Grade Magic Pouch Leather Belt","belt",true,true,true,true,true,true,"none",480,"wood","b",0,11,0,0,,,165000,22,"","8290-5"
13943,"Regular Magic Pouch Leather Belt","belt",true,true,true,true,true,true,"none",480,"wood","b",0,11,0,0,,,165000,22,"","8290-6"
13944,"High-Grade Magic Pouch Leather Belt","belt",true,true,true,true,true,true,"none",480,"wood","b",0,11,0,0,,,165000,22,"","8290-7"
13945,"Top-Grade Magic Pouch Leather Belt","belt",true,true,true,true,true,true,"none",480,"wood","b",0,11,0,0,,,165000,22,"","8290-8"
13946,"Low-Grade Magic Pouch Iron Belt","belt",true,true,true,true,true,true,"none",460,"wood","a",0,12,0,0,,,371300,30,"","8290-7"
13947,"Regular Magic Pouch Iron Belt","belt",true,true,true,true,true,true,"none",460,"wood","a",0,12,0,0,,,371300,30,"","8290-8"
13948,"High-Grade Magic Pouch Iron Belt","belt",true,true,true,true,true,true,"none",460,"wood","a",0,12,0,0,,,371300,30,"","8290-9"
13949,"Top-Grade Magic Pouch Iron Belt","belt",true,true,true,true,true,true,"none",460,"wood","a",0,12,0,0,,,371300,30,"","8290-10"
13950,"Low-Grade Magic Pouch Mithril Belt","belt",true,true,true,true,true,true,"none",440,"wood","s",0,14,0,0,,,1917000,92,"","8290-9"
13951,"Regular Magic Pouch Mithril Belt","belt",true,true,true,true,true,true,"none",440,"wood","s",0,14,0,0,,,1917000,92,"","8290-10"
13952,"High-Grade Magic Pouch Mithril Belt","belt",true,true,true,true,true,true,"none",440,"wood","s",0,14,0,0,,,1917000,92,"","8290-11"
13953,"Top-Grade Magic Pouch Mithril Belt","belt",true,true,true,true,true,true,"none",440,"wood","s",0,14,0,0,,,1917000,92,"","8290-12"
13954,"Low-Grade Magic Pin Cloth Belt","belt",true,true,true,true,true,true,"none",500,"wood","c",0,10,0,0,,,45100,18,"","8291-3"
13955,"Regular Magic Pin Cloth Belt","belt",true,true,true,true,true,true,"none",500,"wood","c",0,10,0,0,,,45100,18,"","8291-4"
13956,"High-Grade Magic Pin Cloth Belt","belt",true,true,true,true,true,true,"none",500,"wood","c",0,10,0,0,,,45100,18,"","8291-5"
13957,"Top-Grade Magic Pin Cloth Belt","belt",true,true,true,true,true,true,"none",500,"wood","c",0,10,0,0,,,45100,18,"","8291-6"
13958,"Low-Grade Magic Pin Leather Belt","belt",true,true,true,true,true,true,"none",480,"wood","b",0,11,0,0,,,165000,22,"","8291-5"
13959,"Regular Magic Pin Leather Belt","belt",true,true,true,true,true,true,"none",480,"wood","b",0,11,0,0,,,165000,22,"","8291-6"
13960,"High-Grade Magic Pin Leather Belt","belt",true,true,true,true,true,true,"none",480,"wood","b",0,11,0,0,,,165000,22,"","8291-7"
13961,"Top-Grade Magic Pin Leather Belt","belt",true,true,true,true,true,true,"none",480,"wood","b",0,11,0,0,,,165000,22,"","8291-8"
13962,"Low-Grade Magic Pin Iron Belt","belt",true,true,true,true,true,true,"none",460,"wood","a",0,12,0,0,,,371300,30,"","8291-7"
13963,"Regular Magic Pin Iron Belt","belt",true,true,true,true,true,true,"none",460,"wood","a",0,12,0,0,,,371300,30,"","8291-8"
13964,"High-Grade Magic Pin Iron Belt","belt",true,true,true,true,true,true,"none",460,"wood","a",0,12,0,0,,,371300,30,"","8291-9"
13965,"Top-Grade Magic Pin Iron Belt","belt",true,true,true,true,true,true,"none",460,"wood","a",0,12,0,0,,,371300,30,"","8291-10"
13966,"Low-Grade Magic Pin Mithril Belt","belt",true,true,true,true,true,true,"none",440,"wood","s",0,14,0,0,,,1917000,92,"","8291-9"
13967,"Regular Magic Pin Mithril Belt","belt",true,true,true,true,true,true,"none",440,"wood","s",0,14,0,0,,,1917000,92,"","8291-10"
13968,"High-Grade Magic Pin Mithril Belt","belt",true,true,true,true,true,true,"none",440,"wood","s",0,14,0,0,,,1917000,92,"","8291-11"
13969,"Top-Grade Magic Pin Mithril Belt","belt",true,true,true,true,true,true,"none",440,"wood","s",0,14,0,0,,,1917000,92,"","8291-12"
13975,"Poison Bottle 1","talisman",false,true,true,true,true,true,"none",4830,"wood","c",0,36,0,0,,,0,0,"",""
13976,"Poison Bottle 2","talisman",false,true,true,true,true,true,"none",4830,"wood","b",0,36,0,0,,,0,0,"",""
13977,"Poison Bottle 3","talisman",false,true,true,true,true,true,"none",4830,"wood","a",0,36,0,0,,,0,0,"",""
14027,"Collection Agathion Summon Bracelet","lbracelet",false,false,false,true,false,true,"none",150,"wood","none",0,0,0,0,,,0,0,"","8251-1;5780-1;3267-1"
14053,"Gold-Maned Lion Mounting Bracelet - 7-day Limited Period","lbracelet",false,false,false,true,false,true,"none",30,"wood","none",0,0,0,0,,604800,0,0,"","8262-1"
14054,"Steam Beatle Mounting Bracelet - 7-day Limited Period","lbracelet",false,false,false,true,false,true,"none",30,"wood","none",0,0,0,0,,604800,0,0,"","8261-1"
14059,"Teddy Boy Agathion Bracelet - 30-day limited period","lbracelet",false,false,false,true,false,true,"none",30,"wood","none",0,0,0,0,,2592000,0,0,"","8259-1;5958-1;3267-1"
14060,"Teddy Girl Agathion Bracelet - 30-day limited period","lbracelet",false,false,false,true,false,true,"none",30,"wood","none",0,0,0,0,,2592000,0,0,"","8260-1;5959-1;3267-1"
14066,"Gold Maned Lion Mounting Bracelet (event) - 7-day Limited Period","lbracelet",false,false,false,true,false,true,"none",30,"wood","none",0,0,0,0,,604800,0,0,"","8262-1"
14067,"Steam Beatle Mounting Bracelet (event) - 7-day Limited Period","lbracelet",false,false,false,true,false,true,"none",30,"wood","none",0,0,0,0,,604800,0,0,"","8261-1"
14072,"Teddy Boy Agathion Bracelet (event) - 30-day limited period","lbracelet",false,false,false,true,false,true,"none",30,"wood","none",0,0,0,0,,2592000,0,0,"","8259-1;5958-1;3267-1"
14073,"Teddy Girl Agathion Bracelet (event) - 30-day limited period","lbracelet",false,false,false,true,false,true,"none",30,"wood","none",0,0,0,0,,2592000,0,0,"","8260-1;5959-1;3267-1"
14075,"Sudden Agathion (Event) - 30-day limited period","lbracelet",false,false,false,true,false,true,"none",30,"wood","none",0,0,0,0,,2592000,0,0,"","8257-1;5956-1;3267-1"
14076,"Shiny Agathion (Event) - 30-day limited period","lbracelet",false,false,false,true,false,true,"none",30,"wood","none",0,0,0,0,,2592000,0,0,"","8256-1;5955-1;3267-1"
14077,"Sobbing Agathion (Event) - 30-day limited period","lbracelet",false,false,false,true,false,true,"none",30,"wood","none",0,0,0,0,,2592000,0,0,"","8258-1;5957-1;3267-1"
14091,"Teddy Boy Agathion Bracelet - 7-day Limited Period","lbracelet",false,false,false,true,false,true,"none",30,"wood","none",0,0,0,0,,604800,0,0,"","8259-1;5958-1;3267-1"
14092,"Teddy Girl Agathion Bracelet - 7-day Limited Period","lbracelet",false,false,false,true,false,true,"none",30,"wood","none",0,0,0,0,,604800,0,0,"","8260-1;5959-1;3267-1"
14093,"Sudden Agathion - 7-day Limited Period","lbracelet",false,false,false,true,false,true,"none",30,"wood","none",0,0,0,0,,604800,0,0,"","8257-1;5956-1;3267-1"
14094,"Shiny Agathion - 7-day Limited Period","lbracelet",false,false,false,true,false,true,"none",30,"wood","none",0,0,0,0,,604800,0,0,"","8256-1;5955-1;3267-1"
14095,"Sobbing Agathion - 7-day Limited Period","lbracelet",false,false,false,true,false,true,"none",30,"wood","none",0,0,0,0,,604800,0,0,"","8258-1;5957-1;3267-1"
14099,"Teddy Boy Agathion Bracelet (event) - 7-day Limited Period","lbracelet",false,false,false,true,false,true,"none",30,"wood","none",0,0,0,0,,604800,0,0,"","8259-1;5958-1;3267-1"
14100,"Teddy Girl Agathion Bracelet (event) - 7-day Limited Period","lbracelet",false,false,false,true,false,true,"none",30,"wood","none",0,0,0,0,,604800,0,0,"","8260-1;5959-1;3267-1"
14101,"Sudden Agathion (Event) - 7-day Limited Period","lbracelet",false,false,false,true,false,true,"none",30,"wood","none",0,0,0,0,,604800,0,0,"","8257-1;5956-1;3267-1"
14102,"Shiny Agathion (Event) - 7-day Limited Period","lbracelet",false,false,false,true,false,true,"none",30,"wood","none",0,0,0,0,,604800,0,0,"","8256-1;5955-1;3267-1"
14103,"Sobbing Agathion (Event) - 7-day Limited Period","lbracelet",false,false,false,true,false,true,"none",30,"wood","none",0,0,0,0,,604800,0,0,"","8258-1;5957-1;3267-1"
14104,"Shadow Item - Collection Agathion Summon Bracelet","lbracelet",false,false,false,true,false,true,"none",150,"wood","none",0,0,0,0,600,,0,0,"","8251-1;5780-1;3267-1"
14105,"Sealed Vesper Breastplate","chest",true,true,true,true,true,true,"heavy",7520,"fine_steel","s84",0,236,0,0,,,46668000,2240,"",""
14106,"Sealed Vesper Leather Breastplate","chest",true,true,true,true,true,true,"light",4140,"wood","s84",0,177,0,0,,,35000000,1680,"",""
14107,"Sealed Vesper Tunic","chest",true,true,true,true,true,true,"magic",1750,"cloth","s84",0,118,0,637,,,35000000,1680,"",""
14108,"Sealed Vesper Gaiters","legs",true,true,true,true,true,true,"heavy",3170,"fine_steel","s84",0,148,0,0,,,29168000,1400,"",""
14109,"Sealed Vesper Gauntlet","gloves",true,true,true,true,true,true,"heavy",510,"fine_steel","s84",0,68,0,0,,,11667000,560,"",""
14110,"Sealed Vesper Boots","feet",true,true,true,true,true,true,"heavy",1070,"fine_steel","s84",0,68,0,0,,,11667000,560,"",""
14112,"Sealed Vesper Leather Leggings","legs",true,true,true,true,true,true,"light",1320,"wood","s84",0,111,0,0,,,21876000,1050,"",""
14113,"Sealed Vesper Leather Gloves","gloves",true,true,true,true,true,true,"light",510,"wood","s84",0,68,0,0,,,11667000,560,"",""
14114,"Sealed Vesper Leather Boots","feet",true,true,true,true,true,true,"light",1070,"wood","s84",0,68,0,0,,,11667000,560,"",""
14115,"Sealed Vesper Stockings","legs",true,true,true,true,true,true,"magic",850,"cloth","s84",0,74,0,415,,,21876000,1050,"",""
14116,"Sealed Vesper Gloves","gloves",true,true,true,true,true,true,"magic",510,"cloth","s84",0,68,0,0,,,11667000,560,"",""
14117,"Sealed Vesper Shoes","feet",true,true,true,true,true,true,"magic",1070,"cloth","s84",0,68,0,0,,,11667000,560,"",""
14160,"Sealed Vesper Earring","rear,lear",true,true,true,true,true,true,"none",150,"wood","s84",0,0,83,0,,,6986000,335,"",""
14161,"Sealed Vesper Necklace","neck",true,true,true,true,true,true,"none",150,"wood","s84",0,0,110,0,,,9315000,447,"",""
14162,"Sealed Vesper Ring","rfinger,lfinger",true,true,true,true,true,true,"none",150,"wood","s84",0,0,55,0,,,4658000,224,"",""
14163,"Vesper Earring","rear,lear",true,true,true,true,true,true,"none",150,"gold","s84",0,0,94,37,,,11394000,547,"",""
14164,"Vesper Necklace","neck",true,true,true,true,true,true,"none",150,"gold","s84",0,0,125,50,,,15192000,729,"",""
14165,"Vesper Ring","rfinger,lfinger",true,true,true,true,true,true,"none",150,"gold","s84",0,0,62,25,,,7596000,365,"",""
14520,"Vesper Breastplate {PvP}","chest",false,false,false,true,false,true,"heavy",7520,"fine_steel","s84",0,250,0,0,,,46668000,2240,"",""
14521,"Vesper Leather Breastplate {PvP}","chest",false,false,false,true,false,true,"light",4140,"wood","s84",0,187,0,0,,,35000000,1680,"",""
14522,"Vesper Tunic {PvP}","chest",false,false,false,true,false,true,"magic",1750,"cloth","s84",0,125,0,637,,,35000000,1680,"",""
14523,"Vesper Noble Breastplate {PvP}","chest",false,false,false,true,false,true,"heavy",7520,"fine_steel","s84",0,250,0,0,,,55840000,2680,"",""
14524,"Vesper Noble Leather Breastplate {PvP}","chest",false,false,false,true,false,true,"light",4140,"wood","s84",0,187,0,0,,,41880000,2010,"",""
14525,"Vesper Noble Tunic {PvP}","chest",false,false,false,true,false,true,"magic",1750,"cloth","s84",0,125,0,637,,,41880000,2010,"",""
14582,"Apella Combat Helmet","head",false,false,false,true,false,true,"none",570,"wood","a",0,73,0,0,,,0,0,"",""
14583,"Apella Combat Armor","fullarmor",false,false,false,true,false,true,"heavy",9780,"wood","a",0,293,0,0,,,0,0,"",""
14584,"Apella Combat Gauntlet - Heavy Armor Use","gloves",false,false,false,true,false,true,"heavy",580,"wood","a",0,49,0,0,,,0,0,"",""
14585,"Apella Combat Boots - Heavy Armor Use","feet",false,false,false,true,false,true,"heavy",1130,"wood","a",0,49,0,0,,,0,0,"",""
14586,"Apella Combat Clothes","fullarmor",false,false,false,true,false,true,"light",5400,"wood","a",0,220,0,0,,,0,0,"",""
14587,"Apella Combat Leather Gloves - Tans Armor Use","gloves",false,false,false,true,false,true,"light",580,"wood","a",0,49,0,0,,,0,0,"",""
14588,"Apella Combat Shoes - Tans Armor Use","feet",false,false,false,true,false,true,"light",1130,"wood","a",0,49,0,0,,,0,0,"",""
14589,"Apella Combat Overcoat","fullarmor",false,false,false,true,false,true,"magic",2450,"wood","a",0,147,0,718,,,0,0,"",""
14590,"Apella Combat Silk Gloves - Robe Use","gloves",false,false,false,true,false,true,"magic",580,"wood","a",0,49,0,0,,,0,0,"",""
14591,"Apella Combat Sandals - Robe Use","feet",false,false,false,true,false,true,"magic",1130,"wood","a",0,49,0,0,,,0,0,"",""
14592,"Gludio Earth Protection Ring","rfinger,lfinger",false,false,false,true,false,true,"none",150,"wood","a",0,0,42,17,,,0,0,"",""
14593,"Dion Water Protection Ring","rfinger,lfinger",false,false,false,true,false,true,"none",150,"wood","a",0,0,42,17,,,0,0,"",""
14594,"Giran Fire Protection Ring","rfinger,lfinger",false,false,false,true,false,true,"none",150,"wood","a",0,0,42,17,,,0,0,"",""
14595,"Oren Earth Protection Ring","rfinger,lfinger",false,false,false,true,false,true,"none",150,"wood","a",0,0,42,17,,,0,0,"",""
14596,"Aden Divinity Protection Ring","rfinger,lfinger",false,false,false,true,false,true,"none",150,"wood","a",0,0,42,17,,,0,0,"",""
14597,"Innadril Divinity Protection Ring","rfinger,lfinger",false,false,false,true,false,true,"none",150,"wood","a",0,0,42,17,,,0,0,"",""
14598,"Goddard Dark Protection Ring","rfinger,lfinger",false,false,false,true,false,true,"none",150,"wood","a",0,0,42,17,,,0,0,"",""
14599,"Rune Wind Protection Ring","rfinger,lfinger",false,false,false,true,false,true,"none",150,"wood","a",0,0,42,17,,,0,0,"",""
14600,"Schuttgart Dark Protection Ring","rfinger,lfinger",false,false,false,true,false,true,"none",150,"wood","a",0,0,42,17,,,0,0,"",""
14601,"Ancient Cloak - Kamael exclusive - Kamael Use","back",false,false,false,true,false,true,"light",220,"wood","s80",0,20,0,0,,,0,0,"",""
14602,"Ancient Cloak","back",false,false,false,true,false,true,"light",220,"wood","s80",0,20,0,0,,,0,0,"",""
14604,"Red Talisman - Territory Guardian","talisman",false,false,false,true,false,true,"none",150,"wood","none",0,0,0,0,66,,0,0,"","8308-1"
14605,"Red Talisman - Territory Guard","talisman",false,false,false,true,false,true,"none",150,"wood","none",0,0,0,0,66,,0,0,"","8309-1"
14608,"Ancient Cloak - Light Armor exclusive","back",false,false,false,true,false,true,"light",220,"wood","s80",0,20,0,0,,,0,0,"",""
14609,"Ancient Cloak - Heavy Armor exclusive","back",false,false,false,true,false,true,"heavy",220,"wood","s80",0,20,0,0,,,0,0,"",""
14610,"Ancient Cloak - Robe exclusive","back",false,false,false,true,false,true,"magic",220,"wood","s80",0,20,0,0,,,0,0,"",""
14611,"Rudolph's Nose","face",false,true,true,true,true,true,"none",10,"wood","none",0,0,0,0,,,0,0,"",""
14613,"Rock-Paper-Scissors Santa Hat","hairall",false,true,true,true,true,true,"none",10,"wood","none",0,0,0,0,,,0,0,"",""
14617,"Agathion Seal Bracelet - Rudolph","lbracelet",false,false,false,true,false,true,"none",150,"wood","none",0,0,0,0,,,0,0,"","3425-1;3267-1;5537-1"
14664,"Gludio Protection Earring","rear,lear",true,true,false,true,false,true,"none",150,"silver","a",0,0,63,25,,,0,0,"","8313-1"
14665,"Dion Protection Earring","rear,lear",true,true,false,true,false,true,"none",150,"silver","a",0,0,63,25,,,0,0,"","8313-2"
14666,"Giran Protection Earring","rear,lear",true,true,false,true,false,true,"none",150,"silver","a",0,0,63,25,,,0,0,"","8313-3"
14667,"Oren Protection Earring","rear,lear",true,true,false,true,false,true,"none",150,"silver","a",0,0,63,25,,,0,0,"","8313-4"
14668,"Aden Protection Earring","rear,lear",true,true,false,true,false,true,"none",150,"silver","a",0,0,63,25,,,0,0,"","8313-5"
14669,"Innadril Protection Earring","rear,lear",true,true,false,true,false,true,"none",150,"silver","a",0,0,63,25,,,0,0,"","8313-6"
14670,"Goddard Protection Earring","rear,lear",true,true,false,true,false,true,"none",150,"silver","a",0,0,63,25,,,0,0,"","8313-7"
14671,"Rune Protection Earring","rear,lear",true,true,false,true,false,true,"none",150,"silver","a",0,0,63,25,,,0,0,"","8313-8"
14672,"Schuttgart Protection Earring","rear,lear",true,true,false,true,false,true,"none",150,"silver","a",0,0,63,25,,,0,0,"","8313-9"
14675,"Agathion Seal Bracelet - Saerom","lbracelet",false,false,false,true,false,true,"none",150,"wood","none",0,0,0,0,,,0,0,"","8314-1;3267-1;6124-1"
14712,"Cow Hair Accessory","hairall",false,true,true,true,true,true,"none",10,"wood","none",0,0,0,0,,,0,0,"",""
14746,"Refined Chick Hat","hairall",false,true,true,true,true,true,"none",10,"wood","none",0,0,0,0,,,0,0,"",""
14747,"Refined Black Feather Mask","hairall",false,true,true,true,true,true,"none",10,"wood","none",0,0,0,0,,,0,0,"",""
14748,"Refined Carnival Circlet","hairall",false,true,true,true,true,true,"none",10,"wood","none",0,0,0,0,,,0,0,"",""
14749,"Afro Perm Wig","hairall",false,true,true,true,true,true,"none",10,"wood","none",0,0,0,0,,,0,0,"",""
14750,"Bamboo Hat","hairall",false,true,true,true,true,true,"none",10,"wood","none",0,0,0,0,,,0,0,"",""
14751,"Smart Glasses","hairall",false,true,true,true,true,true,"none",10,"wood","none",0,0,0,0,,,0,0,"",""
20006,"Agathion Seal Bracelet - Majo","lbracelet",false,false,false,true,false,true,"none",150,"wood","none",0,0,0,0,,,0,0,"","21000-1;3267-1;23000-1"
20007,"Agathion Seal Bracelet - Gold Majo","lbracelet",false,false,false,true,false,true,"none",150,"wood","none",0,0,0,0,,,0,0,"","21001-1;3267-1;23001-1"
20008,"Agathion Seal Bracelet - Black Majo","lbracelet",false,false,false,true,false,true,"none",150,"wood","none",0,0,0,0,,,0,0,"","21002-1;3267-1;23002-1"
20009,"Agathion Seal Bracelet - Majo - Big Head 30 Day Expiration Period","lbracelet",false,false,false,true,false,true,"none",150,"wood","none",0,0,0,0,,2592000,0,0,"","21000-1;3267-1;23000-1;23004-1"
20010,"Agathion Seal Bracelet - Gold Majo - Resurrection 30 Day Expiration Period","lbracelet",false,false,false,true,false,true,"none",150,"wood","none",0,0,0,0,,2592000,0,0,"","21001-1;3267-1;23001-1;23005-1"
20011,"Agathion Seal Bracelet - Black Majo - Escape 30 Day Expiration Period","lbracelet",false,false,false,true,false,true,"none",150,"wood","none",0,0,0,0,,2592000,0,0,"","21002-1;3267-1;23002-1;23006-1"
20012,"Agathion Seal Bracelet - Plaipitak","lbracelet",false,false,false,true,false,true,"none",150,"wood","none",0,0,0,0,,,0,0,"","21003-1;3267-1;23003-1"
20013,"Agathion Seal Bracelet - Plaipitak - Big Head 30 Day Expiration Period","lbracelet",false,false,false,true,false,true,"none",150,"wood","none",0,0,0,0,,2592000,0,0,"","21003-1;3267-1;23003-1;23007-1"
20014,"Agathion Seal Bracelet - Plaipitak - Resurrection 30 Day Expiration Period","lbracelet",false,false,false,true,false,true,"none",150,"wood","none",0,0,0,0,,2592000,0,0,"","21003-1;3267-1;23003-1;23009-1"
20015,"Agathion Seal Bracelet - Plaipitak - Escape 30 Day Expiration Period","lbracelet",false,false,false,true,false,true,"none",150,"wood","none",0,0,0,0,,2592000,0,0,"","21003-1;3267-1;23003-1;23008-1"
20016,"Horn-Rimmed Glasses - Agility","face",false,true,true,true,true,true,"none",10,"wood","none",0,0,0,0,,,0,0,"",""
20017,"Afro Hair","hairall",false,true,true,true,true,true,"none",10,"wood","none",0,0,0,0,,,0,0,"",""
20018,"Afro Hair - Big Head,Firework","hairall",false,true,true,true,true,true,"none",10,"wood","none",0,0,0,0,,,0,0,"",""
20019,"Afro Hair - Wind Walk","hairall",false,true,true,true,true,true,"none",10,"wood","none",0,0,0,0,,,0,0,"",""
20020,"Uniform Hat","hairall",false,true,true,true,true,true,"none",10,"wood","none",0,0,0,0,,,0,0,"",""
20021,"Assassin's Bamboo Hat","hairall",false,true,true,true,true,true,"none",10,"wood","none",0,0,0,0,,,0,0,"",""
20022,"Ruthless Tribe Mask","face",false,true,true,true,true,true,"none",10,"wood","none",0,0,0,0,,,0,0,"",""
20023,"Ribbon Hairband","hair",false,true,true,true,true,true,"none",10,"wood","none",0,0,0,0,,,0,0,"",""
20024,"Visor","hairall",false,true,true,true,true,true,"none",10,"wood","none",0,0,0,0,,,0,0,"",""
20029,"Light Purple-Maned Horse Mounting Bracelet","lbracelet",false,false,false,true,false,true,"none",30,"wood","none",0,0,0,0,,,0,0,"","8247-1"
20030,"Light Purple-Maned Horse Mounting Bracelet - 30 Day Expiration Period","lbracelet",false,false,false,true,false,true,"none",30,"wood","none",0,0,0,0,,2592000,0,0,"","8247-1"
20031,"Kat the Cat Hat","hairall",false,true,true,true,true,true,"none",10,"wood","none",0,0,0,0,,,0,0,"",""
20032,"Skull Hat","hairall",false,true,true,true,true,true,"none",10,"wood","none",0,0,0,0,,,0,0,"",""
20063,"Agathion Seal Bracelet - Baby Panda","lbracelet",false,false,false,true,false,true,"none",150,"wood","none",0,0,0,0,,,0,0,"","21008-1;3267-1;23010-1"
20064,"Agathion Seal Bracelet - Bamboo Panda","lbracelet",false,false,false,true,false,true,"none",150,"wood","none",0,0,0,0,,,0,0,"","21009-1;3267-1;23011-1"
20065,"Agathion Seal Bracelet - Sexy Panda","lbracelet",false,false,false,true,false,true,"none",150,"wood","none",0,0,0,0,,,0,0,"","21010-1;3267-1;23012-1"
20066,"Agathion Seal Bracelet - Baby Panda - Big Head-15 Day Expiration Period","lbracelet",false,false,false,true,false,true,"none",150,"wood","none",0,0,0,0,,1296000,0,0,"","21008-1;3267-1;23010-1;23013-1"
20067,"Agathion Seal Bracelet - Bamboo Panda - Resurrection-15 Day Expiration Period","lbracelet",false,false,false,true,false,true,"none",150,"wood","none",0,0,0,0,,1296000,0,0,"","21009-1;3267-1;23011-1;23014-1"
20068,"Agathion Seal Bracelet - Sexy Panda - Escape-15 Day Expiration Period","lbracelet",false,false,false,true,false,true,"none",150,"wood","none",0,0,0,0,,1296000,0,0,"","21010-1;3267-1;23012-1;23015-1"
20083,"Afro Hair - Energy - 3 Hour Expiration Period","hairall",false,true,true,true,true,true,"none",10,"wood","none",0,0,0,0,,10800,0,0,"",""
20084,"Afro Hair - Energy - 3 Day Expiration Period","hairall",false,true,true,true,true,true,"none",10,"wood","none",0,0,0,0,,259200,0,0,"",""
20085,"Afro Hair - Energy - 30 Day Expiration Period","hairall",false,true,true,true,true,true,"none",10,"wood","none",0,0,0,0,,2592000,0,0,"",""
20086,"Horn Rimmed Glasses - Energy - 3 Hour Expiration Period","face",false,true,true,true,true,true,"none",10,"wood","none",0,0,0,0,,10800,0,0,"",""
20087,"Horn Rimmed Glasses - Energy - 3 Day Expiration Period","face",false,true,true,true,true,true,"none",10,"wood","none",0,0,0,0,,259200,0,0,"",""
20088,"Horn Rimmed Glasses - Energy - 30 Day Expiration Period","face",false,true,true,true,true,true,"none",10,"wood","none",0,0,0,0,,2592000,0,0,"",""
20089,"Assassin's Bamboo Hat - Energy - 3 Hour Expiration Period","hairall",false,true,true,true,true,true,"none",10,"wood","none",0,0,0,0,,10800,0,0,"",""
20090,"Assassin's Bamboo Hat - Energy - 3-day Expiration Period","hairall",false,true,true,true,true,true,"none",10,"wood","none",0,0,0,0,,259200,0,0,"",""
20091,"Assassin's Bamboo Hat - Energy - 30-day Expiration Period","hairall",false,true,true,true,true,true,"none",10,"wood","none",0,0,0,0,,2592000,0,0,"",""
20094,"Agathion Seal Bracelet: Rudolph - Energy - 30 Day Expiration Period","lbracelet",false,false,false,true,false,true,"none",150,"wood","none",0,0,0,0,,2592000,0,0,"","3425-1;3267-1;5537-1;23016-1"
20095,"Santa Horn Hat","hairall",false,true,false,true,true,true,"none",10,"wood","none",0,0,0,0,,,0,0,"",""
20098,"Formal Dress - Event - 1 hour Shadow time","fullarmor",false,true,true,true,true,true,"none",1000,"cloth","none",0,0,0,0,60,3600,5000000,0,"",""
20099,"Formal Dress - Event - 7 Day Expiration Period","fullarmor",false,true,true,true,true,true,"none",1000,"cloth","none",0,0,0,0,,604800,5000000,0,"",""
20100,"Saving Santa Hat - 24 Hour Expiration Period","hairall",false,true,false,true,true,true,"none",10,"wood","none",0,0,0,0,,86400,0,0,"",""
20200,"Agathion of Love - 3 Day Expiration Period","lbracelet",false,false,false,true,false,true,"none",150,"wood","none",0,0,0,0,,259200,0,0,"","8245-1;23024-1;3267-1"
20201,"Agathion of Love - 7 Day Expiration Period","lbracelet",false,false,false,true,false,true,"none",150,"wood","none",0,0,0,0,,604800,0,0,"","8245-1;23024-1;3267-1"
20202,"Agathion of Love - 15 Day Expiration Period","lbracelet",false,false,false,true,false,true,"none",150,"wood","none",0,0,0,0,,1296000,0,0,"","8245-1;23024-1;3267-1"
20203,"Agathion of Love - 30 Day Expiration Period","lbracelet",false,false,false,true,false,true,"none",150,"wood","none",0,0,0,0,,2592000,0,0,"","8245-1;23024-1;3267-1"
20204,"Queen Ant's Ring (Event) - 3-day Expiration Period","rfinger,lfinger",false,false,false,true,false,true,"none",150,"wood","b",0,0,48,21,,259200,0,0,"","3562-1"
20205,"Queen Ant's Ring (Event) - 7-day Expiration Period","rfinger,lfinger",false,false,false,true,false,true,"none",150,"wood","b",0,0,48,21,,604800,0,0,"","3562-1"
20206,"Queen Ant's Ring (Event) - 15 Day Expiration Period","rfinger,lfinger",false,false,false,true,false,true,"none",150,"wood","b",0,0,48,21,,1296000,0,0,"","3562-1"
20207,"Zaken's Earring (Event) - 3-day Expiration Period","rear,lear",false,false,false,true,false,true,"none",150,"wood","s",0,0,71,31,,259200,0,0,"","3559-1"
20208,"Zaken's Earring (Event) - 7-day Expiration Period","rear,lear",false,false,false,true,false,true,"none",150,"wood","s",0,0,71,31,,604800,0,0,"","3559-1"
20209,"Zaken's Earring (Event) - 15 Day Expiration Period","rear,lear",false,false,false,true,false,true,"none",150,"wood","s",0,0,71,31,,1296000,0,0,"","3559-1"
20212,"Agathion Seal Bracelet - Charming Cupid","lbracelet",false,false,false,true,false,true,"none",150,"wood","none",0,0,0,0,,,0,0,"","21031-1;3267-1;23025-1"
20213,"Agathion Seal Bracelet - Naughty Cupid","lbracelet",false,false,false,true,false,true,"none",150,"wood","none",0,0,0,0,,,0,0,"","21032-1;3267-1;23026-1"
20221,"Agathion Seal Bracelet - White Maneki Neko","lbracelet",false,false,false,true,false,true,"none",150,"wood","none",0,0,0,0,,,0,0,"","21033-1;3267-1;23027-1"
20222,"Agathion Seal Bracelet - Black Maneki Neko","lbracelet",false,false,false,true,false,true,"none",150,"wood","none",0,0,0,0,,,0,0,"","21034-1;3267-1;23028-1"
20223,"Agathion Seal Bracelet - Brown Maneki Neko","lbracelet",false,false,false,true,false,true,"none",150,"wood","none",0,0,0,0,,,0,0,"","21035-1;3267-1;23029-1"
20224,"Agathion Seal Bracelet - White Maneki Neko - Resurrection - 7 Day Expiration Period","lbracelet",false,false,false,true,false,true,"none",150,"wood","none",0,0,0,0,,604800,0,0,"","21033-1;3267-1;23027-1;23030-1"
20225,"Agathion Seal Bracelet - Black Maneki Neko - Escape - 7 Day Expiration Period","lbracelet",false,false,false,true,false,true,"none",150,"wood","none",0,0,0,0,,604800,0,0,"","21034-1;3267-1;23028-1;23031-1"
20226,"Agathion Seal Bracelet - Brown Maneki Neko - Vitality - 7-day limited time","lbracelet",false,false,false,true,false,true,"none",150,"wood","none",0,0,0,0,,604800,0,0,"","21035-1;3267-1;23029-1;23032-1"
20230,"Agathion Seal Bracelet - One-eyed Bat Drove","lbracelet",false,false,false,true,false,true,"none",150,"wood","none",0,0,0,0,,,0,0,"","21036-1;3267-1;23033-1"
20231,"Agathion Seal Bracelet - One-Eyed Bat Drove - Resist Unholy - 7 Day Expiration Period","lbracelet",false,false,false,true,false,true,"none",150,"wood","none",0,0,0,0,,604800,0,0,"","21036-1;3267-1;23033-1;23034-1"
20232,"Agathion Seal Bracelet - One-Eyed Bat Drove - Vitality - 7 Day Expiration Period","lbracelet",false,false,false,true,false,true,"none",150,"wood","none",0,0,0,0,,604800,0,0,"","21036-1;3267-1;23033-1;23035-1"
20236,"Agathion Seal Bracelet - Pegasus","lbracelet",false,false,false,true,false,true,"none",150,"wood","none",0,0,0,0,,,0,0,"","21037-1;3267-1;23036-1"
20237,"Agathion Seal Bracelet - Pegasus - Wind Walk - 7 Day Expiration Period","lbracelet",false,false,false,true,false,true,"none",150,"wood","none",0,0,0,0,,604800,0,0,"","21037-1;3267-1;23036-1;23037-1"
20238,"Agathion Seal Bracelet - Pegasus - Escape - 7 Day Expiration Period","lbracelet",false,false,false,true,false,true,"none",150,"wood","none",0,0,0,0,,604800,0,0,"","21037-1;3267-1;23036-1;23038-1"
20245,"Agathion Seal Bracelet - Yellow-robed Tojigong","lbracelet",false,false,false,true,false,true,"none",150,"wood","none",0,0,0,0,,,0,0,"","21038-1;3267-1;23039-1"
20246,"Agathion Seal Bracelet - Blue-robed Tojigong","lbracelet",false,false,false,true,false,true,"none",150,"wood","none",0,0,0,0,,,0,0,"","21039-1;3267-1;23040-1"
20247,"Agathion Seal Bracelet - Green-robed Tojigong","lbracelet",false,false,false,true,false,true,"none",150,"wood","none",0,0,0,0,,,0,0,"","21040-1;3267-1;23041-1"
20248,"Agathion Seal Bracelet - Yellow-Robed Tojigong - Greater Heal - 7 Day Expiration Period","lbracelet",false,false,false,true,false,true,"none",150,"wood","none",0,0,0,0,,604800,0,0,"","21038-1;3267-1;23039-1;23042-1"
20249,"Agathion Seal Bracelet - Blue-Robed Tojigong - Reflect Damage - 7 Day Expiration Period","lbracelet",false,false,false,true,false,true,"none",150,"wood","none",0,0,0,0,,604800,0,0,"","21039-1;3267-1;23040-1;23043-1"
20250,"Agathion Seal Bracelet - Green-Robed Tojigong - Mana Regeneration - 7 Day Expiration Period","lbracelet",false,false,false,true,false,true,"none",150,"wood","none",0,0,0,0,,604800,0,0,"","21040-1;3267-1;23041-1;23044-1"
20252,"Agathion Seal Bracelet - Bugbear","lbracelet",false,false,false,true,false,true,"none",150,"wood","none",0,0,0,0,,,0,0,"","21041-1;3267-1;23045-1"
20253,"Agathion of Love (Event)","lbracelet",false,false,false,true,false,true,"none",150,"wood","none",0,0,0,0,,,0,0,"","8245-1;23024-1;3267-1"
20275,"Gold Afro","hairall",false,true,true,true,true,true,"none",10,"wood","none",0,0,0,0,,,0,0,"",""
20276,"Pink Afro","hairall",false,true,true,true,true,true,"none",10,"wood","none",0,0,0,0,,,0,0,"",""
20297,"Agathion Seal Bracelet - Red Sumo Wrestler","lbracelet",false,false,false,true,false,true,"none",150,"wood","none",0,0,0,0,,,0,0,"","21043-1;3267-1;23049-1"
20298,"Agathion Seal Bracelet - Red Sumo Wrestler - Death Whisper - 7 Day Expiration Period","lbracelet",false,false,false,true,false,true,"none",150,"wood","none",0,0,0,0,,604800,0,0,"","21043-1;3267-1;23049-1;23057-1"
20299,"Agathion Seal Bracelet - Blue Sumo Wrestler","lbracelet",false,false,false,true,false,true,"none",150,"wood","none",0,0,0,0,,,0,0,"","21044-1;3267-1;23050-1"
20300,"Agathion Seal Bracelet - Blue Sumo Wrestler - Wild Magic - 7 Day Expiration Period","lbracelet",false,false,false,true,false,true,"none",150,"wood","none",0,0,0,0,,604800,0,0,"","21044-1;3267-1;23050-1;23058-1"
20301,"Agathion Seal Bracelet - Great Sumo Match","lbracelet",false,false,false,true,false,true,"none",150,"wood","none",0,0,0,0,,,0,0,"","21045-1;3267-1;23051-1"
20302,"Agathion Seal Bracelet - Great Sumo Match - Big Head / Firework - 7 Day Expiration Period","lbracelet",false,false,false,true,false,true,"none",150,"wood","none",0,0,0,0,,604800,0,0,"","21045-1;3267-1;23051-1;23059-1;23060-1"
20303,"Agathion Seal Bracelet - Button-Eyed Bear Doll","lbracelet",false,false,false,true,false,true,"none",150,"wood","none",0,0,0,0,,,0,0,"","21046-1;3267-1;23052-1"
20304,"Agathion Seal Bracelet - Button-Eyed Bear Doll - Escape - 7 Day Expiration Period","lbracelet",false,false,false,true,false,true,"none",150,"wood","none",0,0,0,0,,604800,0,0,"","21046-1;3267-1;23052-1;23061-1"
20305,"Agathion Seal Bracelet - Button-Eyed Bear Doll - Resurrection - 7 Day Expiration Period","lbracelet",false,false,false,true,false,true,"none",150,"wood","none",0,0,0,0,,604800,0,0,"","21046-1;3267-1;23052-1;23062-1"
20306,"Agathion Seal Bracelet - Button-Eyed Bear Doll - Energy - 7 Day Expiration Period","lbracelet",false,false,false,true,false,true,"none",150,"wood","none",0,0,0,0,,604800,0,0,"","21046-1;3267-1;23052-1;23063-1"
20307,"Agathion Seal Bracelet - God of Fortune","lbracelet",false,false,false,true,false,true,"none",150,"wood","none",0,0,0,0,,,0,0,"","21047-1;3267-1;23053-1"
20308,"Agathion Seal Bracelet - God of Fortune - Energy - 7 Day Expiration Period","lbracelet",false,false,false,true,false,true,"none",150,"wood","none",0,0,0,0,,604800,0,0,"","21047-1;3267-1;23053-1;23064-1"
20309,"Agathion Seal Bracelet - Dryad","lbracelet",false,false,false,true,false,true,"none",150,"wood","none",0,0,0,0,,,0,0,"","21048-1;3267-1;23054-1"
20310,"Agathion Seal Bracelet - Wonboso","lbracelet",false,false,false,true,false,true,"none",150,"wood","none",0,0,0,0,,,0,0,"","21049-1;3267-1;23055-1"
20311,"Agathion Seal Bracelet - Wonboso - Wind Walk - 7 Day Expiration Period","lbracelet",false,false,false,true,false,true,"none",150,"wood","none",0,0,0,0,,604800,0,0,"","21049-1;3267-1;23055-1;23065-1"
20312,"Agathion Seal Bracelet - Daewoonso","lbracelet",false,false,false,true,false,true,"none",150,"wood","none",0,0,0,0,,,0,0,"","21050-1;3267-1;23056-1"
20313,"Agathion Seal Bracelet - Daewoonso - New Year's Gift - 7-day Expiration Period","lbracelet",false,false,false,true,false,true,"none",150,"wood","none",0,0,0,0,,604800,0,0,"","21050-1;3267-1;23056-1;23066-1"
20321,"Goggle","hair",false,false,false,true,true,true,"none",10,"wood","none",0,0,0,0,,,0,0,"",""
20322,"Napoleon Hat","hair",false,false,false,true,true,true,"none",10,"wood","none",0,0,0,0,,,0,0,"",""
20323,"Horn Hairband","hair",false,false,false,true,true,true,"none",10,"wood","none",0,0,0,0,,,0,0,"",""
20324,"Black Gem Mask","hair",false,false,false,true,true,true,"none",10,"wood","none",0,0,0,0,,,0,0,"",""
20325,"Plastic Hair","hairall",false,false,false,true,false,true,"none",10,"wood","none",0,0,0,0,,,0,0,"",""
20396,"Steam Beatle Mounting Bracelet","lbracelet",false,false,false,true,false,true,"none",30,"wood","none",0,0,0,0,,,0,0,"","8261-1"
20535,"Steam Sledge Mounting Bracelet - 30 day limited period","lbracelet",false,false,false,true,false,true,"none",30,"wood","none",0,0,0,0,,2592000,0,0,"","8261-1"
20536,"Tawny Maned Lion Mounting Bracelet - 30 day limited period","lbracelet",false,false,false,true,false,true,"none",30,"wood","none",0,0,0,0,,2592000,0,0,"","8262-1"
22154,"Shadow Item - Wolf Hat - Blessed Scroll of Escape","hairall",false,true,true,true,true,true,"none",10,"wood","none",0,0,0,0,1440,,0,0,"",""
22155,"Shadow Item - Wolf Hat - Blessed Scroll of Resurrection","hairall",false,true,true,true,true,true,"none",10,"wood","none",0,0,0,0,1440,,0,0,"",""
22156,"Daisy Hairpin","hair",false,true,true,true,true,true,"none",10,"wood","none",0,0,0,0,,,0,0,"",""
22157,"Forget-me-not Hairpin","hair",false,true,true,true,true,true,"none",10,"wood","none",0,0,0,0,,,0,0,"",""
22158,"Outlaw's Eyepatch","face",false,true,true,true,true,true,"none",10,"wood","none",0,0,0,0,,,0,0,"",""
22159,"Pirate's Eyepatch","face",false,true,true,true,true,true,"none",10,"wood","none",0,0,0,0,,,0,0,"",""
22160,"Monocle","face",false,true,true,true,true,true,"none",10,"wood","none",0,0,0,0,,,0,0,"",""
22161,"Red Mask of Victory","face",false,true,true,true,true,true,"none",10,"wood","none",0,0,0,0,,,0,0,"",""
22162,"Red Horn of Victory","hair",false,true,true,true,true,true,"none",10,"wood","none",0,0,0,0,,,0,0,"",""
22163,"Party Mask","face",false,true,true,true,true,true,"none",10,"wood","none",0,0,0,0,,,0,0,"",""
22164,"Red Party Mask","face",false,true,true,true,true,true,"none",10,"wood","none",0,0,0,0,,,0,0,"",""
22165,"Cat Ear","hair",false,true,true,true,true,true,"none",10,"wood","none",0,0,0,0,,,0,0,"",""
22166,"Noblewoman's hairpin","hair",false,true,true,true,true,true,"none",10,"wood","none",0,0,0,0,,,0,0,"",""
22167,"Raccoon Ear","hair",false,true,true,true,true,true,"none",10,"wood","none",0,0,0,0,,,0,0,"",""
22168,"Rabbit Ear","hair",false,true,true,true,true,true,"none",10,"wood","none",0,0,0,0,,,0,0,"",""
22169,"Little Angel Wings","hair",false,true,true,true,true,true,"none",10,"wood","none",0,0,0,0,,,0,0,"",""
22170,"Fairy's Antennae","hair",false,true,true,true,true,true,"none",10,"wood","none",0,0,0,0,,,0,0,"",""
22171,"Dandy's Chapeau","hairall",false,true,true,true,true,true,"none",10,"wood","none",0,0,0,0,,,0,0,"",""
22172,"Artisan's Goggles","hairall",false,true,true,true,true,true,"none",10,"wood","none",0,0,0,0,,,0,0,"",""
