npc_template_id,item_template_id,min_count,max_count,category,chance
18001,57,765,1528,0,700000
18001,1419,1,1,2,200000
18001,1806,1,1,-1,10868
18001,1864,1,1,2,166667
18001,1866,1,1,2,62500
18001,1878,1,1,2,37037
18001,1885,1,1,2,7092
18001,1889,1,1,2,5435
18001,4069,1,1,1,2102
18001,4070,1,1,1,3192
18001,4071,1,1,1,1615
18001,4197,1,1,2,8
18003,1871,1,1,-1,9797
18010,57,173,347,0,700000
18012,57,148,293,0,700000
18013,57,148,293,0,700000
18014,57,228,455,0,700000
18015,57,194,387,0,700000
18017,57,194,387,0,700000
18018,57,253,504,0,700000
18020,57,305,611,0,700000
18022,57,265,529,0,700000
18023,57,265,529,0,700000
18024,57,381,761,0,700000
18025,57,335,669,0,700000
18027,57,335,669,0,700000
18028,57,414,829,0,700000
18030,57,486,972,0,700000
18032,57,431,863,0,700000
18033,57,431,863,0,700000
18034,57,585,1171,0,700000
18035,57,525,1049,0,700000
18037,57,525,1049,0,700000
18038,57,629,1257,0,700000
18040,57,721,1443,0,700000
18042,57,651,1302,0,700000
18043,57,651,1302,0,700000
18044,57,848,1697,0,700000
18045,57,770,1541,0,700000
18047,57,770,1541,0,700000
18048,57,902,1804,0,700000
18050,57,902,1804,0,700000
18052,57,902,1804,0,700000
18053,57,902,1804,0,700000
18054,57,902,1804,0,700000
18055,57,902,1804,0,700000
18057,57,902,1804,0,700000
18058,57,902,1804,0,700000
18060,57,173,347,0,700000
18062,57,148,293,0,700000
18063,57,148,293,0,700000
18064,57,228,455,0,700000
18065,57,194,387,0,700000
18067,57,194,387,0,700000
18068,57,253,504,0,700000
18070,57,305,611,0,700000
18072,57,265,529,0,700000
18073,57,265,529,0,700000
18074,57,381,761,0,700000
18075,57,335,669,0,700000
18077,57,335,669,0,700000
18078,57,414,829,0,700000
18080,57,486,972,0,700000
18082,57,431,863,0,700000
18083,57,431,863,0,700000
18084,57,585,1171,0,700000
18085,57,525,1049,0,700000
18087,57,525,1049,0,700000
18088,57,629,1257,0,700000
18090,57,721,1443,0,700000
18092,57,651,1302,0,700000
18093,57,651,1302,0,700000
18094,57,848,1697,0,700000
18095,57,770,1541,0,700000
18097,57,770,1541,0,700000
18098,57,902,1804,0,700000
18100,57,902,1804,0,700000
18102,57,902,1804,0,700000
18103,57,902,1804,0,700000
18104,57,902,1804,0,700000
18105,57,902,1804,0,700000
18107,57,902,1804,0,700000
18108,57,902,1804,0,700000
18109,955,1,1,2,2000
18109,956,1,1,2,15000
18109,1060,1,1,2,50000
18109,1061,1,1,2,50000
18110,951,1,1,2,1500
18110,952,1,1,2,12000
18110,1061,1,1,2,50000
18110,1832,1,1,2,25000
18110,1834,1,1,2,25000
18111,734,1,1,2,25000
18111,735,1,1,2,25000
18111,951,1,1,2,2000
18111,952,1,1,2,18000
18111,1539,1,1,2,50000
18112,734,1,1,2,25000
18112,735,1,1,2,25000
18112,947,1,1,2,500
18112,948,1,1,2,7000
18112,1539,1,1,2,50000
18113,729,1,1,2,300
18113,730,1,1,2,2500
18113,734,1,1,2,25000
18113,735,1,1,2,25000
18113,1539,1,1,2,50000
18114,955,1,1,2,2000
18114,956,1,1,2,15000
18114,1060,1,1,2,50000
18114,1061,1,1,2,50000
18115,951,1,1,2,1500
18115,952,1,1,2,12000
18115,1061,1,1,2,50000
18115,1832,1,1,2,25000
18115,1834,1,1,2,25000
18116,734,1,1,2,25000
18116,735,1,1,2,25000
18116,951,1,1,2,2000
18116,952,1,1,2,18000
18116,1539,1,1,2,50000
18117,734,1,1,2,25000
18117,735,1,1,2,25000
18117,947,1,1,2,500
18117,948,1,1,2,7000
18117,1539,1,1,2,50000
18118,729,1,1,2,300
18118,730,1,1,2,2500
18118,734,1,1,2,25000
18118,735,1,1,2,25000
18118,1539,1,1,2,50000
18256,57,1370,2743,0,700000
18256,81,1,1,1,2
18256,151,1,1,1,2
18256,959,1,1,2,8
18256,1895,1,1,2,54858
18256,2500,1,1,1,2
18256,4040,1,1,2,3841
18256,4042,1,1,2,3201
18256,4043,1,1,2,6401
18256,5529,1,1,1,440
18256,5545,1,1,1,440
18256,5546,1,1,1,483
18265,57,480,858,0,700000
18265,955,1,1,2,3740
18265,956,1,1,2,31162
18266,57,483,891,0,700000
18266,955,1,1,2,3855
18266,956,1,1,2,32122
18267,57,484,932,0,700000
18267,955,1,1,2,3905
18267,956,1,1,2,32541
18268,57,708,1417,0,700000
18268,955,1,1,2,5804
18268,956,1,1,2,48367
18269,57,732,1465,0,700000
18269,955,1,1,2,5940
18269,956,1,1,2,49492
18270,57,758,1520,0,700000
18270,955,1,1,2,6163
18270,956,1,1,2,51357
18271,57,789,1572,0,700000
18271,955,1,1,2,6338
18271,956,1,1,2,52816
18272,57,1257,2519,0,700000
18272,951,1,1,2,4563
18272,952,1,1,2,33462
18273,57,1293,2582,0,700000
18273,951,1,1,2,4604
18273,952,1,1,2,33756
18274,57,1330,2656,0,700000
18274,951,1,1,2,4652
18274,952,1,1,2,34111
18275,57,1952,3909,0,700000
18275,951,1,1,2,6718
18275,952,1,1,2,49264
18276,57,1997,3995,0,700000
18276,947,1,1,2,1468
18276,948,1,1,2,9176
18277,57,2049,4095,0,700000
18277,947,1,1,2,1433
18277,948,1,1,2,8957
18278,57,2683,5361,0,700000
18278,947,1,1,2,1877
18278,948,1,1,2,11732
18279,57,2736,5473,0,700000
18279,947,1,1,2,1916
18279,948,1,1,2,11969
18280,57,2790,5576,0,700000
18280,729,1,1,2,543
18280,730,1,1,2,4067
18281,57,2849,5701,0,700000
18281,729,1,1,2,555
18281,730,1,1,2,4157
18282,57,4009,8028,0,700000
18282,729,1,1,2,781
18282,730,1,1,2,5854
18283,57,4078,8168,0,700000
18283,959,1,1,2,286
18283,960,1,1,2,2860
18284,57,4146,8295,0,700000
18284,959,1,1,2,291
18284,960,1,1,2,2904
18285,57,5312,10638,0,700000
18285,959,1,1,2,373
18285,960,1,1,2,3724
18286,57,5393,10798,0,700000
18286,959,1,1,2,378
18286,960,1,1,2,3780
18287,57,186,372,0,700000
18287,955,1,1,2,1508
18287,956,1,1,2,12560
18288,57,207,413,0,700000
18288,955,1,1,2,1680
18288,956,1,1,2,13997
18289,57,308,617,0,700000
18289,951,1,1,2,1119
18289,952,1,1,2,8205
18290,57,338,676,0,700000
18290,951,1,1,2,1205
18290,952,1,1,2,8833
18291,57,472,944,0,700000
18291,947,1,1,2,347
18291,948,1,1,2,2168
18292,57,519,1010,0,700000
18292,947,1,1,2,375
18292,948,1,1,2,2342
18293,57,681,1361,0,700000
18293,729,1,1,2,133
18293,730,1,1,2,993
18294,57,728,1457,0,700000
18294,729,1,1,2,142
18294,730,1,1,2,1063
18295,57,938,1879,0,700000
18295,729,1,1,2,183
18295,730,1,1,2,1370
18296,57,995,1993,0,700000
18296,959,1,1,2,70
18296,960,1,1,2,698
18297,57,1239,2481,0,700000
18297,959,1,1,2,87
18297,960,1,1,2,869
18298,57,1301,2604,0,700000
18298,959,1,1,2,92
18298,960,1,1,2,912
18319,6519,1,1,2,86953
18319,6522,1,1,2,57969
18319,6525,1,1,2,72461
18319,6529,1,1,1,1159
18319,6535,12,36,2,120768
18320,6519,1,1,2,131712
18320,6522,1,1,2,87808
18320,6525,1,1,2,109760
18320,6530,1,1,1,527
18320,6536,12,36,2,109760
18321,6520,2,6,2,33251
18321,6523,1,1,2,110836
18321,6526,1,1,2,133003
18321,6531,1,1,1,200
18321,6537,12,36,2,118753
18322,6520,2,6,2,67551
18322,6523,1,1,2,180134
18322,6526,3,9,2,36027
18322,6532,1,1,1,108
18322,6538,15,45,2,43232
18323,6521,2,6,2,67649
18323,6524,1,1,2,202945
18323,6527,2,6,2,45099
18323,6533,1,1,1,41
18323,6539,3,9,2,169121
18324,6521,2,6,2,81602
18324,6524,1,1,2,244805
18324,6527,2,6,2,54401
18324,6533,1,1,1,61
18324,6539,3,9,2,204004
18325,6521,2,6,2,70774
18325,6524,1,1,2,212320
18325,6527,2,6,2,47183
18325,6534,1,1,1,17
18325,6540,3,9,2,141547
18326,6521,2,6,2,85774
18326,6524,1,1,2,257320
18326,6527,2,6,2,57183
18326,6534,1,1,1,30
18326,6540,3,9,2,171547
18342,57,7,13,0,1000000
18345,8787,1,1,2,250000
18346,8787,1,1,2,250000
18485,9691,1,1,2,1000000
18485,9700,1,1,3,360000
20003,57,30,42,0,700000
20003,112,1,1,1,79637
20003,116,1,1,-1,343131
20003,116,1,1,1,118249
20003,118,1,1,1,59125
20003,1786,1,1,-1,45293
20003,1788,1,1,2,7805
20003,1864,1,1,2,19512
20003,1865,1,1,2,9756
20003,1866,1,1,2,6504
20003,1868,1,1,2,19512
20003,1871,1,1,-1,56617
20003,1873,1,1,2,3903
20004,57,41,58,0,700000
20004,1119,1,1,1,5045
20004,1122,1,1,1,5044
20004,1129,1,1,1,5044
20004,1666,1,1,2,5104
20004,1866,1,1,-1,51827
20004,1866,1,1,2,10206
20004,1871,1,1,2,15309
20004,2005,1,1,-1,5553
20004,2006,1,1,-1,5553
20005,17,10,30,2,71865
20005,19,1,1,1,9012
20005,42,1,1,1,6311
20005,57,51,72,0,700000
20005,1060,1,1,-1,216259
20005,1666,1,1,-1,32439
20005,1789,1,1,2,2657
20005,1865,1,1,2,14373
20005,1866,1,1,-1,64878
20005,1870,1,1,2,14373
20006,14,1,1,1,607
20006,57,69,94,0,700000
20006,113,1,1,-1,31655
20006,1060,1,1,-1,285245
20006,1866,1,1,2,16852
20006,1871,1,1,2,25278
20006,2006,1,1,-1,9169
20006,2007,1,1,1,2709
20006,2136,1,1,2,7435
20007,22,1,1,1,3619
20007,29,1,1,1,5786
20007,57,80,108,0,700000
20007,1122,1,1,-1,49042
20007,1796,1,1,2,36869
20007,1864,1,1,2,58621
20007,1866,1,1,-1,99228
20007,1869,1,1,2,29311
20007,1875,1,1,-1,9923
20008,57,114,168,0,700000
20008,255,1,1,1,244
20008,1792,1,1,2,3228
20008,1793,1,1,-1,16388
20008,1865,1,1,2,43891
20008,1870,1,1,-1,222882
20008,1870,1,1,2,43891
20008,1871,1,1,-1,222882
20008,2371,1,1,1,517
20009,43,1,1,-1,11200
20009,57,114,168,0,700000
20009,255,1,1,1,244
20009,736,1,1,2,21946
20009,1831,1,1,-1,594351
20009,1866,1,1,2,29261
20009,1870,1,1,-1,222882
20009,1871,1,1,2,43891
20009,2371,1,1,1,517
20010,57,116,177,0,700000
20010,271,1,1,1,506
20010,1792,1,1,-1,17030
20010,1798,1,1,2,44716
20010,1833,1,1,-1,617635
20010,1866,1,1,2,30407
20010,1871,1,1,2,45610
20010,1896,1,1,-1,98141
20011,57,120,182,0,700000
20011,271,1,1,1,521
20011,1792,1,1,-1,17541
20011,1799,1,1,2,69598
20011,1867,1,1,-1,318082
20011,1867,1,1,2,62638
20011,1872,1,1,2,62638
20011,1921,1,1,-1,153911
20012,57,120,187,0,700000
20012,734,1,1,-1,40386
20012,1101,1,1,1,706
20012,1104,1,1,1,1127
20012,1800,1,1,2,11255
20012,1865,1,2,-1,242317
20012,1865,1,1,2,35789
20012,1870,1,1,2,35789
20012,1897,1,1,-1,57694
20012,6035,1,1,2,2983
20013,9,1,1,1,157
20013,57,113,160,0,700000
20013,154,1,1,1,157
20013,1792,1,1,2,3115
20013,1865,1,1,2,42366
20013,1866,1,2,-1,143423
20013,1870,1,1,2,42366
20013,1896,1,1,-1,91159
20013,1922,1,1,-1,54881
20013,2008,1,1,1,1649
20014,2,1,1,1,54
20014,57,120,193,0,700000
20014,120,1,1,1,54
20014,121,1,1,1,54
20014,1800,1,1,2,15239
20014,1867,1,2,-1,328104
20014,1867,1,1,2,64612
20014,1872,1,1,2,64612
20014,2012,1,1,1,758
20014,2254,1,1,-1,10085
20015,9,1,1,1,177
20015,57,127,180,0,700000
20015,154,1,1,1,177
20015,1798,1,1,-1,237113
20015,1798,1,1,2,46693
20015,1864,1,2,-1,483710
20015,1864,1,1,2,95254
20015,1869,1,1,2,47627
20015,1871,1,1,-1,241855
20015,2008,1,1,1,1853
20016,37,1,1,-1,18253
20016,57,127,180,0,700000
20016,271,1,1,1,528
20016,736,1,1,2,23814
20016,1833,1,1,-1,644946
20016,1865,1,2,-1,241855
20016,1866,1,1,2,31752
20016,1871,1,1,2,47627
20017,2,1,1,1,55
20017,57,122,197,0,700000
20017,120,1,1,1,55
20017,121,1,1,1,55
20017,1817,1,1,2,7415
20017,1865,1,1,2,37071
20017,1870,1,2,-1,251000
20017,1870,1,1,2,37071
20017,1897,1,1,-1,59762
20017,2012,1,1,1,773
20017,5268,1,1,2,1483
20019,57,114,168,0,700000
20019,429,1,1,1,828
20019,464,1,1,1,1325
20019,1792,1,1,-1,16388
20019,1793,1,1,2,3228
20019,1864,1,1,-1,445764
20019,1866,1,1,2,29261
20019,1871,1,1,2,43891
20019,1922,1,1,1,8398
20019,1923,1,1,-1,91345
20019,1923,1,1,1,13491
20020,37,1,1,1,3724
20020,49,1,1,1,3724
20020,57,128,189,0,700000
20020,1794,1,1,2,3628
20020,1799,1,1,-1,371205
20020,1831,1,1,-1,668170
20020,1865,1,1,2,49342
20020,1870,1,1,2,49342
20020,1896,1,1,-1,106171
20020,1921,1,1,1,31834
20021,9,1,1,1,163
20021,57,114,168,0,700000
20021,154,1,1,1,163
20021,1060,1,1,2,73151
20021,1792,1,1,-1,16388
20021,1793,1,1,-1,16388
20021,1798,1,1,2,32273
20021,1865,1,1,2,32918
20021,1870,1,1,2,32918
20021,1921,1,1,-1,143795
20021,2008,1,1,1,1708
20022,20,1,1,1,4026
20022,43,1,1,1,2813
20022,57,97,143,0,700000
20022,1799,1,1,2,55270
20022,1831,1,1,-1,505199
20022,1864,1,1,2,74615
20022,1869,1,1,2,37307
20022,1872,1,1,-1,252599
20022,1921,1,1,-1,122225
20023,57,116,177,0,700000
20023,429,1,1,1,860
20023,464,1,1,1,1377
20023,735,1,1,2,2851
20023,1803,1,1,2,28746
20023,1831,1,1,-1,617635
20023,1868,1,1,-1,463226
20023,1868,1,1,2,68415
20023,1873,1,1,2,13683
20023,1922,1,1,-1,59085
20023,1922,1,1,1,8727
20023,1923,1,1,1,14020
20024,2,1,1,1,55
20024,57,122,197,0,700000
20024,120,1,1,1,55
20024,121,1,1,1,55
20024,734,1,1,-1,41833
20024,1801,1,1,2,24901
20024,1864,1,1,-1,501999
20024,1864,1,1,2,98856
20024,1869,1,1,2,49428
20024,1897,1,1,-1,59762
20024,2012,1,1,1,773
20025,57,119,180,0,700000
20025,429,1,1,1,877
20025,464,1,1,1,1405
20025,736,1,1,2,23262
20025,1799,1,1,-1,349993
20025,1866,1,2,-1,157497
20025,1866,1,1,2,31015
20025,1869,1,2,-1,236245
20025,1871,1,1,2,46523
20025,1922,1,1,1,8902
20025,1923,1,1,1,14301
20026,37,1,1,1,3870
20026,49,1,1,1,3870
20026,57,131,199,0,700000
20026,1792,1,1,2,3771
20026,1865,1,1,-1,260380
20026,1865,1,1,2,51275
20026,1866,1,1,-1,173586
20026,1870,1,1,2,51275
20026,1921,1,1,1,33081
20026,1923,1,1,-1,106713
20027,57,118,183,0,700000
20027,176,1,1,1,103
20027,1800,1,1,-1,74706
20027,1800,1,1,2,11034
20027,1801,1,1,-1,119680
20027,1865,1,1,2,35087
20027,1870,1,1,2,35087
20027,1924,1,1,-1,76634
20027,2501,1,1,1,103
20027,5158,1,1,2,1404
20028,57,118,183,0,700000
20028,734,1,1,-1,39594
20028,845,1,1,1,790
20028,877,1,1,1,1186
20028,908,1,1,1,590
20028,1801,1,1,-1,119680
20028,1817,1,1,2,9357
20028,1864,1,1,2,93565
20028,1868,1,2,-1,475131
20028,1869,1,1,2,46783
20028,1897,1,1,1,8354
20029,15,1,1,1,117
20029,57,132,206,0,700000
20029,1864,1,2,-1,534142
20029,1865,1,1,2,39445
20029,1870,1,1,2,39445
20029,1897,1,1,-1,63588
20029,2011,1,1,1,1800
20029,2013,1,1,-1,5764
20029,2139,1,1,2,7889
20029,5268,1,1,2,1578
20030,57,116,177,0,700000
20030,216,1,1,1,253
20030,1793,1,1,2,3354
20030,1794,1,1,-1,17030
20030,1798,1,1,-1,227072
20030,1831,1,1,-1,617635
20030,1865,1,1,2,45611
20030,1870,1,1,2,45611
20030,2009,1,1,1,2427
20031,24,1,1,-1,2020
20031,24,1,1,1,299
20031,31,1,1,1,478
20031,57,100,161,0,700000
20031,390,1,1,1,299
20031,412,1,1,1,478
20031,1865,1,1,-1,205065
20031,1865,1,1,2,30287
20031,1870,1,1,2,30287
20031,1924,1,1,-1,66150
20031,2140,1,1,2,6058
20031,5273,1,1,2,1212
20032,24,1,1,1,359
20032,31,1,1,1,573
20032,57,120,193,0,700000
20032,390,1,1,1,359
20032,412,1,1,1,573
20032,734,1,1,-1,41013
20032,1800,1,1,-1,77383
20032,1865,1,1,2,48459
20032,1868,1,2,-1,492156
20032,1870,1,1,2,48459
20032,2141,1,1,2,9692
20033,57,100,161,0,700000
20033,845,1,1,1,682
20033,877,1,1,1,1024
20033,908,1,1,1,510
20033,1865,1,1,2,30287
20033,1870,1,1,2,30287
20033,1897,1,1,1,7212
20033,1924,1,1,-1,66150
20033,1925,1,1,-1,134469
20033,2139,1,1,-1,41013
20033,2142,1,1,2,6058
20033,5158,1,1,2,1212
20034,57,122,197,0,700000
20034,256,1,1,1,218
20034,1868,1,2,-1,501999
20034,1868,1,1,2,74142
20034,1873,1,1,-1,100400
20034,1873,1,1,2,14829
20034,2143,1,1,2,7415
20034,2254,1,1,-1,10287
20034,6035,1,1,2,3090
20035,38,1,1,1,1432
20035,50,1,1,1,1432
20035,57,120,193,0,700000
20035,1817,1,1,2,7269
20035,1868,1,2,-1,492156
20035,1868,1,1,2,72688
20035,1873,1,1,2,14538
20035,1925,1,1,-1,161363
20035,1925,1,1,1,31776
20035,2140,1,1,-1,49216
20035,5268,1,1,2,1454
20036,57,124,204,0,700000
20036,735,1,1,-1,21527
20036,845,1,1,1,859
20036,877,1,1,1,1289
20036,908,1,1,1,642
20036,1864,1,1,2,76304
20036,1869,1,1,2,38152
20036,1873,1,1,-1,103328
20036,1878,1,1,2,15261
20036,1897,1,1,1,9084
20036,2173,1,1,2,10340
20036,2175,1,1,-1,210017
20038,57,133,220,0,700000
20038,217,1,1,1,121
20038,218,1,1,1,121
20038,1831,1,1,2,54859
20038,1867,1,1,2,27430
20038,1868,1,4,-1,557163
20038,1869,1,1,2,20573
20038,1870,1,1,2,20573
20038,1871,1,1,2,20573
20038,1872,1,1,2,27430
20038,2011,1,1,-1,6355
20038,2174,1,1,-1,121122
20038,2174,1,1,2,8945
20038,5273,1,1,2,823
20039,44,1,1,1,734
20039,57,121,200,0,700000
20039,102,1,1,1,1053
20039,735,1,1,2,1782
20039,945,1,1,1,2175
20039,1801,1,1,-1,127585
20039,1864,1,1,2,42748
20039,1865,1,1,2,21374
20039,1866,1,1,2,14250
20039,1868,1,1,2,42748
20039,1872,1,2,-1,337674
20039,1873,1,1,2,8550
20039,1924,1,1,1,12066
20039,2011,1,1,-1,5777
20039,2175,1,1,2,17377
20040,44,1,1,1,612
20040,57,101,167,0,700000
20040,102,1,1,1,877
20040,945,1,1,1,1813
20040,1868,1,1,2,62340
20040,1873,1,1,2,12468
20040,1924,1,1,1,10055
20040,2012,1,1,-1,4397
20040,2140,1,1,-1,42209
20040,2175,1,1,-1,171583
20040,2252,1,1,2,1278
20040,5158,1,1,2,1247
20041,57,114,187,0,700000
20041,217,1,1,1,103
20041,218,1,1,1,103
20041,1817,1,1,-1,47452
20041,1866,1,1,2,31148
20041,1871,1,1,2,46722
20041,1880,1,1,-1,23726
20041,2012,1,1,-1,4943
20041,2253,1,1,2,1915
20042,57,124,204,0,700000
20042,309,1,1,1,112
20042,310,1,1,1,112
20042,734,1,1,-1,43053
20042,1867,1,1,2,40696
20042,1872,1,1,2,40696
20042,1882,1,1,2,6783
20042,2013,1,1,-1,5575
20042,2254,1,1,2,1251
20042,5268,1,1,2,1221
20043,2,1,1,1,64
20043,57,137,234,0,700000
20043,120,1,1,1,64
20043,121,1,1,1,64
20043,1817,1,1,-1,58608
20043,1831,1,1,2,57707
20043,1864,1,2,-1,586083
20043,1864,1,1,2,43280
20043,1865,1,1,2,21640
20043,1866,1,1,2,14427
20043,1868,1,1,2,43280
20043,1873,1,1,2,8657
20043,1924,1,1,-1,94529
20043,2012,1,1,1,902
20043,2143,1,1,2,4328
20043,5158,1,1,2,866
20044,57,125,213,0,700000
20044,309,1,1,1,116
20044,310,1,1,1,116
20044,1865,1,1,-1,266401
20044,1867,1,1,2,52461
20044,1872,1,1,-1,355202
20044,1872,1,1,2,52461
20044,1881,1,1,2,5246
20044,2142,1,1,-1,53280
20044,2144,1,1,2,7870
20045,57,126,215,0,700000
20045,217,1,1,1,117
20045,218,1,1,1,117
20045,734,1,1,-1,44835
20045,1866,1,1,2,26488
20045,1871,1,1,2,39732
20045,1925,1,1,-1,176402
20045,2150,1,1,2,18654
20045,5268,1,1,2,1590
20046,57,115,195,0,700000
20046,735,1,1,-1,20390
20046,845,1,1,1,813
20046,877,1,1,1,1221
20046,908,1,1,1,608
20046,1867,1,1,2,48184
20046,1872,1,1,2,48184
20046,1882,1,1,2,8031
20046,1897,1,1,-1,58257
20046,1897,1,1,1,8604
20046,2139,1,1,-1,48936
20046,2173,1,1,2,9794
20047,24,1,1,1,324
20047,31,1,1,1,517
20047,38,1,1,-1,6558
20047,57,104,177,0,700000
20047,390,1,1,1,324
20047,412,1,1,1,517
20047,734,1,1,2,3644
20047,1864,1,1,2,43717
20047,1869,1,2,-1,222001
20047,1869,1,1,2,21859
20047,1878,1,1,2,8744
20047,2139,1,1,-1,44400
20047,2174,1,1,2,9504
20047,5273,1,1,2,875
20048,50,1,1,-1,6785
20048,57,106,184,0,700000
20048,256,1,1,1,200
20048,1868,1,1,2,90461
20048,1873,1,1,2,18092
20048,1924,1,1,-1,74091
20048,2142,1,1,2,9046
20048,2144,1,1,-1,45937
20049,57,127,221,0,700000
20049,256,1,1,1,239
20049,1867,1,1,2,43421
20049,1872,1,1,2,43421
20049,1881,1,1,2,4343
20049,1882,1,1,-1,61249
20049,1924,1,1,-1,88910
20049,2140,1,1,-1,55124
20049,2143,1,1,2,6514
20049,5158,1,1,2,1303
20050,15,1,1,1,132
20050,57,140,243,0,700000
20050,735,1,1,-1,25265
20050,1831,1,1,2,119407
20050,1866,1,1,-1,202121
20050,1866,1,1,2,29852
20050,1871,1,1,2,44778
20050,1925,1,1,-1,198808
20050,2011,1,1,1,2044
20050,2144,1,1,2,8956
20051,57,129,223,0,700000
20051,272,1,1,1,121
20051,1867,1,2,-1,371096
20051,1867,1,1,2,43847
20051,1872,1,1,2,43847
20051,1881,1,1,2,4385
20051,1925,1,1,-1,182506
20051,2013,1,1,1,1775
20051,2150,1,1,2,15439
20051,2254,1,1,-1,11407
20051,5268,1,1,2,1316
20052,57,110,197,0,700000
20052,219,1,1,1,59
20052,1804,1,1,2,1145
20052,1864,1,1,2,57199
20052,1866,1,1,-1,161368
20052,1868,1,1,-1,484105
20052,1869,1,1,-1,242053
20052,1869,1,1,2,28600
20052,1880,1,1,2,2860
20052,2015,1,1,1,873
20052,5158,1,1,2,1144
20053,39,1,1,1,940
20053,51,1,1,1,940
20053,57,134,238,0,700000
20053,1864,1,1,2,69312
20053,1869,1,1,2,34656
20053,1878,1,1,2,13863
20053,1898,1,1,-1,30130
20053,1926,1,1,-1,29627
20053,1930,1,1,1,14811
20053,2015,1,1,-1,3577
20053,2151,1,1,2,9654
20053,5437,1,1,2,848
20054,39,1,1,1,912
20054,51,1,1,1,912
20054,57,130,231,0,700000
20054,1804,1,1,-1,11391
20054,1867,1,1,2,44862
20054,1872,1,1,2,44862
20054,1880,1,1,-1,28477
20054,1882,1,1,2,7477
20054,1930,1,1,1,14379
20054,2176,1,1,2,16099
20054,3032,1,1,-1,11391
20054,5268,1,1,2,1346
20055,57,130,231,0,700000
20055,219,1,1,1,69
20055,735,1,1,2,2804
20055,1864,1,1,2,67293
20055,1869,1,1,2,33647
20055,1880,1,1,2,3365
20055,1926,1,1,-1,28764
20055,1928,1,1,-1,41481
20055,2015,1,1,1,1027
20055,2176,1,1,-1,136253
20055,2177,1,1,2,10750
20056,27,1,1,1,226
20056,33,1,1,1,363
20056,57,128,230,0,700000
20056,734,1,1,2,6946
20056,1868,1,1,2,83345
20056,1873,1,1,2,16669
20056,1926,1,1,-1,28501
20056,1927,1,1,1,3325
20056,1929,1,1,1,5378
20056,2151,1,1,-1,78595
20056,2256,1,1,2,1019
20056,5163,1,1,-1,11286
20057,57,116,209,0,700000
20057,1102,1,1,1,411
20057,1105,1,1,1,660
20057,1865,1,1,2,37884
20057,1870,1,1,2,37884
20057,1927,1,1,-1,20463
20057,2176,1,1,-1,122730
20057,2257,1,1,2,927
20057,2258,1,1,-1,6272
20057,5273,1,1,2,1516
20058,16,1,1,1,146
20058,57,137,246,0,700000
20058,1865,1,2,-1,301771
20058,1865,1,1,2,44570
20058,1870,1,1,2,44570
20058,1873,1,1,-1,120708
20058,1879,1,1,2,7429
20058,1926,1,1,-1,30482
20058,2258,1,1,2,1090
20059,32,1,1,-1,3033
20059,57,137,246,0,700000
20059,625,1,1,1,1383
20059,1148,1,1,1,969
20059,1865,1,1,2,44570
20059,1870,1,1,2,44570
20059,1879,1,1,-1,50295
20059,2177,1,1,-1,96413
20059,3032,1,1,2,1783
20059,5158,1,1,2,1783
20060,57,140,251,0,700000
20060,87,1,1,1,38
20060,155,1,1,1,38
20060,177,1,1,1,38
20060,735,1,1,2,3031
20060,1865,1,1,2,36369
20060,1869,1,2,-1,307807
20060,1870,1,1,2,36369
20060,1928,1,1,-1,44837
20060,2014,1,1,1,523
20060,3953,1,1,2,1455
20060,6666,1,1,2,36369
20061,57,147,260,0,700000
20061,273,1,1,1,78
20061,1866,1,1,2,25319
20061,1871,1,1,2,37978
20061,1880,1,1,-1,32142
20061,1927,1,1,-1,25642
20061,2016,1,1,1,1113
20061,2176,1,1,-1,153791
20061,2257,1,1,2,929
20061,5268,1,1,2,1520
20061,6666,1,1,2,37978
20062,27,1,1,-1,1708
20062,57,144,255,0,700000
20062,219,1,1,1,77
20062,1867,1,1,2,49644
20062,1872,1,1,2,49644
20062,1881,1,1,2,4965
20062,1929,1,1,-1,40661
20062,2015,1,1,1,1135
20062,2257,1,1,-1,7705
20062,2258,1,1,2,911
20062,6666,1,1,2,37233
20063,34,1,1,-1,2233
20063,57,152,281,0,700000
20063,273,1,1,1,84
20063,1804,1,1,2,1621
20063,1867,1,1,2,54006
20063,1872,1,1,2,54006
20063,1882,1,1,2,9001
20063,2016,1,1,1,1187
20063,2176,1,1,-1,164023
20063,2177,1,1,-1,109523
20063,6666,1,1,2,40504
20064,27,1,1,1,272
20064,33,1,1,1,436
20064,57,151,278,0,700000
20064,734,1,1,2,6686
20064,1866,1,1,2,26741
20064,1871,1,1,2,40111
20064,1873,1,1,-1,135792
20064,1926,1,1,-1,34291
20064,1927,1,1,1,4000
20064,1929,1,1,1,6470
20064,1930,1,1,-1,87046
20064,2179,1,1,2,19192
20064,5273,1,1,2,1605
20066,57,196,367,0,700000
20066,347,1,1,-1,889
20066,347,1,1,1,250
20066,376,1,1,1,399
20066,1865,1,3,-1,371004
20066,1868,1,1,2,111111
20066,1873,1,3,-1,148401
20066,1873,1,1,2,16129
20066,2178,1,1,2,6410
20066,5549,1,1,2,4878
20066,8294,1,1,2,6410
20067,57,186,343,0,700000
20067,847,1,1,1,365
20067,890,1,1,1,546
20067,910,1,1,1,274
20067,1864,1,1,2,125000
20067,1869,1,2,-1,349739
20067,1869,1,1,2,55556
20067,1878,1,1,2,18182
20067,1899,1,1,1,7668
20067,2020,1,1,-1,6122
20067,2180,1,1,-1,26296
20067,2180,1,1,2,6757
20068,57,196,374,0,700000
20068,101,1,1,1,21
20068,312,1,1,1,21
20068,313,1,1,1,21
20068,314,1,1,1,21
20068,391,1,1,-1,1201
20068,1864,1,1,2,111111
20068,1869,1,1,2,71429
20068,1878,1,1,2,23256
20068,1899,1,1,-1,58713
20068,2020,1,1,1,739
20068,2261,1,1,-1,5835
20068,2262,1,1,2,2703
20070,40,1,1,1,522
20070,57,201,388,0,700000
20070,604,1,1,1,522
20070,1867,1,1,2,66667
20070,1872,1,2,-1,517936
20070,1872,1,1,2,58824
20070,1875,1,1,2,4329
20070,1881,1,1,2,7246
20070,1931,1,1,1,7125
20070,1934,1,1,1,7125
20070,2152,1,1,-1,68389
20070,2182,1,1,-1,46633
20070,2263,1,1,2,1927
20072,45,1,1,1,489
20072,57,210,411,0,700000
20072,626,1,1,1,698
20072,1866,1,1,2,23810
20072,1871,1,1,2,35714
20072,1885,1,1,2,3690
20072,1931,1,1,-1,53375
20072,1932,1,1,1,12126
20072,2262,1,1,2,1155
20072,2263,1,1,-1,6340
20072,3953,1,1,-1,16333
20072,5220,1,1,2,2538
20072,6035,1,1,2,3922
20072,6666,1,1,2,37037
20074,57,216,426,0,700000
20074,605,1,1,1,695
20074,1061,1,1,-1,256459
20074,1123,1,1,1,695
20074,1864,1,1,2,62500
20074,1869,1,3,-1,423158
20074,1869,1,1,2,24390
20074,1880,1,1,2,8197
20074,1900,1,1,-1,46297
20074,5550,1,1,2,514
20074,6387,1,1,2,4082
20075,57,197,391,0,700000
20075,348,1,1,-1,583
20075,848,1,1,1,249
20075,879,1,1,1,374
20075,911,1,1,1,187
20075,955,1,1,2,142
20075,1061,1,2,-1,235088
20075,1831,1,1,2,125000
20075,1866,1,1,2,23256
20075,1871,1,1,2,43478
20075,1877,1,1,2,895
20075,1900,1,1,1,5798
20075,2153,1,1,-1,60326
20075,2193,1,1,2,6250
20076,57,228,452,0,700000
20076,605,1,1,1,737
20076,956,1,1,2,824
20076,1123,1,1,1,737
20076,1864,1,1,2,83333
20076,1869,1,1,2,47619
20076,1880,1,1,-1,44889
20076,1880,1,1,2,4950
20076,1900,1,1,-1,49112
20076,2250,1,1,-1,112222
20076,2274,1,1,2,292
20076,5550,1,1,2,546
20077,46,1,1,1,484
20077,57,225,448,0,700000
20077,627,1,1,1,691
20077,955,1,1,2,242
20077,1865,1,1,2,31250
20077,1870,1,1,2,35714
20077,1874,1,1,2,4525
20077,1933,1,1,-1,52057
20077,2153,1,1,-1,68815
20077,2183,1,1,-1,29111
20078,57,224,448,0,700000
20078,433,1,1,1,61
20078,434,1,1,1,61
20078,435,1,1,1,61
20078,466,1,1,1,97
20078,467,1,1,1,97
20078,468,1,1,1,97
20078,736,1,1,2,33333
20078,1868,1,1,2,100000
20078,1873,1,1,2,16129
20078,1889,1,1,2,4000
20078,1900,1,1,-1,48411
20078,1933,1,1,1,3556
20078,1936,1,1,1,2474
20078,2023,1,1,-1,5483
20078,2024,1,1,-1,6303
20078,5549,1,1,2,9346
20079,57,224,448,0,700000
20079,848,1,1,1,284
20079,879,1,1,1,426
20079,911,1,1,1,213
20079,1061,1,1,2,20833
20079,1866,1,2,-1,294987
20079,1867,1,1,2,52632
20079,1872,1,1,2,50000
20079,1875,1,1,2,4329
20079,1881,1,1,-1,58997
20079,1881,1,1,2,5291
20079,1900,1,1,1,6614
20079,2183,1,1,2,2404
20079,2266,1,1,-1,4576
20079,2278,1,1,2,247
20080,57,243,485,0,700000
20080,259,1,1,1,81
20080,737,1,1,2,5348
20080,1864,1,1,2,111111
20080,1869,1,1,2,47619
20080,1878,1,2,-1,191782
20080,1878,1,1,2,16129
20080,1884,1,1,2,35714
20080,2021,1,1,-1,6054
20080,2268,1,1,-1,4958
20080,6387,1,1,2,3115
20081,57,406,814,0,700000
20081,848,1,1,1,515
20081,879,1,1,1,772
20081,911,1,1,1,386
20081,1061,1,2,-1,486166
20081,1874,1,1,2,7042
20081,1878,1,1,2,27778
20081,1884,1,1,2,37037
20081,1889,1,1,2,5025
20081,1900,1,1,1,11990
20081,1933,1,1,-1,94373
20081,2267,1,1,2,648
20081,2274,1,1,2,1006
20081,5220,1,1,2,2012
20082,57,245,491,0,700000
20082,63,1,1,1,145
20082,553,1,1,1,145
20082,1832,1,1,2,41667
20082,1875,1,1,2,2688
20082,1879,1,1,2,7519
20082,1884,1,1,-1,297748
20082,1885,1,1,2,6452
20082,1901,1,1,-1,66829
20082,1940,1,1,1,5485
20082,2154,1,1,2,4310
20082,2190,1,1,2,2688
20082,2275,1,1,-1,3456
20082,2422,1,1,1,145
20082,2423,1,1,1,145
20082,2446,1,1,1,145
20082,2447,1,1,1,145
20082,5549,1,1,2,4831
20082,5550,1,1,2,538
20083,57,301,602,0,700000
20083,393,1,1,1,70
20083,394,1,1,1,70
20083,415,1,1,1,111
20083,416,1,1,1,111
20083,1874,1,1,2,2882
20083,1878,1,1,2,18182
20083,1884,1,1,2,27778
20083,1889,1,1,2,2309
20083,1938,1,1,1,3536
20083,1939,1,1,1,4619
20083,2154,1,1,-1,63531
20083,2155,1,1,2,7519
20083,2286,1,1,2,288
20083,2975,1,1,-1,52981
20083,2985,1,1,2,3460
20083,2987,1,1,-1,57610
20083,5220,1,1,2,2165
20084,47,1,1,1,386
20084,57,280,558,0,700000
20084,628,1,1,1,551
20084,1341,10,30,2,142857
20084,1876,1,1,2,8850
20084,1877,1,1,2,2208
20084,1880,1,1,2,5376
20084,1881,1,1,2,4098
20084,1882,1,1,2,9174
20084,1885,1,1,-1,46006
20084,1938,1,1,-1,37114
20084,2269,1,1,2,316
20084,2971,1,1,2,947
20084,2978,1,1,-1,73905
20085,57,324,645,0,700000
20085,63,1,1,1,191
20085,553,1,1,1,191
20085,1865,1,1,2,66667
20085,1870,1,1,2,66667
20085,1874,1,1,2,4016
20085,1940,1,1,1,7237
20085,2155,1,2,-1,102468
20085,2270,1,1,2,430
20085,2278,1,1,-1,4560
20085,2293,1,1,2,287
20085,2422,1,1,-1,2513
20085,2422,1,1,1,191
20085,2423,1,1,1,191
20085,2446,1,1,1,191
20085,2447,1,1,1,191
20085,2986,1,1,2,5155
20086,57,248,496,0,700000
20086,436,1,1,1,172
20086,469,1,1,-1,1030
20086,469,1,1,1,274
20086,1868,1,3,-1,490187
20086,1874,1,1,2,3356
20086,1878,1,1,2,18868
20086,1884,1,1,2,27027
20086,1889,1,1,2,2793
20086,1939,1,1,-1,43055
20086,2972,1,1,2,3356
20086,5220,1,1,2,1119
20086,8307,1,1,2,186
20087,57,596,1189,0,700000
20087,393,1,1,1,138
20087,394,1,1,1,138
20087,415,1,1,1,219
20087,416,1,1,1,219
20087,1832,1,1,2,100000
20087,1866,1,2,-1,783985
20087,1866,1,1,2,66667
20087,1871,1,1,2,90909
20087,1877,1,1,2,1757
20087,1938,1,1,1,7007
20087,1939,1,1,1,9154
20087,1940,1,2,-1,175519
20087,2191,1,1,-1,157427
20087,2975,1,1,2,10204
20087,2980,1,1,2,9091
20087,2984,1,1,2,8772
20087,3020,1,1,2,702
20088,57,662,1326,0,700000
20088,293,1,1,1,72
20088,296,1,1,1,72
20088,1867,1,1,2,200000
20088,1872,1,1,2,166667
20088,1875,1,1,-1,87191
20088,1875,1,1,2,6536
20088,1881,1,1,2,22222
20088,1895,1,2,-1,373675
20088,2149,1,1,-1,93419
20088,2270,1,1,2,957
20088,2288,1,1,2,319
20089,57,276,551,0,700000
20089,395,1,1,1,63
20089,417,1,1,1,101
20089,1825,1,1,2,2959
20089,1875,1,1,2,3802
20089,1879,1,1,2,9091
20089,1884,1,1,-1,335320
20089,1885,1,1,2,3175
20089,1902,1,1,-1,55207
20089,1942,1,1,1,3592
20089,1943,1,1,1,5593
20089,2159,1,1,-1,33635
20089,2205,1,1,2,2538
20089,2989,1,1,2,1479
20089,5549,1,1,2,4854
20089,5550,1,1,2,470
20090,57,608,1213,0,700000
20090,352,1,1,1,70
20090,1341,10,30,2,333333
20090,1825,1,1,-1,85633
20090,1868,1,7,-1,799241
20090,1876,1,1,2,19608
20090,1877,1,1,2,4785
20090,1880,1,1,2,10000
20090,1881,1,1,2,13889
20090,1882,1,1,2,14925
20090,1941,1,1,1,4108
20090,2158,1,1,2,12987
20090,2197,1,1,-1,25133
20090,2377,1,1,1,111
20090,2378,1,1,1,111
20090,2918,1,1,1,6128
20090,2919,1,1,1,6128
20090,5472,1,1,2,8928
20092,57,79,107,0,700000
20092,113,1,1,1,7148
20092,875,1,1,1,10735
20092,906,1,1,1,5368
20092,1666,1,1,-1,49062
20092,1866,1,1,-1,98124
20092,1867,1,1,2,19323
20092,1869,1,1,2,14493
20092,1870,1,1,2,14493
20092,1871,1,1,2,14493
20092,1872,1,1,2,19323
20092,2005,1,1,-1,10513
20092,2137,1,1,2,4263
20093,3,1,1,1,860
20093,57,98,132,0,700000
20093,1060,1,1,2,59720
20093,1666,1,1,-1,60652
20093,1867,1,1,-1,242609
20093,1867,1,1,2,35832
20093,1872,1,1,2,35832
20093,2005,1,1,1,3840
20093,2007,1,1,-1,12997
20093,2138,1,1,2,7905
20095,57,80,108,0,700000
20095,428,1,1,1,1808
20095,463,1,1,1,2889
20095,1100,1,1,1,1808
20095,1103,1,1,1,2889
20095,1789,1,1,2,5412
20095,1864,1,1,-1,297315
20095,1864,1,1,2,58548
20095,1869,1,1,2,29274
20095,2006,1,1,-1,10618
20096,37,1,1,1,2996
20096,49,1,1,1,2996
20096,57,109,147,0,700000
20096,736,1,1,2,9924
20096,1792,1,1,-1,14822
20096,1799,1,1,-1,298635
20096,1867,1,1,2,26464
20096,1869,1,1,2,19848
20096,1870,1,1,2,19848
20096,1871,1,1,2,19848
20096,1872,1,1,2,26464
20096,1921,1,1,-1,130051
20096,1921,1,1,1,25611
20097,23,1,1,1,832
20097,30,1,1,1,1331
20097,57,91,122,0,700000
20097,1792,1,1,2,2433
20097,1793,1,1,-1,12352
20097,1864,1,1,-1,335964
20097,1867,1,1,2,44106
20097,1872,1,1,-1,223976
20097,1872,1,1,2,44106
20097,2386,1,1,1,1331
20098,57,117,161,0,700000
20098,66,1,1,1,160
20098,1333,1,1,1,160
20098,1793,1,1,2,3172
20098,1865,1,1,2,43134
20098,1867,1,1,-1,292048
20098,1870,1,1,-1,219036
20098,1870,1,1,2,43134
20098,1896,1,1,-1,92812
20098,2010,1,1,1,1679
20099,57,95,131,0,700000
20099,66,1,1,1,130
20099,1333,1,1,1,130
20099,1794,1,1,2,1287
20099,1831,1,1,-1,473949
20099,1864,1,1,2,35000
20099,1865,1,1,2,17500
20099,1866,1,1,2,11667
20099,1868,1,1,2,35000
20099,1873,1,1,2,7000
20099,1896,1,1,-1,75310
20099,2009,1,1,-1,6303
20099,2010,1,1,1,1363
20100,57,99,140,0,700000
20100,271,1,1,1,411
20100,1792,1,1,-1,13849
20100,1799,1,1,2,54950
20100,1833,1,1,-1,502269
20100,1866,1,1,-1,125567
20100,1866,1,1,2,24728
20100,1871,1,1,2,37091
20101,20,1,1,-1,18026
20101,57,128,189,0,700000
20101,114,1,1,1,1687
20101,115,1,1,1,1687
20101,876,1,1,1,2531
20101,907,1,1,1,1266
20101,1793,1,1,-1,18424
20101,1803,1,1,2,20732
20101,1864,1,1,2,49342
20101,1865,1,1,2,24671
20101,1866,1,1,2,16448
20101,1868,1,1,2,49342
20101,1873,1,1,2,9869
20101,1896,1,1,1,12545
20101,1921,1,1,-1,161654
20102,57,98,145,0,700000
20102,271,1,1,1,418
20102,736,1,1,2,18837
20102,1793,1,1,-1,14067
20102,1864,1,1,2,75346
20102,1866,1,1,-1,127538
20102,1869,1,1,2,37673
20102,1922,1,1,-1,48803
20103,17,10,30,2,174458
20103,37,1,1,1,3512
20103,49,1,1,1,3512
20103,57,119,180,0,700000
20103,1794,1,1,2,2566
20103,1803,1,1,-1,198526
20103,1867,1,1,2,46523
20103,1871,1,2,-1,236245
20103,1872,1,1,2,46523
20103,1921,1,1,-1,152416
20103,1921,1,1,1,30015
20104,17,10,30,2,142531
20104,57,97,147,0,700000
20104,271,1,1,1,422
20104,736,1,1,2,14254
20104,1868,1,1,-1,386022
20104,1868,1,1,2,57013
20104,1869,1,1,-1,193011
20104,1873,1,1,2,11403
20105,15,1,1,1,105
20105,57,119,185,0,700000
20105,734,1,1,-1,39986
20105,735,1,1,2,2953
20105,1801,1,1,-1,120865
20105,1867,1,1,2,47246
20105,1872,1,1,-1,319890
20105,1872,1,1,2,47246
20105,2011,1,1,1,1617
20105,2140,1,1,2,7087
20106,38,1,1,1,1383
20106,50,1,1,1,1383
20106,57,118,183,0,700000
20106,734,1,1,-1,39594
20106,1867,1,1,2,46783
20106,1872,1,1,2,46783
20106,1897,1,1,-1,56563
20106,1925,1,1,1,30677
20106,2141,1,1,2,7018
20106,2150,1,1,-1,111533
20106,5273,1,1,2,1404
20107,57,98,153,0,700000
20107,217,1,1,1,86
20107,218,1,1,1,86
20107,734,1,1,-1,32995
20107,1865,1,1,2,29239
20107,1869,1,1,-1,197971
20107,1870,1,1,2,29239
20107,1897,1,1,-1,47136
20107,2142,1,1,2,5848
20107,6035,1,1,2,2437
20108,38,1,1,1,1461
20108,50,1,1,1,1461
20108,57,122,197,0,700000
20108,734,1,1,-1,41833
20108,735,1,1,2,3090
20108,1800,1,1,-1,78931
20108,1866,1,2,-1,167333
20108,1867,1,1,2,49428
20108,1872,1,1,2,49428
20108,1925,1,1,1,32412
20108,2144,1,1,2,7415
20109,24,1,1,1,585
20109,31,1,1,1,935
20109,57,196,315,0,700000
20109,390,1,1,1,585
20109,412,1,1,1,935
20109,845,1,1,-1,9042
20109,1864,1,1,2,67842
20109,1865,1,2,-1,401928
20109,1865,1,1,2,33921
20109,1866,1,1,2,22614
20109,1868,1,1,2,67842
20109,1873,1,1,2,13569
20109,1924,1,1,-1,129654
20109,2150,1,1,2,15926
20109,5273,1,1,2,1357
20110,24,1,1,1,567
20110,31,1,1,1,905
20110,57,190,305,0,700000
20110,390,1,1,1,567
20110,412,1,1,1,905
20110,734,1,1,-1,64842
20110,1801,1,1,-1,195995
20110,1866,1,1,2,51076
20110,1871,1,1,2,76613
20110,1897,1,1,-1,92631
20110,2173,1,1,2,20763
20112,57,188,310,0,700000
20112,734,1,1,2,7730
20112,1101,1,1,1,1143
20112,1104,1,1,1,1826
20112,1800,1,1,-1,123442
20112,1800,1,1,2,14586
20112,1801,1,1,-1,197756
20112,1864,1,1,2,92762
20112,1869,1,1,2,46381
20112,1878,1,1,2,18553
20112,1924,1,1,-1,126628
20113,24,1,1,1,583
20113,31,1,1,1,932
20113,57,192,316,0,700000
20113,390,1,1,1,583
20113,412,1,1,1,932
20113,1801,1,1,2,23834
20113,1865,1,1,2,47309
20113,1870,1,1,-1,400397
20113,1870,1,1,2,47309
20113,1879,1,1,-1,66733
20113,1879,1,1,2,7885
20113,1925,1,1,-1,262556
20113,5273,1,1,2,1893
20114,57,190,323,0,700000
20114,735,1,1,-1,33735
20114,845,1,1,1,1346
20114,877,1,1,1,2020
20114,908,1,1,1,1005
20114,1817,1,1,-1,80965
20114,1817,1,1,2,11958
20114,1866,1,1,2,39860
20114,1871,1,1,2,59790
20114,1897,1,1,1,14236
20114,2011,1,1,-1,9235
20114,6035,1,1,2,4983
20115,38,1,1,1,2403
20115,50,1,1,1,2403
20115,57,194,330,0,700000
20115,1867,1,1,2,46466
20115,1869,1,1,2,34849
20115,1870,1,1,2,34849
20115,1871,1,1,2,34849
20115,1872,1,1,2,46466
20115,1925,1,1,1,53321
20115,2012,1,1,-1,8603
20115,2013,1,1,-1,8912
20115,2139,1,1,-1,82584
20115,2139,1,1,2,6970
20115,5158,1,1,2,1394
20117,57,117,203,0,700000
20117,176,1,1,1,110
20117,734,1,1,-1,42109
20117,735,1,1,2,2488
20117,1867,1,1,2,39803
20117,1868,1,2,-1,505303
20117,1872,1,1,2,39803
20117,1882,1,1,2,6634
20117,1925,1,1,-1,165673
20117,2173,1,1,2,8090
20117,2501,1,1,1,110
20118,57,110,197,0,700000
20118,87,1,1,1,30
20118,155,1,1,1,30
20118,177,1,1,1,30
20118,846,1,1,-1,3026
20118,1866,1,1,-1,161368
20118,1868,1,1,2,71499
20118,1873,1,1,2,14300
20118,2014,1,1,1,412
20118,2179,1,1,2,17105
20118,5273,1,1,2,1430
20118,5549,1,1,-1,24205
20120,13,1,1,1,10394
20120,57,19,29,0,700000
20120,1060,1,1,2,22174
20120,1786,1,1,2,7983
20120,1787,1,1,-1,30885
20120,1864,1,1,-1,77212
20120,1865,1,1,2,9979
20120,1870,1,1,2,9979
20120,1874,1,1,-1,2574
20121,4,1,1,1,7622
20121,7,1,1,1,7622
20121,17,10,30,2,73166
20121,57,30,42,0,700000
20121,1786,1,1,-1,45293
20121,1786,1,1,2,11707
20121,1788,1,1,-1,45293
20121,1864,1,1,-1,113233
20121,1866,1,1,2,9756
20121,1871,1,1,2,14634
20130,57,41,58,0,700000
20130,1060,1,1,-1,172757
20130,1119,1,1,1,5045
20130,1122,1,1,1,5044
20130,1129,1,1,1,5044
20130,1666,1,1,-1,25914
20130,1666,1,1,2,5103
20130,1864,1,1,2,30618
20130,1869,1,1,2,15309
20130,2005,1,1,-1,5553
20131,19,1,1,1,9012
20131,42,1,1,1,6311
20131,57,51,72,0,700000
20131,1666,1,1,-1,32439
20131,1789,1,1,-1,17988
20131,1797,1,1,2,38715
20131,1865,1,1,2,19164
20131,1870,1,1,2,19164
20131,2006,1,1,-1,6951
20132,57,80,108,0,700000
20132,254,1,1,1,1407
20132,734,1,1,2,3664
20132,1060,1,1,-1,330759
20132,1797,1,1,2,44410
20132,1867,1,1,2,29311
20132,1872,1,1,2,29311
20132,2006,1,1,-1,10632
20134,57,822,1672,0,700000
20134,356,1,1,-1,163
20134,357,1,1,1,7
20134,383,1,1,1,10
20134,947,1,1,-1,679
20134,947,1,1,2,26
20134,1866,1,1,2,33333
20134,1871,1,4,-1,849303
20134,1871,1,1,2,50000
20134,1885,1,1,2,4184
20134,2376,1,1,1,7
20134,2379,1,1,1,10
20134,4041,1,1,2,930
20134,4056,1,1,1,1136
20134,4057,1,1,1,1755
20134,4064,1,1,1,1136
20134,4065,1,1,1,1755
20134,4192,1,1,2,48
20134,4993,1,1,2,698
20134,5220,1,1,2,3021
20134,8728,1,1,200,698
20135,57,390,779,0,700000
20135,261,1,1,1,29
20135,1867,1,1,2,83333
20135,1872,1,1,2,83333
20135,1882,1,1,-1,172318
20135,1882,1,1,2,15152
20135,1894,1,1,2,1972
20135,2038,1,1,-1,8193
20135,2039,1,1,1,2029
20135,2286,1,1,2,272
20135,2296,1,1,2,272
20135,2985,1,1,2,6711
20135,5231,1,1,-1,55388
20136,57,1834,3679,0,700000
20136,75,1,1,1,5
20136,76,1,1,1,5
20136,77,1,1,1,5
20136,84,1,1,1,5
20136,134,1,1,1,5
20136,145,1,1,1,5
20136,1539,1,3,-1,589837
20136,1864,1,3,2,142857
20136,1869,1,1,2,200000
20136,1880,1,1,2,15385
20136,1914,1,1,-1,149116
20136,2089,1,1,1,499
20136,2090,1,1,1,499
20136,2091,1,1,1,499
20136,2092,1,1,1,499
20136,2095,1,1,1,499
20136,2096,1,1,1,499
20136,2169,1,1,2,2776
20136,2232,1,1,2,902
20136,4043,1,1,2,5227
20136,4601,1,1,-1,5898
20136,5550,1,1,2,2091
20136,8725,1,1,200,3058
20137,57,771,1572,0,700000
20137,1864,1,1,2,83333
20137,1869,1,1,2,50000
20137,1877,1,1,-1,63802
20137,1880,1,1,2,4630
20137,2961,1,1,-1,86853
20137,4043,1,1,2,1350
20137,4049,1,1,-1,83664
20137,4104,1,1,1,450
20137,4107,1,1,1,443
20137,4108,1,1,1,443
20137,4163,1,1,2,193
20137,4952,1,1,2,385
20137,4999,1,1,2,1156
20137,5550,1,1,2,1350
20137,6669,1,1,2,10000
20137,8727,1,1,200,963
20137,8737,1,1,200,193
20137,11889,1,1,1,64
20137,11900,1,1,1,64
20137,11916,1,1,1,64
20143,17,10,30,2,157499
20143,20,1,1,1,4533
20143,43,1,1,1,3166
20143,57,114,157,0,700000
20143,1792,1,1,-1,15682
20143,1798,1,1,2,30882
20143,1866,1,1,2,21000
20143,1867,1,3,-1,284370
20143,1871,1,1,2,31500
20143,1872,1,2,-1,284370
20144,57,304,607,0,700000
20144,393,1,1,1,70
20144,394,1,1,1,70
20144,415,1,1,1,112
20144,416,1,1,1,112
20144,1341,10,30,2,125000
20144,1875,1,1,2,3096
20144,1879,1,1,2,6897
20144,1880,1,1,-1,59999
20144,1885,1,1,2,4202
20144,1901,1,1,-1,82871
20144,1938,1,1,1,3575
20144,1939,1,1,1,4671
20144,2272,1,1,-1,4286
20144,2274,1,1,2,315
20144,2976,1,1,2,5348
20144,2985,1,1,2,4310
20144,5549,1,1,2,3460
20144,5550,1,1,2,315
20144,6667,1,1,2,23810
20145,57,254,510,0,700000
20145,848,1,1,1,323
20145,879,1,1,1,484
20145,911,1,1,1,242
20145,1868,1,1,2,111111
20145,1873,1,1,2,18182
20145,1889,1,1,2,4115
20145,1900,1,1,1,7512
20145,2153,1,2,-1,78158
20145,2183,1,1,-1,33063
20145,2268,1,1,-1,5197
20145,2268,1,1,2,457
20145,2276,1,1,2,913
20145,5549,1,1,2,3650
20146,57,587,1194,0,700000
20146,103,1,1,1,49
20146,107,1,1,1,49
20146,517,1,1,1,35
20146,1149,1,1,1,35
20146,1866,1,1,2,29412
20146,1869,1,3,-1,606685
20146,1871,1,1,2,45455
20146,1877,1,1,2,1171
20146,1914,1,1,-1,68167
20146,1915,1,1,-1,106905
20146,1978,1,1,1,4021
20146,1983,1,1,1,2751
20146,2170,1,1,2,732
20146,2957,1,1,1,2751
20146,3014,1,1,2,585
20146,4040,1,1,2,878
20146,4041,1,1,2,485
20146,4055,1,1,1,4021
20146,4188,1,1,2,65
20146,4609,1,1,2,124
20146,8725,1,1,200,585
20146,8735,1,1,200,585
20146,8745,1,1,200,439
20147,27,1,1,1,228
20147,33,1,1,1,366
20147,57,130,231,0,700000
20147,1868,1,1,2,84117
20147,1870,1,2,-1,284768
20147,1873,1,1,2,16824
20147,1876,1,1,-1,56954
20147,1927,1,1,1,3356
20147,1929,1,1,1,5427
20147,2255,1,1,2,1029
20147,6666,1,1,2,42059
20153,30,1,1,-1,8112
20153,57,109,147,0,700000
20153,429,1,1,1,749
20153,464,1,1,1,1199
20153,1793,1,1,2,2919
20153,1831,1,1,-1,537542
20153,1867,1,2,-1,268771
20153,1867,1,1,2,52928
20153,1872,1,1,2,52928
20153,1922,1,1,1,7596
20153,1923,1,1,1,12202
20154,57,130,231,0,700000
20154,846,1,1,1,526
20154,878,1,1,1,787
20154,909,1,1,1,395
20154,1868,1,1,2,84117
20154,1873,1,1,2,16824
20154,1898,1,1,-1,29252
20154,1898,1,1,1,4321
20154,1929,1,1,-1,36744
20154,2178,1,1,-1,45563
20154,2256,1,1,2,1029
20154,5158,1,1,2,1683
20155,57,147,260,0,700000
20155,735,1,1,2,2261
20155,846,1,1,1,594
20155,878,1,1,1,888
20155,909,1,1,1,446
20155,1804,1,1,-1,12857
20155,1864,1,1,2,54254
20155,1865,1,1,-1,321422
20155,1869,1,1,2,27127
20155,1880,1,1,2,2713
20155,1898,1,1,-1,33017
20155,1898,1,1,1,4877
20155,3032,1,1,2,1086
20155,5273,1,1,2,1086
20155,6666,1,1,2,27127
20156,57,189,352,0,700000
20156,847,1,1,1,373
20156,890,1,1,1,557
20156,910,1,1,1,279
20156,1061,1,1,2,20408
20156,1876,1,1,2,7143
20156,1877,1,1,2,2387
20156,1880,1,1,2,7143
20156,1881,1,1,2,5952
20156,1882,1,1,2,3571
20156,1899,1,1,-1,55740
20156,1899,1,1,1,7821
20156,2181,1,1,-1,35709
20156,2181,1,1,2,4762
20157,57,218,431,0,700000
20157,86,1,1,1,9
20157,179,1,1,1,9
20157,180,1,1,1,9
20157,181,1,1,1,9
20157,182,1,1,1,9
20157,183,1,1,1,9
20157,184,1,1,1,9
20157,185,1,1,1,9
20157,1061,1,1,2,24390
20157,1829,1,1,2,14493
20157,1864,1,1,2,90909
20157,1869,1,1,2,37037
20157,1878,1,1,2,16129
20157,1879,1,1,-1,85605
20157,1884,1,1,2,24390
20157,2022,1,1,1,438
20157,2023,1,1,1,348
20157,2024,1,1,-1,7317
20157,2153,1,2,-1,79880
20157,2274,1,1,2,106
20157,2282,1,1,2,422
20158,57,288,574,0,700000
20158,436,1,1,1,199
20158,469,1,1,1,318
20158,1864,1,1,2,125000
20158,1869,1,1,2,55556
20158,1876,1,1,-1,113569
20158,1880,1,1,2,5076
20158,1901,1,1,-1,78432
20158,1939,1,1,-1,49877
20158,2271,1,1,2,282
20158,2972,1,1,2,2252
20158,5550,1,1,2,1126
20160,57,212,415,0,700000
20160,258,1,1,1,113
20160,1874,1,1,-1,27494
20160,1874,1,1,2,2994
20160,1878,1,1,2,18519
20160,1884,1,1,2,28571
20160,1889,1,1,2,3425
20160,2152,1,1,-1,72606
20160,2152,1,1,2,8333
20160,2261,1,1,-1,6404
20160,5220,1,1,2,2053
20161,57,643,1305,0,700000
20161,266,1,1,1,9
20161,1806,1,1,-1,2737
20161,1806,1,1,2,221
20161,1867,1,1,2,50000
20161,1872,1,5,-1,912482
20161,1872,1,1,2,50000
20161,1882,1,1,2,9524
20161,1894,1,1,2,1202
20161,1984,1,1,-1,29340
20161,2120,1,1,1,1214
20161,3955,1,1,2,74
20161,4042,1,1,2,735
20161,4180,1,1,2,4405
20161,5165,1,1,2,172
20161,5280,1,1,2,49
20161,6669,1,1,2,9174
20161,8726,1,1,200,1054
20161,8736,1,1,200,343
20161,8746,1,1,200,25
20168,46,1,1,1,484
20168,57,224,448,0,700000
20168,627,1,1,1,691
20168,955,1,1,-1,1770
20168,1061,1,2,-1,268170
20168,1865,1,1,2,47619
20168,1870,1,1,2,47619
20168,1875,1,1,2,2353
20168,1877,1,1,-1,17699
20168,1879,1,1,2,8772
20168,2184,1,1,2,5587
20168,2274,1,1,2,314
20171,57,196,374,0,700000
20171,101,1,1,1,21
20171,312,1,1,1,21
20171,313,1,1,1,21
20171,314,1,1,1,21
20171,1061,1,1,2,32258
20171,1875,1,1,2,4329
20171,1879,1,1,2,7519
20171,1880,1,2,-1,37576
20171,1899,1,1,-1,58713
20171,2019,1,1,-1,8081
20171,2020,1,1,1,739
20171,2263,1,1,2,227
20171,5549,1,1,2,3413
20171,6666,1,1,2,41667
20176,57,304,607,0,700000
20176,63,1,1,1,180
20176,553,1,1,1,180
20176,1867,1,1,2,71429
20176,1872,1,1,2,71429
20176,1873,1,1,-1,239995
20176,1882,1,1,2,11236
20176,1940,1,1,1,6802
20176,2154,1,1,-1,64239
20176,2273,1,1,-1,4286
20176,2286,1,1,2,296
20176,2422,1,1,1,180
20176,2423,1,1,1,180
20176,2446,1,1,1,180
20176,2447,1,1,1,180
20176,2977,1,1,2,7519
20176,2981,1,1,2,6369
20176,2985,1,1,2,6897
20190,57,226,448,0,700000
20190,275,1,1,1,26
20190,276,1,1,1,26
20190,1864,1,3,-1,889140
20190,1866,1,1,2,34483
20190,1871,1,1,2,55556
20190,1885,1,1,2,5556
20190,1900,1,1,-1,48640
20190,2024,1,1,1,1154
20190,2025,1,1,-1,6157
20190,2153,1,1,2,12346
20190,5220,1,1,2,1712
20191,57,228,457,0,700000
20191,605,1,1,1,741
20191,1123,1,1,1,741
20191,1867,1,1,2,55556
20191,1872,1,1,2,62500
20191,1882,1,1,2,11236
20191,1900,1,1,-1,49380
20191,2153,1,1,-1,70191
20191,2185,1,1,2,4926
20191,2264,1,1,-1,4667
20191,2274,1,1,2,252
20191,2279,1,1,2,289
20191,6667,1,1,2,25641
20192,57,248,496,0,700000
20192,223,1,1,1,13
20192,238,1,1,1,13
20192,239,1,1,1,13
20192,241,1,1,1,13
20192,1864,1,1,2,90909
20192,1869,1,1,2,52632
20192,1878,1,1,2,20833
20192,1884,1,1,2,29412
20192,1901,1,1,-1,81246
20192,2028,1,1,1,744
20192,2146,1,1,-1,42016
20192,2447,1,1,-1,2316
20192,2978,1,1,2,3597
20192,6667,1,1,2,41667
20192,8307,1,1,2,342
20193,47,1,1,1,443
20193,57,330,642,0,700000
20193,628,1,1,1,632
20193,1341,10,30,2,200000
20193,1867,1,1,2,76923
20193,1872,1,1,2,76923
20193,1874,1,1,-1,42231
20193,1882,1,1,-1,140771
20193,1882,1,1,2,14286
20193,1894,1,1,2,1689
20193,2027,1,1,-1,8299
20193,2271,1,1,2,344
20193,2286,1,1,2,268
20197,57,197,380,0,700000
20197,847,1,1,1,398
20197,890,1,1,1,594
20197,910,1,1,1,298
20197,1341,10,30,2,100000
20197,1876,1,1,-1,76167
20197,1876,1,1,2,6369
20197,1877,1,1,2,637
20197,1880,1,1,2,2545
20197,1881,1,1,2,3817
20197,1882,1,1,2,6993
20197,1899,1,1,1,8350
20197,2020,1,1,-1,6667
20197,2178,1,1,2,5102
20197,2259,1,1,-1,5914
20197,8294,1,1,2,1912
20198,57,220,435,0,700000
20198,259,1,1,1,73
20198,1832,1,3,-1,479579
20198,1874,1,1,2,2513
20198,1878,1,1,2,14925
20198,1884,1,1,2,23256
20198,1889,1,1,2,2427
20198,2183,1,1,2,3289
20198,2274,1,1,2,173
20198,2982,1,1,2,4587
20198,5220,1,1,2,1473
20199,57,267,533,0,700000
20199,605,1,1,1,864
20199,1123,1,1,1,864
20199,1834,1,2,-1,585058
20199,1867,1,1,2,83333
20199,1872,1,1,2,83333
20199,1882,1,1,-1,117012
20199,1882,1,1,2,15873
20199,1900,1,2,-1,57610
20199,2250,1,1,2,16949
20199,6035,1,1,2,3650
20200,57,236,471,0,700000
20200,433,1,1,1,64
20200,434,1,1,1,64
20200,435,1,1,1,64
20200,466,1,1,1,102
20200,467,1,1,1,102
20200,468,1,1,1,102
20200,955,1,1,2,64
20200,1061,1,2,-1,282061
20200,1834,1,1,2,34483
20200,1875,1,1,2,2114
20200,1877,1,1,-1,18616
20200,1879,1,1,2,4673
20200,1885,1,1,2,2817
20200,1933,1,1,1,3741
20200,1936,1,1,1,2602
20200,2183,1,1,-1,30618
20200,2188,1,1,2,2564
20200,5549,1,1,2,3584
20200,5550,1,1,2,705
20200,6667,1,1,2,21277
20201,57,280,562,0,700000
20201,392,1,1,1,303
20201,414,1,1,1,485
20201,466,1,1,-1,1772
20201,737,1,1,2,5682
20201,1870,1,2,-1,553893
20201,1876,1,1,2,10000
20201,1877,1,1,2,2532
20201,1880,1,1,2,4587
20201,1881,1,1,2,6803
20201,1882,1,1,2,10753
20201,1933,1,1,-1,65164
20201,6387,1,1,2,1689
20202,57,279,557,0,700000
20202,849,1,1,1,228
20202,880,1,1,1,343
20202,912,1,1,1,171
20202,1872,1,3,-1,734933
20202,1874,1,1,2,3205
20202,1878,1,1,2,17241
20202,1884,1,1,2,31250
20202,1889,1,1,2,2924
20202,1901,1,1,1,10120
20202,2154,1,1,-1,59015
20202,2198,1,1,-1,11556
20202,2272,1,1,2,458
20202,2274,1,1,2,229
20202,5220,1,1,2,1946
20203,57,124,215,0,700000
20203,176,1,1,1,116
20203,1867,1,1,2,42148
20203,1872,1,1,2,42148
20203,1882,1,2,-1,59453
20203,1882,1,1,2,7025
20203,1897,1,1,-1,63700
20203,2174,1,1,2,13744
20203,2501,1,1,1,116
20203,5273,1,1,2,1265
20204,57,157,277,0,700000
20204,846,1,1,1,634
20204,878,1,1,1,948
20204,909,1,1,1,476
20204,1831,1,1,2,108135
20204,1867,1,2,-1,457600
20204,1867,1,1,2,54068
20204,1868,1,3,-1,686400
20204,1872,1,1,2,54068
20204,1882,1,1,2,9012
20204,1898,1,1,1,5207
20204,2014,1,1,-1,3945
20204,3953,1,1,2,1623
20205,57,151,278,0,700000
20205,257,1,1,1,164
20205,1868,1,3,-1,678960
20205,1868,1,1,2,100278
20205,1871,1,2,-1,339480
20205,1873,1,1,2,20056
20205,1928,1,1,-1,49451
20205,2255,1,1,2,1226
20205,6037,1,1,2,100278
20206,57,184,342,0,700000
20206,376,1,1,-1,1327
20206,391,1,1,1,311
20206,413,1,1,1,497
20206,1864,1,1,2,80000
20206,1869,1,1,2,43478
20206,1880,1,1,2,4608
20206,1899,1,1,-1,54106
20206,2182,1,1,-1,41570
20206,2182,1,1,2,1536
20206,6666,1,1,2,50000
20207,57,357,682,0,700000
20207,220,1,1,1,188
20207,1865,1,1,2,90909
20207,1870,1,1,2,90909
20207,1875,1,1,2,6579
20207,1879,1,1,2,14085
20207,2152,1,1,-1,120636
20207,2152,1,1,2,11765
20207,2181,1,2,-1,68590
20207,2263,1,1,-1,10640
20208,45,1,1,1,856
20208,57,371,714,0,700000
20208,626,1,1,1,1223
20208,1866,1,1,2,43478
20208,1869,1,2,-1,715437
20208,1871,1,1,2,66667
20208,1872,1,3,-1,476958
20208,1885,1,1,2,6135
20208,1931,1,1,-1,93521
20208,1932,1,1,1,21245
20208,2180,1,1,2,4785
20208,5220,1,1,2,2469
20208,6666,1,1,2,66667
20209,45,1,1,-1,4949
20209,57,398,779,0,700000
20209,274,1,1,1,213
20209,1061,1,1,2,71429
20209,1867,1,1,2,142857
20209,1872,1,1,2,125000
20209,1882,1,1,2,21739
20209,1889,1,1,-1,51639
20209,2178,1,1,-1,123934
20209,2178,1,1,2,16393
20210,57,400,793,0,700000
20210,348,1,1,1,162
20210,377,1,1,-1,1890
20210,377,1,1,1,259
20210,1868,1,1,2,166667
20210,1873,1,1,2,32258
20210,1889,1,1,2,6211
20210,1900,1,2,-1,86113
20210,1935,1,1,1,6008
20210,1937,1,1,1,9238
20210,2183,1,1,-1,51781
20210,2184,1,1,2,7692
20210,2274,1,1,2,733
20210,5549,1,1,2,8065
20211,57,426,850,0,700000
20211,86,1,1,1,15
20211,179,1,1,1,15
20211,180,1,1,1,15
20211,181,1,1,1,15
20211,182,1,1,1,15
20211,183,1,1,1,15
20211,184,1,1,1,15
20211,185,1,1,1,15
20211,1864,1,1,2,166667
20211,1865,1,3,-1,839475
20211,1869,1,6,-1,839475
20211,1869,1,1,2,90909
20211,1880,1,1,2,9259
20211,2022,1,1,1,715
20211,2023,1,1,1,569
20211,2264,1,1,2,543
20211,2280,1,1,2,271
20213,57,1401,2795,0,700000
20213,352,1,1,1,83
20213,1341,80,240,2,58824
20213,1864,9,27,2,14085
20213,1869,2,6,2,27027
20213,1878,1,1,2,52632
20213,1884,1,5,-1,878893
20213,1884,1,1,2,83333
20213,1894,1,2,-1,50112
20213,1941,1,1,1,4893
20213,2286,1,1,2,588
20213,2290,1,1,2,588
20213,2292,1,1,-1,7934
20213,2377,1,1,1,132
20213,2378,1,1,1,132
20213,2918,1,1,1,7300
20213,2919,1,1,1,7300
20213,2983,1,1,2,8696
20214,57,883,1766,0,700000
20214,851,1,1,1,184
20214,882,1,1,1,275
20214,914,1,1,1,137
20214,1805,1,1,2,393
20214,1865,1,1,2,166667
20214,1870,1,1,2,142857
20214,1875,1,1,2,10753
20214,1877,1,1,-1,52984
20214,1879,1,1,-1,220767
20214,1879,1,1,2,26316
20214,1905,1,1,1,10784
20214,1906,1,1,1,15238
20214,1907,1,1,1,7712
20214,2997,1,2,-1,105127
20214,5269,1,1,2,393
20215,57,1014,2048,0,700000
20215,297,1,1,1,45
20215,1866,1,1,2,90909
20215,1871,1,1,2,142857
20215,1872,1,7,-1,711850
20215,1885,1,1,2,10526
20215,2055,1,1,1,3326
20215,2205,1,1,2,5263
20215,2206,1,1,-1,42260
20215,2212,1,1,2,4386
20215,2299,1,1,2,876
20215,2989,1,1,2,6993
20215,4469,1,1,-1,9152
20215,5220,1,1,2,3953
20216,57,891,1806,0,700000
20216,61,1,1,1,118
20216,607,1,1,1,118
20216,1125,1,1,1,118
20216,1867,1,3,2,125000
20216,1872,1,1,2,250000
20216,1882,1,1,2,35714
20216,1894,1,1,2,3802
20216,1905,1,1,-1,133555
20216,1949,1,1,1,6412
20216,1957,1,1,1,6412
20216,1963,1,1,1,6412
20216,2297,1,1,-1,5995
20216,2314,1,1,2,950
20216,2427,1,1,1,118
20216,2428,1,1,1,118
20216,2451,1,1,1,118
20216,2931,1,1,1,6412
20216,2932,1,1,1,6412
20216,2933,1,1,-1,153230
20216,2933,1,1,1,6412
20216,5269,1,1,2,384
20217,57,646,1324,0,700000
20217,62,1,1,1,68
20217,1868,1,1,2,166667
20217,1873,1,3,-1,643598
20217,1873,1,1,2,29412
20217,1889,1,1,2,3984
20217,1958,1,1,1,3798
20217,2075,1,1,-1,12620
20217,2163,1,1,-1,82092
20217,2163,1,1,2,2985
20217,2321,1,1,2,994
20217,2429,1,1,1,68
20217,2430,1,1,1,68
20217,2431,1,1,1,68
20217,2432,1,1,1,68
20217,2433,1,1,1,68
20217,2452,1,1,1,68
20217,2453,1,1,1,68
20217,2454,1,1,1,68
20217,2937,1,1,1,3798
20217,2938,1,1,1,3798
20217,2939,1,1,1,3798
20217,2940,1,1,1,3798
20217,2941,1,1,1,3798
20217,2942,1,1,1,3798
20217,2943,1,1,1,3798
20217,2944,1,1,1,3798
20217,5279,1,1,2,994
20217,5549,1,1,2,9901
20217,8723,1,1,200,2985
20217,8733,1,1,200,994
20218,57,1094,2185,0,700000
20218,631,1,1,1,207
20218,1864,1,1,2,250000
20218,1869,1,1,2,83333
20218,1876,1,1,-1,349385
20218,1878,1,1,2,27027
20218,1884,1,1,2,20408
20218,1908,1,1,-1,165429
20218,1964,1,1,1,11120
20218,2073,1,1,-1,13503
20218,2217,1,1,2,6107
20218,2319,1,1,2,360
20218,2320,1,1,2,360
20218,2413,1,1,1,146
20218,2495,1,1,1,207
20218,2936,1,1,1,10100
20218,2945,1,1,1,11120
20218,4039,1,1,2,3441
20218,8723,1,1,200,13514
20218,8733,1,1,200,6803
20219,57,1209,2473,0,700000
20219,281,1,1,1,33
20219,1865,1,1,2,125000
20219,1870,1,1,2,125000
20219,1873,1,3,-1,628922
20219,1874,1,1,2,6452
20219,2060,1,1,-1,12485
20219,2074,1,1,1,2632
20219,2164,1,1,-1,120947
20219,2230,1,1,2,2387
20219,2326,1,1,2,477
20219,4039,1,1,2,2865
20219,4043,1,1,2,5235
20219,8723,1,1,200,6211
20219,8733,1,1,200,1193
20220,57,1229,2489,0,700000
20220,951,1,1,2,175
20220,1126,1,1,1,80
20220,1866,1,1,2,76923
20220,1871,1,1,2,111111
20220,1877,1,1,2,4405
20220,1895,1,1,-1,494901
20220,1911,1,1,-1,128833
20220,1974,1,1,1,5379
20220,2343,1,1,2,401
20220,2345,1,1,2,401
20220,2434,1,1,1,80
20220,2455,1,1,1,86
20220,2456,1,1,1,80
20220,2457,1,1,1,80
20220,2458,1,1,1,80
20220,2944,1,1,-1,155699
20220,2946,1,1,1,3575
20220,2948,1,1,1,5379
20220,2949,1,1,1,5379
20220,2950,1,1,1,5379
20220,2951,1,1,1,5379
20220,4040,1,1,2,2410
20220,4041,1,1,2,1205
20220,8724,1,1,200,4016
20220,8734,1,1,200,183
20221,57,1763,3582,0,700000
20221,951,1,1,-1,3773
20221,1126,1,1,1,96
20221,1539,1,1,2,20833
20221,1867,1,1,2,200000
20221,1872,1,1,2,200000
20221,1875,1,1,2,9524
20221,1881,1,1,2,16949
20221,1974,1,1,1,6444
20221,2073,1,1,-1,16041
20221,2334,1,1,2,214
20221,2351,1,1,2,193
20221,2352,1,1,-1,4342
20221,2434,1,1,1,96
20221,2455,1,1,1,103
20221,2456,1,1,1,96
20221,2457,1,1,1,96
20221,2458,1,1,1,96
20221,2946,1,1,1,4283
20221,2948,1,1,1,6444
20221,2949,1,1,1,6444
20221,2950,1,1,1,6444
20221,2951,1,1,1,6444
20221,3005,1,1,2,6329
20221,4041,1,1,2,800
20221,6668,1,1,2,47619
20221,8724,1,1,200,3165
20221,8734,1,1,200,1264
20221,8744,1,1,200,1264
20222,57,1340,2733,0,700000
20222,500,1,1,1,112
20222,632,1,1,1,161
20222,1539,1,1,2,23256
20222,1868,1,1,2,250000
20222,1873,1,1,2,43478
20222,1876,1,1,-1,366230
20222,1876,1,1,2,18868
20222,1895,1,3,-1,523186
20222,1895,1,1,2,38462
20222,1971,1,1,1,8279
20222,1972,1,1,1,10819
20222,2168,1,1,-1,46594
20222,2222,1,1,2,432
20222,2496,1,1,1,174
20222,2947,1,1,1,9660
20222,3006,1,1,2,6494
20222,4042,1,1,2,3021
20222,8724,1,1,200,6897
20222,8734,1,1,200,864
20223,57,137,239,0,700000
20223,734,1,1,-1,49539
20223,845,1,1,1,988
20223,877,1,1,1,1484
20223,908,1,1,1,738
20223,1864,1,1,-1,594474
20223,1864,1,1,2,87799
20223,1869,1,1,2,43900
20223,1878,1,1,2,17560
20223,1897,1,1,1,10453
20223,2011,1,1,-1,6781
20223,2175,1,1,2,35691
20224,27,1,1,1,312
20224,33,1,1,1,500
20224,57,177,317,0,700000
20224,1865,1,3,-1,389152
20224,1867,1,1,2,61307
20224,1872,1,1,2,61307
20224,1881,1,1,2,6131
20224,1898,1,1,-1,39975
20224,1927,1,1,1,4586
20224,1929,1,1,1,7417
20224,2178,1,1,-1,62264
20224,5153,1,1,2,1840
20224,5268,1,1,2,1840
20225,40,1,1,1,470
20225,57,185,346,0,700000
20225,604,1,1,1,470
20225,1865,1,1,2,38462
20225,1870,1,1,2,41667
20225,1875,1,1,2,3205
20225,1879,1,1,2,5988
20225,1931,1,1,-1,45718
20225,1931,1,1,1,6415
20225,1934,1,1,1,6415
20225,2152,1,1,-1,61574
20225,2259,1,1,-1,5431
20225,2259,1,1,2,855
20225,5437,1,1,2,855
20226,57,192,367,0,700000
20226,123,1,1,1,26
20226,413,1,1,-1,1884
20226,1866,1,1,2,41667
20226,1868,1,1,-1,736790
20226,1871,1,1,2,62500
20226,1899,1,1,-1,57562
20226,2017,1,1,1,687
20226,2178,1,1,2,12048
20226,5220,1,1,2,1845
20226,5285,1,1,1,26
20226,5531,1,1,1,868
20227,57,201,388,0,700000
20227,391,1,1,1,349
20227,413,1,1,1,558
20227,1867,1,1,2,66667
20227,1872,1,1,2,66667
20227,1882,1,1,2,13158
20227,1899,1,1,-1,60696
20227,2178,1,1,-1,62152
20227,2181,1,1,2,5155
20227,2260,1,1,-1,6032
20227,6035,1,1,2,4425
20228,57,229,448,0,700000
20228,847,1,1,1,464
20228,890,1,1,1,694
20228,910,1,1,1,348
20228,1831,1,1,2,125000
20228,1868,1,1,2,100000
20228,1873,1,1,2,20408
20228,1884,1,1,-1,273691
20228,1889,1,1,2,3584
20228,1899,1,1,1,9751
20228,1931,1,1,-1,58137
20228,2180,1,1,-1,33440
20228,2180,1,1,2,4878
20228,5549,1,1,2,6369
20229,57,249,498,0,700000
20229,414,1,1,-1,1573
20229,848,1,1,1,316
20229,879,1,1,1,473
20229,911,1,1,1,237
20229,1061,1,1,-1,297908
20229,1832,1,1,2,50000
20229,1864,1,3,-1,491548
20229,1864,1,1,2,90909
20229,1869,1,1,2,43478
20229,1880,1,1,2,3497
20229,1900,1,1,1,7348
20229,2265,1,1,2,570
20229,2274,1,1,2,326
20229,5550,1,1,2,570
20230,57,284,566,0,700000
20230,292,1,1,1,95
20230,434,1,1,-1,1120
20230,956,1,1,2,3344
20230,1834,1,2,-1,621516
20230,1865,1,1,2,83333
20230,1870,1,2,-1,559364
20230,1870,1,1,2,90909
20230,1874,1,1,2,5618
20231,57,274,550,0,700000
20231,605,1,1,1,890
20231,955,1,1,2,293
20231,1123,1,1,1,890
20231,1832,1,2,-1,602189
20231,1832,1,1,2,66667
20231,1866,1,1,2,35714
20231,1871,1,1,2,58824
20231,1877,1,1,-1,21679
20231,1877,1,1,2,2247
20231,2277,1,1,2,293
20231,2282,1,1,-1,3871
20232,47,1,1,1,369
20232,57,268,535,0,700000
20232,628,1,1,1,527
20232,1867,1,1,2,71429
20232,1872,1,1,2,76923
20232,1875,1,1,2,3390
20232,1881,1,1,2,6536
20232,1901,1,1,-1,72904
20232,2027,1,1,-1,6915
20232,2147,1,1,-1,37702
20232,2156,1,1,2,4274
20232,2191,1,1,2,6410
20233,57,313,625,0,700000
20233,849,1,1,1,256
20233,880,1,1,1,385
20233,912,1,1,1,192
20233,955,1,1,-1,2474
20233,1832,1,1,2,62500
20233,1868,1,1,2,111111
20233,1873,1,1,2,20408
20233,1876,1,1,2,9804
20233,1901,1,1,1,11355
20233,2154,1,1,-1,66215
20233,2273,1,1,2,180
20233,2274,1,1,2,420
20233,2280,1,1,-1,4417
20233,2975,1,1,2,5405
20234,57,316,631,0,700000
20234,293,1,1,1,35
20234,296,1,1,1,35
20234,1868,1,1,2,166667
20234,1873,1,1,2,31250
20234,1876,1,1,2,15625
20234,1879,1,1,-1,103998
20234,1938,1,1,-1,41949
20234,2188,1,1,2,5682
20234,2971,1,1,-1,33368
20234,2979,1,1,2,9174
20235,57,479,955,0,700000
20235,96,1,1,1,7
20235,298,1,1,1,7
20235,302,1,1,1,7
20235,1865,1,1,2,55556
20235,1870,1,1,2,55556
20235,1874,1,1,2,4587
20235,2062,1,1,1,600
20235,2074,1,1,-1,6875
20235,2075,1,1,1,600
20235,2076,1,1,1,600
20235,2163,1,1,-1,49522
20235,2216,1,1,2,3205
20235,2340,1,1,-1,2257
20235,4039,1,1,2,917
20235,4043,1,1,2,1835
20235,8723,1,1,200,2062
20235,8733,1,1,200,688
20236,57,484,989,0,700000
20236,62,1,1,1,42
20236,1865,1,1,2,62500
20236,1870,1,1,2,52632
20236,1874,1,1,2,3472
20236,1908,1,1,-1,95118
20236,1958,1,1,1,2371
20236,2216,1,1,2,2481
20236,2219,1,1,-1,62388
20236,2429,1,1,1,42
20236,2430,1,1,1,42
20236,2431,1,1,1,42
20236,2432,1,1,1,42
20236,2433,1,1,1,42
20236,2452,1,1,1,42
20236,2453,1,1,1,42
20236,2454,1,1,1,42
20236,2937,1,1,1,2371
20236,2938,1,1,1,2371
20236,2939,1,1,1,2371
20236,2940,1,1,1,2371
20236,2941,1,1,1,2371
20236,2942,1,1,1,2371
20236,2943,1,1,1,2371
20236,2944,1,1,1,2371
20236,3021,1,1,-1,3500
20236,4039,1,1,2,496
20236,4043,1,1,2,1488
20236,8723,1,1,200,1488
20236,8733,1,1,200,496
20236,8753,1,1,200,496
20237,57,656,1322,0,700000
20237,282,1,1,1,11
20237,285,1,1,1,11
20237,951,1,1,-1,2457
20237,952,1,1,2,998
20237,1342,10,30,2,111111
20237,1864,1,1,2,125000
20237,1869,1,1,2,58824
20237,1880,1,1,2,5952
20237,2085,1,1,1,1036
20237,2086,1,1,1,1036
20237,2230,1,1,2,1451
20237,2329,1,1,-1,3142
20237,3010,1,1,-1,36717
20237,4043,1,1,2,1490
20237,5550,1,1,2,2976
20237,8724,1,1,200,5952
20237,8734,1,1,200,271
20238,57,630,1281,0,700000
20238,355,1,1,1,45
20238,382,1,1,1,72
20238,1866,1,1,2,40000
20238,1871,1,1,2,62500
20238,1877,1,1,-1,52062
20238,1877,1,1,2,2907
20238,1968,1,1,1,3474
20238,1969,1,1,1,5510
20238,2335,1,1,2,728
20238,2348,1,1,2,364
20238,2357,1,1,-1,2123
20238,4040,1,1,2,1092
20238,4041,1,1,-1,11318
20238,4041,1,1,2,728
20238,6668,1,1,2,20408
20238,8724,1,1,200,1818
20238,8734,1,1,200,364
20239,57,669,1365,0,700000
20239,73,1,1,1,6
20239,74,1,1,1,6
20239,131,1,1,1,6
20239,133,1,1,1,6
20239,952,1,1,2,601
20239,1867,1,5,-1,923295
20239,1867,1,1,2,76923
20239,1872,1,1,2,83333
20239,1875,1,1,2,3003
20239,1881,1,1,2,7194
20239,2077,1,1,1,510
20239,2078,1,1,1,510
20239,2079,1,1,-1,9515
20239,2080,1,1,1,510
20239,2081,1,1,1,510
20239,2351,1,1,2,300
20239,3007,1,1,-1,50362
20239,3007,1,1,2,2703
20239,4041,1,1,2,601
20239,8724,1,1,200,901
20239,8734,1,1,200,1502
20240,57,722,1466,0,700000
20240,265,1,1,1,15
20240,1864,1,1,2,142857
20240,1869,1,1,2,66667
20240,1878,1,1,2,27778
20240,1884,1,1,2,41667
20240,2092,1,1,-1,8118
20240,2108,1,1,1,1650
20240,2353,1,1,-1,2430
20240,3019,1,1,2,2183
20240,3022,1,1,2,144
20240,4039,1,1,2,2415
20240,4601,1,1,-1,3310
20240,8725,1,1,200,1724
20240,8735,1,1,200,230
20241,57,720,1455,0,700000
20241,854,1,1,1,71
20241,885,1,1,1,107
20241,917,1,1,1,54
20241,1539,1,2,-1,337590
20241,1867,1,1,2,71429
20241,1872,1,1,2,76923
20241,1875,1,1,2,3731
20241,1881,1,1,2,7299
20241,1914,1,1,1,5883
20241,1915,1,1,1,9226
20241,1916,1,1,1,4456
20241,2100,1,1,-1,8563
20241,2359,1,1,2,112
20241,3014,1,1,2,1218
20241,3015,1,1,-1,42434
20241,4041,1,1,2,431
20241,4604,1,1,2,150
20241,4609,1,1,2,75
20241,8725,1,1,200,1899
20241,8735,1,1,200,393
20241,8745,1,1,200,13
20241,8755,1,1,200,13
20242,57,766,1555,0,700000
20242,400,1,1,1,24
20242,401,1,1,1,13
20242,420,1,1,1,38
20242,1867,1,1,2,45455
20242,1868,1,9,-1,790517
20242,1872,1,1,2,47619
20242,1875,1,1,2,1795
20242,1881,1,1,2,8065
20242,1918,1,1,-1,68473
20242,1984,1,1,1,2086
20242,1985,1,1,-1,54518
20242,1985,1,1,1,3356
20242,1987,1,1,1,1485
20242,3034,1,1,2,117
20242,4041,1,1,2,508
20242,4941,1,1,2,450
20242,4959,1,1,2,1125
20242,5270,1,1,2,117
20242,6669,1,1,2,9901
20242,8726,1,1,200,1795
20242,8736,1,1,200,99
20243,57,682,1386,0,700000
20243,203,1,1,1,3
20243,204,1,1,1,2
20243,205,1,1,1,2
20243,206,1,1,1,2
20243,1806,1,1,-1,2819
20243,1864,1,1,2,111111
20243,1869,1,1,2,45455
20243,1873,1,2,-1,563815
20243,1880,1,1,2,6506
20243,2112,1,1,1,253
20243,2116,1,1,1,245
20243,2117,1,1,1,245
20243,2118,1,1,1,245
20243,2503,1,1,1,2
20243,2969,1,1,1,251
20243,4043,1,1,2,2169
20243,4144,1,1,2,669
20243,4184,1,1,2,76
20243,4599,1,1,-1,4698
20243,5155,1,1,2,131
20243,5550,1,1,2,868
20243,8726,1,1,200,127
20243,8736,1,1,200,253
20244,57,701,1428,0,700000
20244,400,1,1,1,22
20244,401,1,1,1,12
20244,420,1,1,1,35
20244,1867,1,1,2,76923
20244,1872,1,1,2,66667
20244,1875,1,1,2,2959
20244,1881,1,1,2,5076
20244,1984,1,1,1,1913
20244,1985,1,1,1,3077
20244,1987,1,1,1,1362
20244,2117,1,1,-1,6820
20244,3955,1,1,-1,2899
20244,4041,1,1,2,665
20244,4185,1,1,2,89
20244,4592,1,1,-1,4832
20244,5436,1,1,2,125
20244,8322,1,1,2,114
20244,8726,1,1,200,983
20244,8736,1,1,200,328
20244,8746,1,1,200,328
20245,57,728,1485,0,700000
20245,1864,1,1,2,71429
20245,1869,1,1,2,41667
20245,1878,1,1,2,13333
20245,1884,1,1,2,22222
20245,1895,1,2,-1,430289
20245,4039,1,1,2,1522
20245,4071,1,1,-1,27278
20245,4072,1,1,1,2498
20245,4101,1,1,1,3225
20245,4102,1,1,1,2498
20245,4129,1,1,-1,16299
20245,4439,1,1,1,3836
20245,4945,1,1,2,428
20245,4999,1,1,2,692
20245,6036,1,1,2,1142
20245,8322,1,1,2,54
20245,8726,1,1,200,380
20245,12159,1,1,1,380
20245,12160,1,1,1,761
20245,12170,1,1,1,380
20245,12171,1,1,1,1142
20246,57,934,1899,0,700000
20246,947,1,1,-1,772
20246,1864,1,1,2,111111
20246,1869,1,1,2,52632
20246,1880,1,1,2,6849
20246,2964,1,1,-1,105072
20246,4043,1,1,2,2833
20246,4049,1,1,-1,101214
20246,4049,1,1,1,4984
20246,4050,1,1,1,5888
20246,4051,1,1,1,3686
20246,4157,1,1,2,355
20246,4176,1,1,2,404
20246,4969,1,1,2,83
20246,5550,1,1,2,1414
20246,8727,1,1,200,1414
20246,8737,1,1,200,202
20246,12338,1,1,1,808
20246,12339,1,1,1,1414
20246,12340,1,1,1,1414
20248,57,239,476,0,700000
20248,86,1,1,1,8
20248,179,1,1,1,8
20248,180,1,1,1,8
20248,181,1,1,1,8
20248,182,1,1,1,8
20248,183,1,1,1,8
20248,184,1,1,1,8
20248,185,1,1,1,8
20248,955,1,1,-1,1880
20248,1829,1,1,2,18182
20248,1865,1,2,-1,470054
20248,1865,1,1,2,47619
20248,1870,1,1,2,45455
20248,1874,1,1,2,1464
20248,2022,1,1,1,400
20248,2023,1,1,1,319
20248,2192,1,1,2,6211
20248,2250,1,2,-1,117514
20248,2274,1,1,2,306
20249,57,508,1015,0,700000
20249,260,1,1,1,110
20249,1341,20,60,2,142857
20249,1865,1,3,-1,500696
20249,1868,1,1,2,166667
20249,1873,1,2,-1,400557
20249,1873,1,1,2,38462
20249,1889,1,1,2,4739
20249,2186,1,1,2,3861
20249,5549,1,1,2,11111
20249,6667,1,1,2,52632
20250,57,197,380,0,700000
20250,847,1,1,1,398
20250,890,1,1,1,594
20250,910,1,1,1,298
20250,1865,1,1,2,37037
20250,1870,1,1,2,58824
20250,1874,1,1,2,3717
20250,1884,1,1,-1,234360
20250,1899,1,1,-1,59505
20250,1899,1,1,1,8350
20250,2182,1,1,2,11111
20250,2259,1,1,-1,5914
20250,5437,1,1,2,1046
20251,57,206,403,0,700000
20251,123,1,1,1,28
20251,1866,1,1,2,35714
20251,1871,1,1,2,55556
20251,1877,1,1,2,3521
20251,1880,1,1,-1,40031
20251,2017,1,1,-1,5320
20251,2017,1,1,1,747
20251,2152,1,1,-1,70478
20251,2181,1,1,2,2347
20251,5285,1,1,1,28
20251,5531,1,1,1,943
20252,57,213,422,0,700000
20252,605,1,1,1,688
20252,1061,1,1,-1,253920
20252,1123,1,1,1,688
20252,1865,1,2,-1,418968
20252,1867,1,1,2,43478
20252,1872,1,1,2,41667
20252,1875,1,1,2,782
20252,1881,1,1,2,3906
20252,1900,1,1,-1,45839
20252,2185,1,1,2,4695
20252,2187,1,1,2,1304
20252,2274,1,1,2,205
20252,6666,1,1,2,28571
20253,57,227,452,0,700000
20253,348,1,1,1,92
20253,377,1,1,1,147
20253,1868,1,1,2,125000
20253,1873,1,1,2,25641
20253,1876,1,1,2,18868
20253,1900,1,1,-1,48891
20253,1935,1,1,1,3411
20253,1937,1,1,1,5245
20253,2153,1,1,-1,69496
20253,2265,1,1,-1,4621
20253,2266,1,1,2,506
20253,2971,1,1,2,2612
20254,57,212,415,0,700000
20254,291,1,1,1,57
20254,1876,1,1,2,8333
20254,1877,1,1,2,1567
20254,1880,1,1,2,3135
20254,1881,1,1,2,6803
20254,1882,1,1,2,6803
20254,1899,1,1,-1,64438
20254,2019,1,1,1,2489
20254,2181,1,1,-1,41282
20254,2182,1,1,2,4695
20254,2262,1,1,-1,6404
20265,57,255,458,0,700000
20265,219,1,1,1,136
20265,1866,1,3,-1,374196
20265,1867,1,1,2,110532
20265,1872,1,5,-1,748392
20265,1872,1,1,2,110532
20265,1882,1,1,2,18423
20265,2015,1,1,-1,6845
20265,2015,1,1,1,2023
20265,5158,1,1,2,3316
20266,57,185,346,0,700000
20266,432,1,1,1,314
20266,465,1,1,1,503
20266,1866,1,1,-1,233160
20266,1874,1,1,2,5556
20266,1878,1,1,-1,139896
20266,1878,1,1,2,22222
20266,2180,1,1,-1,26296
20266,2260,1,1,2,617
20266,5220,1,1,2,3704
20267,57,239,476,0,700000
20267,69,1,1,1,16
20267,125,1,1,1,16
20267,126,1,1,1,16
20267,128,1,1,1,16
20267,1061,1,1,-1,284881
20267,1868,1,1,2,111111
20267,1873,1,1,2,31250
20267,1876,1,1,2,14925
20267,1882,1,1,-1,104456
20267,2021,1,1,1,649
20267,2153,1,1,2,8772
20267,2203,1,1,-1,102408
20267,2274,1,1,2,875
20268,57,324,651,0,700000
20268,275,1,1,1,37
20268,276,1,1,1,37
20268,956,1,1,2,4149
20268,1867,1,1,2,111111
20268,1872,1,1,2,111111
20268,1875,1,1,2,3322
20268,1878,1,2,-1,256688
20268,1881,1,1,2,13333
20268,1900,1,1,-1,70210
20268,2024,1,1,1,1666
20269,57,282,563,0,700000
20269,157,1,1,1,21
20269,186,1,1,1,21
20269,1875,1,1,2,3472
20269,1879,1,1,-1,92785
20269,1879,1,1,2,8696
20269,1885,1,1,2,3906
20269,2027,1,1,1,1293
20269,2029,1,1,-1,6641
20269,2154,1,1,-1,59605
20269,2275,1,1,2,217
20269,2286,1,1,2,435
20269,5549,1,1,2,4000
20269,6667,1,1,2,27027
20270,57,398,795,0,700000
20270,393,1,1,1,92
20270,394,1,1,1,92
20270,415,1,1,1,147
20270,416,1,1,1,147
20270,1341,20,60,2,166667
20270,1865,1,1,2,100000
20270,1870,1,1,2,100000
20270,1874,1,1,2,8197
20270,1901,1,1,-1,108561
20270,1938,1,1,1,4683
20270,1939,1,1,1,6119
20270,2972,1,1,-1,42031
20270,2976,1,1,-1,105219
20270,2980,1,1,2,11905
20271,57,325,650,0,700000
20271,849,1,1,1,265
20271,880,1,1,1,398
20271,912,1,1,1,199
20271,1874,1,1,2,4673
20271,1878,1,1,2,20408
20271,1882,1,2,-1,142372
20271,1884,1,1,2,33333
20271,1889,1,1,2,4505
20271,1901,1,1,1,11763
20271,2155,1,2,-1,102837
20271,2187,1,1,2,1730
20271,2269,1,1,2,346
20271,2271,1,1,-1,4576
20271,2293,1,1,2,173
20271,5220,1,1,2,692
20291,27,1,1,1,277
20291,33,1,1,1,444
20291,57,157,281,0,700000
20291,734,1,1,2,6807
20291,1864,1,1,2,81680
20291,1869,1,1,2,40840
20291,1878,1,1,2,16336
20291,1879,1,1,-1,57609
20291,1898,1,1,-1,35506
20291,1927,1,1,1,4073
20291,1929,1,1,1,6587
20291,2255,1,1,-1,8451
20291,2257,1,1,2,999
20292,57,142,248,0,700000
20292,845,1,1,1,1025
20292,877,1,1,1,1539
20292,908,1,1,1,766
20292,1866,1,1,2,30358
20292,1871,1,1,2,45537
20292,1897,1,1,1,10842
20292,2139,1,1,-1,61663
20292,2150,1,1,-1,144749
20292,2252,1,1,2,1867
20292,5158,1,1,2,1822
20292,5220,1,1,-1,12333
20307,5,1,1,1,352
20307,8,1,1,1,352
20307,57,80,108,0,700000
20307,152,1,1,1,545
20307,1060,1,1,-1,330759
20307,1802,1,1,2,31517
20307,1864,1,1,2,29311
20307,1865,1,1,2,14656
20307,1866,1,1,2,9771
20307,1867,1,2,-1,198456
20307,1868,1,1,2,29311
20307,1873,1,1,2,5863
20307,2006,1,1,1,1570
20307,2137,1,1,-1,43777
20308,38,1,1,1,1383
20308,50,1,1,1,1383
20308,57,118,183,0,700000
20308,1868,1,2,-1,475131
20308,1868,1,1,2,70174
20308,1873,1,1,2,14035
20308,1897,1,1,-1,56563
20308,1924,1,1,-1,76634
20308,1925,1,1,1,30677
20308,2143,1,1,2,7018
20308,5158,1,1,2,1404
20310,38,1,1,1,1396
20310,50,1,1,1,1396
20310,57,119,185,0,700000
20310,735,1,1,-1,19993
20310,1800,1,1,-1,75446
20310,1865,1,1,2,47246
20310,1870,1,1,2,47246
20310,1872,1,3,-1,319890
20310,1925,1,1,1,30981
20310,2144,1,1,2,9450
20311,57,41,58,0,700000
20311,1060,1,1,-1,172757
20311,1060,1,1,2,25515
20311,1119,1,1,1,5045
20311,1122,1,1,1,5044
20311,1129,1,1,1,5044
20311,1789,1,1,2,2123
20311,1868,1,1,2,22964
20311,1873,1,1,2,4593
20311,2005,1,1,-1,5553
20312,19,1,1,1,9012
20312,42,1,1,1,6311
20312,57,51,72,0,700000
20312,734,1,1,2,2396
20312,1666,1,1,-1,32439
20312,1802,1,1,2,30910
20312,1864,1,1,2,28746
20312,1866,1,1,-1,64878
20312,1869,1,1,2,14373
20312,2136,1,1,-1,28622
20313,22,1,1,-1,14976
20313,57,98,132,0,700000
20313,428,1,1,1,2212
20313,463,1,1,1,3537
20313,1100,1,1,1,2212
20313,1103,1,1,1,3537
20313,1790,1,1,2,4968
20313,1814,1,1,-1,95767
20313,1864,1,1,2,53748
20313,1869,1,1,2,26874
20313,2006,1,1,-1,12997
20313,6037,1,1,2,53747
20314,57,377,679,0,700000
20314,70,1,1,1,10
20314,1864,1,1,2,101999
20314,1869,1,1,-1,710924
20314,1869,1,1,2,51000
20314,1874,1,1,-1,47395
20314,1878,1,1,2,20400
20314,1884,1,1,2,31385
20314,2047,1,1,1,785
20314,2205,1,1,2,1614
20314,2209,1,1,2,3835
20314,2299,1,1,2,223
20314,2499,1,1,1,10
20314,2967,1,1,1,774
20314,4472,1,1,-1,4062
20316,23,1,1,1,998
20316,30,1,1,1,1598
20316,57,109,147,0,700000
20316,734,1,1,2,4962
20316,1792,1,1,-1,14822
20316,1794,1,1,2,2190
20316,1803,1,1,-1,169394
20316,1864,1,2,-1,403157
20316,1865,1,1,2,29772
20316,1870,1,1,2,29772
20316,2386,1,1,1,1598
20317,1,1,1,1,10394
20317,57,19,29,0,700000
20317,1786,1,1,-1,30885
20317,1787,1,1,2,5322
20317,1867,1,1,-1,51475
20317,1867,1,1,2,8870
20317,1869,1,1,2,6653
20317,1870,1,1,2,6653
20317,1871,1,1,2,6653
20317,1872,1,1,2,8870
20318,3,1,1,1,364
20318,57,41,58,0,700000
20318,1060,1,1,-1,171046
20318,1866,1,1,-1,51314
20318,1866,1,1,2,15158
20318,1871,1,1,2,22736
20318,2005,1,1,-1,5498
20318,2005,1,1,1,1625
20319,57,30,42,0,700000
20319,112,1,1,1,79637
20319,116,1,1,1,118249
20319,118,1,1,1,59125
20319,1787,1,1,-1,45293
20319,1787,1,1,2,7805
20319,1864,1,1,2,19512
20319,1865,1,1,-1,56617
20319,1865,1,1,2,9756
20319,1866,1,1,2,6504
20319,1868,1,1,2,19512
20319,1873,1,1,2,3903
20320,57,112,154,0,700000
20320,216,1,1,1,229
20320,1799,1,1,2,61001
20320,1831,1,1,-1,557587
20320,1867,1,2,-1,278794
20320,1867,1,1,2,54902
20320,1872,1,1,2,54902
20320,2009,1,1,1,2191
20320,2010,1,1,-1,8136
20321,5,1,1,1,422
20321,8,1,1,1,422
20321,57,96,130,0,700000
20321,152,1,1,1,653
20321,1060,1,1,-1,396420
20321,1791,1,1,2,2783
20321,1833,1,1,2,40148
20321,1864,1,1,2,30111
20321,1865,1,1,2,15056
20321,1866,1,1,2,10037
20321,1868,1,1,2,30111
20321,1870,1,1,-1,178389
20321,1873,1,1,2,6023
20321,2005,1,1,-1,12742
20321,2006,1,1,1,1882
20322,12,1,1,1,589
20322,17,10,30,2,92028
20322,57,67,91,0,700000
20322,215,1,1,1,589
20322,1796,1,1,-1,156757
20322,1867,1,1,2,24541
20322,1870,1,2,-1,124622
20322,1872,1,1,2,24541
20322,2005,1,1,-1,8902
20322,2137,1,1,2,5414
20323,57,116,172,0,700000
20323,216,1,1,1,249
20323,1792,1,1,-1,16716
20323,1792,1,1,2,2469
20323,1865,1,2,-1,227339
20323,1866,1,1,2,22385
20323,1869,1,3,-1,227339
20323,1871,1,1,2,33577
20323,2009,1,1,1,2382
20323,6037,1,1,2,67153
20324,5,1,1,1,431
20324,8,1,1,1,431
20324,57,98,132,0,700000
20324,152,1,1,1,667
20324,1791,1,1,-1,33633
20324,1795,1,1,2,67608
20324,1867,1,1,2,23888
20324,1869,1,1,2,17916
20324,1870,1,1,2,17916
20324,1871,1,2,-1,181957
20324,1871,1,1,2,17916
20324,1872,1,1,2,23888
20324,2006,1,1,-1,12997
20324,2006,1,1,1,1920
20325,57,30,42,0,700000
20325,112,1,1,1,79637
20325,116,1,1,1,118249
20325,118,1,1,-1,171565
20325,118,1,1,1,59125
20325,1060,1,1,2,26015
20325,1786,1,1,-1,45293
20325,1787,1,1,-1,45293
20325,1788,1,1,2,9366
20325,1865,1,1,2,11707
20325,1870,1,1,2,11707
20325,6037,1,1,2,23414
20326,22,1,1,1,3030
20326,29,1,1,1,4844
20326,57,67,91,0,700000
20326,1864,1,1,2,24542
20326,1865,1,1,2,12271
20326,1866,1,1,2,8181
20326,1868,1,1,2,24542
20326,1873,1,1,2,4909
20326,2006,1,1,-1,8902
20326,2007,1,1,-1,8902
20326,2135,1,1,-1,36653
20326,2138,1,1,2,3609
20327,57,30,42,0,700000
20327,112,1,1,1,79637
20327,116,1,1,1,118249
20327,118,1,1,1,59125
20327,1786,1,1,2,15609
20327,1865,1,1,-1,56617
20327,1867,1,1,2,26015
20327,1870,1,1,-1,56617
20327,1872,1,1,-1,75489
20327,1872,1,1,2,26015
20328,12,1,1,1,589
20328,57,67,91,0,700000
20328,215,1,1,1,589
20328,1060,1,1,2,23373
20328,1666,1,1,2,3506
20328,1865,1,1,-1,124622
20328,1867,1,1,2,14024
20328,1869,1,1,-1,124622
20328,1869,1,1,2,10518
20328,1870,1,1,2,10518
20328,1871,1,1,2,10518
20328,1872,1,1,2,14024
20328,2137,1,1,-1,36653
20329,16,1,1,1,116
20329,57,109,195,0,700000
20329,1867,1,1,2,26968
20329,1869,1,1,-1,239656
20329,1869,1,1,2,20226
20329,1870,1,1,2,20226
20329,1871,1,1,2,20226
20329,1872,1,1,2,26968
20329,1880,1,1,-1,23966
20329,1898,1,1,-1,24618
20329,2258,1,1,2,495
20329,5268,1,1,2,810
20330,37,1,1,1,2497
20330,49,1,1,1,2497
20330,57,91,122,0,700000
20330,1792,1,1,-1,12352
20330,1798,1,1,2,32431
20330,1864,1,1,2,66159
20330,1866,1,1,-1,111988
20330,1869,1,1,2,33080
20330,1896,1,1,-1,71179
20330,1921,1,1,1,21342
20331,57,80,108,0,700000
20331,113,1,1,1,7220
20331,734,1,1,2,3660
20331,875,1,1,1,10843
20331,906,1,1,1,5422
20331,1796,1,1,2,27617
20331,1865,1,1,2,21956
20331,1870,1,1,2,21956
20331,1871,1,1,-1,148657
20331,2005,1,1,-1,10618
20331,2007,1,1,-1,10618
20333,57,127,180,0,700000
20333,255,1,1,1,264
20333,734,1,1,2,5954
20333,1792,1,1,-1,17783
20333,1798,1,1,-1,237113
20333,1803,1,1,2,30018
20333,1868,1,1,2,71441
20333,1873,1,1,2,14289
20333,2008,1,1,-1,9411
20333,2371,1,1,1,561
20335,2,1,1,1,53
20335,57,119,191,0,700000
20335,120,1,1,1,53
20335,121,1,1,1,53
20335,734,1,1,-1,40607
20335,1867,1,1,-1,324856
20335,1867,1,1,2,47979
20335,1872,1,1,2,47979
20335,1897,1,1,-1,58010
20335,2012,1,1,1,750
20335,2174,1,1,2,15646
20335,5158,1,1,2,1440
20336,29,1,1,-1,16398
20336,57,67,91,0,700000
20336,428,1,1,1,1515
20336,463,1,1,1,2422
20336,1060,1,1,-1,276937
20336,1100,1,1,1,1515
20336,1103,1,1,1,2422
20336,1789,1,1,2,2269
20336,1802,1,1,-1,268004
20336,1864,1,1,2,24541
20336,1865,1,1,2,12271
20336,1866,1,1,2,8181
20336,1868,1,1,2,24541
20336,1873,1,1,2,4909
20338,16,1,1,1,128
20338,57,120,214,0,700000
20338,1831,1,1,2,103827
20338,1868,1,1,2,77870
20338,1873,1,1,2,15574
20338,1898,1,1,-1,27080
20338,1927,1,1,-1,21031
20338,3032,1,1,-1,10545
20338,3032,1,1,2,1558
20340,57,95,131,0,700000
20340,255,1,1,1,195
20340,1792,1,1,-1,13068
20340,1803,1,1,2,29412
20340,1865,1,1,2,35000
20340,1870,1,1,2,35000
20340,2371,1,1,1,412
20341,44,1,1,1,709
20341,57,115,195,0,700000
20341,102,1,1,1,1017
20341,945,1,1,1,2101
20341,1866,1,1,2,32123
20341,1871,1,1,2,48184
20341,1897,1,1,-1,58257
20341,1924,1,1,1,11657
20341,2141,1,1,-1,48936
20341,2143,1,1,-1,48936
20341,2175,1,1,2,39174
20342,57,114,157,0,700000
20342,255,1,1,1,233
20342,429,1,1,-1,5359
20342,736,1,1,2,21000
20342,1793,1,1,-1,15682
20342,1864,1,1,2,83999
20342,1869,1,1,2,42000
20342,1870,1,1,-1,213277
20342,2371,1,1,1,495
20343,57,98,132,0,700000
20343,113,1,1,1,8837
20343,875,1,1,1,13272
20343,906,1,1,1,6636
20343,1060,1,1,-1,404348
20343,1795,1,1,-1,686629
20343,1797,1,1,2,72387
20343,1864,1,1,2,71663
20343,1869,1,1,2,35832
20343,2005,1,1,-1,12997
20345,24,1,1,1,324
20345,31,1,1,1,517
20345,57,110,171,0,700000
20345,390,1,1,1,324
20345,412,1,1,1,517
20345,1800,1,1,2,8254
20345,1831,1,1,2,69986
20345,1866,1,1,2,17497
20345,1871,1,1,2,26245
20345,1925,1,1,-1,145655
20345,2174,1,1,-1,96576
20345,5220,1,1,-1,8885
20345,5268,1,1,2,1050
20346,20,1,1,1,4284
20346,43,1,1,1,2992
20346,57,106,150,0,700000
20346,736,1,1,2,19845
20346,1803,1,1,-1,169366
20346,1831,1,1,-1,537455
20346,1866,1,1,2,26460
20346,1869,1,1,-1,201546
20346,1871,1,1,2,39690
20348,57,97,147,0,700000
20348,66,1,1,1,141
20348,1333,1,1,1,141
20348,1794,1,1,-1,14192
20348,1799,1,1,2,56309
20348,1831,1,1,-1,514696
20348,1866,1,1,2,25339
20348,1871,1,1,2,38009
20348,1896,1,1,-1,81784
20348,2010,1,1,1,1479
20349,23,1,1,1,887
20349,30,1,1,1,1421
20349,57,94,133,0,700000
20349,1792,1,1,2,2596
20349,1794,1,1,-1,13182
20349,1867,1,1,2,47073
20349,1872,1,1,2,47073
20349,1921,1,1,-1,115664
20349,2009,1,1,-1,6357
20349,2386,1,1,1,1421
20350,57,100,156,0,700000
20350,734,1,1,2,4971
20350,845,1,1,1,671
20350,877,1,1,1,1008
20350,908,1,1,1,502
20350,1800,1,1,-1,63500
20350,1866,1,1,-1,134620
20350,1868,1,1,2,59648
20350,1873,1,1,2,11930
20350,1897,1,1,1,7102
20350,2150,1,1,-1,94803
20350,2150,1,1,2,14002
20351,57,106,184,0,700000
20351,272,1,1,1,100
20351,735,1,1,-1,19140
20351,1864,1,1,2,67846
20351,1869,1,1,2,33923
20351,1878,1,1,2,13570
20351,1897,1,1,-1,54686
20351,2013,1,1,1,1465
20351,2173,1,1,-1,62245
20351,2253,1,1,2,1391
20352,26,1,1,-1,1147
20352,57,128,230,0,700000
20352,68,1,1,1,69
20352,1864,1,1,2,66676
20352,1869,1,1,2,33338
20352,1878,1,1,-1,112862
20352,1878,1,1,2,13336
20352,5163,1,1,2,1334
20352,5273,1,1,2,1334
20352,5284,1,1,1,69
20353,16,1,1,1,117
20353,57,110,197,0,700000
20353,1864,1,1,-1,484105
20353,1864,1,1,2,57199
20353,1869,1,1,2,28600
20353,1878,1,1,-1,96821
20353,1878,1,1,2,11440
20353,2256,1,1,-1,5918
20353,3953,1,1,2,1144
20353,5273,1,1,2,1144
20356,57,188,353,0,700000
20356,220,1,1,1,98
20356,1868,1,2,-1,713468
20356,1868,1,1,2,142857
20356,1873,1,1,-1,142694
20356,1873,1,1,2,26316
20356,1899,1,1,-1,55740
20356,2178,1,1,2,10417
20356,5549,1,1,2,5208
20357,57,137,246,0,700000
20357,68,1,1,1,73
20357,1804,1,1,-1,12071
20357,1864,1,1,2,89139
20357,1869,1,1,2,44570
20357,1880,1,1,2,4457
20357,1898,1,1,-1,30999
20357,1926,1,1,-1,30482
20357,2176,1,1,2,21326
20357,5284,1,1,1,73
20358,57,121,200,0,700000
20358,217,1,1,1,110
20358,218,1,1,1,110
20358,1800,1,1,2,15684
20358,1866,1,1,2,33248
20358,1871,1,1,2,49872
20358,1924,1,1,-1,81695
20358,2140,1,1,-1,50651
20358,2141,1,1,-1,50651
20359,44,1,1,-1,5121
20359,57,122,208,0,700000
20359,176,1,1,1,114
20359,1865,1,1,2,38575
20359,1870,1,1,2,38575
20359,1872,1,3,-1,348237
20359,1924,1,1,-1,84251
20359,2252,1,1,2,1581
20359,2501,1,1,1,114
20359,5268,1,1,2,1543
20360,44,1,1,1,688
20360,57,118,183,0,700000
20360,102,1,1,1,987
20360,908,1,1,-1,3993
20360,945,1,1,1,2040
20360,1801,1,1,-1,119680
20360,1867,1,1,2,46782
20360,1872,1,1,2,46782
20360,1924,1,1,1,11319
20360,2173,1,1,2,9509
20360,2175,1,1,-1,193143
20360,5273,1,1,2,1404
20361,14,1,1,1,724
20361,42,1,1,-1,33615
20361,57,82,111,0,700000
20361,735,1,1,2,1885
20361,1790,1,1,-1,28303
20361,1802,1,1,2,48633
20361,1864,1,1,2,45229
20361,1869,1,1,2,22615
20361,2005,1,1,-1,10937
20361,2007,1,1,1,3231
20362,37,1,1,1,2642
20362,49,1,1,1,2642
20362,57,95,131,0,700000
20362,1060,1,1,2,58333
20362,1792,1,1,-1,13068
20362,1792,1,1,2,1931
20362,1799,1,1,-1,263305
20362,1864,1,1,2,52500
20362,1867,1,1,-1,236975
20362,1869,1,1,2,26250
20362,1921,1,1,1,22581
20363,57,80,108,0,700000
20363,254,1,1,1,1407
20363,735,1,1,2,1832
20363,1814,1,1,2,11570
20363,1864,1,1,2,43966
20363,1867,1,2,-1,198456
20363,1869,1,1,2,21983
20363,2005,1,1,-1,10632
20363,2006,1,1,-1,10632
20364,57,116,172,0,700000
20364,255,1,1,1,249
20364,1793,1,1,2,3292
20364,1865,1,1,2,44769
20364,1867,1,1,-1,303119
20364,1870,1,1,2,44769
20364,1896,1,1,-1,96330
20364,2008,1,1,-1,8846
20364,2371,1,1,1,527
20365,22,1,1,1,3030
20365,29,1,1,1,4844
20365,57,67,91,0,700000
20365,1666,1,1,2,8181
20365,1864,1,1,-1,249244
20365,1866,1,1,-1,83081
20365,1866,1,1,2,16361
20365,1871,1,1,-1,124622
20365,1871,1,1,2,24541
20367,44,1,1,1,666
20367,57,106,184,0,700000
20367,102,1,1,1,955
20367,735,1,1,2,2262
20367,945,1,1,1,1973
20367,1831,1,1,-1,612488
20367,1864,1,1,-1,459366
20367,1864,1,1,2,54276
20367,1869,1,1,2,27138
20367,1878,1,1,2,10856
20367,1896,1,1,-1,97323
20367,1924,1,1,1,10943
20367,5153,1,1,2,1086
20368,57,106,150,0,700000
20368,271,1,1,1,440
20368,1793,1,1,-1,14820
20368,1793,1,1,2,2919
20368,1833,1,1,-1,537455
20368,1866,1,1,2,26460
20368,1871,1,1,2,39690
20368,1873,1,1,-1,80618
20369,57,119,191,0,700000
20369,390,1,1,-1,2400
20369,1101,1,1,1,709
20369,1104,1,1,1,1134
20369,1868,1,1,2,95958
20369,1873,1,1,2,19192
20369,1897,1,1,-1,58010
20369,2143,1,1,-1,48728
20369,2175,1,1,2,39008
20370,23,1,1,1,1035
20370,30,1,1,1,1658
20370,57,112,154,0,700000
20370,1793,1,1,2,3028
20370,1794,1,1,-1,15375
20370,1864,1,2,-1,418191
20370,1864,1,1,2,82352
20370,1869,1,1,2,41176
20370,1922,1,1,-1,53341
20370,2386,1,1,1,1658
20371,57,99,150,0,700000
20371,114,1,1,-1,11218
20371,429,1,1,1,731
20371,464,1,1,1,1171
20371,1803,1,1,2,32579
20371,1866,1,1,2,25846
20371,1869,1,1,-1,196871
20371,1871,1,1,2,38769
20371,1896,1,1,-1,83420
20371,1922,1,1,1,7418
20371,1923,1,1,1,11917
20372,3,1,1,1,717
20372,57,81,110,0,700000
20372,1814,1,1,2,15716
20372,1864,1,1,-1,303261
20372,1864,1,1,2,59719
20372,1869,1,1,2,29860
20372,1870,1,2,-1,151631
20372,2005,1,1,1,3200
20373,57,91,122,0,700000
20373,255,1,1,1,184
20373,1793,1,1,-1,12352
20373,1799,1,1,2,49008
20373,1864,1,1,2,66160
20373,1869,1,1,-1,167982
20373,1869,1,1,2,33080
20373,1871,1,1,-1,167982
20373,2371,1,1,1,390
20374,57,152,273,0,700000
20374,257,1,1,1,162
20374,1868,1,1,2,98878
20374,1871,1,1,-1,334740
20374,1873,1,1,2,19776
20374,1898,1,1,-1,34385
20374,2255,1,1,-1,8184
20374,5158,1,1,2,1978
20374,5273,1,1,2,1978
20375,16,1,1,1,117
20375,57,110,197,0,700000
20375,1804,1,1,-1,9682
20375,1865,1,1,2,28600
20375,1870,1,1,2,28600
20375,1879,1,1,2,4767
20375,2014,1,1,-1,2782
20375,2257,1,1,-1,5918
20375,5158,1,1,2,1144
20378,49,1,1,-1,15211
20378,57,106,150,0,700000
20378,114,1,1,1,1357
20378,115,1,1,1,1357
20378,736,1,1,2,19845
20378,876,1,1,1,2036
20378,907,1,1,1,1018
20378,1831,1,1,-1,537455
20378,1866,1,1,2,26460
20378,1871,1,1,2,39690
20378,1896,1,1,-1,85401
20378,1896,1,1,1,10091
20379,57,128,189,0,700000
20379,114,1,1,1,1687
20379,115,1,1,1,1687
20379,876,1,1,1,2531
20379,907,1,1,1,1266
20379,1792,1,1,-1,18424
20379,1794,1,1,2,3629
20379,1867,1,1,2,65789
20379,1871,1,3,-1,250564
20379,1872,1,2,-1,334085
20379,1872,1,1,2,65789
20379,1896,1,1,1,12545
20380,57,132,206,0,700000
20380,176,1,1,1,116
20380,1866,1,1,-1,178047
20380,1866,1,1,2,35062
20380,1869,1,1,-1,267071
20380,1871,1,1,2,52593
20380,1873,1,1,-1,106828
20380,2174,1,1,2,22867
20380,2501,1,1,1,116
20381,57,80,108,0,700000
20381,99,1,1,1,1405
20381,1865,1,1,2,29274
20381,1867,1,1,-1,198210
20381,1870,1,1,2,29274
20381,1875,1,1,-1,9910
20381,2006,1,1,-1,10618
20381,2136,1,1,2,8611
20382,20,1,1,1,3570
20382,43,1,1,1,2494
20382,57,91,122,0,700000
20382,1803,1,1,2,27798
20382,1831,1,1,-1,447952
20382,1866,1,1,2,22053
20382,1870,1,1,-1,167982
20382,1871,1,1,2,33080
20382,2008,1,1,-1,6536
20385,14,1,1,1,607
20385,57,69,94,0,700000
20385,1060,1,1,-1,285245
20385,1790,1,1,2,4673
20385,1868,1,1,2,50555
20385,1873,1,1,2,10111
20385,2005,1,1,-1,9169
20385,2007,1,1,1,2709
20386,3,1,1,1,860
20386,17,10,30,2,134369
20386,57,98,132,0,700000
20386,1060,1,1,-1,404348
20386,1666,1,1,-1,60652
20386,1666,1,1,2,8958
20386,1796,1,1,-1,228876
20386,1864,1,1,2,53748
20386,1869,1,1,2,26874
20386,2005,1,1,1,3840
20387,57,114,157,0,700000
20387,66,1,1,1,156
20387,1333,1,1,1,156
20387,1794,1,1,-1,15682
20387,1794,1,1,2,3089
20387,1833,1,1,-1,568739
20387,1864,1,1,2,83999
20387,1869,1,1,2,42000
20387,1896,1,1,-1,90372
20387,2010,1,1,1,1635
20388,37,1,1,1,2996
20388,49,1,1,1,2996
20388,57,109,147,0,700000
20388,735,1,1,2,2481
20388,736,1,1,2,14886
20388,1833,1,1,-1,537542
20388,1864,1,1,2,59543
20388,1869,1,1,2,29772
20388,1880,1,1,-1,20158
20388,1921,1,1,1,25611
20389,44,1,1,1,574
20389,57,98,153,0,700000
20389,102,1,1,1,823
20389,734,1,1,-1,32995
20389,945,1,1,1,1700
20389,1867,1,1,2,38986
20389,1872,1,2,-1,263962
20389,1872,1,1,2,38986
20389,1924,1,1,1,9433
20389,2011,1,1,-1,4516
20389,2175,1,1,2,23772
20389,5158,1,1,2,1170
20390,2,1,1,1,46
20390,57,101,167,0,700000
20390,120,1,1,1,46
20390,121,1,1,1,46
20390,734,1,1,2,4157
20390,1801,1,1,2,12563
20390,1868,1,1,2,49872
20390,1873,1,1,-1,84419
20390,1873,1,1,2,9975
20390,1881,1,1,-1,28140
20390,1897,1,1,-1,50249
20390,2012,1,1,1,650
20390,5158,1,1,2,998
20392,23,1,1,1,1147
20392,30,1,1,1,1836
20392,57,116,177,0,700000
20392,736,1,1,2,17104
20392,1060,1,1,2,76017
20392,1798,1,1,-1,227072
20392,1831,1,1,-1,617635
20392,1833,1,1,-1,617635
20392,1864,1,1,2,68416
20392,1869,1,1,2,34208
20392,2386,1,1,1,1836
20393,57,118,183,0,700000
20393,217,1,1,1,103
20393,218,1,1,1,103
20393,1867,1,1,2,62377
20393,1872,1,1,2,62377
20393,1897,1,1,-1,56563
20393,2252,1,1,-1,9736
20393,2252,1,1,2,1918
20400,57,112,154,0,700000
20400,114,1,1,1,1408
20400,115,1,1,1,1408
20400,876,1,1,1,2112
20400,907,1,1,1,1056
20400,1798,1,1,2,40369
20400,1803,1,1,-1,175710
20400,1864,1,1,2,82352
20400,1869,1,1,2,41176
20400,1896,1,1,1,10469
20400,1921,1,1,-1,134900
20400,1923,1,1,-1,85695
20401,57,144,255,0,700000
20401,87,1,1,1,39
20401,155,1,1,1,39
20401,177,1,1,1,39
20401,1866,1,1,-1,210080
20401,1866,1,1,2,31028
20401,1871,1,1,2,46541
20401,1873,1,1,-1,126048
20401,2014,1,1,1,535
20401,2151,1,1,-1,87777
20401,5153,1,1,2,1862
20401,5158,1,1,2,1862
20402,25,1,1,1,211
20402,26,1,1,1,136
20402,32,1,1,1,336
20402,34,1,1,1,218
20402,57,151,278,0,700000
20402,1866,1,1,2,33426
20402,1871,1,2,-1,339480
20402,1871,1,1,2,50139
20402,1880,1,1,-1,33948
20402,1926,1,1,1,3377
20402,1928,1,1,1,4869
20402,2179,1,1,-1,162431
20402,2256,1,1,2,1226
20402,5158,1,1,2,2006
20403,38,1,1,1,1383
20403,50,1,1,1,1383
20403,57,118,183,0,700000
20403,734,1,1,-1,39594
20403,735,1,1,2,2340
20403,1867,1,1,2,37426
20403,1868,1,3,-1,475131
20403,1872,1,1,2,37426
20403,1925,1,1,1,30677
20403,2012,1,1,-1,4949
20403,2253,1,1,2,1151
20403,5268,1,1,2,1123
20404,57,100,156,0,700000
20404,735,1,1,-1,16828
20404,1101,1,1,1,588
20404,1104,1,1,1,940
20404,1866,1,1,2,19883
20404,1871,1,1,2,29824
20404,1897,1,1,-1,48079
20404,2253,1,1,-1,8276
20404,2254,1,1,2,1223
20404,6035,1,1,2,2486
20410,9,1,1,1,172
20410,57,119,180,0,700000
20410,154,1,1,1,172
20410,1792,1,1,-1,17371
20410,1793,1,1,2,3421
20410,1867,1,1,2,62030
20410,1868,1,1,-1,472491
20410,1872,1,1,2,62030
20410,2008,1,1,1,1811
20410,2009,1,1,-1,8377
20411,57,121,200,0,700000
20411,217,1,1,1,110
20411,218,1,1,1,110
20411,735,1,1,-1,21105
20411,1817,1,1,2,5985
20411,1864,1,1,2,59847
20411,1869,1,1,2,29924
20411,1878,1,1,2,11970
20411,1897,1,1,-1,60299
20411,2141,1,1,-1,50651
20411,6037,1,1,2,59847
20415,57,110,177,0,700000
20415,309,1,1,1,98
20415,310,1,1,1,98
20415,735,1,1,-1,18798
20415,1864,1,1,2,44421
20415,1865,1,1,-1,225572
20415,1865,1,1,2,22211
20415,1866,1,1,2,14807
20415,1868,1,1,2,44421
20415,1873,1,1,2,8885
20415,2144,1,1,-1,45114
20415,2253,1,1,2,911
20416,57,111,183,0,700000
20416,102,1,1,-1,6530
20416,1101,1,1,1,676
20416,1104,1,1,1,1081
20416,1866,1,1,2,22859
20416,1871,1,1,2,34288
20416,1924,1,1,-1,74887
20416,2139,1,1,2,6858
20416,2254,1,1,-1,9514
20416,5268,1,1,2,1372
20418,57,120,198,0,700000
20418,845,1,1,1,834
20418,877,1,1,1,1252
20418,908,1,1,1,623
20418,1800,1,1,-1,78852
20418,1867,1,1,2,49379
20418,1872,1,2,-1,334331
20418,1872,1,1,2,49379
20418,1882,1,1,2,8230
20418,1897,1,1,1,8818
20418,1925,1,1,-1,164425
20418,2140,1,1,2,7407
20420,57,110,197,0,700000
20420,1102,1,1,1,388
20420,1105,1,1,1,622
20420,1804,1,1,-1,9682
20420,1864,1,1,2,47666
20420,1865,1,1,2,23833
20420,1866,1,1,-1,161368
20420,1866,1,1,2,15889
20420,1868,1,1,-1,484105
20420,1868,1,1,2,47666
20420,1873,1,1,2,9534
20420,5163,1,1,2,954
20421,57,116,209,0,700000
20421,273,1,1,1,63
20421,1866,1,1,-1,171004
20421,1867,1,1,2,33675
20421,1869,1,1,2,25256
20421,1870,1,1,2,25256
20421,1871,1,1,2,25256
20421,1872,1,1,2,33675
20421,1898,1,1,-1,26349
20421,1929,1,1,-1,33097
20421,2016,1,1,1,888
20421,5278,1,1,2,1011
20422,57,121,195,0,700000
20422,176,1,1,1,108
20422,1864,1,2,-1,497816
20422,1864,1,1,2,73524
20422,1869,1,1,-1,248908
20422,1869,1,1,2,36762
20422,2013,1,1,-1,5372
20422,2254,1,1,2,1507
20422,2501,1,1,1,108
20422,5273,1,1,2,1471
20423,57,98,145,0,700000
20423,271,1,1,1,418
20423,1792,1,1,-1,14067
20423,1793,1,1,-1,14067
20423,1867,1,1,2,75346
20423,1872,1,1,2,75346
20423,1921,1,1,-1,123424
20424,2,1,1,1,50
20424,57,107,182,0,700000
20424,120,1,1,1,50
20424,121,1,1,1,50
20424,1865,1,1,2,44898
20424,1870,1,1,-1,227995
20424,1870,1,1,2,44898
20424,1880,1,1,-1,22799
20424,2012,1,1,1,702
20424,2142,1,1,-1,45599
20424,2253,1,1,2,1841
20425,57,95,131,0,700000
20425,66,1,1,1,130
20425,1333,1,1,1,130
20425,1799,1,1,2,51851
20425,1831,1,1,-1,473949
20425,1866,1,1,2,23333
20425,1869,1,1,-1,177731
20425,1871,1,1,2,35000
20425,2010,1,1,1,1363
20426,57,96,130,0,700000
20426,113,1,1,1,8664
20426,875,1,1,1,13011
20426,906,1,1,1,6506
20426,1060,1,1,2,58549
20426,1796,1,1,-1,224389
20426,1868,1,1,2,52694
20426,1873,1,1,2,10539
20426,2005,1,1,-1,12742
20426,2137,1,1,2,7750
20427,57,80,108,0,700000
20427,254,1,1,1,1405
20427,1060,1,1,-1,330350
20427,1666,1,1,-1,49552
20427,1864,1,1,2,58549
20427,1866,1,1,-1,99105
20427,1869,1,1,2,29274
20427,2138,1,1,2,8611
20428,57,114,168,0,700000
20428,114,1,1,1,1501
20428,115,1,1,1,1501
20428,876,1,1,1,2251
20428,907,1,1,1,1126
20428,1799,1,1,2,27868
20428,1831,1,1,-1,594351
20428,1833,1,1,2,50161
20428,1864,1,1,-1,445764
20428,1864,1,1,2,37621
20428,1865,1,1,2,18811
20428,1866,1,1,2,12541
20428,1868,1,1,2,37621
20428,1873,1,1,2,7525
20428,1896,1,1,-1,94441
20428,1896,1,1,1,11159
20429,57,95,140,0,700000
20429,429,1,1,1,690
20429,464,1,1,1,1104
20429,1792,1,1,-1,13657
20429,1803,1,1,2,30736
20429,1868,1,1,2,73152
20429,1873,1,1,2,14631
20429,1921,1,1,-1,119829
20429,1922,1,1,1,6999
20429,1923,1,1,1,11243
20429,2009,1,1,-1,6586
20432,11,1,1,1,4286
20432,17,10,30,2,11757
20432,57,8,12,0,700000
20432,1787,1,1,2,1881
20432,1864,1,1,2,4703
20432,1865,1,1,2,2352
20432,1866,1,1,2,1568
20432,1868,1,1,2,4703
20432,1871,1,1,-1,15920
20432,1873,1,1,-1,6368
20432,1873,1,1,2,941
20433,57,113,160,0,700000
20433,429,1,1,1,799
20433,464,1,1,1,1279
20433,735,1,1,2,2648
20433,1794,1,1,2,2337
20433,1864,1,2,-1,430270
20433,1865,1,1,-1,215135
20433,1865,1,1,2,31774
20433,1870,1,1,2,31774
20433,1921,1,1,-1,138797
20433,1922,1,1,1,8106
20433,1923,1,1,1,13023
20435,57,98,149,0,700000
20435,216,1,1,1,213
20435,1793,1,1,-1,14332
20435,1794,1,1,2,2823
20435,1833,1,1,-1,519792
20435,1867,1,1,2,51180
20435,1871,1,1,-1,194922
20435,1872,1,1,2,51180
20435,2009,1,1,1,2043
20436,16,1,1,1,153
20436,57,144,255,0,700000
20436,1865,1,1,2,62055
20436,1869,1,2,-1,315120
20436,1870,1,1,2,62055
20436,1898,1,1,-1,32370
20436,2016,1,1,-1,3693
20436,5158,1,1,2,2483
20437,39,1,1,1,912
20437,51,1,1,1,912
20437,57,130,231,0,700000
20437,1804,1,1,-1,11391
20437,1866,1,1,2,28039
20437,1871,1,1,2,42058
20437,1930,1,1,1,14379
20437,2016,1,1,-1,3337
20437,2258,1,1,-1,6963
20437,5268,1,1,2,1683
20437,5437,1,1,2,1029
20438,57,196,374,0,700000
20438,291,1,1,1,52
20438,1865,1,2,-1,375763
20438,1869,1,2,-1,375763
20438,1875,1,1,2,2849
20438,1879,1,1,2,8130
20438,1899,1,1,-1,58713
20438,2019,1,1,1,2268
20438,2180,1,1,2,4274
20438,5549,1,1,2,5714
20438,6666,1,1,2,50000
20439,25,1,1,1,207
20439,26,1,1,1,134
20439,32,1,1,1,330
20439,34,1,1,1,214
20439,57,148,273,0,700000
20439,1868,1,1,2,131082
20439,1873,1,1,2,26217
20439,1926,1,1,1,3311
20439,1928,1,1,1,4774
20439,2015,1,1,-1,4059
20439,2151,1,1,-1,92709
20439,2255,1,1,-1,8137
20439,2257,1,1,2,1603
20442,4,1,1,1,7546
20442,7,1,1,1,7546
20442,17,10,30,2,72442
20442,57,30,42,0,700000
20442,1786,1,1,-1,44845
20442,1787,1,1,2,11591
20442,1864,1,1,-1,112112
20442,1868,1,1,2,28977
20442,1873,1,1,2,5796
20442,5549,1,1,-1,5606
20446,22,1,1,1,1890
20446,29,1,1,1,3022
20446,57,41,58,0,700000
20446,1791,1,1,2,2830
20446,1864,1,1,2,30618
20446,1869,1,1,-1,77741
20446,1869,1,1,2,15309
20446,1870,1,1,-1,77741
20446,2007,1,1,-1,5553
20447,14,1,1,1,607
20447,57,69,94,0,700000
20447,1060,1,1,-1,285245
20447,1791,1,1,2,4673
20447,1797,1,1,-1,259314
20447,1868,1,1,2,50555
20447,1873,1,1,2,10111
20447,2007,1,1,1,2709
20447,2138,1,1,-1,37753
20448,3,1,1,1,460
20448,57,51,72,0,700000
20448,1666,1,1,-1,32439
20448,1789,1,1,-1,17988
20448,1866,1,1,2,19164
20448,1871,1,1,2,28746
20448,2005,1,1,1,2054
20448,2006,1,1,-1,6951
20449,57,116,177,0,700000
20449,115,1,1,-1,13164
20449,429,1,1,1,858
20449,464,1,1,1,1374
20449,1798,1,1,2,44605
20449,1868,1,1,2,90993
20449,1873,1,1,-1,92414
20449,1873,1,1,2,18199
20449,1896,1,1,-1,97896
20449,1922,1,1,1,8705
20449,1923,1,1,1,13985
20450,5,1,1,1,294
20450,8,1,1,1,294
20450,57,67,90,0,700000
20450,152,1,1,1,455
20450,1666,1,1,-1,41345
20450,1864,1,1,2,48851
20450,1869,1,1,2,24426
20450,1870,1,1,-1,124035
20450,2006,1,1,1,1309
20450,2135,1,1,2,7184
20455,20,1,1,1,4026
20455,43,1,1,1,2813
20455,57,97,143,0,700000
20455,736,1,1,2,18654
20455,1794,1,1,-1,13930
20455,1868,1,1,2,74614
20455,1869,1,1,-1,189449
20455,1873,1,1,2,14923
20455,1896,1,1,-1,80275
20456,17,10,30,2,49891
20456,57,19,29,0,700000
20456,308,1,1,1,10394
20456,1788,1,1,-1,30885
20456,1788,1,1,2,7983
20456,1868,1,1,-1,77212
20456,1868,1,1,2,19957
20456,1872,1,1,-1,51475
20456,1873,1,1,2,3992
20457,15,1,1,1,128
20457,57,138,234,0,700000
20457,1864,1,3,-1,587232
20457,1864,1,1,2,69384
20457,1866,1,2,-1,195744
20457,1869,1,1,2,34692
20457,1880,1,1,2,3470
20457,2011,1,1,1,1979
20457,2013,1,1,-1,6337
20457,2254,1,1,2,1422
20457,5273,1,1,2,1388
20458,57,157,282,0,700000
20458,846,1,1,1,639
20458,878,1,1,1,956
20458,909,1,1,1,480
20458,1804,1,1,2,1169
20458,1864,1,1,2,58409
20458,1869,1,1,2,29205
20458,1880,1,1,2,2921
20458,1898,1,1,-1,35546
20458,1898,1,1,1,5250
20458,2176,1,1,-1,165568
20458,2256,1,1,-1,8461
20458,5268,1,1,2,1169
20458,5437,1,1,2,715
20458,6666,1,1,2,29205
20460,57,119,180,0,700000
20460,66,1,1,1,172
20460,1333,1,1,1,172
20460,1792,1,1,-1,17371
20460,1799,1,1,2,68922
20460,1833,1,1,-1,629988
20460,1866,1,1,-1,157497
20460,1867,1,1,2,62030
20460,1872,1,1,2,62030
20460,2010,1,1,1,1811
20461,57,99,150,0,700000
20461,66,1,1,1,144
20461,1333,1,1,1,144
20461,1803,1,1,-1,165438
20461,1803,1,1,2,32579
20461,1867,1,1,2,51692
20461,1872,1,1,2,51692
20461,1896,1,1,-1,83420
20461,2010,1,1,-1,7660
20461,2010,1,1,1,1509
20462,57,102,164,0,700000
20462,256,1,1,1,182
20462,1800,1,1,-1,65776
20462,1800,1,1,2,12953
20462,1865,1,1,-1,209166
20462,1867,1,1,2,54920
20462,1872,1,2,-1,278888
20462,1872,1,1,2,54920
20463,57,97,137,0,700000
20463,271,1,1,1,403
20463,1798,1,1,2,35651
20463,1799,1,1,-1,273567
20463,1864,1,1,2,72727
20463,1869,1,1,2,36364
20463,1921,1,1,-1,119134
20463,2010,1,1,-1,7185
20464,9,1,1,1,130
20464,57,95,131,0,700000
20464,154,1,1,1,130
20464,464,1,1,-1,7152
20464,1803,1,1,2,29412
20464,1865,1,1,2,35000
20464,1870,1,1,-1,177731
20464,1870,1,1,2,35000
20464,1874,1,1,-1,11849
20464,2008,1,1,1,1363
20466,24,1,1,1,366
20466,31,1,1,1,584
20466,57,122,197,0,700000
20466,390,1,1,1,366
20466,412,1,1,1,584
20466,734,1,1,-1,41833
20466,1801,1,1,2,18676
20466,1867,1,1,2,49428
20466,1868,1,2,-1,501999
20466,1872,1,1,2,49428
20466,1897,1,1,-1,59762
20466,5158,1,1,2,1483
20468,57,41,58,0,700000
20468,99,1,1,1,735
20468,1790,1,1,-1,14370
20468,1795,1,1,2,57770
20468,1814,1,1,-1,40916
20468,1864,1,1,2,30618
20468,1869,1,1,2,15309
20468,2005,1,1,-1,5553
20469,14,1,1,1,607
20469,57,69,94,0,700000
20469,1666,1,1,-1,42787
20469,1795,1,1,2,71539
20469,1833,1,1,2,50554
20469,1864,1,1,-1,256721
20469,1868,1,1,2,37916
20469,1873,1,1,2,7584
20469,2007,1,1,-1,9169
20469,2007,1,1,1,2709
20470,19,1,1,1,9012
20470,42,1,1,1,6311
20470,57,51,72,0,700000
20470,735,1,1,2,1198
20470,1060,1,1,-1,216259
20470,1791,1,1,-1,17988
20470,1864,1,1,2,28746
20470,1869,1,1,2,14373
20470,2006,1,1,-1,6951
20470,2135,1,1,2,4228
20471,3,1,1,1,860
20471,57,98,132,0,700000
20471,428,1,1,-1,14976
20471,1666,1,1,2,11944
20471,1797,1,1,-1,367589
20471,1864,1,1,2,71663
20471,1869,1,1,-1,181957
20471,1869,1,1,2,35832
20471,2005,1,1,1,3840
20472,57,114,157,0,700000
20472,66,1,1,1,156
20472,736,1,1,2,21000
20472,1333,1,1,1,156
20472,1864,1,2,-1,426554
20472,1864,1,1,2,83999
20472,1867,1,2,-1,284370
20472,1869,1,1,2,42000
20472,1922,1,1,-1,54407
20472,2010,1,1,1,1635
20473,9,1,1,1,147
20473,23,1,1,-1,5065
20473,57,109,147,0,700000
20473,154,1,1,1,147
20473,1792,1,1,2,2919
20473,1831,1,1,-1,537542
20473,1864,1,1,2,79391
20473,1869,1,1,2,39696
20473,1896,1,1,-1,85415
20473,2008,1,1,1,1545
20474,57,116,177,0,700000
20474,216,1,1,1,253
20474,736,1,1,2,11403
20474,1792,1,1,-1,17030
20474,1799,1,1,-1,343131
20474,1866,1,1,-1,154409
20474,1867,1,1,2,30407
20474,1869,1,1,2,22806
20474,1870,1,1,2,22806
20474,1871,1,1,2,22806
20474,1872,1,1,2,30407
20474,2009,1,1,1,2427
20475,57,19,29,0,700000
20475,253,1,1,1,10394
20475,426,1,1,-1,52525
20475,1786,1,1,-1,30885
20475,1786,1,1,2,10644
20475,1868,1,1,2,26609
20475,1873,1,1,-1,15442
20475,1873,1,1,2,5322
20476,2,1,1,1,52
20476,57,118,183,0,700000
20476,120,1,1,1,52
20476,121,1,1,1,52
20476,945,1,1,-1,13812
20476,1800,1,1,2,11034
20476,1866,1,1,-1,158377
20476,1868,1,1,2,70174
20476,1873,1,1,2,14035
20476,2012,1,1,1,732
20476,5273,1,1,2,1404
20476,5549,1,1,-1,23757
20477,12,1,1,1,364
20477,57,41,58,0,700000
20477,215,1,1,1,364
20477,906,1,1,-1,14254
20477,1060,1,1,-1,171046
20477,1796,1,1,2,14300
20477,1833,1,1,2,30315
20477,1866,1,1,2,7579
20477,1871,1,1,2,11369
20477,1872,1,1,-1,102628
20478,57,132,212,0,700000
20478,217,1,1,1,118
20478,218,1,1,1,118
20478,735,1,1,-1,22557
20478,735,1,1,2,2221
20478,1801,1,1,-1,136366
20478,1817,1,1,2,5331
20478,1831,1,1,2,71073
20478,1864,1,1,2,53305
20478,1869,1,1,2,26653
20478,1897,1,1,-1,64449
20478,6037,1,1,2,53305
20479,9,1,1,1,171
20479,57,118,179,0,700000
20479,154,1,1,1,171
20479,1792,1,1,-1,17199
20479,1792,1,1,2,2541
20479,1793,1,1,-1,17199
20479,1833,1,1,2,92124
20479,1867,1,1,2,46062
20479,1872,1,1,2,46062
20479,1922,1,1,-1,59670
20479,2008,1,1,1,1793
20480,22,1,1,1,4337
20480,29,1,1,1,6934
20480,57,96,130,0,700000
20480,1789,1,1,2,6494
20480,1864,1,3,-1,356778
20480,1864,1,1,2,70258
20480,1869,1,1,2,35129
20480,2005,1,1,-1,12742
20480,2007,1,1,-1,12742
20481,17,10,30,2,20574
20481,57,8,12,0,700000
20481,426,1,1,1,11197
20481,462,1,1,1,17890
20481,1786,1,1,-1,12736
20481,1786,1,1,2,3292
20481,1788,1,1,-1,12736
20481,1868,1,1,-1,31839
20481,1868,1,1,2,8230
20481,1873,1,1,2,1646
20483,57,120,192,0,700000
20483,845,1,1,1,816
20483,877,1,1,1,1225
20483,908,1,1,1,610
20483,1833,1,1,-1,654568
20483,1864,1,1,2,41433
20483,1865,1,1,2,20716
20483,1866,1,1,2,13811
20483,1868,1,2,-1,490926
20483,1868,1,1,2,41433
20483,1873,1,1,2,8287
20483,1897,1,1,1,8632
20483,2139,1,1,2,4144
20483,5268,1,1,2,829
20487,57,98,153,0,700000
20487,217,1,1,1,86
20487,218,1,1,1,86
20487,1060,1,1,-1,439936
20487,1800,1,1,2,12260
20487,1865,1,1,2,38986
20487,1870,1,1,2,38986
20487,1897,1,1,-1,47136
20487,2136,1,1,-1,58227
20488,57,100,161,0,700000
20488,256,1,1,1,178
20488,412,1,1,-1,3229
20488,734,1,1,-1,34178
20488,1800,1,1,-1,64486
20488,1864,1,1,2,80765
20488,1869,1,1,2,40383
20488,2140,1,1,2,8077
20489,57,98,149,0,700000
20489,429,1,1,1,724
20489,464,1,1,1,1159
20489,1060,1,1,-1,433160
20489,1793,1,1,2,2823
20489,1868,1,1,2,76770
20489,1872,1,2,-1,259896
20489,1873,1,1,2,15354
20489,1896,1,1,-1,82594
20489,1922,1,1,1,7345
20489,1923,1,1,1,11799
20491,37,1,1,1,2926
20491,49,1,1,1,2926
20491,57,99,150,0,700000
20491,876,1,1,-1,16827
20491,1794,1,1,-1,14476
20491,1794,1,1,2,2851
20491,1803,1,1,-1,165438
20491,1866,1,1,2,25846
20491,1871,1,1,2,38769
20491,1921,1,1,1,25013
20492,25,1,1,-1,1492
20492,27,1,1,1,190
20492,33,1,1,1,305
20492,57,108,193,0,700000
20492,1865,1,2,-1,237307
20492,1865,1,1,2,28039
20492,1870,1,1,2,28039
20492,1879,1,1,-1,39551
20492,1879,1,1,2,4674
20492,1927,1,1,1,2796
20492,1929,1,1,1,4523
20492,5278,1,1,2,1122
20492,5437,1,1,2,686
20494,57,275,507,0,700000
20494,257,1,1,1,300
20494,735,1,1,2,6096
20494,1804,1,1,-1,24762
20494,1866,1,1,2,48763
20494,1871,1,1,2,73144
20494,1881,1,1,-1,82540
20494,2179,1,1,-1,296197
20494,2258,1,1,2,1789
20494,5268,1,1,2,2926
20495,57,476,952,0,700000
20495,69,1,1,1,32
20495,125,1,1,1,32
20495,126,1,1,1,32
20495,128,1,1,1,32
20495,955,1,1,2,1044
20495,1875,1,1,2,5208
20495,1879,1,1,2,11111
20495,1885,1,1,2,4525
20495,1900,1,1,-1,102868
20495,1936,1,1,-1,76940
20495,2021,1,1,1,1298
20495,2267,1,1,-1,9723
20495,2274,1,1,2,408
20495,2975,1,1,2,10101
20495,5549,1,1,2,6944
20495,5550,1,1,2,1044
20495,6667,1,1,2,43478
20496,57,389,743,0,700000
20496,274,1,1,1,204
20496,465,1,1,-1,3807
20496,1876,1,1,2,19231
20496,1877,1,1,2,6410
20496,1880,1,1,2,1282
20496,1881,1,1,2,7692
20496,1882,1,1,2,11494
20496,1885,1,1,-1,62016
20496,2152,1,1,-1,131020
20496,2260,1,1,2,3846
20496,6666,1,1,2,52632
20497,57,396,772,0,700000
20497,391,1,1,1,688
20497,413,1,1,1,1102
20497,1874,1,1,2,7299
20497,1878,1,1,2,34483
20497,1884,1,1,2,58824
20497,1889,1,1,2,6098
20497,1899,1,2,-1,119855
20497,2018,1,1,-1,10194
20497,2259,1,1,-1,11911
20497,2261,1,1,2,1828
20497,5220,1,1,2,1220
20498,45,1,1,1,856
20498,57,371,713,0,700000
20498,626,1,1,1,1223
20498,1875,1,1,2,3937
20498,1879,1,1,2,13333
20498,1885,1,1,-1,59620
20498,1885,1,1,2,4739
20498,1932,1,1,1,21245
20498,2261,1,1,2,1577
20498,2262,1,1,-1,11109
20498,3953,1,1,-1,28617
20498,5549,1,1,2,5525
20498,5550,1,1,2,789
20499,40,1,1,1,921
20499,57,358,682,0,700000
20499,604,1,1,1,921
20499,1870,1,2,-1,685215
20499,1876,1,1,2,9174
20499,1877,1,1,2,3279
20499,1880,1,1,-1,68521
20499,1880,1,1,2,6536
20499,1881,1,1,2,11765
20499,1882,1,1,2,16393
20499,1931,1,1,1,12568
20499,1934,1,1,1,12568
20499,2017,1,1,-1,9106
20499,2182,1,1,2,5882
20500,57,344,643,0,700000
20500,847,1,1,1,679
20500,890,1,1,1,1015
20500,910,1,1,1,509
20500,1867,1,3,-1,867354
20500,1874,1,1,2,5025
20500,1878,1,1,2,41667
20500,1899,1,1,1,14262
20500,1931,1,1,-1,85035
20500,1932,1,1,-1,103256
20500,2262,1,1,2,4016
20500,5220,1,1,2,5025
20501,57,400,793,0,700000
20501,433,1,1,1,108
20501,434,1,1,1,108
20501,435,1,1,1,108
20501,466,1,1,1,173
20501,467,1,1,1,173
20501,468,1,1,1,173
20501,1870,1,2,-1,787074
20501,1875,1,1,2,5917
20501,1879,1,1,2,15385
20501,1885,1,1,2,5917
20501,1933,1,1,-1,92597
20501,1933,1,1,1,6326
20501,1936,1,1,1,4400
20501,2153,1,1,-1,122407
20501,2264,1,1,2,538
20501,2274,1,1,2,806
20501,5549,1,1,2,6452
20501,5550,1,1,2,1075
20502,23,1,1,1,1158
20502,30,1,1,1,1854
20502,57,118,179,0,700000
20502,1798,1,1,2,45159
20502,1868,1,1,2,92123
20502,1871,1,2,-1,233906
20502,1873,1,1,2,18425
20502,1896,1,1,-1,99113
20502,1923,1,1,-1,95863
20502,2386,1,1,1,1854
20504,20,1,1,1,4026
20504,43,1,1,1,2813
20504,57,97,143,0,700000
20504,1792,1,1,-1,13930
20504,1792,1,1,2,2744
20504,1865,1,1,2,37307
20504,1870,1,1,2,37307
20504,1921,1,1,-1,122225
20504,2010,1,1,-1,7372
20505,57,125,217,0,700000
20505,217,1,1,1,118
20505,218,1,1,1,118
20505,734,1,1,-1,45036
20505,1800,1,1,-1,84973
20505,1817,1,1,2,6386
20505,1864,1,1,2,63854
20505,1869,1,1,-1,270215
20505,1869,1,1,2,31927
20505,1878,1,1,2,12771
20505,5273,1,1,2,1278
20506,24,1,1,1,359
20506,31,1,1,1,573
20506,57,120,193,0,700000
20506,390,1,1,1,359
20506,412,1,1,1,573
20506,1864,1,2,-1,492156
20506,1864,1,1,2,72688
20506,1869,1,1,2,36344
20506,1924,1,1,-1,79380
20506,2141,1,1,2,7269
20506,2150,1,1,-1,115530
20506,5273,1,1,2,1454
20507,57,132,236,0,700000
20507,273,1,1,1,71
20507,1804,1,1,2,1373
20507,1864,1,1,2,68639
20507,1866,1,1,-1,193642
20507,1869,1,1,2,34320
20507,1878,1,1,2,13728
20507,1898,1,1,-1,29837
20507,2016,1,1,1,1006
20507,3032,1,1,-1,11619
20507,5273,1,1,2,1373
20508,57,122,197,0,700000
20508,1101,1,1,1,731
20508,1104,1,1,1,1168
20508,1800,1,1,-1,78931
20508,1866,1,2,-1,167333
20508,1867,1,1,2,65904
20508,1872,1,1,2,65904
20508,2142,1,1,2,9886
20509,17,10,30,2,109915
20509,57,80,108,0,700000
20509,428,1,1,1,1810
20509,463,1,1,1,2893
20509,1060,1,1,-1,330759
20509,1100,1,1,1,1810
20509,1103,1,1,1,2893
20509,1129,1,1,-1,49042
20509,1864,1,1,2,43966
20509,1869,1,1,2,21983
20509,2005,1,1,-1,10632
20509,2136,1,1,2,6466
20510,23,1,1,1,1025
20510,30,1,1,1,1641
20510,57,110,152,0,700000
20510,1792,1,1,-1,15222
20510,1792,1,1,2,2998
20510,1798,1,1,-1,202966
20510,1868,1,1,2,81537
20510,1873,1,1,2,16308
20510,1923,1,1,-1,84846
20510,2386,1,1,1,1641
20511,57,115,195,0,700000
20511,176,1,1,1,107
20511,734,1,1,-1,40780
20511,735,1,1,2,1721
20511,1800,1,1,2,6494
20511,1867,1,1,2,27534
20511,1869,1,1,2,20650
20511,1870,1,1,2,20650
20511,1871,1,1,2,20650
20511,1872,1,1,2,27534
20511,1897,1,1,-1,58257
20511,2144,1,1,-1,48936
20511,2501,1,1,1,107
20514,20,1,1,1,4923
20514,43,1,1,1,3438
20514,57,116,177,0,700000
20514,734,1,1,2,5702
20514,1799,1,1,2,50678
20514,1865,1,1,2,34208
20514,1870,1,2,-1,231613
20514,1870,1,1,2,34208
20514,1872,1,3,-1,308818
20515,15,1,1,1,104
20515,57,118,183,0,700000
20515,735,1,1,-1,19797
20515,1801,1,1,2,17676
20515,1865,1,2,-1,237565
20515,1865,1,1,2,35087
20515,1870,1,1,2,35087
20515,2011,1,1,1,1601
20515,2013,1,1,-1,5127
20515,5158,1,1,2,1404
20517,57,95,131,0,700000
20517,271,1,1,1,388
20517,1793,1,1,2,1931
20517,1831,1,1,-1,473949
20517,1833,1,1,2,69999
20517,1864,1,1,2,52499
20517,1869,1,1,-1,177731
20517,1869,1,1,2,26250
20517,1921,1,1,-1,114665
20518,57,97,137,0,700000
20518,271,1,1,1,403
20518,1799,1,1,2,53872
20518,1831,1,1,-1,492420
20518,1864,1,1,-1,369315
20518,1865,1,1,2,36364
20518,1866,1,1,-1,123105
20518,1870,1,1,2,36364
20521,9,1,1,1,183
20521,57,128,189,0,700000
20521,154,1,1,1,183
20521,734,1,1,2,6168
20521,1793,1,1,2,2722
20521,1866,1,1,2,24671
20521,1871,1,1,2,37007
20521,1896,1,1,-1,106171
20521,1897,1,1,-1,59658
20521,2008,1,1,1,1921
20521,2143,1,1,-1,50113
20525,1,1,1,1,10394
20525,57,19,29,0,700000
20525,1060,1,1,2,22174
20525,1787,1,1,2,7983
20525,1867,1,1,-1,51475
20525,1868,1,1,2,19957
20525,1872,1,1,-1,51475
20525,1873,1,1,2,3992
20525,5549,1,1,-1,3861
20526,57,131,199,0,700000
20526,114,1,1,1,1753
20526,115,1,1,1,1753
20526,876,1,1,1,2630
20526,907,1,1,1,1315
20526,1803,1,1,2,43088
20526,1833,1,1,-1,694345
20526,1866,1,1,2,34184
20526,1871,1,1,2,51275
20526,1896,1,1,1,13036
20526,1921,1,1,-1,167987
20526,5220,1,1,-1,10415
20528,57,112,158,0,700000
20528,216,1,1,1,233
20528,1803,1,1,2,35249
20528,1833,1,1,-1,568013
20528,1865,1,1,2,41946
20528,1870,1,1,2,41946
20528,1922,1,1,-1,54338
20528,2009,1,1,1,2232
20529,35,1,1,1,22242
20529,36,1,1,1,22242
20529,48,1,1,1,22241
20529,57,8,12,0,700000
20529,1121,1,1,-1,454845
20529,1121,1,1,1,117560
20529,1786,1,1,-1,12736
20529,1788,1,1,2,4389
20529,1867,1,1,-1,21226
20529,1868,1,1,2,10973
20529,1873,1,1,2,2195
20530,57,8,12,0,700000
20530,426,1,1,1,11197
20530,462,1,1,1,17890
20530,1060,1,1,2,9144
20530,1786,1,1,2,3292
20530,1787,1,1,-1,12736
20530,1867,1,1,-1,21226
20530,1868,1,1,-1,31839
20530,1868,1,1,2,8230
20530,1873,1,1,2,1646
20531,57,8,12,0,700000
20531,426,1,1,1,11197
20531,462,1,1,1,17890
20531,1787,1,1,2,4389
20531,1788,1,1,-1,12736
20531,1868,1,1,2,10973
20531,1872,1,1,-1,21226
20531,1873,1,1,-1,6368
20531,1873,1,1,2,2195
20532,18,1,1,1,47493
20532,35,1,1,-1,96841
20532,41,1,1,1,33677
20532,57,8,13,0,700000
20532,1786,1,1,-1,14332
20532,1786,1,1,2,4940
20532,1787,1,1,-1,14332
20532,1868,1,1,2,12349
20532,1873,1,1,2,2470
20533,13,1,1,1,4823
20533,57,8,13,0,700000
20533,1060,1,1,2,10291
20533,1787,1,1,2,3705
20533,1868,1,1,2,9262
20533,1872,1,1,-1,23887
20533,1873,1,1,2,1853
20533,5549,1,1,-1,1792
20534,21,1,1,1,12601
20534,28,1,1,1,20133
20534,57,8,13,0,700000
20534,1786,1,1,-1,14332
20534,1788,1,1,2,4940
20534,1868,1,1,-1,35831
20534,1868,1,1,2,12349
20534,1873,1,1,2,2470
20535,17,10,30,2,23153
20535,21,1,1,1,12601
20535,28,1,1,1,20133
20535,36,1,1,-1,96841
20535,57,8,13,0,700000
20535,1786,1,1,2,3705
20535,1787,1,1,-1,14332
20535,1865,1,1,2,4631
20535,1867,1,1,-1,23887
20535,1870,1,1,2,4631
20536,13,1,1,1,7298
20536,18,1,1,-1,139007
20536,57,13,20,0,700000
20536,1787,1,1,2,7474
20536,1788,1,1,-1,21685
20536,1864,1,1,2,18683
20536,1869,1,1,2,9342
20536,1871,1,1,-1,27106
20537,57,13,20,0,700000
20537,308,1,1,1,7298
20537,1060,1,1,2,15569
20537,1788,1,1,-1,21685
20537,1788,1,1,2,5605
20537,1864,1,1,-1,54213
20537,1864,1,1,2,14012
20537,1867,1,1,-1,36142
20537,1869,1,1,2,7006
20538,1,1,1,1,7298
20538,57,13,20,0,700000
20538,1786,1,1,-1,21685
20538,1786,1,1,2,7474
20538,1864,1,1,2,18683
20538,1865,1,1,-1,27106
20538,1869,1,1,-1,27106
20538,1869,1,1,2,9342
20539,17,10,30,2,35031
20539,41,1,1,-1,98569
20539,57,13,20,0,700000
20539,253,1,1,1,7298
20539,1786,1,1,-1,21685
20539,1787,1,1,-1,21685
20539,1787,1,1,2,5605
20539,1864,1,1,2,14013
20539,1869,1,1,2,7007
20540,23,1,1,1,854
20540,30,1,1,1,1368
20540,57,92,127,0,700000
20540,736,1,1,2,16987
20540,1831,1,1,-1,460056
20540,1868,1,1,2,67947
20540,1873,1,1,-1,69008
20540,1873,1,1,2,13590
20540,1896,1,1,-1,73102
20540,2386,1,1,1,1368
20541,57,99,159,0,700000
20541,272,1,1,1,89
20541,734,1,1,2,2499
20541,1864,1,1,2,29987
20541,1865,1,1,2,14994
20541,1866,1,1,2,9996
20541,1868,1,1,2,29987
20541,1873,1,1,2,5998
20541,1897,1,1,-1,48342
20541,1925,1,1,-1,133138
20541,2013,1,1,1,1295
20541,2143,1,1,2,2999
20541,2173,1,1,-1,55023
20541,5158,1,1,2,600
20542,57,106,181,0,700000
20542,272,1,1,1,99
20542,734,1,1,-1,37733
20542,1801,1,1,2,13476
20542,1864,1,1,2,53500
20542,1869,1,1,-1,226397
20542,1869,1,1,2,26750
20542,1878,1,1,-1,90559
20542,1878,1,1,2,10700
20542,2013,1,1,1,1444
20542,5158,1,1,2,1070
20543,57,105,183,0,700000
20543,309,1,1,1,99
20543,310,1,1,1,99
20543,908,1,1,-1,3822
20543,1867,1,1,2,35826
20543,1872,1,1,2,35826
20543,1882,1,1,-1,50535
20543,1882,1,1,2,5971
20543,2139,1,1,2,5374
20543,2252,1,1,-1,9320
20543,6037,1,1,2,53739
20544,21,1,1,1,19065
20544,28,1,1,1,30461
20544,57,13,20,0,700000
20544,1788,1,1,-1,21685
20544,1788,1,1,2,7474
20544,1864,1,1,2,18683
20544,1869,1,1,2,9342
20544,1870,1,1,-1,27106
20544,1872,1,1,-1,36142
20545,17,10,30,2,16459
20545,18,1,1,1,42201
20545,21,1,1,-1,21659
20545,41,1,1,1,29925
20545,57,8,12,0,700000
20545,1786,1,1,-1,12736
20545,1788,1,1,2,2634
20545,1868,1,1,2,6584
20545,1873,1,1,-1,6368
20545,1873,1,1,2,1317
20545,6037,1,1,2,6584
20546,57,288,574,0,700000
20546,849,1,1,1,235
20546,880,1,1,1,353
20546,912,1,1,1,177
20546,1876,1,1,2,10989
20546,1877,1,1,-1,22714
20546,1877,1,1,2,500
20546,1880,1,1,2,4000
20546,1881,1,1,2,3003
20546,1882,1,1,2,10989
20546,1901,1,1,1,10426
20546,2274,1,1,2,270
20546,2276,1,1,2,270
20546,2279,1,1,-1,4056
20546,2976,1,1,2,6494
20546,2979,1,1,-1,76017
20547,39,1,1,1,1009
20547,51,1,1,1,1009
20547,57,144,255,0,700000
20547,734,1,1,2,6206
20547,1804,1,1,-1,12605
20547,1865,1,1,2,37233
20547,1870,1,1,2,37233
20547,1898,1,1,-1,32370
20547,1930,1,1,1,15912
20547,2151,1,1,-1,87777
20547,5163,1,1,2,1490
20547,5268,1,1,2,1490
20548,57,147,260,0,700000
20548,625,1,1,1,1472
20548,1148,1,1,1,1033
20548,1804,1,1,-1,12857
20548,1864,1,1,2,94944
20548,1865,1,3,-1,321422
20548,1869,1,1,2,47472
20548,1880,1,1,2,4748
20548,1930,1,1,-1,82416
20548,5268,1,1,2,1899
20549,57,596,1178,0,700000
20549,83,1,1,1,29
20549,124,1,1,1,22
20549,127,1,1,1,22
20549,130,1,1,1,22
20549,144,1,1,1,29
20549,1341,20,60,2,200000
20549,1866,1,1,2,90909
20549,1871,1,1,2,142857
20549,1877,1,1,2,3623
20549,1880,1,1,-1,116806
20549,1901,1,1,-1,161334
20549,1938,1,1,-1,78525
20549,2026,1,1,1,1246
20549,2277,1,1,2,740
20549,6667,1,1,2,66667
20550,57,327,655,0,700000
20550,393,1,1,1,76
20550,394,1,1,-1,850
20550,394,1,1,1,76
20550,415,1,1,1,121
20550,416,1,1,1,121
20550,1868,1,1,2,111111
20550,1873,1,1,2,22222
20550,1889,1,1,2,4238
20550,1938,1,1,1,3849
20550,1939,1,1,1,5028
20550,2148,1,1,2,4132
20550,2154,1,1,-1,69153
20550,2272,1,1,2,106
20550,2274,1,1,2,318
20550,2276,1,1,-1,4614
20550,5549,1,1,2,5525
20551,57,332,662,0,700000
20551,850,1,1,1,121
20551,881,1,1,1,181
20551,913,1,1,1,91
20551,1867,1,1,2,71429
20551,1872,1,1,2,76923
20551,1874,1,1,-1,43592
20551,1875,1,1,2,3676
20551,1881,1,1,2,6711
20551,1902,1,1,-1,66249
20551,1902,1,1,1,5708
20551,1903,1,1,1,9398
20551,1904,1,1,1,5258
20551,2034,1,1,-1,6909
20551,2145,1,1,2,3236
20551,2287,1,1,2,335
20551,2288,1,1,2,223
20552,57,714,1424,0,700000
20552,129,1,1,1,52
20552,1825,1,1,-1,100458
20552,1864,1,3,2,142857
20552,1869,1,1,2,142857
20552,1878,1,1,2,55556
20552,1884,1,1,2,90909
20552,1902,1,1,-1,142493
20552,1903,1,2,-1,234596
20552,2034,1,1,1,3842
20552,2208,1,1,2,15152
20552,2285,1,1,2,971
20553,57,368,733,0,700000
20553,318,1,1,1,27
20553,1865,1,2,-1,724776
20553,1865,1,1,2,76923
20553,1870,1,1,2,71429
20553,1875,1,1,2,5814
20553,1879,1,1,2,13158
20553,1904,1,1,-1,67641
20553,2042,1,1,1,1732
20553,2145,1,1,-1,51770
20553,2208,1,1,2,6849
20553,2285,1,1,2,558
20554,57,425,848,0,700000
20554,224,1,1,1,16
20554,1660,1,1,1,16
20554,1864,1,1,2,142857
20554,1869,1,1,2,71429
20554,1880,1,1,2,6329
20554,1902,1,1,-1,85565
20554,1941,1,1,-1,33586
20554,2038,1,1,1,1154
20554,2044,1,1,1,1154
20554,2146,1,1,-1,60324
20554,2208,1,1,2,7874
20554,5473,1,1,2,4739
20554,5550,1,1,2,1520
20554,6036,1,1,2,2283
20555,57,383,764,0,700000
20555,395,1,1,1,88
20555,417,1,1,1,141
20555,1864,1,1,2,166667
20555,1869,1,1,2,76923
20555,1878,1,2,-1,304091
20555,1880,1,1,2,7407
20555,1903,1,1,-1,126810
20555,1942,1,1,1,5011
20555,1943,1,1,1,7803
20555,2208,1,1,2,8197
20555,2296,1,1,-1,4223
20555,5473,1,1,2,4098
20555,5550,1,1,2,1279
20556,57,394,778,0,700000
20556,438,1,1,1,94
20556,1865,1,1,2,76923
20556,1870,1,1,2,76923
20556,1874,1,1,-1,53220
20556,1874,1,1,2,6211
20556,1953,1,1,1,6421
20556,1957,1,1,-1,89096
20556,2160,1,1,2,4348
20556,2205,1,1,2,2070
20556,2305,1,1,-1,3486
20556,5154,1,1,2,207
20557,57,414,837,0,700000
20557,297,1,1,1,24
20557,1866,1,1,2,40000
20557,1871,1,1,2,71429
20557,1877,1,1,2,2062
20557,2055,1,1,-1,6984
20557,2055,1,1,1,1754
20557,2297,1,1,2,206
20557,2994,1,1,2,5348
20557,3954,1,1,-1,2816
20557,4469,1,1,-1,4827
20557,5154,1,1,2,412
20557,6668,1,1,2,26316
20558,57,421,853,0,700000
20558,851,1,1,1,121
20558,882,1,1,1,180
20558,914,1,1,1,90
20558,1342,10,30,2,142857
20558,1875,1,1,2,4808
20558,1879,1,1,2,12048
20558,1885,1,1,2,3215
20558,1905,1,1,-1,84475
20558,1905,1,1,1,7070
20558,1906,1,1,1,9990
20558,1907,1,1,1,5056
20558,2303,1,1,2,803
20558,2310,1,1,-1,3792
20558,2932,1,1,-1,96920
20558,2988,1,1,2,4016
20558,5549,1,1,2,6410
20558,5550,1,1,2,803
20559,57,493,1007,0,700000
20559,71,1,1,1,11
20559,72,1,1,1,11
20559,1873,1,1,-1,408624
20559,1895,1,1,2,34487
20559,2059,1,1,1,897
20559,2060,1,1,1,959
20559,2163,1,1,-1,52120
20559,2164,1,1,-1,78582
20559,2164,1,1,2,9285
20559,2219,1,1,2,7497
20559,5154,1,1,2,403
20559,8723,1,1,200,902
20559,8733,1,1,200,451
20560,57,462,935,0,700000
20560,852,1,1,1,97
20560,883,1,1,1,146
20560,915,1,1,1,73
20560,1864,1,1,2,83333
20560,1865,1,1,2,43478
20560,1866,1,1,2,22222
20560,1868,1,1,2,83333
20560,1873,1,1,2,15625
20560,1908,1,1,-1,90114
20560,1908,1,1,1,7098
20560,1909,1,1,1,10122
20560,1910,1,1,1,5644
20560,2165,1,1,-1,36460
20560,2225,1,1,2,680
20560,2320,1,1,-1,3316
20560,2321,1,1,2,175
20560,2323,1,1,2,175
20560,3003,1,1,2,2717
20560,8723,1,1,200,2041
20560,8733,1,1,200,280
20561,57,543,1111,0,700000
20561,96,1,1,1,8
20561,298,1,1,1,8
20561,302,1,1,1,8
20561,1832,1,1,2,58824
20561,1866,1,1,2,34483
20561,1871,1,1,2,50000
20561,1880,1,1,-1,112699
20561,1885,1,1,2,5952
20561,2062,1,1,1,697
20561,2075,1,1,1,697
20561,2076,1,1,1,697
20561,2164,1,1,-1,86691
20561,2940,1,1,-1,101302
20561,4041,1,1,2,1052
20561,5220,1,1,2,1751
20561,6037,1,1,2,111111
20561,6668,1,1,2,13333
20561,8723,1,1,200,1403
20561,8733,1,1,200,701
20562,57,525,1069,0,700000
20562,440,1,1,-1,307
20562,853,1,1,1,82
20562,884,1,1,1,124
20562,916,1,1,1,62
20562,1342,10,30,2,83333
20562,1864,1,1,2,90909
20562,1867,1,3,-1,723243
20562,1869,1,1,2,38462
20562,1880,1,1,2,2924
20562,1911,1,1,1,5960
20562,1912,1,1,1,8635
20562,1913,1,1,1,4873
20562,2166,1,1,2,1462
20562,2226,1,1,2,2439
20562,2230,1,1,2,975
20562,2346,1,1,-1,2523
20562,4043,1,1,2,1949
20562,5550,1,1,2,713
20562,8724,1,1,200,3906
20562,8734,1,1,200,186
20563,57,355,909,0,700000
20563,606,1,1,1,79
20563,1124,1,1,1,79
20563,1825,1,1,-1,64619
20563,1864,1,5,-1,904670
20563,1865,1,1,2,90909
20563,1870,1,1,2,90909
20563,1874,1,1,2,7634
20563,1941,1,1,-1,35978
20563,1946,1,1,1,3951
20563,1948,1,1,1,3951
20563,2160,1,1,2,5714
20563,2205,1,1,2,3077
20563,2424,1,1,1,79
20563,2425,1,1,1,79
20563,2426,1,1,1,79
20563,2448,1,1,1,79
20563,2449,1,1,1,79
20563,2450,1,1,1,79
20563,2923,1,1,1,3951
20563,2924,1,1,1,3951
20563,2925,1,1,1,3951
20563,2926,1,1,1,3951
20563,2927,1,1,1,3951
20563,2928,1,1,1,3951
20563,5154,1,1,2,293
20564,57,402,804,0,700000
20564,630,1,1,1,133
20564,1864,1,5,-1,814270
20564,1866,1,1,2,45455
20564,1871,1,1,2,76923
20564,1877,1,1,2,2688
20564,1885,1,1,-1,67856
20564,1956,1,1,1,7736
20564,2297,1,1,2,518
20564,2306,1,1,-1,3556
20564,2412,1,1,1,93
20564,2494,1,1,1,133
20564,2930,1,1,1,5494
20564,2934,1,1,1,7736
20564,2994,1,1,2,5291
20564,5154,1,1,2,94
20564,6668,1,1,2,26316
20565,57,461,932,0,700000
20565,262,1,1,1,27
20565,1865,1,3,-1,940260
20565,1875,1,1,2,5025
20565,1879,1,1,2,13158
20565,1885,1,1,2,6944
20565,2053,1,1,1,1952
20565,2303,1,1,2,2096
20565,2988,1,1,2,2994
20565,3954,1,1,-1,3134
20565,4470,1,1,-1,5373
20565,5549,1,1,2,7752
20565,5550,1,1,2,1247
20566,57,477,970,0,700000
20566,630,1,1,1,161
20566,1895,1,1,2,22222
20566,1905,1,1,-1,95916
20566,1956,1,1,1,9368
20566,2164,1,1,2,5208
20566,2219,1,1,2,6452
20566,2412,1,1,1,113
20566,2494,1,1,1,161
20566,2930,1,1,1,6653
20566,2934,1,1,1,9368
20566,2995,1,1,-1,78255
20566,3000,1,1,-1,63206
20566,5154,1,1,2,289
20566,8723,1,1,200,4329
20566,8733,1,1,200,347
20567,57,526,1078,0,700000
20567,263,1,1,1,23
20567,1864,1,1,2,83333
20567,1865,1,1,2,47619
20567,1866,1,1,2,35714
20567,1868,1,1,2,100000
20567,1873,1,1,2,12821
20567,2061,1,1,-1,8442
20567,2073,1,1,1,1995
20567,2165,1,1,-1,41845
20567,2225,1,1,2,1247
20567,2321,1,1,2,416
20567,3003,1,1,2,3745
20567,3004,1,1,-1,67836
20567,8723,1,1,200,2494
20567,8733,1,1,200,1247
20568,57,465,945,0,700000
20568,89,1,1,1,3
20568,160,1,1,1,3
20568,161,1,1,1,3
20568,173,1,1,1,3
20568,191,1,1,1,3
20568,192,1,1,1,3
20568,193,1,1,1,3
20568,194,1,1,1,3
20568,1864,1,1,2,83333
20568,1865,1,1,2,416672
20568,1866,1,1,2,31250
20568,1868,1,1,2,83333
20568,1873,1,1,2,17241
20568,1884,1,2,-1,591456
20568,1908,1,1,-1,91015
20568,1961,1,1,-1,30756
20568,2061,1,1,1,220
20568,2063,1,1,1,220
20568,2064,1,1,1,220
20568,2065,1,1,1,220
20568,2066,1,1,1,223
20568,2067,1,1,1,205
20568,2068,1,1,1,205
20568,2069,1,1,1,223
20568,2321,1,1,2,303
20568,2324,1,1,2,182
20568,8723,1,1,200,1149
20568,8733,1,1,200,424
20568,8743,1,1,200,61
20569,57,504,1030,0,700000
20569,631,1,1,1,124
20569,1865,1,1,2,45455
20569,1870,1,1,2,47619
20569,1875,1,1,2,3106
20569,1879,1,1,2,8065
20569,1961,1,1,-1,33428
20569,1964,1,1,1,6650
20569,2213,1,1,-1,16221
20569,2220,1,1,2,969
20569,2230,1,1,2,1325
20569,2413,1,1,1,88
20569,2495,1,1,1,124
20569,2508,1,1,2,40000
20569,2936,1,1,1,6040
20569,2945,1,1,1,6650
20569,3001,1,1,-1,64883
20569,4040,1,1,2,743
20569,8723,1,1,200,1938
20569,8733,1,1,200,452
20569,8743,1,1,200,32
20570,57,506,1033,0,700000
20570,355,1,1,1,37
20570,382,1,1,1,58
20570,1866,1,1,2,30303
20570,1871,1,1,2,43478
20570,1885,1,1,2,3937
20570,1911,1,1,-1,77930
20570,1968,1,1,1,2797
20570,1969,1,1,1,4436
20570,2167,1,1,2,2681
20570,2216,1,1,-1,43296
20570,2343,1,1,2,149
20570,3008,1,1,-1,38101
20570,4041,1,1,2,239
20570,5220,1,1,2,1701
20570,8724,1,1,200,1401
20570,8734,1,1,200,358
20570,8744,1,1,200,23
20571,57,599,1219,0,700000
20571,73,1,1,1,5
20571,74,1,1,1,5
20571,131,1,1,1,5
20571,133,1,1,1,5
20571,951,1,1,-1,2251
20571,1866,1,1,2,32258
20571,1871,1,1,2,55556
20571,1885,1,1,2,4202
20571,2077,1,1,1,456
20571,2078,1,1,1,456
20571,2080,1,1,1,456
20571,2081,1,1,1,456
20571,2335,1,1,-1,2880
20571,2336,1,1,2,47
20571,2351,1,1,2,94
20571,2508,1,1,2,43478
20571,2968,1,1,-1,8355
20571,4041,1,1,2,283
20571,5220,1,1,2,2358
20571,6668,1,1,2,20408
20571,8724,1,1,200,2075
20571,8734,1,1,200,519
20572,57,656,1338,0,700000
20572,94,1,1,1,21
20572,1342,10,30,2,111111
20572,1867,1,1,2,76923
20572,1872,1,1,2,76923
20572,1882,1,1,2,11628
20572,1894,1,1,-1,47642
20572,1894,1,1,2,2160
20572,2079,1,1,1,2068
20572,2224,1,1,2,1080
20572,2508,1,1,2,55556
20572,2950,1,1,-1,114196
20572,3009,1,1,2,1698
20572,4042,1,1,2,463
20572,4125,1,1,-1,60346
20572,8724,1,1,200,2160
20572,8734,1,1,200,309
20572,8744,1,1,200,154
20573,57,472,959,0,700000
20573,64,1,1,1,100
20573,608,1,1,1,100
20573,1342,10,30,2,76923
20573,1868,1,1,2,76923
20573,1873,1,1,2,13889
20573,1889,1,1,2,2703
20573,1981,1,1,1,7163
20573,2119,1,1,-1,5367
20573,2231,1,1,2,239
20573,2956,1,1,1,7163
20573,3014,1,1,2,995
20573,3019,1,1,2,1074
20573,4044,1,1,2,1393
20573,4122,1,1,-1,52347
20573,5549,1,1,-1,117780
20573,5549,1,1,2,3984
20573,8725,1,1,200,835
20573,8735,1,1,200,438
20573,8745,1,1,200,40
20574,57,497,1009,0,700000
20574,75,1,1,1,3
20574,76,1,1,1,3
20574,77,1,1,1,3
20574,84,1,1,1,3
20574,134,1,1,1,3
20574,145,1,1,1,3
20574,1539,1,2,-1,278165
20574,1539,1,1,2,8403
20574,1864,1,1,2,76923
20574,1867,1,3,-1,834496
20574,1869,1,1,2,41667
20574,1880,1,1,2,4831
20574,2089,1,1,1,236
20574,2090,1,1,1,236
20574,2091,1,1,1,236
20574,2092,1,1,1,236
20574,2095,1,1,1,236
20574,2096,1,1,1,236
20574,4043,1,1,2,1637
20574,4122,1,1,2,1473
20574,4123,1,1,2,1603
20574,4601,1,1,-1,2782
20574,4609,1,1,2,33
20574,5550,1,1,2,556
20574,8725,1,1,200,1342
20574,8735,1,1,200,294
20574,8745,1,1,200,33
20574,8755,1,1,200,33
20575,57,558,1137,0,700000
20575,135,1,1,1,5
20575,1806,1,1,-1,2791
20575,1865,1,1,2,40000
20575,1870,1,3,-1,697860
20575,1870,1,1,2,40000
20575,1874,1,1,2,2747
20575,2115,1,1,1,591
20575,4039,1,1,2,1325
20575,4043,1,1,2,1385
20575,4145,1,1,2,207
20575,4180,1,1,2,4975
20575,4184,1,1,2,62
20575,4598,1,1,-1,4652
20575,5165,1,1,2,62
20575,5286,1,1,1,5
20575,5530,1,1,1,592
20575,8726,1,1,200,703
20575,8736,1,1,200,372
20575,8746,1,1,200,83
20576,57,1121,2284,0,700000
20576,119,1,1,1,64
20576,855,1,1,1,85
20576,886,1,1,1,127
20576,1865,1,1,2,76923
20576,1870,1,1,2,83333
20576,1875,1,1,2,5405
20576,1879,1,1,2,13699
20576,1918,1,1,1,7730
20576,1920,1,1,1,6107
20576,2119,1,1,-1,13217
20576,2917,1,1,1,10252
20576,4040,1,1,2,1567
20576,4145,1,1,-1,12722
20576,4178,1,1,2,1506
20576,4187,1,1,2,20
20576,4591,1,1,-1,9669
20576,5155,1,1,2,159
20576,5275,1,1,2,99
20576,8726,1,1,200,1696
20576,8736,1,1,200,377
20576,8746,1,1,200,159
20577,57,298,594,0,700000
20577,351,1,1,-1,580
20577,849,1,1,1,244
20577,880,1,1,1,366
20577,912,1,1,1,183
20577,1867,1,1,2,66667
20577,1872,1,1,2,71428
20577,1875,1,1,2,1916
20577,1881,1,1,2,7246
20577,1901,1,1,1,10800
20577,2030,1,1,-1,6880
20577,2154,1,1,-1,62979
20577,2154,1,1,2,5952
20577,2270,1,1,2,320
20577,2274,1,1,2,320
20578,57,324,649,0,700000
20578,278,1,1,1,36
20578,1868,1,1,2,125000
20578,1873,1,1,2,31250
20578,1882,1,1,-1,142151
20578,1889,1,1,2,2924
20578,1901,1,1,-1,88354
20578,1939,1,1,-1,56186
20578,2029,1,1,1,2029
20578,2273,1,1,2,268
20578,5549,1,1,2,7463
20578,6037,1,1,2,125000
20579,57,338,675,0,700000
20579,606,1,1,1,58
20579,1124,1,1,1,58
20579,1868,1,1,2,125000
20579,1873,1,1,2,26316
20579,1889,1,1,-1,44463
20579,1889,1,1,2,1259
20579,1943,1,1,-1,52975
20579,1946,1,1,-1,90129
20579,1946,1,1,1,2913
20579,1948,1,1,1,2913
20579,2146,1,1,2,7194
20579,2286,1,1,2,180
20579,2424,1,1,1,58
20579,2425,1,1,1,58
20579,2426,1,1,1,58
20579,2448,1,1,1,58
20579,2449,1,1,1,58
20579,2450,1,1,1,58
20579,2923,1,1,1,2913
20579,2924,1,1,1,2913
20579,2925,1,1,1,2913
20579,2926,1,1,1,2913
20579,2927,1,1,1,2913
20579,2928,1,1,1,2913
20579,5549,1,1,2,4505
20579,6668,1,1,2,18868
20580,57,649,1245,0,700000
20580,395,1,1,1,148
20580,417,1,1,1,237
20580,1868,1,7,-1,853135
20580,1868,1,1,2,250000
20580,1873,1,1,2,50000
20580,1881,1,1,-1,170627
20580,1889,1,1,2,9259
20580,1942,1,1,1,8435
20580,1943,1,1,1,13135
20580,2031,1,1,-1,12954
20580,2194,1,1,2,12987
20580,2288,1,1,2,402
20580,5549,1,1,2,13333
20581,57,368,733,0,700000
20581,279,1,1,1,27
20581,1341,10,30,2,166667
20581,1875,1,1,2,2890
20581,1879,1,1,2,7092
20581,1885,1,1,2,3534
20581,1902,1,1,-1,73432
20581,2036,1,1,-1,7337
20581,2040,1,1,1,2168
20581,2198,1,1,2,1608
20581,2202,1,1,-1,74108
20581,2287,1,1,2,964
20581,2293,1,1,2,232
20581,5549,1,1,2,6098
20581,5550,1,1,2,322
20582,57,728,1449,0,700000
20582,629,1,1,1,317
20582,1341,20,60,2,200000
20582,1825,1,1,-1,103022
20582,1864,1,3,2,83333
20582,1869,1,1,2,125000
20582,1880,1,1,2,11364
20582,1894,1,1,-1,50607
20582,1942,1,1,-1,73568
20582,1947,1,1,1,17893
20582,2411,1,1,1,222
20582,2493,1,1,1,317
20582,2922,1,1,1,4786
20582,2929,1,1,1,17893
20582,2987,1,1,2,11364
20582,3020,1,1,2,1383
20582,5550,1,1,2,2075
20583,57,384,763,0,700000
20583,261,1,1,1,29
20583,1865,1,1,2,52632
20583,1870,1,1,2,90909
20583,1874,1,1,2,1946
20583,1903,1,1,-1,126810
20583,1944,1,1,-1,38777
20583,2039,1,1,1,1989
20583,2157,1,1,-1,62829
20583,2160,1,1,2,3891
20583,5154,1,1,2,1946
20584,57,508,1017,0,700000
20584,280,1,1,1,29
20584,1805,1,1,-1,3432
20584,1866,1,1,2,62500
20584,1871,1,1,2,90909
20584,1877,1,1,2,1443
20584,2054,1,1,1,2201
20584,2211,1,1,-1,23082
20584,2988,1,2,-1,43437
20584,2994,1,1,2,5780
20584,6668,1,1,2,29412
20585,57,498,1006,0,700000
20585,159,1,1,1,6
20585,187,1,1,1,6
20585,188,1,1,1,6
20585,189,1,1,1,6
20585,190,1,1,1,6
20585,1875,1,1,2,5263
20585,1879,1,1,2,14493
20585,1885,1,1,2,6410
20585,1905,1,1,-1,98755
20585,2048,1,1,1,422
20585,2049,1,1,1,422
20585,2050,1,1,1,447
20585,2051,1,1,1,447
20585,2058,1,1,1,422
20585,2204,1,1,-1,20103
20585,2303,1,1,2,564
20585,2308,1,1,-1,4433
20585,2988,1,1,2,3759
20585,5549,1,1,2,10752
20585,5550,1,1,2,940
20586,57,471,956,0,700000
20586,70,1,1,1,14
20586,1884,1,3,-1,599116
20586,1895,1,1,2,20833
20586,2047,1,1,1,1075
20586,2164,1,1,2,7692
20586,2219,1,1,2,5208
20586,2314,1,1,-1,4251
20586,2499,1,1,1,14
20586,2967,1,1,1,1060
20586,3954,1,1,-1,3245
20586,5154,1,1,2,743
20586,8723,1,1,200,2475
20586,8733,1,1,200,1238
20587,57,442,905,0,700000
20587,89,1,1,1,3
20587,160,1,1,1,3
20587,161,1,1,1,3
20587,173,1,1,1,3
20587,191,1,1,1,3
20587,192,1,1,1,3
20587,193,1,1,1,3
20587,194,1,1,1,3
20587,1864,1,1,2,76923
20587,1865,1,1,2,37037
20587,1866,1,1,2,27027
20587,1868,1,1,2,62500
20587,1873,1,1,2,14286
20587,1875,1,1,-1,61186
20587,1953,1,1,-1,29397
20587,2061,1,1,1,210
20587,2062,1,1,-1,7198
20587,2063,1,1,1,210
20587,2064,1,1,1,210
20587,2065,1,1,1,210
20587,2066,1,1,1,213
20587,2067,1,1,1,196
20587,2068,1,1,1,196
20587,2069,1,1,1,213
20587,2225,1,1,2,752
20587,2321,1,1,2,752
20587,2323,1,1,2,752
20587,3003,1,1,2,3012
20587,8723,1,1,200,2257
20587,8733,1,1,200,1506
20588,57,587,1184,0,700000
20588,71,1,1,1,13
20588,72,1,1,1,13
20588,1868,1,1,2,166667
20588,1873,1,1,2,25000
20588,1959,1,1,-1,48799
20588,2059,1,1,1,1060
20588,2060,1,1,1,1134
20588,2324,1,1,-1,6312
20588,3003,1,1,2,3135
20588,4044,1,1,2,1570
20588,5549,1,1,2,9434
20588,8723,1,1,200,7874
20588,8743,1,1,200,949
20589,57,875,1775,0,700000
20589,439,1,1,1,113
20589,471,1,1,1,181
20589,1868,1,1,2,125000
20589,1873,1,1,2,32258
20589,1889,1,1,2,3745
20589,1908,1,1,-1,170964
20589,1954,1,1,1,11341
20589,1961,1,1,-1,57772
20589,1962,1,1,-1,57772
20589,1962,1,1,1,6827
20589,2214,1,1,2,2247
20589,3003,1,1,2,5988
20589,4044,1,1,2,2994
20589,5549,1,1,2,4505
20589,8723,1,1,200,2247
20589,8733,1,1,200,749
20590,57,901,1840,0,700000
20590,354,1,1,1,88
20590,381,1,1,1,140
20590,1867,1,1,2,111111
20590,1872,1,1,2,100000
20590,1882,1,1,2,14085
20590,1894,1,1,2,1751
20590,1959,1,1,1,5947
20590,1960,1,1,1,12097
20590,2068,1,1,-1,13465
20590,2163,1,1,-1,95320
20590,2230,1,1,2,876
20590,2935,1,1,-1,99323
20590,8723,1,1,200,4386
20590,8733,1,1,200,312
20590,8743,1,1,200,312
20591,57,1058,2157,0,700000
20591,94,1,1,1,34
20591,951,1,1,-1,3983
20591,1867,1,1,2,125000
20591,1872,1,1,2,111111
20591,1882,1,1,2,21277
20591,1894,1,1,2,4464
20591,1911,1,1,-1,162953
20591,2079,1,1,1,3336
20591,2230,1,1,2,2237
20591,2320,1,1,2,280
20591,2947,1,1,-1,156493
20591,4042,1,1,2,1678
20591,8723,1,1,200,3356
20591,8743,1,1,200,280
20592,57,1458,2964,0,700000
20592,195,1,1,1,24
20592,1866,1,1,2,71429
20592,1871,1,1,2,111111
20592,1877,1,1,2,2326
20592,1880,1,2,-1,301213
20592,2082,1,1,1,2352
20592,2166,1,2,-1,102106
20592,2340,1,1,2,290
20592,2502,1,1,1,24
20592,2951,1,1,-1,253333
20592,2968,1,1,1,2252
20592,3006,1,1,2,4219
20592,4040,1,1,2,2326
20592,4041,1,1,2,1451
20592,8724,1,1,200,5076
20592,8734,1,1,200,436
20592,8744,1,1,200,145
20593,57,1563,3187,0,700000
20593,398,1,1,1,81
20593,399,1,1,1,75
20593,418,1,1,1,129
20593,419,1,1,1,119
20593,1866,1,1,2,100000
20593,1871,1,1,2,142857
20593,1877,1,1,2,5319
20593,1912,1,2,-1,348570
20593,1966,1,1,1,6541
20593,1967,1,1,1,9770
20593,1975,1,1,1,5884
20593,1976,1,1,1,10893
20593,2083,1,1,-1,21493
20593,2340,1,1,2,253
20593,2341,1,1,-1,7523
20593,3006,1,1,2,6579
20593,4040,1,1,2,2532
20593,4041,1,1,2,760
20593,8724,1,1,200,3802
20593,8734,1,1,200,1267
20593,8744,1,1,200,507
20594,57,1073,2178,0,700000
20594,231,1,1,1,11
20594,233,1,1,1,11
20594,1867,1,1,2,125000
20594,1871,1,5,-1,737538
20594,1872,1,1,2,100000
20594,1882,1,1,2,22727
20594,1894,1,1,2,1876
20594,1895,1,2,-1,632176
20594,1978,1,1,-1,141834
20594,2106,1,1,1,1247
20594,2107,1,1,1,1247
20594,2234,1,1,2,313
20594,2356,1,1,2,313
20594,4042,1,1,2,1876
20594,6669,1,1,2,19231
20594,8725,1,1,200,2188
20594,8735,1,1,200,626
20595,57,1117,2270,0,700000
20595,231,1,1,1,12
20595,233,1,1,1,12
20595,1865,1,1,2,111111
20595,1870,1,1,2,100000
20595,1874,1,1,2,4762
20595,1894,1,1,-1,80892
20595,2096,1,1,-1,12564
20595,2106,1,1,1,1299
20595,2107,1,1,1,1299
20595,2354,1,1,-1,3761
20595,3014,1,1,2,2519
20595,4039,1,1,2,3356
20595,4043,1,1,2,4484
20595,4125,1,1,2,4484
20595,8725,1,1,200,1681
20595,8735,1,1,200,1120
20595,8745,1,1,200,171
20596,57,1189,2403,0,700000
20596,162,1,1,1,3
20596,174,1,1,1,3
20596,196,1,1,1,3
20596,197,1,1,1,3
20596,199,1,1,1,3
20596,200,1,1,1,3
20596,201,1,1,1,3
20596,202,1,1,1,3
20596,1539,1,3,-1,543597
20596,1868,1,1,2,166667
20596,1873,1,1,2,30303
20596,1875,1,2,-1,163079
20596,1876,1,1,2,18182
20596,1895,1,1,2,22222
20596,2097,1,1,1,339
20596,2098,1,1,1,339
20596,2099,1,1,1,357
20596,2100,1,1,1,357
20596,2102,1,1,1,344
20596,2103,1,1,1,357
20596,2104,1,1,1,357
20596,2105,1,1,1,339
20596,3017,1,1,2,4545
20596,4042,1,1,2,606
20596,4608,1,1,2,303
20596,4609,1,1,-1,5436
20596,5155,1,1,2,76
20596,6669,1,1,2,19608
20596,8725,1,1,200,2653
20596,8735,1,1,200,531
20596,8745,1,1,200,76
20597,57,1974,4008,0,700000
20597,442,1,1,1,71
20597,473,1,1,1,113
20597,1865,1,1,2,142857
20597,1870,1,1,2,142857
20597,1874,1,1,2,9259
20597,1918,1,1,-1,176400
20597,1988,1,1,1,7225
20597,1989,1,1,1,11333
20597,2113,1,1,-1,19724
20597,3034,1,1,-1,8146
20597,4039,1,1,2,4878
20597,4043,1,1,2,4630
20597,4133,1,1,2,1681
20597,4941,1,1,2,588
20597,4959,1,1,2,2439
20597,8726,1,1,200,3534
20597,8736,1,1,200,588
20597,8746,1,1,200,84
20598,57,1822,3711,0,700000
20598,442,1,1,1,66
20598,473,1,1,1,104
20598,1806,1,1,-1,7537
20598,1864,1,3,2,125000
20598,1869,1,1,2,125000
20598,1878,1,1,2,58824
20598,1884,1,1,2,83333
20598,1988,1,1,1,6685
20598,1989,1,1,1,10486
20598,2120,1,1,-1,18102
20598,4039,1,1,2,5076
20598,4178,1,1,2,3115
20598,4180,1,2,-1,418716
20598,5160,1,1,2,519
20598,8726,1,1,200,3322
20598,8736,1,1,200,1142
20598,8746,1,1,200,104
20599,57,1893,3855,0,700000
20599,1864,1,3,2,142857
20599,1869,1,1,2,142857
20599,1878,1,1,2,55556
20599,1884,1,1,2,83333
20599,2120,1,1,-1,18800
20599,2436,1,1,1,76
20599,2437,1,1,1,58
20599,2438,1,1,1,58
20599,2460,1,1,1,76
20599,2461,1,1,1,58
20599,2462,1,1,1,58
20599,2463,1,1,1,58
20599,2954,1,1,1,6534
20599,2955,1,1,1,6534
20599,2960,1,1,1,5622
20599,2961,1,1,1,5622
20599,2962,1,1,1,5622
20599,2963,1,1,1,5622
20599,2964,1,1,1,5622
20599,4039,1,1,2,3731
20599,4146,1,1,-1,25088
20599,4178,1,1,2,2755
20599,4184,1,1,2,98
20599,4590,1,1,-1,13046
20599,5160,1,1,2,295
20599,8726,1,1,200,3534
20599,8736,1,1,200,393
20599,8756,1,1,200,98
20600,57,451,900,0,700000
20600,629,1,1,1,197
20600,1825,1,1,-1,63980
20600,1868,1,1,2,200000
20600,1873,1,1,-1,358285
20600,1873,1,1,2,40000
20600,1889,1,1,2,6250
20600,1945,1,1,-1,71145
20600,1947,1,1,1,11112
20600,2286,1,1,2,293
20600,2411,1,1,1,138
20600,2493,1,1,1,197
20600,2922,1,1,1,4202
20600,2929,1,1,1,11112
20600,5231,1,1,2,6623
20600,5549,1,1,2,9434
20601,57,394,788,0,700000
20601,353,1,1,1,52
20601,380,1,1,1,83
20601,1864,1,1,2,166667
20601,1869,1,1,2,83333
20601,1880,1,1,-1,79830
20601,1880,1,1,2,8696
20601,1905,1,2,-1,77656
20601,1950,1,1,1,3253
20601,1951,1,1,1,5059
20601,2199,1,1,2,2404
20601,2304,1,1,-1,3486
20601,5269,1,1,2,218
20601,5550,1,1,2,327
20602,57,529,1069,0,700000
20602,280,1,1,1,31
20602,1868,1,1,2,166667
20602,1873,1,1,-1,431425
20602,1873,1,1,2,38462
20602,1876,1,1,2,13514
20602,1889,1,1,-1,71904
20602,1895,1,1,2,22222
20602,2054,1,1,1,2305
20602,2205,1,1,2,1667
20602,2300,1,1,2,208
20602,2311,1,1,2,1042
20602,2999,1,1,-1,72387
20602,5154,1,1,2,625
20603,57,429,871,0,700000
20603,61,1,1,1,76
20603,607,1,1,1,76
20603,1125,1,1,1,76
20603,1867,1,1,2,100000
20603,1872,1,3,-1,590512
20603,1872,1,1,2,100000
20603,1875,1,1,2,5000
20603,1881,1,1,2,9346
20603,1949,1,1,1,4137
20603,1952,1,1,-1,28372
20603,1957,1,1,1,4137
20603,1963,1,1,1,4137
20603,2311,1,1,-1,3868
20603,2427,1,1,1,76
20603,2428,1,1,1,76
20603,2451,1,1,1,76
20603,2931,1,1,1,4137
20603,2932,1,1,1,4137
20603,2933,1,1,1,4137
20603,2991,1,1,2,5618
20603,5279,1,1,2,212
20603,6668,1,1,2,28571
20604,57,522,1068,0,700000
20604,852,1,1,1,110
20604,883,1,1,1,166
20604,915,1,1,1,83
20604,1867,1,1,2,111111
20604,1872,1,1,2,111111
20604,1875,1,1,2,6579
20604,1881,1,1,2,10753
20604,1908,1,1,1,8066
20604,1909,1,1,1,11502
20604,1910,1,1,1,6414
20604,2322,1,1,-1,3768
20604,2323,1,1,-1,3768
20604,2991,1,1,2,7634
20604,4553,1,1,-1,4325
20604,5279,1,1,2,525
20604,6668,1,1,2,28571
20605,57,475,964,0,700000
20605,439,1,1,1,62
20605,471,1,1,1,98
20605,1867,1,3,-1,653559
20605,1868,1,1,2,100000
20605,1873,1,1,2,20408
20605,1889,1,1,2,3401
20605,1908,1,1,-1,92835
20605,1954,1,1,1,6159
20605,1962,1,1,1,3707
20605,2059,1,1,-1,7282
20605,2214,1,1,2,200
20605,3003,1,1,2,4785
20605,4044,1,1,2,2198
20605,5549,1,1,2,8621
20605,8723,1,1,200,2793
20605,8733,1,1,200,599
20606,57,340,656,0,700000
20606,220,1,1,1,180
20606,1864,1,1,2,200000
20606,1869,1,1,2,90909
20606,1880,1,1,2,8000
20606,1932,1,1,-1,104301
20606,2152,1,1,-1,115686
20606,2260,1,1,-1,10203
20606,2262,1,1,2,1146
20606,5550,1,1,2,2004
20607,57,356,696,0,700000
20607,101,1,1,1,38
20607,312,1,1,1,38
20607,313,1,1,1,38
20607,314,1,1,1,38
20607,626,1,1,-1,6308
20607,1865,1,1,2,125000
20607,1870,1,1,2,111111
20607,1874,1,1,2,5882
20607,1899,1,1,-1,107923
20607,2020,1,1,-1,12091
20607,2020,1,1,1,1358
20607,2262,1,1,2,1505
20608,57,354,700,0,700000
20608,315,1,1,1,118
20608,1867,1,1,2,76923
20608,1872,1,1,2,100000
20608,1874,1,1,-1,46394
20608,1875,1,1,2,4464
20608,1881,1,1,2,11236
20608,2022,1,1,-1,10840
20608,2153,1,1,-1,108228
20608,2189,1,1,2,2426
20608,2265,1,1,2,562
20608,2274,1,1,2,389
20609,57,368,731,0,700000
20609,259,1,1,1,123
20609,433,1,1,-1,1447
20609,956,1,1,2,2195
20609,1866,1,1,2,66667
20609,1871,1,1,2,83333
20609,1885,1,1,2,12658
20609,1900,1,1,-1,79072
20609,2265,1,1,-1,7474
20609,5220,1,1,2,2538
20609,6667,1,1,2,40000
20610,57,371,736,0,700000
20610,292,1,1,1,124
20610,1341,20,60,2,90909
20610,1864,1,3,-1,728584
20610,1864,1,1,2,111111
20610,1865,1,1,2,66667
20610,1866,1,1,2,38462
20610,1868,1,1,2,111111
20610,1873,1,1,2,24390
20610,2025,1,1,-1,10091
20610,2183,1,1,2,3521
20610,2267,1,1,-1,7534
20610,2270,1,1,2,356
20611,57,390,782,0,700000
20611,86,1,1,1,14
20611,179,1,1,1,14
20611,180,1,1,1,14
20611,181,1,1,1,14
20611,182,1,1,1,14
20611,183,1,1,1,14
20611,184,1,1,1,14
20611,185,1,1,1,14
20611,467,1,1,-1,2468
20611,1829,1,1,2,38462
20611,1834,1,1,2,100000
20611,1864,1,1,2,166667
20611,1869,1,1,2,62500
20611,1878,1,1,2,27027
20611,1884,1,1,-1,474660
20611,1884,1,1,2,38462
20611,2022,1,1,1,657
20611,2023,1,1,1,523
20611,2153,1,1,-1,119957
20611,2193,1,1,2,3906
20612,57,447,892,0,700000
20612,349,1,1,-1,961
20612,436,1,1,1,308
20612,469,1,1,1,492
20612,1832,1,1,2,76923
20612,1866,1,1,2,45455
20612,1869,2,3,-1,879358
20612,1871,1,1,2,90909
20612,1885,1,1,-1,73280
20612,1885,1,1,2,4219
20612,2188,1,1,2,4219
20612,2274,1,1,2,1408
20612,5220,1,1,2,1408
20613,40,1,1,-1,6288
20613,57,241,656,0,700000
20613,432,1,1,1,589
20613,465,1,1,1,944
20613,1831,1,3,2,58824
20613,1864,1,1,2,142857
20613,1865,1,1,2,58824
20613,1866,1,1,2,47619
20613,1868,1,1,2,100000
20613,1873,1,1,2,37037
20613,1899,1,1,-1,102672
20613,1934,1,1,-1,85895
20613,2263,1,1,2,2618
20614,57,340,6492,0,700000
20614,220,1,1,1,177
20614,1834,1,1,2,111111
20614,1865,1,1,2,100000
20614,1869,1,1,-1,645491
20614,1870,1,1,2,100000
20614,1874,1,1,2,5155
20614,1899,1,1,-1,100858
20614,2152,1,1,-1,113643
20614,2263,1,1,2,1126
20615,46,1,1,1,814
20615,57,379,750,0,700000
20615,392,1,1,-1,1491
20615,627,1,1,1,1163
20615,1834,1,1,2,83333
20615,1875,1,1,2,4202
20615,1879,1,1,2,7194
20615,1885,1,1,2,7813
20615,1900,1,2,-1,81472
20615,2185,1,1,-1,146585
20615,2266,1,1,2,2398
20615,5549,1,1,2,4808
20615,5550,1,1,2,1199
20616,57,390,781,0,700000
20616,433,1,1,1,106
20616,434,1,1,1,106
20616,435,1,1,1,106
20616,466,1,1,1,169
20616,467,1,1,1,169
20616,468,1,1,1,169
20616,737,1,1,2,1590
20616,1867,1,1,2,83333
20616,1872,1,1,2,100000
20616,1874,1,1,-1,51402
20616,1875,1,1,2,1193
20616,1881,1,1,2,21277
20616,1933,1,1,1,6197
20616,1936,1,1,1,4310
20616,1937,1,1,-1,66239
20616,2153,1,1,-1,119911
20616,2274,1,1,2,398
20616,2976,1,1,2,6757
20616,6667,1,1,2,52632
20617,57,374,743,0,700000
20617,392,1,1,1,403
20617,414,1,1,1,644
20617,435,1,1,-1,1473
20617,1867,1,1,2,142857
20617,1872,1,1,2,125000
20617,1875,1,1,-1,49053
20617,1875,1,1,2,3226
20617,1881,1,1,2,6452
20617,1933,1,1,-1,86564
20617,2184,1,1,2,17857
20618,57,412,823,0,700000
20618,315,1,1,1,138
20618,955,1,1,-1,3251
20618,1875,1,1,2,7813
20618,1879,1,1,2,19608
20618,1885,1,1,-1,67733
20618,1885,1,1,2,4902
20618,1935,1,1,-1,45407
20618,2153,1,1,2,8850
20618,5549,1,1,2,11765
20618,5550,1,1,2,9798
20619,57,324,841,0,700000
20619,157,1,1,1,31
20619,186,1,1,1,31
20619,1867,1,3,-1,556329
20619,1867,1,1,2,125000
20619,1872,1,1,2,142857
20619,1875,1,1,2,4386
20619,1881,1,1,2,10989
20619,2027,1,1,1,1938
20619,2154,1,1,2,10989
20619,2270,1,1,-1,5961
20619,2278,1,1,2,528
20619,2981,1,2,-1,111713
20620,57,2090,4237,0,700000
20620,78,1,1,1,5
20620,142,1,1,1,5
20620,148,1,1,1,5
20620,948,1,1,-1,10769
20620,1894,1,1,2,3003
20620,4039,1,2,-1,143581
20620,4039,1,1,2,3175
20620,4041,1,1,2,1412
20620,4044,1,1,2,5464
20620,4051,1,1,-1,167052
20620,4104,1,1,1,1214
20620,4107,1,1,1,1195
20620,4108,1,1,1,1195
20620,4402,1,1,2,364
20620,4614,1,1,2,251
20620,4999,1,1,2,1590
20620,8728,1,1,200,3003
20620,8738,1,1,200,383
20620,8748,1,1,200,153
20621,57,2260,4576,0,700000
20621,1868,1,1,2,250000
20621,1873,1,1,2,52632
20621,1876,1,1,2,270272
20621,1895,1,1,2,34483
20621,2391,1,1,1,20
20621,2392,1,1,1,20
20621,4042,1,1,2,1996
20621,4052,1,2,-1,164789
20621,4082,1,1,1,3884
20621,4083,1,1,1,3884
20621,4199,1,1,-1,3553
20621,4623,1,1,2,271
20621,5230,1,1,-1,6206
20621,5276,1,1,2,262
20621,8729,1,1,200,1567
20621,8739,1,1,200,1140
20621,8749,1,1,200,143
20622,57,2419,4898,0,700000
20622,864,1,1,1,54
20622,895,1,1,1,80
20622,926,1,1,1,40
20622,1867,1,1,2,200000
20622,1872,1,1,2,200000
20622,1882,1,1,2,31250
20622,1894,1,1,2,5376
20622,4042,1,1,-1,83042
20622,4042,1,1,2,2227
20622,4044,1,2,-1,166084
20622,4052,1,1,1,8684
20622,4053,1,2,-1,213567
20622,4053,1,1,1,10513
20622,4054,1,1,1,4831
20622,4401,1,1,2,413
20622,4988,1,1,2,867
20622,6670,1,1,2,24390
20622,8729,1,1,200,2105
20622,8739,1,1,200,495
20622,8749,1,1,200,83
20623,57,3236,6544,0,700000
20623,110,1,1,1,78
20623,1868,1,3,2,250000
20623,1873,1,1,2,83333
20623,1889,1,1,2,16667
20623,2416,1,1,1,55
20623,2417,1,1,1,55
20623,4039,1,1,-1,222007
20623,4040,1,1,-1,133204
20623,4044,1,1,2,7194
20623,4077,1,1,1,14749
20623,4088,1,1,1,12392
20623,4089,1,1,1,12392
20623,4177,1,1,2,4098
20623,5230,1,1,-1,8880
20623,5332,1,1,2,409
20623,5549,1,1,2,22727
20623,8729,1,1,200,2564
20623,8739,1,1,200,341
20623,8749,1,1,200,85
20624,57,3295,6681,0,700000
20624,79,1,1,1,16
20624,1868,1,3,2,200000
20624,1873,1,1,2,76923
20624,1876,1,1,2,40000
20624,1877,1,1,-1,271744
20624,1895,1,1,2,52632
20624,4042,1,1,2,3311
20624,4052,1,1,-1,240524
20624,4054,1,1,-1,133811
20624,4114,1,1,1,4392
20624,4154,1,1,2,2183
20624,4403,1,1,2,273
20624,5281,1,1,2,273
20624,5340,1,1,2,989
20624,7883,1,1,1,16
20624,7889,1,1,1,16
20624,8330,1,1,1,1430
20624,8336,1,1,1,1470
20624,8729,1,1,200,2288
20624,8739,1,1,200,375
20624,8749,1,1,200,34
20624,8759,1,1,200,34
20625,57,3298,6689,0,700000
20625,268,1,1,1,16
20625,1894,1,1,2,8772
20625,4039,1,1,2,9434
20625,4041,1,1,2,2070
20625,4043,1,1,-1,226724
20625,4044,1,1,-1,226724
20625,4044,1,1,2,7299
20625,4120,1,1,1,4390
20625,4192,1,1,2,59
20625,5230,1,1,-1,9069
20625,5276,1,1,2,118
20625,8330,1,1,1,104
20625,8336,1,1,1,52
20625,8729,1,1,200,2725
20625,8739,1,1,200,296
20625,8749,1,1,200,118
20625,8759,1,1,200,59
20626,57,4056,8290,0,700000
20626,358,1,1,1,26
20626,1867,1,3,2,111111
20626,1872,1,3,2,166667
20626,1875,1,1,-1,560452
20626,1875,1,1,2,16393
20626,1881,1,1,2,32258
20626,2380,1,1,1,42
20626,2381,1,1,1,18
20626,4041,1,1,2,1862
20626,4053,1,1,-1,360342
20626,4078,1,1,1,6046
20626,4080,1,1,1,8514
20626,4081,1,1,1,4080
20626,4402,1,1,2,324
20626,4615,1,1,2,81
20626,5230,1,1,-1,11209
20626,5334,1,1,2,890
20626,8730,1,1,200,2994
20626,8740,1,1,200,405
20626,8760,1,1,200,81
20627,57,4085,8305,0,700000
20627,1866,1,1,2,166667
20627,1871,1,1,2,250000
20627,1877,1,1,-1,337512
20627,1877,1,1,2,9709
20627,3956,1,1,2,304
20627,4040,1,1,2,5076
20627,4041,1,1,2,1420
20627,4973,1,1,2,2941
20627,5290,1,1,1,54
20627,5291,1,1,1,54
20627,5295,1,1,1,54
20627,5296,1,1,1,54
20627,5478,1,2,-1,70954
20627,5496,1,1,1,7305
20627,5497,1,1,1,7305
20627,5508,1,1,1,7305
20627,5509,1,1,1,7305
20627,6670,1,1,2,41667
20627,8730,1,1,200,3040
20627,8740,1,1,200,609
20627,8750,1,1,200,203
20628,57,4416,8962,0,700000
20628,1807,1,1,-1,12152
20628,1895,1,5,-1,868028
20628,1895,1,1,2,76923
20628,4040,1,1,2,7246
20628,4042,1,1,2,5076
20628,4043,1,1,2,13333
20628,4401,1,1,2,898
20628,4988,1,1,2,2538
20628,5304,1,1,1,26
20628,5305,1,1,1,42
20628,5308,1,1,1,18
20628,5479,1,1,-1,53931
20628,5485,1,1,1,3773
20628,5486,1,1,1,2655
20628,5489,1,1,1,5922
20628,8730,1,1,200,3125
20628,8740,1,1,200,1172
20629,57,5183,10540,0,700000
20629,1868,3,9,2,125000
20629,1873,1,1,2,142857
20629,1876,1,1,2,71429
20629,1895,1,1,2,100000
20629,3035,1,1,-1,14274
20629,4042,1,1,2,4831
20629,4077,1,1,-1,481585
20629,4078,1,1,-1,156378
20629,5006,1,1,2,1464
20629,5289,1,1,1,61
20629,5292,1,1,1,87
20629,5294,1,1,1,61
20629,5494,1,1,1,11069
20629,5525,1,1,1,8147
20629,5526,1,1,1,8147
20629,8730,1,1,200,5405
20629,8740,1,1,200,1171
20629,8750,1,1,200,185
20629,8760,1,1,200,62
20630,57,383,764,0,700000
20630,629,1,1,1,168
20630,1866,1,1,2,41667
20630,1871,1,1,2,71429
20630,1885,1,1,2,6757
20630,1902,1,1,-1,77024
20630,1943,1,1,-1,60383
20630,1947,1,1,1,9431
20630,2286,1,1,2,312
20630,2291,1,1,-1,4223
20630,2411,1,1,1,117
20630,2493,1,1,1,168
20630,2922,1,1,1,2523
20630,2929,1,1,1,9431
20630,2987,1,1,2,4219
20630,5220,1,1,2,2959
20630,5472,1,1,2,6757
20631,57,508,1017,0,700000
20631,61,1,1,1,89
20631,607,1,1,1,89
20631,1125,1,1,1,89
20631,1342,10,30,2,142857
20631,1868,1,1,2,142857
20631,1873,1,1,-1,411784
20631,1873,1,1,2,38462
20631,1889,1,1,2,8065
20631,1949,1,1,1,4808
20631,1957,1,1,1,4808
20631,1963,1,1,1,4808
20631,2203,1,1,2,18868
20631,2427,1,1,1,89
20631,2428,1,1,1,89
20631,2451,1,1,1,89
20631,2931,1,1,1,4808
20631,2932,1,1,1,4808
20631,2933,1,1,1,4808
20631,2996,1,1,-1,81703
20631,2998,1,1,-1,77403
20631,5164,1,1,2,216
20631,5274,1,1,2,216
20631,5549,1,1,2,10753
20632,57,505,1015,0,700000
20632,353,1,1,1,66
20632,380,1,1,1,106
20632,1864,1,1,2,166667
20632,1869,1,1,2,71429
20632,1873,1,2,-1,410100
20632,1880,1,1,-1,102525
20632,1880,1,1,2,6329
20632,1950,1,1,1,4178
20632,1951,1,1,-1,51754
20632,1951,1,1,1,6498
20632,2205,1,1,2,1815
20632,2301,1,1,2,907
20632,5274,1,1,2,907
20632,5550,1,1,2,907
20632,6668,1,1,2,31250
20633,57,485,984,0,700000
20633,851,1,1,1,139
20633,882,1,1,1,208
20633,914,1,1,1,104
20633,1868,1,1,2,166667
20633,1873,1,1,2,33333
20633,1876,1,1,2,10753
20633,1895,1,1,2,19231
20633,1905,1,1,1,8148
20633,1906,1,1,1,11513
20633,1907,1,1,1,5827
20633,2211,1,1,2,770
20633,2212,1,1,-1,35869
20633,2313,1,1,-1,4370
20633,2992,1,1,2,9259
20633,4469,1,1,-1,5719
20633,5159,1,1,2,240
20634,57,925,1892,0,700000
20634,354,1,1,1,90
20634,381,1,1,1,144
20634,1867,1,1,2,100000
20634,1872,1,1,2,100000
20634,1875,1,1,2,7042
20634,1880,1,1,-1,191909
20634,1881,1,1,2,6536
20634,1908,1,1,-1,181732
20634,1959,1,1,1,6109
20634,1960,1,1,1,12426
20634,2213,1,1,-1,29800
20634,2215,1,1,2,1086
20634,2225,1,1,2,3257
20634,2251,1,1,2,10309
20634,2321,1,1,2,543
20634,8723,1,1,200,4348
20634,8733,1,1,200,543
20634,8743,1,1,200,1086
20635,57,470,954,0,700000
20635,263,1,1,1,21
20635,1866,1,1,2,27778
20635,1871,1,1,2,43478
20635,1885,1,1,2,1555
20635,1959,1,1,-1,26145
20635,2073,1,1,1,1773
20635,2163,1,1,-1,49522
20635,2215,1,1,-1,12365
20635,3002,1,1,2,2591
20635,3004,1,1,2,2591
20635,4041,1,1,2,570
20635,5220,1,1,2,1555
20635,8723,1,1,200,2591
20635,8733,1,1,200,1037
20636,57,521,1066,0,700000
20636,89,1,1,1,3
20636,160,1,1,1,3
20636,161,1,1,1,3
20636,173,1,1,1,3
20636,191,1,1,1,3
20636,192,1,1,1,3
20636,193,1,1,1,3
20636,194,1,1,1,3
20636,1867,1,1,2,76923
20636,1872,1,1,2,71429
20636,1882,1,1,2,12658
20636,1894,1,1,2,2660
20636,1909,1,1,-1,145932
20636,2061,1,1,1,247
20636,2063,1,1,1,247
20636,2064,1,1,1,247
20636,2065,1,1,1,247
20636,2066,1,1,1,251
20636,2067,1,1,1,231
20636,2068,1,1,1,231
20636,2069,1,1,1,251
20636,2163,1,1,-1,55134
20636,2214,1,1,-1,26815
20636,2230,1,1,2,1724
20636,2320,1,1,2,157
20636,4042,1,1,2,1096
20636,8723,1,1,200,3135
20636,8733,1,1,200,470
20636,8743,1,1,200,157
20637,57,546,1111,0,700000
20637,440,1,1,-1,319
20637,1126,1,1,1,52
20637,1539,1,1,2,8333
20637,1864,1,1,2,100000
20637,1869,1,1,2,50000
20637,1880,1,1,2,4950
20637,1974,1,1,1,3501
20637,2222,1,1,2,354
20637,2337,1,1,-1,2622
20637,2338,1,1,-1,2622
20637,2434,1,1,1,52
20637,2455,1,1,1,56
20637,2456,1,1,1,52
20637,2457,1,1,1,52
20637,2458,1,1,1,52
20637,2946,1,1,1,2327
20637,2948,1,1,1,3501
20637,2949,1,1,1,3501
20637,2950,1,1,1,3501
20637,2951,1,1,1,3501
20637,4043,1,1,2,1946
20637,5550,1,1,2,1238
20637,6668,1,1,2,16667
20637,8724,1,1,200,2833
20637,8734,1,1,200,884
20637,8744,1,1,200,177
20638,57,570,1158,0,700000
20638,282,1,1,1,10
20638,285,1,1,1,10
20638,952,1,1,2,1193
20638,1867,1,1,2,66667
20638,1872,1,1,2,66667
20638,1873,1,2,-1,470674
20638,1882,1,1,2,10753
20638,1894,1,1,2,2833
20638,1911,1,2,-1,87518
20638,2085,1,1,1,902
20638,2086,1,1,1,902
20638,2338,1,1,2,135
20638,2351,1,1,2,122
20638,2946,1,1,-1,65773
20638,3005,1,1,2,2681
20638,4042,1,1,2,894
20638,8724,1,1,200,1789
20638,8734,1,1,200,298
20638,8744,1,1,200,38
20639,57,1196,2439,0,700000
20639,227,1,1,1,20
20639,242,1,1,1,20
20639,951,1,1,-1,4502
20639,1868,1,1,2,200000
20639,1873,1,1,2,33333
20639,1889,1,1,2,8929
20639,2083,1,1,1,1823
20639,2084,1,1,1,1823
20639,2328,1,1,2,746
20639,2334,1,1,-1,5758
20639,2342,1,1,-1,5758
20639,4044,1,1,2,4484
20639,4132,1,1,2,3731
20639,5549,1,1,2,9709
20639,6668,1,1,2,43478
20639,8724,1,1,200,3731
20639,8734,1,1,200,2237
20640,57,576,1171,0,700000
20640,283,1,1,1,12
20640,1539,1,1,-1,264351
20640,1865,1,1,2,45455
20640,1868,1,7,-1,793052
20640,1870,1,3,-1,594789
20640,1870,1,1,2,52632
20640,1875,1,1,2,2114
20640,1879,1,1,2,8000
20640,2109,1,1,1,1380
20640,2233,1,1,2,235
20640,2970,1,1,2,1876
20640,3014,1,1,2,1642
20640,4040,1,1,2,1408
20640,6669,1,1,2,10989
20640,8725,1,1,200,839
20640,8735,1,1,200,59
20641,57,715,1452,0,700000
20641,854,1,1,1,69
20641,885,1,1,1,104
20641,917,1,1,1,52
20641,1867,1,1,2,76923
20641,1872,1,1,2,83333
20641,1882,1,1,2,15625
20641,1894,1,1,2,2079
20641,1914,1,1,1,5712
20641,1915,1,1,1,8958
20641,1916,1,1,1,4327
20641,2097,1,1,-1,7900
20641,2353,1,1,2,125
20641,2355,1,1,-1,2406
20641,4042,1,1,-1,24583
20641,4042,1,1,2,231
20641,4124,1,1,2,1616
20641,4609,1,1,2,170
20641,8725,1,1,200,924
20641,8735,1,1,200,55
20642,57,672,1356,0,700000
20642,283,1,1,1,14
20642,1342,10,30,2,200000
20642,1868,1,1,2,100000
20642,1873,1,1,2,16667
20642,1876,1,1,2,8772
20642,1895,1,1,2,10526
20642,2103,1,1,-1,7789
20642,2109,1,1,1,1602
20642,2358,1,1,-1,2254
20642,3015,1,1,2,878
20642,3017,1,1,2,585
20642,4042,1,1,2,1464
20642,4602,1,1,-1,3070
20642,4606,1,1,2,293
20642,5155,1,1,2,104
20642,8725,1,1,200,878
20642,8735,1,1,200,585
20643,57,689,1399,0,700000
20643,1894,1,1,2,1418
20643,1918,1,1,-1,61625
20643,2114,1,1,-1,6891
20643,2414,1,1,1,50
20643,2497,1,1,1,71
20643,2959,1,1,1,4544
20643,2966,1,1,1,7187
20643,3955,1,1,-1,2846
20643,4039,1,1,2,1984
20643,4041,1,1,2,851
20643,4044,1,1,2,1418
20643,4126,1,1,2,284
20643,5270,1,1,2,284
20643,5275,1,1,2,284
20643,6669,1,1,2,9615
20643,8726,1,1,200,1701
20643,8736,1,1,200,851
20644,57,675,1374,0,700000
20644,442,1,1,1,25
20644,473,1,1,1,39
20644,1806,1,1,-1,2791
20644,1864,1,1,2,100000
20644,1865,1,3,-1,697860
20644,1869,1,1,2,50000
20644,1878,1,1,2,16129
20644,1884,1,1,2,26316
20644,1987,1,1,-1,21294
20644,1988,1,1,1,2476
20644,1989,1,1,1,3884
20644,4039,1,1,2,2392
20644,4142,1,1,2,478
20644,4147,1,1,2,239
20644,4184,1,1,2,66
20644,5160,1,1,2,115
20644,8726,1,1,200,1675
20644,8736,1,1,200,239
20644,8746,1,1,200,52
20645,57,1520,3095,0,700000
20645,286,1,1,1,19
20645,1865,1,1,2,111111
20645,1870,1,1,2,125000
20645,1874,1,1,2,6135
20645,1885,1,1,-1,261843
20645,1920,1,1,-1,107515
20645,2121,1,1,-1,14450
20645,2121,1,1,1,2668
20645,4039,1,1,2,4425
20645,4043,1,1,2,5405
20645,4179,1,1,2,1473
20645,4189,1,1,2,168
20645,5275,1,1,2,291
20645,8726,1,1,200,2457
20645,8746,1,1,200,246
20646,57,1146,2333,0,700000
20646,299,1,1,1,5
20646,301,1,1,1,7
20646,303,1,1,1,7
20646,1864,1,1,2,166667
20646,1869,1,1,2,90909
20646,1878,1,1,2,37037
20646,1884,1,1,2,55556
20646,2113,1,1,1,706
20646,2114,1,1,1,706
20646,2122,1,1,-1,10807
20646,2122,1,1,1,665
20646,3034,1,1,-1,4735
20646,4039,1,1,2,4608
20646,4044,1,1,-1,78920
20646,4186,1,1,2,126
20646,4190,1,1,2,126
20646,5165,1,1,2,219
20646,8726,1,1,200,2762
20647,57,1151,2346,0,700000
20647,554,1,1,1,34
20647,600,1,1,1,34
20647,612,1,1,1,34
20647,947,1,1,-1,952
20647,1865,1,1,2,83333
20647,1870,1,1,2,71429
20647,1875,1,1,2,4464
20647,1879,1,1,2,9709
20647,2464,1,1,1,34
20647,2960,1,1,-1,129649
20647,4040,1,1,2,372
20647,4049,1,1,-1,124889
20647,4073,1,1,1,4575
20647,4097,1,1,1,4575
20647,4098,1,1,1,4575
20647,4100,1,1,1,4575
20647,4176,1,1,2,1116
20647,4946,1,1,2,1488
20647,5280,1,1,2,176
20647,8727,1,1,200,1116
20647,8737,1,1,200,372
20648,57,1241,2530,0,700000
20648,554,1,1,1,37
20648,600,1,1,1,37
20648,612,1,1,1,37
20648,1868,1,13,-1,855624
20648,1868,1,1,2,166667
20648,1873,1,1,2,31250
20648,1876,1,1,2,18868
20648,1895,1,1,2,18868
20648,2464,1,1,1,37
20648,2963,1,1,-1,139770
20648,4042,1,1,2,1946
20648,4073,1,1,1,4932
20648,4097,1,1,1,4932
20648,4098,1,1,1,4932
20648,4100,1,1,1,4932
20648,4191,1,1,-1,2957
20648,4961,1,1,2,486
20648,4999,1,1,2,1179
20648,6669,1,1,2,20408
20648,8727,1,1,200,3401
20648,8737,1,1,200,118
20649,57,1306,2660,0,700000
20649,78,1,1,1,4
20649,142,1,1,1,4
20649,148,1,1,1,4
20649,1832,1,1,2,83333
20649,1868,1,1,2,142857
20649,1873,1,1,2,28571
20649,1889,1,1,2,6579
20649,2112,1,1,-1,13082
20649,4044,1,1,2,2488
20649,4104,1,1,1,761
20649,4107,1,1,1,750
20649,4108,1,1,1,750
20649,4133,1,1,-1,12988
20649,4194,1,1,2,73
20649,4970,1,1,2,73
20649,5549,1,2,-1,270151
20649,5549,1,1,2,7194
20649,8311,1,1,2,14
20649,8727,1,1,200,1391
20649,8737,1,1,200,585
20650,57,1417,2887,0,700000
20650,856,1,1,1,48
20650,887,1,1,1,72
20650,918,1,1,1,36
20650,948,1,1,2,492
20650,1867,1,1,2,125000
20650,1872,1,1,2,111111
20650,1882,1,1,2,18182
20650,1894,1,1,2,3484
20650,4042,1,1,2,1410
20650,4049,1,1,-1,153727
20650,4049,1,1,1,7570
20650,4050,1,1,1,8942
20650,4051,1,1,1,5597
20650,4167,1,1,2,1149
20650,4168,1,1,2,1182
20650,4195,1,1,-1,2237
20650,4613,1,1,-1,4042
20650,8728,1,1,200,1511
20650,8738,1,1,200,492
20651,57,1320,2684,0,700000
20651,78,1,1,1,4
20651,142,1,1,1,4
20651,148,1,1,1,4
20651,948,1,1,2,141
20651,1867,1,1,2,111111
20651,1872,1,1,2,111111
20651,1882,1,1,2,19608
20651,1894,1,1,2,2545
20651,4042,1,1,2,2119
20651,4050,1,2,-1,168983
20651,4104,1,1,1,769
20651,4107,1,1,1,757
20651,4167,1,1,2,424
20651,4168,1,1,2,848
20651,4196,1,1,-1,2082
20651,8728,1,1,200,424
20651,8738,1,1,200,565
20652,57,1398,2835,0,700000
20652,1864,1,1,2,166667
20652,1869,1,1,2,83333
20652,1880,1,1,2,11111
20652,2384,1,1,1,19
20652,2388,1,1,1,30
20652,2390,1,1,1,13
20652,4042,1,1,-1,48043
20652,4043,1,1,-1,96085
20652,4043,1,1,2,2392
20652,4066,1,1,1,3345
20652,4067,1,1,1,5079
20652,4068,1,1,1,2570
20652,4129,1,1,-1,31197
20652,4173,1,1,2,797
20652,4615,1,1,2,147
20652,4998,1,1,2,2924
20652,5550,1,1,2,1328
20652,8728,1,1,200,2660
20652,8738,1,1,200,532
20654,57,2608,5283,0,700000
20654,1894,1,1,2,7692
20654,2398,1,1,1,17
20654,2399,1,1,1,17
20654,2403,1,1,1,27
20654,2404,1,1,1,27
20654,4039,1,1,2,4808
20654,4041,1,1,2,962
20654,4044,1,1,2,4484
20654,4052,1,1,-1,190253
20654,4064,1,1,-1,97262
20654,4084,1,1,1,3447
20654,4085,1,1,1,3447
20654,4086,1,1,1,4654
20654,4087,1,1,1,4654
20654,4624,1,1,2,962
20654,5230,1,1,-1,7165
20654,5276,1,1,2,642
20654,6036,1,1,2,6098
20654,8729,1,1,200,2890
20654,8739,1,1,200,321
20655,57,2356,4762,0,700000
20655,110,1,1,1,57
20655,1343,20,60,2,100000
20655,1865,1,1,2,142857
20655,1870,1,1,2,111111
20655,1874,1,1,2,5000
20655,2416,1,1,1,40
20655,2417,1,1,1,40
20655,4039,1,1,2,5495
20655,4043,1,1,2,3247
20655,4053,1,1,-1,207665
20655,4067,1,1,-1,173432
20655,4077,1,1,1,10729
20655,4088,1,1,1,9014
20655,4089,1,1,1,9014
20655,4160,1,1,-1,13725
20655,4989,1,1,2,1053
20655,5276,1,1,2,212
20655,6670,1,1,2,22727
20655,8729,1,1,200,750
20655,8739,1,1,200,159
20656,57,2265,4585,0,700000
20656,1895,1,1,2,45455
20656,2398,1,1,1,15
20656,2399,1,1,1,15
20656,2403,1,1,1,23
20656,2404,1,1,1,23
20656,4040,1,2,-1,93328
20656,4040,1,1,2,2915
20656,4042,1,1,2,2667
20656,4043,1,1,2,5814
20656,4069,1,1,-1,110018
20656,4084,1,1,1,2994
20656,4085,1,1,1,2994
20656,4086,1,1,1,4042
20656,4087,1,1,1,4042
20656,4990,1,1,2,485
20656,6670,1,1,2,27778
20656,8729,1,1,200,2915
20656,8739,1,1,200,243
20656,8749,1,1,200,243
20657,57,1677,3388,0,700000
20657,1866,1,1,2,66667
20657,1871,1,1,2,111111
20657,1877,1,1,-1,137950
20657,1877,1,1,2,4926
20657,1914,1,2,-1,193750
20657,1920,1,1,-1,118007
20657,2398,1,1,1,11
20657,2399,1,1,1,11
20657,2403,1,1,1,17
20657,2404,1,1,1,17
20657,4040,1,1,2,2347
20657,4041,1,1,2,469
20657,4084,1,1,1,2213
20657,4085,1,1,1,2213
20657,4086,1,1,1,2987
20657,4087,1,1,1,2987
20657,4960,1,1,2,2114
20657,5276,1,1,2,1408
20657,8729,1,1,200,1408
20657,8739,1,1,200,235
20657,8759,1,1,200,154
20658,57,1613,3270,0,700000
20658,730,1,1,2,103
20658,864,1,1,1,36
20658,895,1,1,1,54
20658,926,1,1,1,27
20658,1832,1,1,2,111111
20658,1866,1,1,2,58824
20658,1871,1,1,2,111111
20658,1885,1,1,2,9091
20658,1960,1,2,-1,182200
20658,2220,1,1,-1,68844
20658,4041,1,1,2,912
20658,4052,1,1,1,5796
20658,4053,1,1,1,7016
20658,4054,1,1,-1,65494
20658,4054,1,1,1,3224
20658,4155,1,1,2,228
20658,5220,1,1,2,4098
20658,8729,1,1,200,1368
20658,8749,1,1,200,228
20659,57,518,1052,0,700000
20659,631,1,1,1,127
20659,1868,1,1,2,90909
20659,1873,1,1,2,21277
20659,1885,1,1,-1,89149
20659,1889,1,1,2,4049
20659,1964,1,1,1,6810
20659,2062,1,1,-1,8390
20659,2163,1,1,-1,54581
20659,2215,1,1,2,716
20659,2225,1,1,2,290
20659,2321,1,1,2,196
20659,2413,1,1,1,90
20659,2495,1,1,1,127
20659,2936,1,1,1,6185
20659,2945,1,1,1,6810
20659,3021,1,1,2,196
20659,4044,1,1,2,869
20659,5549,1,1,2,7519
20659,8723,1,1,200,2028
20659,8733,1,1,200,1447
20660,57,637,1303,0,700000
20660,439,1,1,1,83
20660,471,1,1,1,132
20660,1864,1,1,2,142857
20660,1869,1,1,2,76923
20660,1880,1,1,2,7353
20660,1908,1,1,-1,125113
20660,1954,1,1,1,8300
20660,1962,1,1,1,4996
20660,2084,1,1,-1,8779
20660,2163,1,1,2,4132
20660,2330,1,1,-1,3073
20660,4043,1,1,2,3676
20660,5550,1,1,2,920
20660,8723,1,1,200,3448
20660,8733,1,1,200,920
20661,57,603,1229,0,700000
20661,500,1,1,1,77
20661,632,1,1,1,109
20661,1343,10,30,2,76923
20661,1868,1,1,2,90909
20661,1873,1,1,2,23256
20661,1876,1,1,2,9524
20661,1895,1,1,2,11111
20661,1971,1,1,1,5637
20661,1972,1,1,1,7367
20661,2166,1,1,-1,42266
20661,2223,1,1,-1,48328
20661,2223,1,1,2,2288
20661,2230,1,1,2,762
20661,2347,1,1,-1,2900
20661,2496,1,1,1,119
20661,2947,1,1,1,6577
20661,3005,1,1,2,1905
20661,4042,1,1,2,381
20661,6668,1,1,2,15152
20661,8724,1,1,200,2667
20661,8734,1,1,200,381
20662,57,630,1281,0,700000
20662,73,1,1,1,6
20662,74,1,1,1,6
20662,131,1,1,1,6
20662,133,1,1,1,6
20662,951,1,1,-1,2366
20662,1343,10,30,2,83333
20662,1866,1,1,2,35714
20662,1871,1,1,2,55556
20662,1873,1,2,-1,520615
20662,1877,1,1,2,2079
20662,1911,1,1,-1,96805
20662,2077,1,1,1,479
20662,2078,1,1,1,479
20662,2080,1,1,1,479
20662,2081,1,1,1,479
20662,2340,1,1,2,68
20662,3006,1,1,2,1942
20662,4040,1,1,2,886
20662,4041,1,1,2,238
20662,8724,1,1,200,2008
20662,8734,1,1,200,409
20662,8754,1,1,200,31
20663,57,551,1124,0,700000
20663,853,1,1,1,86
20663,884,1,1,1,130
20663,916,1,1,1,65
20663,951,1,1,-1,2075
20663,1866,1,1,2,35714
20663,1871,1,1,2,52632
20663,1877,1,1,2,1613
20663,1911,1,1,1,6268
20663,1912,1,1,1,9081
20663,1913,1,1,1,5125
20663,1981,1,1,-1,67117
20663,2340,1,1,2,225
20663,3006,1,1,2,2625
20663,4040,1,1,2,1163
20663,4041,1,1,2,411
20663,4123,1,1,-1,50711
20663,8724,1,1,200,2288
20663,8734,1,1,200,525
20663,8754,1,1,200,75
20664,57,582,1182,0,700000
20664,64,1,1,1,102
20664,608,1,1,1,102
20664,1539,1,1,2,12500
20664,1865,1,3,-1,600678
20664,1867,1,5,-1,800904
20664,1867,1,1,2,58824
20664,1872,1,1,2,55556
20664,1882,1,1,2,8547
20664,1894,1,1,2,2551
20664,1981,1,1,1,7306
20664,2098,1,1,-1,6435
20664,2234,1,1,2,650
20664,2356,1,1,2,4
20664,2956,1,1,1,7306
20664,4042,1,1,2,1200
20664,4609,1,1,2,590
20664,6669,1,1,2,9346
20664,8725,1,1,200,2283
20664,8735,1,1,200,31
20664,8745,1,1,200,6
20665,57,715,1452,0,700000
20665,162,1,1,1,2
20665,174,1,1,1,2
20665,196,1,1,1,2
20665,197,1,1,1,2
20665,199,1,1,1,2
20665,200,1,1,1,2
20665,201,1,1,1,2
20665,202,1,1,1,2
20665,1865,1,1,2,58824
20665,1870,1,1,2,62500
20665,1874,1,1,2,5000
20665,2097,1,1,1,205
20665,2098,1,1,1,205
20665,2099,1,1,1,215
20665,2100,1,1,1,215
20665,2102,1,1,1,208
20665,2103,1,1,1,215
20665,2104,1,1,-1,8314
20665,2104,1,1,1,215
20665,2105,1,1,1,205
20665,2359,1,1,-1,2406
20665,3014,1,1,2,288
20665,4039,1,1,2,1026
20665,4043,1,1,-1,49166
20665,4043,1,1,2,1580
20665,4125,1,1,2,1669
20665,8725,1,1,200,2237
20665,8735,1,1,200,13
20665,8745,1,1,200,5
20666,57,746,1502,0,700000
20666,64,1,1,1,130
20666,608,1,1,1,130
20666,1865,1,1,2,58824
20666,1870,1,1,2,62500
20666,1874,1,1,2,5495
20666,1884,1,3,-1,944213
20666,1977,1,1,-1,22697
20666,1981,1,1,1,9332
20666,2956,1,1,1,9332
20666,3955,1,1,2,142
20666,4039,1,1,2,2398
20666,4043,1,1,2,1976
20666,4606,1,1,-1,3410
20666,4607,1,1,2,157
20666,4609,1,1,2,282
20666,5280,1,1,2,282
20666,8725,1,1,200,2114
20666,8735,1,1,200,564
20666,8745,1,1,200,141
20667,57,766,1556,0,700000
20667,299,1,1,1,4
20667,301,1,1,1,5
20667,303,1,1,1,5
20667,1875,1,1,2,4274
20667,1879,1,1,2,7092
20667,1885,1,1,2,7092
20667,1988,1,1,-1,30378
20667,2113,1,1,1,471
20667,2114,1,1,1,471
20667,2122,1,1,1,444
20667,4127,1,1,2,2024
20667,4141,1,1,-1,7601
20667,4184,1,1,2,75
20667,4604,1,1,-1,3513
20667,5155,1,1,2,2
20667,5165,1,1,2,104
20667,5549,1,1,2,5495
20667,5550,1,1,2,121
20667,8726,1,1,200,848
20667,8735,1,1,200,588
20667,8745,1,1,200,141
20668,57,682,1388,0,700000
20668,203,1,1,1,3
20668,204,1,1,1,2
20668,205,1,1,1,2
20668,206,1,1,1,2
20668,1806,1,1,-1,2819
20668,1866,1,1,2,37037
20668,1871,1,1,2,47619
20668,1885,1,1,2,5650
20668,2112,1,1,1,253
20668,2116,1,1,1,245
20668,2117,1,1,1,245
20668,2118,1,1,1,245
20668,2503,1,1,1,2
20668,2917,1,1,-1,80961
20668,2969,1,1,1,251
20668,4041,1,1,2,1431
20668,4147,1,1,-1,14487
20668,4148,1,1,2,65
20668,4936,1,1,2,650
20668,5220,1,1,2,650
20668,8309,1,1,2,35
20668,8726,1,1,200,520
20668,8736,1,1,200,59
20669,57,851,1734,0,700000
20669,286,1,1,1,11
20669,1866,1,1,2,35714
20669,1871,1,1,2,50000
20669,1877,1,1,2,4255
20669,2121,1,1,1,1494
20669,4040,1,1,2,540
20669,4041,1,1,2,472
20669,4057,1,2,-1,49216
20669,4186,1,1,2,13
20669,4191,1,1,2,27
20669,4198,1,1,-1,1343
20669,4589,1,1,-1,5865
20669,5160,1,1,2,27
20669,5275,1,1,2,13
20669,6669,1,1,2,12048
20669,8726,1,1,200,607
20669,8736,1,1,200,81
20669,8746,1,1,200,972
20670,57,884,1793,0,700000
20670,948,1,1,-1,4558
20670,1864,1,1,2,125000
20670,1869,1,1,2,55556
20670,1880,1,1,2,3344
20670,4043,1,1,2,4292
20670,4065,1,1,-1,51000
20670,4072,1,1,1,3025
20670,4101,1,1,1,3904
20670,4102,1,1,1,3025
20670,4129,1,1,-1,19732
20670,4164,1,1,2,847
20670,4168,1,1,2,220
20670,4439,1,1,1,4644
20670,4616,1,1,2,441
20670,5550,1,1,2,2012
20670,8728,1,1,200,517
20670,8738,1,1,200,7
20670,8748,1,1,200,28
20670,12159,1,1,1,1536
20670,12160,1,1,1,234
20670,12170,1,1,1,90
20670,12171,1,1,1,1335
20671,57,926,1874,0,700000
20671,947,1,1,-1,763
20671,1864,1,1,2,111111
20671,1869,1,1,2,55556
20671,1880,1,1,2,9434
20671,2098,1,1,-1,10215
20671,4043,1,1,2,1658
20671,4052,1,1,-1,67520
20671,4078,1,1,1,1372
20671,4080,1,1,1,1932
20671,4081,1,1,1,926
20671,4168,1,1,2,1218
20671,5550,1,1,2,1597
20671,8728,1,1,200,1253
20671,8738,1,1,200,35
20671,12184,1,1,1,43
20671,12193,1,1,1,130
20671,12204,1,1,1,9
20672,57,940,1902,0,700000
20672,1868,1,1,2,142857
20672,1873,1,1,2,27027
20672,1889,1,1,2,5952
20672,4044,1,1,2,2457
20672,4052,1,1,-1,68521
20672,4070,1,1,-1,69281
20672,4090,1,1,1,3208
20672,4091,1,1,1,3208
20672,4096,1,1,1,3208
20672,4099,1,1,1,3208
20672,4154,1,1,-1,22904
20672,4991,1,1,2,267
20672,5276,1,1,2,30
20672,5549,1,1,2,6211
20672,8729,1,1,200,237
20672,8739,1,1,200,119
20672,8749,1,1,200,30
20672,12187,1,1,1,148
20672,12188,1,1,1,148
20672,12189,1,1,1,326
20672,12190,1,1,1,326
20673,57,983,1987,0,700000
20673,1867,1,1,2,100000
20673,1872,1,1,2,90909
20673,1875,1,1,2,8065
20673,1881,1,1,2,6757
20673,4041,1,1,-1,17584
20673,4041,1,1,2,240
20673,4052,1,2,-1,71593
20673,4114,1,1,1,1308
20673,4150,1,1,2,720
20673,5230,1,1,-1,2696
20673,6037,1,1,2,142857
20673,8330,1,1,1,458
20673,8336,1,1,1,362
20673,8729,1,1,200,371
20673,8739,1,1,200,109
20673,8749,1,1,200,44
20673,11929,1,1,1,22
20673,11930,1,1,1,44
20673,11943,1,1,1,44
20674,57,1415,2868,0,700000
20674,601,1,1,1,27
20674,1867,1,1,2,111111
20674,1872,1,1,2,125000
20674,1875,1,1,2,5128
20674,1881,1,1,2,11236
20674,2089,1,1,-1,15893
20674,2439,1,1,1,27
20674,2475,1,1,1,27
20674,2487,1,1,1,27
20674,4041,1,1,2,606
20674,4053,1,1,-1,125008
20674,4090,1,1,1,4833
20674,4091,1,1,1,4833
20674,4096,1,1,1,4833
20674,4099,1,1,1,4833
20674,4124,1,2,-1,129619
20674,4157,1,1,2,314
20674,5276,1,1,2,101
20674,8316,1,1,2,22
20674,8729,1,1,200,684
20674,8739,1,1,200,168
20674,8749,1,1,200,34
20675,57,605,1229,0,700000
20675,60,1,1,1,36
20675,1539,1,2,-1,277568
20675,1867,1,1,2,71429
20675,1872,1,1,2,66667
20675,1875,1,1,2,4566
20675,1881,1,1,2,5952
20675,1977,1,1,1,3821
20675,2353,1,1,2,106
20675,4041,1,1,2,562
20675,4042,1,1,-1,20818
20675,4184,1,1,2,199
20675,4602,1,1,-1,2776
20675,5155,1,1,2,199
20675,8725,1,1,200,2381
20675,8735,1,1,200,596
20676,57,1015,2058,0,700000
20676,1807,1,1,-1,2790
20676,1867,1,1,2,100000
20676,1872,1,1,2,100000
20676,1882,1,1,2,16393
20676,1894,1,1,2,2611
20676,4042,1,1,2,1149
20676,4052,1,1,1,3647
20676,4053,1,1,1,4415
20676,4054,1,1,1,2029
20676,5478,1,1,-1,17595
20676,5479,1,1,-1,12381
20676,6036,1,1,2,3030
20676,8729,1,1,200,801
20676,8739,1,1,200,383
20676,8759,1,1,200,70
20676,12341,1,1,1,488
20676,12342,1,1,1,557
20676,12343,1,1,1,732
20677,57,1142,2317,0,700000
20677,1864,1,1,2,166667
20677,1869,1,1,2,83333
20677,1880,1,1,2,8403
20677,3035,1,1,-1,3141
20677,4043,1,1,2,2475
20677,4121,1,1,1,1516
20677,5230,1,1,-1,3141
20677,5482,1,1,-1,31092
20677,5550,1,1,2,1196
20677,8316,1,1,2,90
20677,8729,1,1,200,939
20677,8739,1,1,200,342
20677,11944,1,1,1,256
20678,57,650,1321,0,700000
20678,266,1,1,1,9
20678,1895,1,1,2,7874
20678,1918,1,1,-1,58115
20678,1989,1,1,-1,40443
20678,2120,1,1,1,1190
20678,4040,1,1,2,853
20678,4042,1,1,2,1764
20678,4043,1,1,2,853
20678,4128,1,1,2,739
20678,4134,1,1,2,341
20678,4142,1,1,-1,10322
20678,5280,1,1,2,142
20678,8726,1,1,200,683
20678,8736,1,1,200,39
20678,8746,1,1,200,39
20679,57,668,1361,0,700000
20679,203,1,1,1,3
20679,204,1,1,1,2
20679,205,1,1,1,2
20679,206,1,1,1,2
20679,1806,1,1,-1,2764
20679,1867,1,1,2,58824
20679,1869,1,1,2,52632
20679,1870,1,1,2,45455
20679,1871,1,1,2,45455
20679,1872,1,1,2,66667
20679,1920,1,1,-1,47285
20679,2112,1,1,1,248
20679,2116,1,1,1,241
20679,2117,1,1,1,241
20679,2118,1,1,1,241
20679,2503,1,1,1,2
20679,2969,1,1,1,246
20679,4143,1,1,2,322
20679,4148,1,1,-1,6061
20679,4149,1,1,2,563
20679,4186,1,1,2,241
20679,5160,1,1,2,80
20679,8726,1,1,200,724
20679,8736,1,1,200,402
20679,8746,1,1,200,10
20680,57,708,1442,0,700000
20680,299,1,1,1,3
20680,301,1,1,1,4
20680,303,1,1,1,4
20680,1873,1,2,-1,585562
20680,1874,1,1,2,3448
20680,1876,1,1,-1,292781
20680,1878,1,1,2,22727
20680,1884,1,1,2,32258
20680,1889,1,1,2,3205
20680,2113,1,1,1,437
20680,2114,1,1,1,437
20680,2122,1,1,1,412
20680,3034,1,1,-1,2928
20680,4441,1,1,2,966
20680,5220,1,1,2,1631
20680,5280,1,1,2,121
20680,8311,1,1,2,60
20680,8726,1,1,200,1511
20680,8736,1,1,200,302
20680,8746,1,1,200,14
20681,57,489,993,0,700000
20681,71,1,1,1,11
20681,72,1,1,1,11
20681,1866,1,1,2,31250
20681,1871,1,1,2,52632
20681,1873,1,2,-1,403669
20681,1885,1,1,2,3279
20681,1908,1,1,-1,95566
20681,2059,1,1,1,886
20681,2060,1,1,1,947
20681,2063,1,1,-1,7800
20681,2225,1,1,2,1247
20681,2321,1,1,2,208
20681,4041,1,1,2,519
20681,4440,1,1,2,208
20681,5220,1,1,2,1715
20681,8723,1,1,200,1247
20681,8733,1,1,200,779
20682,57,484,990,0,700000
20682,397,1,1,1,63
20682,951,1,1,-1,1826
20682,1865,1,1,2,52632
20682,1870,1,1,2,58824
20682,1874,1,1,2,3953
20682,1876,1,2,-1,200889
20682,1961,1,1,1,3798
20682,2323,1,1,2,228
20682,2387,1,1,1,101
20682,2935,1,1,1,6310
20682,4039,1,1,-1,33482
20682,4039,1,1,2,1901
20682,4043,1,1,2,2128
20682,8723,1,1,200,2358
20682,8733,1,1,200,608
20682,8743,1,1,200,152
20683,57,631,1286,0,700000
20683,227,1,1,1,11
20683,242,1,1,1,11
20683,1868,1,1,2,111111
20683,1873,1,1,2,22222
20683,1889,1,1,-1,87064
20683,1889,1,1,2,3378
20683,1974,1,2,-1,109837
20683,2083,1,1,1,962
20683,2084,1,1,1,962
20683,2224,1,1,2,977
20683,2230,1,1,2,888
20683,2336,1,1,-1,3037
20683,3005,1,1,2,2398
20683,4044,1,1,2,1066
20683,5549,1,1,2,5405
20683,8724,1,1,200,2309
20683,8734,1,1,200,799
20683,8744,1,1,200,55
20684,57,662,1345,0,700000
20684,398,1,1,1,34
20684,399,1,1,1,32
20684,418,1,1,1,55
20684,419,1,1,1,51
20684,1539,1,1,2,11494
20684,1866,1,1,2,34483
20684,1871,1,1,2,66667
20684,1876,1,1,-1,273432
20684,1877,1,1,2,2710
20684,1966,1,1,-1,49915
20684,1966,1,1,1,2765
20684,1967,1,1,1,4130
20684,1975,1,1,1,2487
20684,1976,1,1,1,4604
20684,2078,1,1,-1,9084
20684,2341,1,1,2,177
20684,4040,1,1,2,834
20684,4041,1,1,2,209
20684,6668,1,1,2,20000
20684,8724,1,1,200,1252
20684,8734,1,1,200,209
20685,57,551,1123,0,700000
20685,195,1,1,1,9
20685,1867,1,1,2,76923
20685,1872,1,1,2,76923
20685,1875,1,1,2,4405
20685,1881,1,1,2,7353
20685,1970,1,1,-1,25480
20685,2082,1,1,1,891
20685,2090,1,1,-1,6218
20685,2166,1,1,-1,38678
20685,2330,1,1,2,210
20685,2351,1,1,2,210
20685,2502,1,1,1,9
20685,2968,1,1,1,853
20685,4041,1,1,2,210
20685,8724,1,1,200,840
20685,8734,1,1,200,420
20685,8744,1,1,200,368
20686,57,1153,2343,0,700000
20686,326,1,1,1,23
20686,1866,1,1,2,62500
20686,1871,1,1,2,76923
20686,1877,1,1,2,3425
20686,1880,1,1,-1,238035
20686,2110,1,1,1,2775
20686,2169,1,1,-1,42130
20686,2231,1,1,-1,10260
20686,2354,1,1,2,201
20686,2358,1,1,2,201
20686,4040,1,1,2,2513
20686,4041,1,1,2,457
20686,4609,1,1,2,229
20686,8725,1,1,200,2513
20686,8735,1,1,200,914
20745,57,449,894,0,700000
20745,393,1,1,1,104
20745,394,1,1,1,104
20745,415,1,1,1,165
20745,416,1,1,1,165
20745,848,1,1,-1,4157
20745,1832,1,3,-1,491857
20745,1867,1,1,2,166666
20745,1872,1,1,2,125000
20745,1882,1,1,2,31250
20745,1901,1,1,-1,122285
20745,1938,1,1,1,5275
20745,1939,1,1,1,6892
20745,2156,1,1,2,7143
20745,2272,1,1,2,673
20746,57,353,700,0,700000
20746,259,1,1,1,118
20746,1061,1,2,-1,420371
20746,1865,1,1,2,66667
20746,1870,1,1,2,66667
20746,1875,1,1,2,7407
20746,1879,1,1,2,20833
20746,1900,1,1,-1,75887
20746,2153,1,1,-1,107871
20746,2184,1,1,2,7407
20746,2272,1,1,2,1484
20747,46,1,1,1,1067
20747,57,494,989,0,700000
20747,627,1,1,1,1523
20747,1867,1,1,2,142857
20747,1872,1,1,2,142857
20747,1875,1,1,2,17241
20747,1881,1,1,2,6849
20747,1900,1,1,-1,106736
20747,2024,1,1,-1,13897
20747,2183,1,1,2,3425
20747,2203,1,1,-1,212542
20747,2274,1,1,2,544
20747,2282,1,1,2,544
20748,57,468,924,0,700000
20748,275,1,1,1,52
20748,276,1,1,1,52
20748,956,1,1,2,2391
20748,1061,1,2,-1,556782
20748,1831,1,1,2,250000
20748,1866,1,1,-1,612460
20748,1866,1,1,2,62500
20748,1871,1,3,-1,918690
20748,1871,1,1,2,111111
20748,1885,1,1,2,14706
20748,2024,1,1,1,2385
20748,2190,1,1,2,7299
20748,5220,1,1,2,2869
20749,46,1,1,1,1067
20749,57,522,960,0,700000
20749,627,1,1,1,1523
20749,1866,1,1,2,55556
20749,1871,1,3,-1,487784
20749,1871,1,1,2,250000
20749,1877,1,1,2,5332
20749,2025,1,1,-1,13512
20749,2153,1,1,-1,151721
20749,2184,1,1,2,14000
20750,57,501,945,0,700000
20750,222,1,1,1,161
20750,1829,1,1,2,16667
20750,1831,1,3,2,166666
20750,1867,1,3,2,111111
20750,1872,1,1,2,200000
20750,1882,1,1,2,33333
20750,1933,1,1,-1,111906
20750,1935,1,1,-1,53140
20750,2183,1,1,-1,62579
20751,57,1720,3517,0,700000
20751,62,1,1,1,93
20751,1894,1,1,-1,77496
20751,1894,1,1,2,5348
20751,1949,1,1,-1,246500
20751,1958,1,1,1,5213
20751,2161,1,1,-1,214431
20751,2216,1,1,2,10638
20751,2225,1,1,2,5673
20751,2321,1,1,2,910
20751,2429,1,1,1,93
20751,2430,1,1,1,93
20751,2431,1,1,1,93
20751,2432,1,1,1,93
20751,2433,1,1,1,93
20751,2452,1,1,1,93
20751,2453,1,1,1,93
20751,2454,1,1,1,93
20751,2937,1,1,1,5213
20751,2938,1,1,1,5213
20751,2939,1,1,1,5213
20751,2940,1,1,1,5213
20751,2941,1,1,1,5213
20751,2942,1,1,1,5213
20751,2943,1,1,1,5213
20751,2944,1,1,1,5213
20752,57,933,1879,0,700000
20752,353,1,1,1,129
20752,380,1,1,1,206
20752,1805,1,1,-1,6668
20752,1868,1,1,2,333333
20752,1873,1,1,2,71429
20752,1889,1,1,2,3300
20752,1905,1,1,-1,194586
20752,1950,1,1,1,8151
20752,1951,1,1,1,12677
20752,2160,1,1,2,6623
20752,2312,1,1,2,628
20752,5159,1,1,2,3300
20752,5549,1,1,-1,200035
20752,5549,1,1,2,20000
20753,57,1500,3018,0,700000
20753,75,1,1,1,5
20753,76,1,1,1,5
20753,77,1,1,1,5
20753,84,1,1,1,5
20753,134,1,1,1,5
20753,145,1,1,1,5
20753,1342,10,30,2,200000
20753,1868,1,3,2,125000
20753,1873,1,1,2,35714
20753,1874,1,1,-1,186818
20753,1875,1,1,-1,186818
20753,1889,1,1,2,5025
20753,2089,1,1,1,527
20753,2090,1,1,1,527
20753,2091,1,1,1,527
20753,2092,1,1,1,527
20753,2095,1,1,1,527
20753,2096,1,1,1,527
20753,2355,1,1,2,210
20753,3019,1,1,2,3434
20753,4044,1,1,2,5025
20753,4601,1,1,-1,6227
20753,4609,1,1,2,1259
20753,5549,1,1,2,7576
20753,8725,1,1,200,3774
20753,8735,1,1,200,602
20754,57,1636,3317,0,700000
20754,94,1,1,1,48
20754,1864,1,3,2,166667
20754,1869,1,9,-1,772301
20754,1869,1,1,2,166667
20754,1880,1,1,2,14085
20754,1911,1,1,-1,229766
20754,1967,1,1,-1,168487
20754,2079,1,1,1,4703
20754,2167,1,1,2,9174
20754,3009,1,1,2,4950
20754,4043,1,1,2,7092
20754,5550,1,1,2,4237
20754,8724,1,1,200,8475
20754,8734,1,1,200,3534
20754,8744,1,1,200,707
20755,57,337,674,0,700000
20755,222,1,1,1,113
20755,1061,1,1,-1,403626
20755,1341,10,30,2,200000
20755,1829,1,1,2,18868
20755,1876,1,1,2,7407
20755,1877,1,1,2,3175
20755,1880,1,1,2,7407
20755,1881,1,1,2,5291
20755,1882,1,1,2,13699
20755,1900,1,1,-1,72865
20755,2184,1,1,-1,69956
20755,2274,1,1,2,1058
20756,57,333,651,0,700000
20756,274,1,1,1,177
20756,1868,1,1,2,166666
20756,1873,1,1,2,32258
20756,1876,1,1,2,23810
20756,1899,1,2,-1,101019
20756,1932,1,1,-1,102623
20756,2152,1,1,2,10753
20756,2262,1,1,-1,10039
20756,6035,1,1,2,3571
20757,57,248,476,0,700000
20757,291,1,1,1,66
20757,847,1,1,-1,3546
20757,1868,1,3,-1,476958
20757,1875,1,1,2,2506
20757,1879,1,1,2,7519
20757,1885,1,1,2,3759
20757,2019,1,1,1,2879
20757,2152,1,1,2,10000
20757,2180,1,1,-1,35861
20757,5549,1,1,2,2506
20757,5550,1,1,2,2506
20758,57,830,1692,0,700000
20758,853,1,1,1,130
20758,884,1,1,1,196
20758,916,1,1,1,98
20758,952,1,1,2,1364
20758,1867,1,1,2,125000
20758,1872,1,1,2,125000
20758,1875,1,1,2,5814
20758,1881,1,1,2,12658
20758,1911,1,1,1,9434
20758,1912,1,1,1,13668
20758,1913,1,1,1,7713
20758,2167,1,1,-1,87619
20758,2946,1,1,-1,95994
20758,4041,1,1,2,1364
20758,8724,1,1,200,1706
20758,8734,1,1,200,682
20758,8744,1,1,200,341
20759,57,781,1588,0,700000
20759,398,1,1,1,41
20759,399,1,1,1,38
20759,418,1,1,1,65
20759,419,1,1,1,60
20759,952,1,1,2,364
20759,1865,1,1,2,83333
20759,1870,1,1,2,76923
20759,1874,1,1,2,4000
20759,1912,1,1,-1,173912
20759,1966,1,1,1,3263
20759,1967,1,1,1,4875
20759,1975,1,1,1,2936
20759,1976,1,1,1,5435
20759,2166,1,1,-1,54709
20759,2167,1,1,-1,82342
20759,2168,1,1,2,14580
20759,4039,1,1,2,3636
20759,4043,1,1,2,3279
20759,8724,1,1,200,2915
20759,8734,1,1,200,728
20760,57,809,1650,0,700000
20760,398,1,1,1,42
20760,399,1,1,1,39
20760,418,1,1,1,67
20760,419,1,1,1,62
20760,951,1,1,-1,3046
20760,951,1,1,2,366
20760,1866,1,1,2,52632
20760,1871,1,5,-1,837724
20760,1871,1,1,2,76923
20760,1877,1,1,2,4032
20760,1911,1,1,-1,124615
20760,1966,1,1,1,3388
20760,1967,1,1,1,5061
20760,1975,1,1,1,3048
20760,1976,1,1,1,5642
20760,2327,1,1,2,1098
20760,2343,1,1,2,216
20760,4040,1,1,2,732
20760,4041,1,1,2,732
20760,8724,1,1,200,1828
20760,8734,1,1,200,1464
20760,8744,1,1,200,366
20761,57,3286,6671,0,700000
20761,1807,1,1,-1,9041
20761,1868,1,3,2,200000
20761,1873,1,1,2,83333
20761,1874,1,1,-1,452069
20761,1875,1,1,-1,452069
20761,1889,1,1,2,13889
20761,4044,1,1,2,4808
20761,4403,1,1,2,385
20761,4989,1,1,2,962
20761,5287,1,1,1,15
20761,5288,1,1,1,24
20761,5293,1,1,1,10
20761,5338,1,1,2,192
20761,5520,1,1,1,2153
20761,5521,1,1,1,1520
20761,5524,1,1,1,3291
20761,5549,1,1,2,23256
20761,8730,1,1,200,2309
20761,8740,1,1,200,192
20762,57,2311,4698,0,700000
20762,1807,1,1,-1,6365
20762,1807,1,1,2,314
20762,1867,1,1,2,200000
20762,1872,1,1,2,200000
20762,1875,1,1,2,8621
20762,1881,1,1,2,20000
20762,4041,1,1,2,1441
20762,5297,1,1,1,14
20762,5298,1,1,1,22
20762,5301,1,1,1,10
20762,5336,1,1,2,192
20762,5478,1,1,-1,40140
20762,5478,1,1,1,1976
20762,5479,1,1,1,1391
20762,5482,1,1,1,3102
20762,8730,1,1,200,1634
20762,8740,1,1,200,577
20762,8750,1,1,200,96
20763,57,639,1270,0,700000
20763,129,1,1,1,47
20763,1867,1,1,2,200000
20763,1872,1,1,2,166667
20763,1873,1,1,-1,505674
20763,1875,1,1,2,10638
20763,1881,1,1,2,9709
20763,1902,1,1,-1,128084
20763,1941,1,1,-1,50276
20763,2034,1,1,1,3453
20763,2146,1,1,2,5848
20763,2196,1,1,2,7752
20764,57,577,1143,0,700000
20764,437,1,1,1,131
20764,470,1,1,1,210
20764,1825,1,1,-1,80925
20764,1867,1,1,2,142857
20764,1872,1,1,2,166667
20764,1875,1,1,2,6944
20764,1881,1,1,2,14925
20764,1902,1,1,-1,114787
20764,1903,1,1,-1,188982
20764,1944,1,1,1,7468
20764,1945,1,1,1,11629
20764,2149,1,1,2,6944
20764,5473,1,1,2,4950
20765,57,497,993,0,700000
20765,850,1,1,1,181
20765,881,1,1,1,272
20765,913,1,1,1,136
20765,1868,1,1,2,200000
20765,1873,1,1,-1,392112
20765,1873,1,1,2,41667
20765,1876,1,1,2,27027
20765,1895,1,1,2,35714
20765,1902,1,1,1,8558
20765,1903,1,1,1,14089
20765,1904,1,1,-1,91487
20765,1904,1,1,1,7883
20765,2145,1,1,-1,70020
20765,2145,1,1,2,13514
20765,2158,1,1,2,12500
20766,57,445,889,0,700000
20766,63,1,1,1,263
20766,553,1,1,1,263
20766,1864,1,1,2,200000
20766,1869,1,3,-1,876362
20766,1869,1,1,2,90909
20766,1878,1,1,2,37037
20766,1884,1,1,2,40000
20766,1901,1,1,-1,121045
20766,1940,1,1,1,9935
20766,2154,1,1,-1,93829
20766,2155,1,1,2,11628
20766,2195,1,1,2,1295
20766,2422,1,1,1,263
20766,2423,1,1,1,263
20766,2446,1,1,1,263
20766,2447,1,1,1,263
20766,6035,1,1,2,5181
20767,57,760,1541,0,700000
20767,281,1,1,1,33
20767,1865,1,1,2,76923
20767,1870,1,1,2,71429
20767,1875,1,1,2,3012
20767,1879,1,1,-1,261151
20767,1879,1,1,2,15152
20767,2074,1,1,1,2623
20767,2076,1,1,-1,12289
20767,2220,1,1,-1,32441
20767,2225,1,1,2,3012
20767,2321,1,1,2,323
20767,2322,1,1,2,323
20767,4040,1,1,2,752
20767,8723,1,1,200,3759
20768,57,728,1490,0,700000
20768,631,1,1,1,179
20768,1832,1,1,2,83333
20768,1865,1,1,2,71429
20768,1870,1,1,2,66667
20768,1875,1,1,2,2439
20768,1879,1,1,2,11364
20768,1908,1,1,-1,143002
20768,1909,1,1,-1,203930
20768,1964,1,1,1,9612
20768,2163,1,1,-1,77046
20768,2163,1,1,2,3247
20768,2315,1,1,2,311
20768,2319,1,1,2,311
20768,2413,1,1,1,126
20768,2495,1,1,1,179
20768,2936,1,1,1,8730
20768,2945,1,1,1,9612
20768,8723,1,1,200,1623
20769,57,583,1182,0,700000
20769,70,1,1,1,17
20769,1866,1,1,2,71429
20769,1871,1,1,2,111111
20769,1885,1,1,-1,100134
20769,1885,1,1,2,14706
20769,2047,1,1,1,1327
20769,2161,1,1,2,10638
20769,2297,1,1,2,377
20769,2499,1,1,1,17
20769,2967,1,1,1,1309
20769,4469,1,1,-1,6866
20769,5220,1,1,-1,48064
20769,5220,1,1,2,5747
20769,5269,1,1,2,288
20770,57,696,1393,0,700000
20770,159,1,1,1,8
20770,187,1,1,1,8
20770,188,1,1,1,8
20770,189,1,1,1,8
20770,190,1,1,1,8
20770,1805,1,1,-1,4701
20770,1805,1,1,2,338
20770,1867,1,1,2,142857
20770,1872,1,1,2,166667
20770,1882,1,1,2,25641
20770,1894,1,1,2,2857
20770,1905,1,1,-1,137195
20770,1906,1,1,-1,193864
20770,2048,1,1,1,586
20770,2049,1,1,1,586
20770,2050,1,1,1,621
20770,2051,1,1,1,621
20770,2058,1,1,1,586
20770,2298,1,1,2,442
20770,5269,1,1,2,338
20771,57,2129,4296,0,700000
20771,171,1,1,1,4
20771,175,1,1,1,4
20771,210,1,1,1,4
20771,948,1,1,-1,10950
20771,1875,1,1,-1,291994
20771,1895,1,1,2,50000
20771,4040,1,1,2,4313
20771,4042,1,1,-1,72999
20771,4042,1,1,2,3594
20771,4043,1,1,2,9259
20771,4116,1,1,1,943
20771,4117,1,1,1,943
20771,4118,1,1,1,893
20771,4953,1,1,2,1852
20771,5276,1,1,2,288
20771,8729,1,1,200,1852
20772,57,2052,4155,0,700000
20772,300,1,1,1,15
20772,1867,1,1,2,166667
20772,1872,1,1,2,200000
20772,1875,1,1,-1,281689
20772,1875,1,1,2,7937
20772,1881,1,1,2,24390
20772,1986,1,1,-1,44649
20772,4041,1,1,2,1980
20772,4113,1,1,1,3211
20772,4163,1,1,2,1033
20772,4613,1,1,-1,5828
20772,4618,1,1,2,216
20772,4999,1,1,2,1941
20772,8728,1,1,200,661
20772,8738,1,1,200,187
20773,57,1748,3569,0,700000
20773,730,1,1,2,65
20773,1807,1,1,-1,4827
20773,1868,1,1,2,250000
20773,1873,1,1,2,76923
20773,1889,1,1,2,16393
20773,4044,1,1,2,2315
20773,4157,1,1,2,284
20773,5478,1,1,-1,30441
20773,5479,1,1,-1,21420
20773,5549,1,1,2,15385
20773,6323,1,1,1,21
20773,6324,1,1,1,28
20773,6325,1,1,1,41
20773,6341,1,1,1,4930
20773,6343,1,1,1,3811
20773,6345,1,1,1,6818
20773,8730,1,1,200,851
20773,8740,1,1,200,458
20773,8750,1,1,200,22
20774,57,1844,3751,0,700000
20774,1807,1,1,-1,5079
20774,1868,1,1,2,333333
20774,1873,1,1,2,55556
20774,1876,1,1,2,29412
20774,1889,1,1,-1,253956
20774,1895,1,1,2,45455
20774,4042,1,1,2,3125
20774,5271,1,1,2,99
20774,5290,1,1,1,25
20774,5291,1,1,1,25
20774,5295,1,1,1,25
20774,5296,1,1,1,25
20774,5478,1,1,-1,32033
20774,5496,1,1,1,3298
20774,5497,1,1,1,3298
20774,5508,1,1,1,3298
20774,5509,1,1,1,3298
20774,8730,1,1,200,1030
20774,8740,1,1,200,163
20774,8750,1,1,200,36
20775,15,1,1,1,106
20775,57,119,191,0,700000
20775,1800,1,1,-1,76617
20775,1868,1,1,2,95958
20775,1873,1,1,2,19192
20775,1897,1,1,-1,58010
20775,2011,1,1,1,1643
20775,2144,1,1,2,9596
20775,2253,1,1,-1,9985
20776,57,137,239,0,700000
20776,735,1,1,2,1626
20776,1101,1,1,1,866
20776,1104,1,1,1,1383
20776,1831,1,1,2,52030
20776,1865,1,2,-1,297237
20776,1866,1,1,-1,198158
20776,1867,1,1,2,26015
20776,1869,1,1,2,19511
20776,1870,1,1,2,19511
20776,1871,1,1,2,19511
20776,1872,1,1,2,26015
20776,1897,1,1,-1,70771
20776,2140,1,1,2,3903
20776,5158,1,1,2,781
20777,37,1,1,1,3313
20777,49,1,1,1,3313
20777,57,114,168,0,700000
20777,1792,1,1,-1,16388
20777,1794,1,1,2,3228
20777,1831,1,1,-1,594351
20777,1868,1,1,2,87782
20777,1873,1,1,2,17557
20777,1896,1,1,-1,94441
20777,1921,1,1,1,28317
20778,57,343,761,0,700000
20778,352,1,1,1,47
20778,1866,1,1,2,46624
20778,1871,1,1,2,69936
20778,1877,1,1,2,2798
20778,1902,1,1,-1,82244
20778,1903,1,1,-1,135404
20778,1941,1,1,1,2782
20778,2202,1,1,2,7151
20778,2288,1,1,2,389
20778,2289,1,1,2,389
20778,2290,1,1,-1,4510
20778,2377,1,1,1,75
20778,2378,1,1,1,75
20778,2918,1,1,1,4149
20778,2919,1,1,1,4149
20779,57,307,611,0,700000
20779,318,1,1,1,27
20779,1866,1,1,-1,483184
20779,1866,1,1,2,49954
20779,1871,1,1,2,74931
20779,1877,1,1,2,2998
20779,1904,1,1,-1,67641
20779,2042,1,1,1,1732
20779,2158,1,1,-1,89700
20779,2286,1,1,2,417
20779,2290,1,1,2,417
20779,8723,1,1,200,875
20780,57,301,601,0,700000
20780,157,1,1,1,22
20780,186,1,1,1,22
20780,1866,1,1,2,62500
20780,1871,1,1,2,100000
20780,1877,1,1,-1,23762
20780,1877,1,1,2,2375
20780,1901,1,1,-1,82051
20780,2027,1,1,1,1380
20780,2186,1,1,2,2849
20780,2980,1,1,-1,79524
20781,57,299,595,0,700000
20781,436,1,1,1,206
20781,469,1,1,1,329
20781,1875,1,1,2,1712
20781,1879,1,1,2,6849
20781,1885,1,1,2,4115
20781,1901,1,1,-1,81246
20781,1938,1,1,-1,39544
20781,2187,1,1,2,685
20781,2192,1,1,-1,75029
20781,2273,1,1,2,280
20781,5549,1,1,2,3425
20781,5550,1,1,2,342
20781,6667,1,1,2,25000
20782,57,122,197,0,700000
20782,256,1,1,1,218
20782,1800,1,1,-1,78931
20782,1801,1,1,-1,126448
20782,1867,1,1,2,49428
20782,1872,1,1,2,49428
20782,1924,1,1,-1,80968
20782,2150,1,1,2,17405
20782,5268,1,1,2,1483
20783,57,137,273,0,700000
20783,316,1,1,1,10
20783,317,1,1,1,10
20783,1874,1,1,2,2381
20783,1878,1,1,2,8333
20783,1884,1,1,2,18868
20783,1889,1,1,2,1368
20783,1900,1,1,-1,29540
20783,1935,1,1,-1,15084
20783,2030,1,1,1,560
20783,2153,1,1,2,5952
20783,2203,1,1,-1,58822
20783,2977,1,1,2,2381
20783,5220,1,1,2,821
20784,57,154,309,0,700000
20784,83,1,1,1,8
20784,124,1,1,1,6
20784,127,1,1,1,6
20784,130,1,1,1,6
20784,144,1,1,1,8
20784,1875,1,1,2,2747
20784,1879,1,1,2,4950
20784,1885,1,1,2,1372
20784,2021,1,1,-1,3853
20784,2026,1,1,1,326
20784,2153,1,1,-1,47454
20784,2184,1,1,-1,32051
20784,2250,1,1,2,10753
20784,5549,1,1,2,3846
20784,5550,1,1,2,274
20785,57,149,298,0,700000
20785,606,1,1,1,26
20785,1124,1,1,1,26
20785,1341,10,30,2,66667
20785,1875,1,1,-1,19616
20785,1875,1,1,2,1572
20785,1879,1,1,2,2755
20785,1885,1,1,2,1179
20785,1933,1,1,-1,34617
20785,1946,1,1,1,1285
20785,1948,1,1,1,1285
20785,2022,1,1,-1,4583
20785,2185,1,1,2,3937
20785,2424,1,1,1,26
20785,2425,1,1,1,26
20785,2426,1,1,1,26
20785,2448,1,1,1,26
20785,2449,1,1,1,26
20785,2450,1,1,1,26
20785,2923,1,1,1,1285
20785,2924,1,1,1,1285
20785,2925,1,1,1,1285
20785,2926,1,1,1,1285
20785,2927,1,1,1,1285
20785,2928,1,1,1,1285
20785,2982,1,1,2,3937
20785,5549,1,1,2,2358
20785,5550,1,1,2,197
20785,6667,1,1,2,13514
20786,57,166,330,0,700000
20786,395,1,1,1,38
20786,417,1,1,1,61
20786,1875,1,1,2,1770
20786,1879,1,1,2,3745
20786,1885,1,1,2,3745
20786,1942,1,1,1,2150
20786,1943,1,1,1,3348
20786,2026,1,1,-1,3925
20786,2155,1,1,-1,52351
20786,2278,1,1,2,197
20786,2286,1,1,2,118
20786,2977,1,1,2,2950
20786,5549,1,1,2,3145
20786,5550,1,1,-1,4349
20786,5550,1,1,2,281
20787,57,199,397,0,700000
20787,850,1,1,1,73
20787,881,1,1,1,110
20787,913,1,1,1,55
20787,1341,10,30,2,83333
20787,1832,1,1,2,30303
20787,1870,1,1,-1,395470
20787,1875,1,1,2,1190
20787,1879,1,1,2,5882
20787,1885,1,1,2,3401
20787,1902,1,1,1,3453
20787,1903,1,1,1,5684
20787,1904,1,1,1,3181
20787,2029,1,1,-1,4717
20787,2188,1,1,2,2976
20787,5473,1,1,2,1616
20787,5549,1,1,-1,39547
20787,5549,1,1,2,2551
20787,5550,1,1,2,425
20788,57,356,708,0,700000
20788,260,1,1,1,77
20788,1874,1,1,2,3135
20788,1878,1,1,2,25000
20788,1884,1,1,2,31250
20788,1889,1,1,2,3135
20788,1901,1,2,-1,96683
20788,2186,1,1,-1,23411
20788,2189,1,1,2,1883
20788,2275,1,1,2,628
20788,2293,1,1,2,259
20788,5220,1,1,2,25131
20789,57,333,668,0,700000
20789,393,1,1,1,77
20789,394,1,1,1,77
20789,415,1,1,1,123
20789,416,1,1,1,123
20789,1341,10,30,2,166667
20789,1661,1,1,2,14286
20789,1874,1,1,2,5000
20789,1878,1,1,2,27027
20789,1884,1,1,2,28571
20789,1889,1,1,2,2857
20789,1938,1,1,1,3925
20789,1939,1,1,1,5129
20789,2030,1,1,-1,7705
20789,2154,1,1,-1,70536
20789,2188,1,1,-1,47058
20789,2275,1,1,2,313
20789,5220,1,1,2,2857
20790,57,428,852,0,700000
20790,224,1,1,1,16
20790,1341,10,30,2,166667
20790,1660,1,1,1,16
20790,1868,1,5,-1,843210
20790,1874,1,1,2,4367
20790,1878,1,1,2,20408
20790,1884,1,1,2,32258
20790,1889,1,1,2,4695
20790,1902,1,1,-1,85432
20790,2038,1,1,1,1152
20790,2039,1,1,-1,8536
20790,2044,1,1,1,1152
20790,2147,1,1,2,4695
20790,2289,1,1,2,336
20790,2984,1,1,2,7042
20790,5220,1,1,2,1757
20790,6667,1,1,2,34483
20791,57,736,1466,0,700000
20791,352,1,1,1,84
20791,1825,1,1,-1,103491
20791,1876,1,1,2,29412
20791,1877,1,1,2,4219
20791,1880,1,1,2,9804
20791,1881,1,1,2,16129
20791,1882,1,1,2,30303
20791,1941,1,1,1,4964
20791,2041,1,1,-1,16162
20791,2196,1,1,-1,59380
20791,2198,1,1,2,4219
20791,2377,1,1,1,134
20791,2378,1,1,1,134
20791,2918,1,1,1,7405
20791,2919,1,1,1,7405
20791,3020,1,1,2,595
20792,57,684,1363,0,700000
20792,88,1,1,1,10
20792,90,1,1,1,10
20792,158,1,1,1,10
20792,169,1,1,1,10
20792,172,1,1,1,10
20792,1876,1,1,2,22727
20792,1877,1,1,2,3215
20792,1880,1,1,2,12195
20792,1881,1,1,2,20000
20792,1882,1,1,2,25000
20792,1903,1,1,-1,224868
20792,2031,1,1,1,706
20792,2032,1,1,1,644
20792,2035,1,1,-1,13647
20792,2035,1,1,1,706
20792,2036,1,1,1,706
20792,2037,1,1,1,706
20792,2198,1,1,2,2571
20792,2202,1,1,-1,137841
20792,3020,1,1,2,1285
20793,57,740,1478,0,700000
20793,93,1,1,1,28
20793,294,1,1,1,28
20793,1341,10,30,2,333333
20793,1876,1,1,2,21277
20793,1877,1,2,-1,58846
20793,1877,1,1,2,4032
20793,1880,1,1,2,9091
20793,1881,1,2,-1,196153
20793,1881,1,1,2,14286
20793,1882,1,1,2,23810
20793,2033,1,1,1,2121
20793,2037,1,1,-1,14892
20793,2041,1,1,1,2121
20793,2147,1,1,2,6024
20793,2205,1,1,2,3135
20794,57,678,1353,0,700000
20794,225,1,1,1,39
20794,1866,1,3,-1,915655
20794,1866,1,1,2,71429
20794,1871,1,1,2,100000
20794,1885,1,1,2,3521
20794,1952,1,1,-1,43994
20794,2052,1,1,1,2991
20794,2206,1,1,2,2600
20794,2991,1,1,-1,109007
20794,4556,1,1,2,395
20794,5220,1,1,2,7042
20794,5274,1,1,2,329
20795,57,654,1246,0,700000
20795,736,1,1,2,83333
20795,851,1,1,1,180
20795,882,1,1,1,269
20795,914,1,1,1,134
20795,1867,1,1,2,166667
20795,1872,1,1,2,166667
20795,1882,1,1,2,13699
20795,1894,1,1,2,13699
20795,1905,1,1,1,10554
20795,1906,1,1,1,14914
20795,1907,1,1,1,7548
20795,2047,1,1,-1,11397
20795,2161,1,1,-1,125863
20795,2303,1,1,2,406
20795,2304,1,1,2,407
20795,4469,1,1,-1,7408
20796,57,671,1364,0,700000
20796,396,1,1,1,163
20796,737,1,1,2,8621
20796,1868,1,1,2,166667
20796,1873,1,1,2,37037
20796,1889,1,1,2,4926
20796,1905,1,1,-1,134890
20796,1952,1,1,1,11152
20796,2199,1,1,-1,58509
20796,2930,1,1,-1,111783
20796,2998,1,1,2,1235
20796,3033,1,1,2,233
20796,3954,1,1,2,233
20796,4557,1,1,2,279
20796,5549,1,1,2,4926
20796,6668,1,1,2,27027
20797,57,1025,2077,0,700000
20797,397,1,1,1,132
20797,1864,1,1,2,200000
20797,1869,1,1,2,125000
20797,1880,1,1,2,12195
20797,1908,1,1,-1,199462
20797,1961,1,1,1,7965
20797,2163,1,1,-1,107465
20797,2220,1,1,2,5208
20797,2225,1,1,2,1736
20797,2321,1,1,2,497
20797,2387,1,1,1,211
20797,2935,1,1,1,13232
20797,4440,1,1,-1,7339
20797,5550,1,1,2,6944
20797,8723,1,1,200,3472
20797,8733,1,1,200,1736
20798,57,826,1677,0,700000
20798,71,1,1,1,18
20798,72,1,1,1,18
20798,1864,1,1,2,166667
20798,1869,1,1,2,83333
20798,1880,1,1,2,8621
20798,1908,1,1,-1,161471
20798,2059,1,1,1,1497
20798,2060,1,1,1,1600
20798,2220,1,1,2,1236
20798,2225,1,1,2,618
20798,4042,1,1,-1,28419
20798,4043,1,1,-1,56838
20798,5550,1,1,2,3704
20798,8723,1,1,200,3096
20798,8733,1,1,200,1236
20799,57,828,1693,0,700000
20799,354,1,1,1,81
20799,381,1,1,1,129
20799,1866,1,1,2,71429
20799,1871,1,1,2,90909
20799,1877,1,1,2,6579
20799,1959,1,1,1,5465
20799,1960,1,1,1,11116
20799,2065,1,1,-1,13270
20799,2164,1,1,-1,132064
20799,2230,1,1,2,2625
20799,2317,1,1,-1,5982
20799,2326,1,1,2,404
20799,4040,1,1,2,2625
20799,4041,1,1,2,657
20799,8723,1,1,200,1969
20799,8733,1,1,200,1314
20799,8743,1,1,200,612
20800,57,777,1584,0,700000
20800,355,1,1,1,56
20800,382,1,1,1,89
20800,1867,1,1,2,100000
20800,1872,1,1,2,111111
20800,1875,1,1,2,4386
20800,1881,1,1,2,8772
20800,1911,1,1,-1,119596
20800,1966,1,1,-1,58706
20800,1968,1,1,1,4292
20800,1969,1,1,1,6808
20800,2223,1,1,-1,62324
20800,2226,1,1,2,2193
20800,2333,1,1,2,237
20800,4041,1,1,2,885
20800,8724,1,1,200,730
20800,8734,1,1,200,300
20800,8744,1,1,200,730
20801,57,942,1907,0,700000
20801,951,1,1,-1,3528
20801,1539,1,1,2,11765
20801,1868,1,1,2,142857
20801,1873,1,1,2,28571
20801,1876,1,1,2,19231
20801,1895,1,1,2,7463
20801,2330,1,1,-1,4513
20801,2347,1,1,2,200
20801,2351,1,1,2,180
20801,2946,1,1,-1,108463
20801,3010,1,1,2,2137
20801,4042,1,1,2,4274
20801,4233,1,1,1,30
20801,4438,1,1,2,3067
20801,6668,1,1,2,27778
20801,8724,1,1,200,2137
20801,8734,1,1,200,251
20802,57,886,1798,0,700000
20802,325,1,1,1,29
20802,737,1,1,2,11591
20802,1342,10,30,2,200000
20802,1894,1,1,2,4067
20802,1975,1,1,-1,60146
20802,2088,1,1,1,2859
20802,2333,1,1,-1,4258
20802,2334,1,1,2,270
20802,4039,1,1,-1,61038
20802,4039,1,1,2,3864
20802,4041,1,1,2,1008
20802,4044,1,1,2,3864
20802,8724,1,1,200,1718
20802,8734,1,1,200,764
20803,57,1666,3379,0,700000
20803,231,1,1,1,17
20803,233,1,1,1,17
20803,1895,1,1,2,47619
20803,2106,1,1,1,1938
20803,2107,1,1,1,1938
20803,2356,1,1,2,332
20803,2360,1,1,2,577
20803,3014,1,1,2,1730
20803,4040,1,1,2,2309
20803,4042,1,1,-1,57307
20803,4042,1,1,2,2309
20803,4043,1,1,-1,114615
20803,4043,1,1,2,4032
20803,4044,1,3,-1,114615
20803,8725,1,1,200,5780
20803,8735,1,1,200,1730
20804,57,830,1660,0,700000
20804,630,1,1,1,274
20804,735,1,1,2,9901
20804,1864,1,3,2,125000
20804,1869,1,1,2,125000
20804,1878,1,1,2,50000
20804,1884,1,1,2,71429
20804,1953,1,1,-1,53848
20804,1956,1,1,1,15971
20804,2160,1,1,-1,108461
20804,2207,1,1,2,3460
20804,2298,1,1,2,566
20804,2412,1,1,1,192
20804,2494,1,1,1,274
20804,2930,1,1,1,11343
20804,2934,1,1,1,15971
20804,4470,1,1,-1,9607
20804,5274,1,1,2,200
20805,57,892,1903,0,700000
20805,159,1,1,1,11
20805,187,1,1,1,11
20805,188,1,1,1,11
20805,189,1,1,1,11
20805,190,1,1,1,11
20805,1895,1,1,2,62500
20805,1905,1,1,-1,176987
20805,2048,1,1,1,756
20805,2049,1,1,1,756
20805,2050,1,1,1,801
20805,2051,1,1,1,801
20805,2053,1,1,-1,15044
20805,2058,1,1,1,756
20805,2162,1,1,-1,87895
20805,2205,1,1,2,6667
20805,2305,1,1,2,794
20805,5164,1,1,2,1006
20805,6668,1,1,2,76923
20806,57,846,1718,0,700000
20806,70,1,1,1,25
20806,1805,1,1,-1,5824
20806,1865,1,1,2,142857
20806,1870,1,1,2,142857
20806,1875,1,1,2,9346
20806,1879,1,1,2,22727
20806,2047,1,1,1,1929
20806,2204,1,1,-1,34598
20806,2300,1,1,2,835
20806,2499,1,1,1,25
20806,2934,1,2,-1,198321
20806,2967,1,1,1,1903
20806,2999,1,1,2,11765
20806,5159,1,1,2,152
20807,57,887,1813,0,700000
20807,439,1,1,1,115
20807,471,1,1,1,184
20807,737,1,1,2,10204
20807,1866,1,1,2,41667
20807,1871,1,1,2,71429
20807,1885,1,1,2,4878
20807,1908,1,2,-1,173910
20807,1910,1,1,-1,138290
20807,1954,1,1,1,11537
20807,1962,1,1,1,6944
20807,2164,1,2,-1,141269
20807,2221,1,1,2,1328
20807,2225,1,1,2,885
20807,2316,1,1,2,442
20807,2321,1,1,2,336
20807,5220,1,1,2,4878
20807,8723,1,1,200,1770
20807,8733,1,1,200,885
20807,8743,1,1,200,442
20808,57,1103,2236,0,700000
20808,439,1,1,1,142
20808,471,1,1,1,227
20808,1894,1,1,2,5181
20808,1908,1,1,-1,215579
20808,1954,1,1,-1,121027
20808,1954,1,1,1,14301
20808,1962,1,1,1,8608
20808,2163,1,1,-1,116149
20808,2324,1,1,2,625
20808,4039,1,1,2,4032
20808,4041,1,1,2,1152
20808,4044,1,1,2,3460
20808,6668,1,1,2,55556
20808,8723,1,1,200,4608
20808,8733,1,1,200,576
20809,57,1955,3973,0,700000
20809,357,1,1,1,15
20809,383,1,1,1,23
20809,1868,1,1,2,250000
20809,1873,1,1,2,41667
20809,1889,1,1,2,7194
20809,2376,1,1,1,15
20809,2379,1,1,1,23
20809,4044,1,1,2,3731
20809,4049,1,1,-1,211817
20809,4056,1,1,1,2699
20809,4057,1,1,1,4171
20809,4064,1,1,1,2699
20809,4065,1,1,1,4171
20809,4158,1,1,2,317
20809,4439,1,1,-1,278503
20809,4973,1,1,-1,43704
20809,4981,1,1,2,464
20809,4999,1,1,2,1799
20809,5549,1,1,2,11905
20809,8728,1,1,200,3322
20809,8738,1,1,200,692
20810,57,1955,3974,0,700000
20810,91,1,1,1,7
20810,92,1,1,1,7
20810,947,1,1,-1,1615
20810,1874,1,1,2,6250
20810,1878,1,1,2,52632
20810,1884,1,1,2,83333
20810,1889,1,1,2,6536
20810,4105,1,1,1,1707
20810,4106,1,1,1,1679
20810,4109,1,1,-1,22751
20810,4159,1,1,2,906
20810,4974,1,1,-1,65557
20810,5220,1,1,2,4525
20810,8728,1,1,200,1812
20810,8738,1,1,200,201
20810,8748,1,1,200,403
20810,8758,1,1,200,101
20811,57,2315,4695,0,700000
20811,78,1,1,1,6
20811,142,1,1,1,6
20811,148,1,1,1,6
20811,947,1,1,-1,1909
20811,1865,1,1,2,125000
20811,1870,1,1,2,125000
20811,1875,1,2,-1,318218
20811,1875,1,1,2,10000
20811,1879,1,1,2,23256
20811,4040,1,1,-1,95465
20811,4040,1,1,2,2933
20811,4104,1,1,1,1345
20811,4107,1,1,1,1324
20811,4108,1,1,1,1324
20811,4167,1,1,2,1200
20811,4401,1,1,2,133
20811,4619,1,1,2,133
20811,6670,1,1,2,23256
20811,8728,1,1,200,1733
20811,8738,1,1,200,933
20811,8748,1,1,200,118
20812,57,2288,4634,0,700000
20812,284,1,1,1,17
20812,1867,1,1,2,250000
20812,1872,1,1,2,250000
20812,1875,1,1,-1,314143
20812,1875,1,1,2,7692
20812,1881,1,1,2,24390
20812,4041,1,1,2,2410
20812,4112,1,1,1,3940
20812,4613,1,1,-1,6500
20812,4617,1,1,-1,6500
20812,4620,1,1,2,965
20812,8728,1,1,200,3861
20812,8738,1,1,200,176
20813,57,2083,4219,0,700000
20813,1867,1,1,2,200000
20813,1872,1,1,2,200000
20813,1875,1,1,2,7519
20813,1881,1,1,2,17241
20813,2398,1,1,1,14
20813,2399,1,1,1,14
20813,2403,1,1,1,21
20813,2404,1,1,1,21
20813,4041,1,1,2,469
20813,4052,1,1,-1,151920
20813,4084,1,1,1,2753
20813,4085,1,1,1,2753
20813,4086,1,1,1,3717
20813,4087,1,1,1,3717
20813,4620,1,1,2,469
20813,4982,1,1,-1,21348
20813,5230,1,1,-1,5721
20813,8728,1,1,200,938
20813,8738,1,1,200,938
20814,57,2405,4872,0,700000
20814,601,1,1,1,46
20814,948,1,1,-1,12387
20814,1866,1,1,2,100000
20814,1871,1,1,2,166667
20814,1877,1,1,2,5780
20814,2439,1,1,1,46
20814,2475,1,1,1,46
20814,2487,1,1,1,46
20814,4040,1,1,2,3937
20814,4041,1,1,2,1445
20814,4053,1,1,-1,212371
20814,4090,1,1,1,8211
20814,4091,1,1,1,8211
20814,4096,1,1,1,8211
20814,4099,1,1,1,8211
20814,4975,1,1,2,1052
20814,5230,1,1,-1,6606
20814,5276,1,1,2,131
20814,8729,1,1,200,2232
20814,8739,1,1,200,263
20814,8749,1,1,200,131
20815,57,2984,6041,0,700000
20815,1865,1,1,2,200000
20815,1870,1,1,2,200000
20815,1874,1,1,2,13889
20815,2391,1,1,1,26
20815,2392,1,1,1,26
20815,4039,1,1,2,6410
20815,4043,1,1,2,5587
20815,4052,1,1,-1,217631
20815,4054,1,1,-1,121075
20815,4082,1,1,1,5129
20815,4083,1,1,1,5129
20815,4984,1,1,-1,17414
20815,5000,1,1,2,413
20815,6670,1,1,2,37037
20815,8729,1,1,200,2475
20815,8739,1,1,200,1238
20816,57,2490,5040,0,700000
20816,947,1,1,-1,2051
20816,1864,1,3,2,142857
20816,1869,1,1,2,142857
20816,1878,1,1,2,55556
20816,1884,1,1,2,100000
20816,2391,1,1,1,22
20816,2392,1,1,1,22
20816,4039,1,1,-1,170952
20816,4039,1,1,2,4348
20816,4082,1,1,1,4279
20816,4083,1,1,1,4279
20816,4402,1,1,2,379
20816,5001,1,1,2,189
20816,5230,1,1,-1,6838
20816,5276,1,1,2,189
20816,8729,1,1,200,1321
20816,8739,1,1,200,377
20817,57,2419,4891,0,700000
20817,268,1,1,1,12
20817,1865,1,1,2,166667
20817,1870,1,1,2,166667
20817,1875,1,1,2,12500
20817,1879,1,1,2,22727
20817,4040,1,1,-1,99540
20817,4040,1,1,2,3861
20817,4053,1,1,-1,213331
20817,4120,1,1,1,3212
20817,4174,1,1,2,2890
20817,4402,1,1,2,241
20817,5230,1,1,-1,6636
20817,8729,1,1,200,2653
20817,8739,1,1,200,303
20817,8759,1,1,200,212
20818,57,2415,4882,0,700000
20818,287,1,1,1,12
20818,1866,1,1,2,83333
20818,1871,1,1,2,142857
20818,1885,1,1,2,11494
20818,4041,1,1,2,1359
20818,4077,1,1,-1,223455
20818,4105,1,1,-1,28426
20818,4121,1,1,1,3196
20818,4401,1,1,2,227
20818,4620,1,1,-1,6852
20818,4958,1,1,2,6329
20818,5220,1,1,2,7246
20818,5276,1,1,2,245
20818,5416,1,1,2,210
20818,8729,1,1,200,680
20818,8739,1,1,200,160
20819,57,2405,4861,0,700000
20819,171,1,1,1,4
20819,175,1,1,1,4
20819,210,1,1,1,4
20819,730,1,1,2,152
20819,1874,1,1,2,11494
20819,1878,1,1,2,45455
20819,1884,1,1,2,90909
20819,1889,1,1,2,97096
20819,4053,1,1,-1,212010
20819,4078,1,1,-1,72249
20819,4116,1,1,1,1065
20819,4117,1,1,1,1065
20819,4118,1,1,1,1009
20819,4159,1,1,2,518
20819,4402,1,1,2,366
20819,5220,1,1,2,6173
20819,5230,1,1,-1,6595
20819,8729,1,1,200,2208
20819,8749,1,1,200,441
20820,57,4130,8372,0,700000
20820,864,1,1,1,91
20820,895,1,1,1,137
20820,926,1,1,1,69
20820,1867,1,3,2,166667
20820,1872,1,3,2,111111
20820,1882,1,1,2,55556
20820,1894,1,1,2,10309
20820,4042,1,1,2,5263
20820,4052,1,1,1,14841
20820,4053,1,1,1,17967
20820,4054,1,1,-1,167723
20820,4054,1,1,1,8257
20820,4080,1,1,-1,175157
20820,4160,1,1,2,1605
20820,5230,1,1,-1,11354
20820,5276,1,1,2,479
20820,5424,1,1,2,688
20820,8729,1,1,200,2525
20820,8739,1,1,200,1147
20821,57,3241,6568,0,700000
20821,97,1,1,1,16
20821,1867,1,3,2,166667
20821,1872,1,3,2,100000
20821,1882,1,1,2,43478
20821,1894,1,1,-1,234416
20821,1894,1,1,2,9174
20821,4042,1,1,2,5917
20821,4080,1,1,-1,137424
20821,4084,1,1,-1,116108
20821,4115,1,1,1,4305
20821,4195,1,1,2,890
20821,5276,1,1,2,376
20821,8729,1,1,200,2075
20821,8739,1,1,200,297
20822,57,3256,6601,0,700000
20822,97,1,1,1,16
20822,1868,1,3,2,200000
20822,1873,1,1,2,76923
20822,1889,1,1,-1,447541
20822,1889,1,1,2,9434
20822,1894,1,1,-1,235548
20822,4044,1,1,2,6452
20822,4077,1,1,-1,301984
20822,4115,1,1,1,4326
20822,4196,1,1,2,692
20822,4402,1,1,2,1153
20822,5549,1,1,2,20408
20822,6670,1,1,2,33333
20822,8729,1,1,200,3226
20822,8739,1,1,200,923
20823,57,3581,7317,0,700000
20823,1864,1,3,2,200000
20823,1869,1,1,2,200000
20823,1880,1,1,2,21277
20823,2398,1,1,1,23
20823,2399,1,1,1,23
20823,2403,1,1,1,37
20823,2404,1,1,1,37
20823,4043,1,1,-1,247340
20823,4043,1,1,2,9709
20823,4084,1,1,1,4760
20823,4085,1,1,1,4760
20823,4086,1,1,1,6427
20823,4087,1,1,1,6427
20823,4088,1,1,-1,280431
20823,4089,1,1,-1,280431
20823,4402,1,1,2,691
20823,4616,1,1,2,345
20823,5416,1,1,-1,30303
20823,5550,1,1,2,2762
20823,8316,1,1,2,135
20823,8730,1,1,200,3106
20823,8740,1,1,200,2070
20824,57,3391,6929,0,700000
20824,864,1,1,1,75
20824,895,1,1,1,113
20824,926,1,1,1,57
20824,1865,1,1,2,200000
20824,1870,1,1,2,200000
20824,1874,1,1,2,14085
20824,4039,1,1,2,7194
20824,4043,1,1,2,6024
20824,4052,1,1,1,12247
20824,4053,1,1,1,14827
20824,4054,1,1,1,6814
20824,4078,1,1,-1,102642
20824,4081,1,1,-1,69258
20824,4617,1,1,2,61
20824,5276,1,1,2,365
20824,5424,1,1,-1,19448
20824,6036,1,1,2,7634
20824,8730,1,1,200,3226
20824,8740,1,1,200,426
20824,8750,1,1,200,61
20825,57,3566,7246,0,700000
20825,1807,1,1,-1,9816
20825,1866,1,1,2,166667
20825,1871,1,1,2,250000
20825,1876,1,3,-1,736209
20825,1877,1,1,2,10000
20825,4040,1,1,2,3906
20825,4041,1,1,2,2646
20825,4402,1,1,2,529
20825,4975,1,1,2,1786
20825,5289,1,1,1,42
20825,5292,1,1,1,60
20825,5294,1,1,1,42
20825,5494,1,1,1,7612
20825,5525,1,1,1,5603
20825,5526,1,1,1,5603
20825,8730,1,1,200,2513
20825,8740,1,1,200,727
20825,8750,1,1,200,132
20826,57,3245,6597,0,700000
20826,1867,1,1,2,250000
20826,1872,1,3,2,125000
20826,1875,1,1,2,15873
20826,1881,1,1,2,27027
20826,3956,1,1,2,347
20826,4041,1,1,-1,58279
20826,4041,1,1,2,1733
20826,4980,1,1,2,3817
20826,5287,1,1,1,15
20826,5288,1,1,1,23
20826,5293,1,1,1,10
20826,5478,1,1,-1,56358
20826,5520,1,1,1,2129
20826,5521,1,1,1,1502
20826,5524,1,1,1,3253
20826,6670,1,1,2,38462
20826,8730,1,1,200,4854
20826,8740,1,1,200,1733
20827,57,3958,8033,0,700000
20827,1868,1,3,2,250000
20827,1873,1,1,2,90909
20827,1876,1,1,2,55556
20827,1895,1,1,2,71429
20827,3035,1,1,-1,10888
20827,4042,1,1,2,11111
20827,4117,1,1,-1,35684
20827,4118,1,1,-1,33808
20827,4402,1,1,2,775
20827,4990,1,1,2,1550
20827,5297,1,1,1,24
20827,5298,1,1,1,38
20827,5301,1,1,1,16
20827,5420,1,1,2,509
20827,5478,1,1,1,3381
20827,5479,1,1,1,2379
20827,5482,1,1,1,5306
20827,8730,1,1,200,2584
20827,8740,1,1,200,1034
20828,57,4514,9172,0,700000
20828,1864,3,9,2,111111
20828,1869,2,6,2,83333
20828,1878,1,1,2,142857
20828,1884,2,6,2,34483
20828,4039,1,1,2,7937
20828,4120,1,1,-1,40698
20828,4121,1,1,-1,40562
20828,4177,1,1,2,3676
20828,5304,1,1,1,27
20828,5305,1,1,1,43
20828,5308,1,1,1,19
20828,5479,1,1,-1,55110
20828,5485,1,1,1,3855
20828,5486,1,1,1,2713
20828,5489,1,1,1,6051
20828,8730,1,1,200,3058
20828,8740,1,1,200,612
20829,57,6036,12290,0,700000
20829,1866,1,3,2,83333
20829,1871,1,3,2,200000
20829,1877,1,1,2,18868
20829,1894,1,1,-1,438023
20829,4040,1,1,2,9174
20829,4041,1,1,2,4831
20829,4129,1,1,2,3861
20829,5287,1,1,1,27
20829,5288,1,1,1,43
20829,5293,1,1,1,19
20829,5479,1,1,-1,73868
20829,5520,1,1,1,3964
20829,5521,1,1,1,2797
20829,5524,1,1,1,6059
20829,5550,1,1,-1,166449
20829,6671,1,1,2,38462
20829,8730,1,1,200,3378
20829,8740,1,1,200,966
20829,8750,1,1,200,483
20832,57,430,872,0,700000
20832,61,1,1,1,76
20832,607,1,1,1,76
20832,1125,1,1,1,76
20832,1825,1,1,-1,63369
20832,1865,1,1,2,111111
20832,1870,1,1,2,52632
20832,1875,1,1,2,11628
20832,1879,1,1,2,23256
20832,1902,1,1,-1,89886
20832,1949,1,1,1,4144
20832,1957,1,1,1,4144
20832,1963,1,1,1,4144
20832,2162,1,1,2,3075
20832,2312,1,1,2,278
20832,2427,1,1,1,76
20832,2428,1,1,1,76
20832,2451,1,1,1,76
20832,2931,1,1,1,4144
20832,2932,1,1,1,4144
20832,2933,1,1,1,4144
20832,5159,1,1,2,213
20832,5231,1,1,-1,63369
20833,57,479,969,0,700000
20833,281,1,1,1,21
20833,1867,1,1,2,66667
20833,1872,1,1,2,90909
20833,1874,1,1,-1,65752
20833,1875,1,1,-1,65752
20833,1875,1,1,2,4440
20833,1881,1,1,2,8879
20833,1905,1,1,-1,95942
20833,2074,1,1,1,1651
20833,2205,1,1,2,2108
20833,2209,1,1,2,5007
20833,2299,1,1,2,291
20834,57,600,1212,0,700000
20834,353,1,1,1,95
20834,380,1,1,1,152
20834,1805,1,1,-1,4893
20834,1864,1,1,2,184262
20834,1869,1,1,2,92132
20834,1878,1,1,-1,587109
20834,1878,1,1,2,36853
20834,1884,1,1,2,56696
20834,1885,1,1,-1,122314
20834,1950,1,1,1,5981
20834,1951,1,1,1,9302
20834,2306,1,1,2,403
20834,2996,1,1,2,7312
20834,5274,1,1,2,307
20834,6668,1,1,2,32905
20835,57,394,793,0,700000
20835,439,1,1,1,51
20835,471,1,1,1,81
20835,1865,1,1,2,38229
20835,1870,1,1,2,38229
20835,1871,1,3,-1,808860
20835,1875,1,1,2,2549
20835,1879,1,1,-1,134810
20835,1879,1,1,2,6372
20835,1906,1,1,-1,111184
20835,1954,1,1,1,5081
20835,1962,1,1,1,3059
20835,2303,1,1,2,167
20835,2990,1,1,2,3034
20835,3000,1,1,2,2451
20835,3033,1,1,2,128
20835,3954,1,1,2,128
20835,4040,1,1,2,765
20836,57,827,1684,0,700000
20836,96,1,1,1,12
20836,298,1,1,1,12
20836,302,1,1,1,12
20836,1867,1,1,2,179311
20836,1872,1,1,2,179311
20836,1874,1,1,-1,113820
20836,1875,1,2,-1,113820
20836,1875,1,1,2,8966
20836,1881,1,1,2,17932
20836,2062,1,1,1,1055
20836,2075,1,1,1,1055
20836,2076,1,1,1,1055
20836,2251,1,1,2,22414
20836,2319,1,1,2,469
20836,8723,1,1,200,5495
20836,8733,1,1,200,1832
20837,57,676,1373,0,700000
20837,62,1,1,1,70
20837,1868,1,1,2,226147
20837,1873,1,1,2,45230
20837,1876,1,1,2,22615
20837,1895,1,1,-1,478498
20837,1895,1,1,2,32307
20837,1958,1,1,1,3953
20837,1960,1,1,-1,91767
20837,2214,1,1,-1,41557
20837,2225,1,1,2,2459
20837,2321,1,1,2,395
20837,2429,1,1,1,70
20837,2430,1,1,1,70
20837,2431,1,1,1,70
20837,2432,1,1,1,70
20837,2433,1,1,1,70
20837,2452,1,1,1,70
20837,2453,1,1,1,70
20837,2454,1,1,1,70
20837,2937,1,1,1,3953
20837,2938,1,1,1,3953
20837,2939,1,1,1,3953
20837,2940,1,1,1,3953
20837,2941,1,1,1,3953
20837,2942,1,1,1,3953
20837,2943,1,1,1,3953
20837,2944,1,1,1,3953
20837,4042,1,1,2,1885
20838,57,633,1287,0,700000
20838,852,1,1,1,160
20838,883,1,1,1,241
20838,915,1,1,1,120
20838,1866,1,3,-1,523274
20838,1866,1,1,2,82436
20838,1871,1,1,2,123654
20838,1885,1,1,2,10305
20838,1908,1,1,1,11709
20838,1909,1,1,1,16698
20838,1910,1,1,1,9311
20838,1964,1,1,-1,126854
20838,2216,1,1,-1,64869
20838,3004,1,1,2,7681
20838,4041,1,1,2,1076
20838,5220,1,1,2,4947
20839,57,454,925,0,700000
20839,631,1,1,1,112
20839,1867,1,1,2,73977
20839,1872,1,1,2,73977
20839,1882,1,1,2,12330
20839,1894,1,1,2,1947
20839,1908,1,1,-1,88935
20839,1964,1,1,1,5978
20839,2066,1,1,-1,7366
20839,2230,1,1,2,1076
20839,2320,1,1,-1,3272
20839,2326,1,1,2,194
20839,2413,1,1,1,79
20839,2495,1,1,1,112
20839,2936,1,1,1,5430
20839,2945,1,1,1,5978
20839,4042,1,1,2,925
20839,6668,1,1,2,19816
20840,57,469,927,0,700000
20840,227,1,1,1,8
20840,242,1,1,1,8
20840,952,1,1,2,818
20840,1868,1,1,2,122694
20840,1873,1,1,2,24539
20840,1889,1,1,2,4090
20840,1967,1,1,-1,52860
20840,2083,1,1,1,714
20840,2084,1,1,1,714
20840,2166,1,1,-1,32854
20840,2229,1,1,2,744
20840,2328,1,1,-1,2254
20840,4044,1,1,2,2045
20840,5549,1,1,2,6135
20841,57,488,971,0,700000
20841,282,1,1,1,8
20841,285,1,1,1,8
20841,951,1,1,-1,1811
20841,952,1,1,2,736
20841,1864,1,1,2,110354
20841,1869,1,1,2,55177
20841,1880,1,1,2,5518
20841,1911,1,2,-1,74098
20841,2085,1,1,1,764
20841,2086,1,1,1,764
20841,2348,1,1,2,129
20841,2351,1,1,2,116
20841,4043,1,1,2,1840
20841,4438,1,1,-1,7105
20841,5550,1,1,2,736
20842,57,467,920,0,700000
20842,853,1,1,1,72
20842,884,1,1,1,109
20842,916,1,1,1,54
20842,952,1,1,2,937
20842,1865,1,1,2,70215
20842,1870,1,1,2,70215
20842,1874,1,1,2,4682
20842,1911,1,1,1,5224
20842,1912,1,1,1,7568
20842,1913,1,1,1,4271
20842,1976,1,1,-1,57819
20842,2167,1,1,-1,48512
20842,2335,1,1,-1,2211
20842,4039,1,1,2,2341
20842,4043,1,1,2,2341
20843,57,602,1169,0,700000
20843,283,1,1,1,12
20843,1539,1,1,-1,267391
20843,1866,1,1,2,41467
20843,1871,1,1,2,62200
20843,1877,1,1,2,2488
20843,1914,1,1,-1,67599
20843,2109,1,1,1,1396
20843,2357,1,1,2,102
20843,3014,1,1,2,1738
20843,4040,1,1,2,1245
20843,4041,1,1,2,541
20843,4188,1,1,2,72
20843,4601,1,1,-1,2674
20844,57,540,1036,0,700000
20844,854,1,1,1,51
20844,885,1,1,1,76
20844,917,1,1,1,38
20844,1539,1,1,-1,238805
20844,1867,1,1,2,74067
20844,1872,1,1,2,74067
20844,1875,1,1,2,3704
20844,1881,1,1,2,7407
20844,1914,1,1,1,4162
20844,1915,1,1,1,6527
20844,1916,1,1,1,3152
20844,2355,1,1,2,91
20844,4041,1,1,-1,9345
20844,4041,1,1,2,484
20844,4601,1,1,2,124
20844,4603,1,1,-1,2388
20844,4609,1,1,2,124
20845,57,731,1419,0,700000
20845,75,1,1,1,3
20845,76,1,1,1,3
20845,77,1,1,1,3
20845,84,1,1,1,3
20845,134,1,1,1,3
20845,145,1,1,1,3
20845,1868,1,1,2,121101
20845,1873,1,1,2,24221
20845,1876,1,1,2,12111
20845,1895,1,1,2,17301
20845,2089,1,1,1,275
20845,2090,1,1,1,275
20845,2091,1,1,1,275
20845,2092,1,1,1,275
20845,2095,1,1,1,275
20845,2096,1,1,1,275
20845,2100,1,1,-1,8254
20845,2354,1,1,-1,2389
20845,3017,1,1,2,1692
20845,4042,1,1,-1,24403
20845,4042,1,1,2,1010
20845,4608,1,1,2,135
20845,5155,1,1,2,122
20845,6669,1,1,2,14082
20845,8735,1,1,200,5000
20846,57,995,1654,0,700000
20846,400,1,1,1,20
20846,401,1,1,1,11
20846,420,1,1,1,31
20846,1865,1,1,2,59603
20846,1870,1,1,2,59603
20846,1874,1,1,2,3974
20846,1918,1,1,-1,55929
20846,1984,1,1,1,1704
20846,1985,1,1,1,2741
20846,1987,1,1,1,1213
20846,2955,1,1,-1,81734
20846,4039,1,1,2,1987
20846,4042,1,1,-1,21523
20846,4043,1,1,2,1987
20846,4133,1,1,2,287
20846,4941,1,1,2,459
20846,4959,1,1,2,1149
20847,57,497,1455,0,700000
20847,1806,1,1,-1,2469
20847,1864,1,1,2,113935
20847,1869,1,1,2,56968
20847,1878,1,1,2,22787
20847,1884,1,1,2,35057
20847,1985,1,1,-1,42562
20847,2436,1,1,1,24
20847,2437,1,1,1,19
20847,2438,1,1,1,19
20847,2460,1,1,1,24
20847,2461,1,1,1,19
20847,2462,1,1,1,19
20847,2463,1,1,1,19
20847,2954,1,1,1,2061
20847,2955,1,1,1,2061
20847,2960,1,1,1,1773
20847,2961,1,1,1,1773
20847,2962,1,1,1,1773
20847,2963,1,1,1,1773
20847,2964,1,1,1,1773
20847,4039,1,1,2,1900
20847,4178,1,1,2,1046
20847,4184,1,1,2,66
20847,4937,1,1,-1,20368
20847,5160,1,1,2,114
20847,8726,1,1,200,3135
20848,57,638,1538,0,700000
20848,96,1,1,1,11
20848,298,1,1,1,11
20848,302,1,1,1,11
20848,1864,1,3,2,125088
20848,1865,1,1,2,125088
20848,1866,1,1,2,83392
20848,1868,1,3,2,83392
20848,1871,1,3,-1,794014
20848,1873,1,1,2,50036
20848,1895,1,1,-1,453722
20848,1908,1,1,-1,150381
20848,2062,1,1,1,982
20848,2075,1,1,1,982
20848,2076,1,1,1,982
20848,2164,1,1,2,9622
20849,57,653,1222,0,700000
20849,438,1,1,1,148
20849,1805,1,1,-1,4207
20849,1867,1,1,2,93894
20849,1869,1,1,2,70420
20849,1870,1,1,2,70420
20849,1871,1,1,2,70420
20849,1872,1,1,2,93894
20849,1953,1,1,1,10151
20849,1956,1,1,-1,143260
20849,2205,1,1,2,2229
20849,2211,1,1,2,1580
20849,4469,1,1,-1,7212
20849,5274,1,1,2,235
20849,5279,1,1,2,236
20859,57,8261,16860,0,700000
20859,1867,7,21,2,58824
20859,1872,4,12,2,111111
20859,1875,1,1,2,41667
20859,1881,1,1,2,76923
20859,3035,1,1,-1,22803
20859,3035,1,1,2,285
20859,4041,1,1,2,5263
20859,5287,1,1,1,37
20859,5288,1,1,1,59
20859,5293,1,1,1,25
20859,5479,1,1,-1,101196
20859,5520,1,1,1,5431
20859,5521,1,1,1,3832
20859,5524,1,1,1,8300
20859,8730,1,1,200,6135
20859,8740,1,1,200,1284
20859,8750,1,1,200,143
20860,57,9685,19719,0,700000
20860,1868,15,45,2,55556
20860,1873,2,6,2,76923
20860,1876,1,1,2,166667
20860,1895,3,9,2,43478
20860,4042,1,1,2,13889
20860,5156,1,1,-1,32044
20860,5271,1,1,2,1842
20860,5287,1,1,1,52
20860,5288,1,1,1,82
20860,5293,1,1,1,35
20860,5482,1,1,-1,317205
20860,5485,1,1,-1,202094
20860,5520,1,1,1,7631
20860,5521,1,1,1,5385
20860,5524,1,1,1,11663
20860,8731,1,1,200,6579
20860,8741,1,1,200,526
20860,8761,1,1,200,263
20919,24,1,1,1,178
20919,31,1,1,1,283
20919,57,56,98,0,700000
20919,390,1,1,1,178
20919,412,1,1,1,283
20919,734,1,1,-1,20266
20919,1865,1,1,-1,121597
20919,1867,1,1,2,23946
20919,1872,1,1,2,23946
20919,1881,1,1,2,2395
20919,2141,1,1,2,3592
20919,5220,1,1,-1,4864
20920,57,99,178,0,700000
20920,273,1,1,1,53
20920,735,1,1,2,1791
20920,1060,1,1,2,47743
20920,1865,1,1,2,21485
20920,1870,1,1,2,21485
20920,1879,1,1,2,3581
20920,1898,1,1,-1,22414
20920,2014,1,1,-1,2508
20920,2016,1,1,1,756
20920,5163,1,1,-1,8728
20921,39,1,1,1,490
20921,51,1,1,1,490
20921,57,68,125,0,700000
20921,1804,1,1,-1,6111
20921,1864,1,2,-1,305532
20921,1880,1,1,2,1806
20921,1881,1,1,2,2407
20921,1882,1,1,2,4012
20921,1928,1,1,-1,22253
20921,1930,1,1,1,7714
20921,3032,1,1,2,723
20921,6666,1,1,2,18051
20922,57,86,165,0,700000
20922,123,1,1,1,12
20922,1060,1,1,2,50000
20922,1870,1,1,-1,165778
20922,1874,1,1,2,2994
20922,1878,1,1,2,8621
20922,1899,1,1,-1,25903
20922,1932,1,1,-1,26314
20922,2017,1,1,1,309
20922,2259,1,1,2,289
20922,5220,1,1,2,997
20922,5285,1,1,1,12
20922,5531,1,1,1,391
20923,57,123,241,0,700000
20923,432,1,1,1,215
20923,465,1,1,1,343
20923,735,1,1,2,2410
20923,1875,1,1,2,2146
20923,1879,1,1,2,5348
20923,1885,1,1,2,1608
20923,2019,1,1,-1,5139
20923,2152,1,1,-1,42069
20923,2263,1,1,-1,3710
20923,5549,1,1,2,2950
20923,5550,1,1,2,268
20924,57,146,292,0,700000
20924,259,1,1,1,49
20924,1876,1,1,2,3546
20924,1877,1,1,2,1110
20924,1880,1,1,2,2217
20924,1881,1,1,2,2217
20924,1882,1,1,2,4651
20924,1900,1,1,-1,31603
20924,1937,1,1,-1,24815
20924,2183,1,1,2,1110
20924,2250,1,1,-1,72213
20924,2274,1,1,2,141
20924,6667,1,1,2,12658
20925,57,69,128,0,700000
20925,846,1,1,1,288
20925,878,1,1,1,431
20925,909,1,1,1,217
20925,1060,1,1,2,40898
20925,1867,1,1,2,24539
20925,1872,1,1,2,24539
20925,1874,1,1,-1,10384
20925,1881,1,1,2,2454
20925,1898,1,1,1,2364
20925,2016,1,1,-1,1825
20925,2258,1,1,-1,3808
20925,5273,1,1,2,737
20926,57,94,177,0,700000
20926,156,1,1,1,17
20926,167,1,1,1,17
20926,178,1,1,1,17
20926,1831,1,1,2,47619
20926,1834,1,1,2,17857
20926,1869,1,1,-1,178367
20926,1875,1,1,-1,11891
20926,1875,1,1,2,962
20926,1879,1,1,2,3460
20926,2018,1,1,-1,2370
20926,2178,1,1,2,2500
20926,5437,1,1,2,350
20926,5549,1,1,2,1155
20927,57,130,251,0,700000
20927,220,1,1,1,69
20927,1866,1,1,-1,167397
20927,1876,1,1,2,5917
20927,1877,1,1,2,527
20927,1880,1,1,2,3559
20927,1881,1,1,2,3165
20927,1882,1,1,2,5917
20927,1899,1,1,-1,39234
20927,1932,1,1,-1,39856
20927,2178,1,1,2,5405
20928,57,126,251,0,700000
20928,348,1,1,1,52
20928,377,1,1,1,82
20928,1832,1,1,2,25000
20928,1867,1,1,2,22727
20928,1872,1,1,2,21739
20928,1875,1,1,2,1742
20928,1881,1,1,2,2618
20928,1935,1,1,1,1895
20928,1937,1,1,1,2914
20928,2025,1,1,-1,3438
20928,2153,1,1,-1,38605
20928,2183,1,1,-1,16331
20928,2184,1,1,2,1742
20928,2274,1,1,2,122
20928,2978,1,1,2,5236
20929,57,118,235,0,700000
20929,315,1,1,1,40
20929,956,1,1,-1,7763
20929,1060,1,1,2,47619
20929,1865,1,1,2,22727
20929,1870,1,1,2,15385
20929,1871,1,1,-1,232889
20929,1875,1,1,2,3846
20929,1879,1,1,2,3031
20929,1900,1,1,-1,25480
20929,2250,1,1,2,7634
20929,6387,1,1,2,1912
20930,57,184,367,0,700000
20930,83,1,1,1,10
20930,124,1,1,1,7
20930,127,1,1,1,7
20930,130,1,1,1,7
20930,144,1,1,1,10
20930,735,1,1,2,1558
20930,1864,1,1,2,55556
20930,1869,1,1,2,29412
20930,1880,1,1,2,1558
20930,2026,1,1,1,388
20930,2028,1,1,-1,4318
20930,2154,1,1,-1,38910
20930,2156,1,1,-1,29074
20930,2279,1,1,2,779
20930,5550,1,1,2,430
20930,8317,1,1,2,779
20931,57,204,409,0,700000
20931,293,1,1,1,22
20931,296,1,1,1,22
20931,1865,1,1,2,30303
20931,1870,1,1,2,32258
20931,1875,1,1,2,2188
20931,1879,1,1,2,5263
20931,1901,1,1,-1,55757
20931,1940,1,1,-1,60251
20931,2197,1,1,2,438
20931,2271,1,1,-1,2883
20931,2276,1,1,2,438
20931,2286,1,1,2,171
20932,57,223,446,0,700000
20932,850,1,1,1,82
20932,881,1,1,1,122
20932,913,1,1,1,61
20932,1060,1,1,2,90909
20932,1825,1,1,-1,31452
20932,1866,1,1,2,25641
20932,1871,1,1,2,38462
20932,1885,1,1,2,4348
20932,1902,1,1,1,3844
20932,1903,1,1,1,6329
20932,1904,1,1,1,3541
20932,2032,1,1,-1,4069
20932,2159,1,1,2,2008
20932,2201,1,1,2,3484
20932,5220,1,1,-1,17613
20932,5220,1,1,2,2174
20933,57,253,505,0,700000
20933,261,1,1,1,19
20933,1865,1,1,2,55556
20933,1870,1,1,2,50000
20933,1875,1,1,2,3906
20933,1879,1,1,-1,83876
20933,1879,1,1,2,9091
20933,1880,1,1,-1,50326
20933,1894,1,1,-1,17658
20933,2039,1,1,1,1317
20933,2159,1,1,2,3650
20933,2298,1,1,2,261
20934,57,139,276,0,700000
20934,436,1,1,1,96
20934,469,1,1,1,153
20934,1867,1,1,2,40000
20934,1868,1,1,-1,545126
20934,1872,1,1,2,32258
20934,1882,1,1,2,5348
20934,1938,1,1,-1,18324
20934,2028,1,1,-1,3238
20934,2190,1,1,2,5348
20934,3020,1,1,2,162
20935,57,151,301,0,700000
20935,629,1,1,1,66
20935,1825,1,1,-1,21225
20935,1868,1,1,2,47619
20935,1872,1,1,-1,396209
20935,1873,1,1,2,9174
20935,1889,1,1,2,1282
20935,1947,1,1,1,3687
20935,2040,1,1,-1,3438
20935,2148,1,1,2,2994
20935,2288,1,1,2,122
20935,2411,1,1,1,46
20935,2493,1,1,1,66
20935,2922,1,1,1,987
20935,2929,1,1,1,3687
20935,2984,1,1,2,2353
20935,5549,1,1,2,1923
20936,57,283,656,0,700000
20936,437,1,1,1,65
20936,470,1,1,1,104
20936,1865,1,1,2,62500
20936,1870,1,1,2,58824
20936,1874,1,1,-1,37494
20936,1875,1,1,-1,37494
20936,1875,1,1,2,2457
20936,1879,1,1,2,12346
20936,1902,1,1,-1,56982
20936,1944,1,1,1,3707
20936,1945,1,1,1,5773
20936,2159,1,1,2,6135
20936,2298,1,1,2,212
20937,57,363,727,0,700000
20937,61,1,1,1,63
20937,607,1,1,1,63
20937,1125,1,1,1,63
20937,1805,1,1,-1,2444
20937,1866,1,1,2,38462
20937,1871,1,1,2,76923
20937,1885,1,1,2,9091
20937,1949,1,1,1,3425
20937,1957,1,1,1,3425
20937,1963,1,1,1,3425
20937,2054,1,1,-1,6241
20937,2205,1,1,2,2268
20937,2307,1,1,2,230
20937,2427,1,1,1,63
20937,2428,1,1,1,63
20937,2451,1,1,1,63
20937,2931,1,1,1,3425
20937,2932,1,1,1,3425
20937,2933,1,1,1,3425
20937,4480,1,1,-1,4191
20937,5164,1,1,2,176
20937,5220,1,1,2,3401
20938,57,388,794,0,700000
20938,281,1,1,1,17
20938,1867,1,1,2,55556
20938,1872,1,1,2,52632
20938,1882,1,1,2,8264
20938,1894,1,1,2,4115
20938,1908,1,1,-1,76204
20938,2070,1,1,-1,6390
20938,2074,1,1,1,1347
20938,2315,1,1,2,190
20938,2317,1,1,2,1031
20938,2321,1,1,2,190
20938,2323,1,1,-1,2804
20938,8723,1,1,200,2062
20938,8733,1,1,200,1031
20939,57,436,886,0,700000
20939,397,1,1,1,57
20939,1868,1,3,-1,898311
20939,1868,1,1,2,90909
20939,1873,1,1,-1,359325
20939,1873,1,1,2,17857
20939,1889,1,1,2,3135
20939,1961,1,1,1,3397
20939,2067,1,1,-1,6474
20939,2225,1,1,2,2072
20939,2343,1,1,2,142
20939,2387,1,1,1,90
20939,2935,1,1,1,5643
20939,4044,1,1,2,1046
20939,5549,1,1,2,8403
20939,8723,1,1,200,1046
20939,8733,1,1,200,2072
20940,57,653,1328,0,700000
20940,1864,1,1,2,125000
20940,1869,1,1,2,58824
20940,1880,1,1,2,5000
20940,1970,1,1,-1,30149
20940,2350,1,1,2,157
20940,3005,1,1,2,3322
20940,4043,1,1,2,2119
20940,4132,1,1,2,3175
20940,4233,1,1,1,21
20940,4438,1,1,2,2134
20940,4589,1,1,-1,4500
20940,5550,1,1,-1,18001
20940,5550,1,1,2,907
20940,8724,1,1,200,2725
20940,8734,1,1,200,302
20941,57,516,1046,0,700000
20941,60,1,1,1,31
20941,1865,1,1,2,45455
20941,1870,1,1,2,45455
20941,1874,1,1,2,4049
20941,1977,1,1,1,3255
20941,2109,1,1,-1,5965
20941,2233,1,1,-1,9943
20941,3013,1,1,2,450
20941,3014,1,1,2,2247
20941,4039,1,1,2,450
20941,4043,1,1,2,3145
20941,4601,1,1,-1,2364
20941,8725,1,1,200,450
20942,57,259,526,0,700000
20942,225,1,1,1,15
20942,1866,1,1,2,25000
20942,1871,1,1,2,38462
20942,1877,1,1,2,1502
20942,1905,1,1,-1,52079
20942,2052,1,1,1,1167
20942,2301,1,1,-1,2338
20942,2931,1,1,-1,59751
20942,8723,1,1,200,1502
20942,8733,1,1,200,375
20943,57,373,758,0,700000
20943,263,1,1,1,16
20943,1867,1,1,2,55556
20943,1872,1,1,2,58824
20943,1874,1,2,-1,51365
20943,1875,1,1,-1,51365
20943,1875,1,1,2,2994
20943,1881,1,1,2,5495
20943,2073,1,1,1,1408
20943,2163,1,1,-1,39310
20943,2225,1,1,2,832
20943,4041,1,1,2,528
20943,8723,1,1,200,1996
20943,8733,1,1,200,832
20944,57,315,643,0,700000
20944,853,1,1,1,50
20944,884,1,1,1,75
20944,916,1,1,1,37
20944,1868,1,1,2,71429
20944,1873,1,1,2,13333
20944,1876,1,1,2,6329
20944,1895,1,1,2,9524
20944,1911,1,1,-1,48520
20944,1911,1,1,1,3584
20944,1912,1,1,1,5192
20944,1913,1,1,1,2930
20944,2328,1,1,2,112
20944,2329,1,1,-1,1517
20944,2947,1,1,-1,46596
20944,4042,1,1,2,317
20944,8724,1,1,200,1267
20944,8734,1,1,200,1585
20945,57,355,722,0,700000
20945,64,1,1,1,62
20945,608,1,1,1,62
20945,1868,1,3,-1,733375
20945,1868,1,1,2,71429
20945,1873,1,1,2,12048
20945,1876,1,1,-1,146675
20945,1876,1,1,2,7092
20945,1895,1,1,2,10101
20945,1981,1,1,1,4460
20945,2170,1,1,2,917
20945,2956,1,1,1,4460
20945,2970,1,1,2,1376
20945,4042,1,1,2,1032
20945,4601,1,1,-1,1630
20945,8725,1,1,200,1147
20945,8735,1,1,200,344
20945,8745,1,1,200,72
20946,57,550,1111,0,700000
20946,103,1,1,1,46
20946,107,1,1,1,46
20946,517,1,1,1,32
20946,1149,1,1,1,32
20946,1539,1,1,-1,251226
20946,1864,1,1,2,111111
20946,1869,1,1,2,55556
20946,1878,1,1,2,21277
20946,1884,1,1,2,31250
20946,1914,1,1,-1,63512
20946,1978,1,1,1,3746
20946,1983,1,1,1,2563
20946,2169,1,1,-1,20009
20946,2233,1,1,2,225
20946,2957,1,1,1,2564
20946,4039,1,1,2,1351
20946,4055,1,1,1,3746
20946,4180,1,1,2,4505
20946,8725,1,1,200,1802
20946,8735,1,1,200,451
20947,57,592,1205,0,700000
20947,356,1,1,1,22
20947,1806,1,1,-1,2448
20947,1864,1,1,2,100000
20947,1869,1,1,2,47619
20947,1880,1,1,2,5747
20947,1986,1,1,1,2388
20947,4043,1,1,2,1328
20947,4144,1,1,2,752
20947,4179,1,1,2,376
20947,4184,1,1,2,66
20947,4938,1,1,-1,30291
20947,4967,1,1,-1,1410
20947,5550,1,1,2,188
20947,8726,1,1,200,752
20947,8736,1,1,200,134
20948,57,589,1201,0,700000
20948,948,1,1,2,113
20948,1865,1,1,2,38462
20948,1870,1,1,2,32258
20948,1875,1,1,2,3165
20948,1879,1,1,2,10000
20948,4040,1,1,2,1054
20948,4049,1,1,-1,63959
20948,4050,1,1,-1,75550
20948,4104,1,1,1,344
20948,4107,1,1,1,339
20948,4108,1,1,1,339
20948,4129,1,1,-1,13197
20948,4158,1,1,2,96
20948,4176,1,1,2,560
20948,8727,1,1,200,1054
20948,8737,1,1,200,164
20948,11889,1,1,1,54
20948,11900,1,1,1,54
20948,11916,1,1,1,54
20949,57,697,1420,0,700000
20949,947,1,1,-1,577
20949,1866,1,1,-1,480591
20949,1866,1,1,2,29412
20949,1871,1,1,2,41667
20949,1885,1,1,2,3145
20949,4041,1,1,-1,12537
20949,4041,1,1,2,262
20949,4105,1,1,1,610
20949,4106,1,1,1,600
20949,4129,1,1,2,262
20949,4165,1,1,2,787
20949,4993,1,1,2,1049
20949,5220,1,1,2,1312
20949,8727,1,1,200,787
20949,11908,1,1,1,40
20949,11918,1,1,1,40
20950,57,755,1533,0,700000
20950,947,1,1,-1,623
20950,1864,1,1,2,100000
20950,1869,1,1,2,50000
20950,1880,1,1,2,6711
20950,4043,1,1,2,1550
20950,4049,1,1,-1,81733
20950,4056,1,1,-1,28204
20950,4113,1,1,1,1184
20950,4159,1,1,2,1033
20950,5550,1,1,2,517
20950,8728,1,1,200,517
20950,8738,1,1,200,517
20950,11890,1,1,1,382
20951,57,401,814,0,700000
20951,1806,1,1,-1,1655
20951,1806,1,1,2,77
20951,1867,1,1,2,41667
20951,1872,1,1,2,40000
20951,1882,1,1,2,9259
20951,1894,1,1,2,880
20951,1918,1,1,-1,35828
20951,1920,1,1,-1,28307
20951,2120,1,1,1,735
20951,4042,1,1,2,660
20951,5270,1,1,2,220
20951,5436,1,1,2,220
20951,8726,1,1,200,1099
20951,8736,1,1,200,119
20951,11839,1,1,1,119
20952,57,726,1477,0,700000
20952,1868,1,1,2,111111
20952,1873,1,1,2,19231
20952,1889,1,1,2,5814
20952,1984,1,1,-1,32140
20952,2121,1,1,1,1273
20952,3034,1,1,-1,2999
20952,4044,1,1,-1,49978
20952,4044,1,1,2,1244
20952,4128,1,1,2,857
20952,4187,1,1,2,80
20952,5275,1,1,2,415
20952,5549,1,1,2,13699
20952,8726,1,1,200,2075
20952,8736,1,1,200,218
20952,8746,1,1,200,75
20952,11857,1,1,1,415
20953,57,563,1149,0,700000
20953,1864,3,5,-1,932365
20953,1864,1,1,2,83333
20953,1869,1,1,2,32258
20953,1878,1,1,2,14706
20953,1884,1,1,2,27778
20953,2962,1,1,-1,76153
20953,4039,1,1,2,1253
20953,4049,1,1,1,3612
20953,4050,1,1,1,4267
20953,4051,1,1,1,2671
20953,4948,1,1,-1,6134
20953,4962,1,1,2,1253
20953,4999,1,1,2,418
20953,8311,1,1,2,49
20953,8727,1,1,200,1253
20953,12338,1,1,1,1253
20953,12339,1,1,1,418
20953,12340,1,1,1,836
20954,57,806,1635,0,700000
20954,1864,1,1,2,111111
20954,1869,1,5,-1,830753
20954,1869,1,1,2,55556
20954,1880,1,1,2,6623
20954,4043,1,1,2,2041
20954,4049,1,1,-1,87150
20954,4109,1,1,1,692
20954,4110,1,1,1,692
20954,4159,1,1,2,199
20954,4613,1,1,-1,2292
20954,4990,1,1,2,2041
20954,5550,1,1,2,1020
20954,8728,1,1,200,1020
20954,8738,1,1,200,510
20954,11915,1,1,1,55
20954,11919,1,1,1,55
20955,57,941,1905,0,700000
20955,1830,1,1,2,28571
20955,1865,1,1,2,66667
20955,1870,1,1,2,58824
20955,1874,1,1,2,1883
20955,4039,1,1,2,943
20955,4043,1,1,2,4237
20955,4052,1,1,-1,68637
20955,4082,1,1,1,1618
20955,4083,1,1,1,1618
20955,5230,1,1,-1,2585
20955,5276,1,1,2,110
20955,8729,1,1,200,943
20955,8739,1,1,200,471
20955,12186,1,1,1,123
20955,12194,1,1,1,123
20956,57,954,1912,0,700000
20956,1874,1,1,2,2571
20956,1878,1,1,2,17857
20956,1884,1,3,-1,599263
20956,1884,1,1,2,41667
20956,1889,1,1,2,4291
20956,2508,1,1,2,62500
20956,3956,1,1,2,97
20956,4106,1,1,-1,10962
20956,4119,1,1,1,1259
20956,4175,1,1,2,857
20956,4987,1,1,-1,8081
20956,5220,1,1,2,3425
20956,8729,1,1,200,64
20956,8739,1,1,200,64
20956,11939,1,1,1,186
20957,57,990,2008,0,700000
20957,1344,10,30,2,71429
20957,1830,1,1,2,25000
20957,1866,1,1,2,37037
20957,1871,1,1,2,71429
20957,1877,1,1,-1,81685
20957,1877,1,1,2,1845
20957,4040,1,1,2,1038
20957,4041,1,1,2,1153
20957,4052,1,1,-1,72301
20957,4053,1,1,-1,87533
20957,4077,1,1,1,4523
20957,4088,1,1,1,3800
20957,4089,1,1,1,3800
20957,5276,1,1,2,58
20957,8729,1,1,200,1095
20957,8739,1,1,200,115
20957,12183,1,1,1,519
20957,12185,1,1,1,1038
20957,12202,1,1,1,58
20958,57,742,1509,0,700000
20958,1807,1,1,-1,2044
20958,1867,1,1,2,76923
20958,1872,1,1,2,76923
20958,1875,1,1,2,3610
20958,1881,1,1,2,9346
20958,4041,1,1,2,317
20958,5156,1,1,2,238
20958,5478,1,1,-1,12889
20958,5494,1,1,1,1585
20958,5525,1,1,1,1167
20958,5526,1,1,1,1167
20958,8730,1,1,200,832
20958,8740,1,1,200,52
20958,12225,1,1,1,40
20958,12226,1,1,1,40
20958,12234,1,1,1,40
20959,57,1195,2431,0,700000
20959,1807,1,1,-1,3291
20959,1866,1,1,2,55556
20959,1871,1,1,2,71429
20959,1877,1,1,2,3125
20959,4040,1,1,2,1626
20959,4041,1,1,2,846
20959,4054,1,1,-1,48618
20959,4953,1,1,2,2933
20959,5281,1,1,2,139
20959,5478,1,1,-1,20756
20959,5485,1,1,1,1022
20959,5486,1,1,1,719
20959,5489,1,1,1,1604
20959,8730,1,1,200,1042
20959,12223,1,1,1,195
20959,12232,1,1,1,195
20959,12235,1,1,1,977
20960,57,652,1319,0,700000
20960,1343,10,30,2,66667
20960,1868,1,1,2,76923
20960,1873,1,1,2,14085
20960,1876,1,1,2,9709
20960,1895,1,1,2,10309
20960,4042,1,1,2,233
20960,4052,1,1,-1,47533
20960,4053,1,1,-1,57546
20960,4115,1,1,1,865
20960,5230,1,1,-1,1790
20960,5230,1,1,2,67
20960,5276,1,1,2,67
20960,8729,1,1,200,117
20960,11932,1,1,1,700
20961,57,958,1943,0,700000
20961,1864,1,1,2,142857
20961,1869,1,1,2,45455
20961,1878,1,1,2,22727
20961,1884,1,3,-1,607931
20961,1884,1,1,2,29412
20961,3956,1,1,2,112
20961,4039,1,1,2,1131
20961,4053,1,1,-1,84688
20961,4090,1,1,1,3275
20961,4091,1,1,1,3275
20961,4096,1,1,1,3275
20961,4099,1,1,1,3275
20961,5230,1,1,-1,2634
20961,5230,1,1,2,1319
20961,8729,1,1,200,188
20961,12187,1,1,1,377
20961,12188,1,1,1,377
20961,12189,1,1,1,377
20961,12190,1,1,1,377
20962,57,915,1854,0,700000
20962,1865,1,1,2,50000
20962,1870,1,1,2,55556
20962,1875,1,1,2,4926
20962,1879,1,1,2,14925
20962,3956,1,1,2,154
20962,4040,1,1,2,771
20962,4054,1,1,-1,37144
20962,4077,1,1,-1,84831
20962,4082,1,1,1,1574
20962,4083,1,1,1,1574
20962,5230,1,1,-1,2514
20962,5230,1,1,2,107
20962,8729,1,1,200,1080
20962,12186,1,1,1,308
20962,12194,1,1,1,308
20963,57,869,1764,0,700000
20963,1864,1,1,2,142857
20963,1869,1,1,2,66667
20963,1880,1,1,2,8475
20963,4043,1,1,2,1055
20963,4116,1,1,-1,7834
20963,4984,1,1,2,352
20963,5478,1,1,-1,15075
20963,5479,1,1,-1,10608
20963,5496,1,1,1,1552
20963,5497,1,1,1,1552
20963,5508,1,1,1,1552
20963,5509,1,1,1,1552
20963,5550,1,1,2,1177
20963,8730,1,1,200,820
20963,8740,1,1,200,703
20963,12221,1,1,1,117
20963,12224,1,1,1,117
20963,12229,1,1,1,117
20963,12231,1,1,1,117
20964,57,890,1808,0,700000
20964,1868,1,1,2,142857
20964,1873,1,1,2,23256
20964,1874,1,1,-1,122460
20964,1875,1,1,-1,122460
20964,1876,1,1,2,15625
20964,1895,1,1,2,18868
20964,3035,1,1,-1,2449
20964,4042,1,1,2,1701
20964,4174,1,1,2,283
20964,5494,1,1,1,1899
20964,5525,1,1,1,1398
20964,5526,1,1,1,1398
20964,8730,1,1,200,567
20964,8740,1,1,200,283
20964,8750,1,1,200,283
20964,12225,1,1,1,283
20964,12226,1,1,1,283
20964,12234,1,1,1,283
20965,57,1193,2433,0,700000
20965,1864,1,1,2,166667
20965,1869,1,1,2,90909
20965,1880,1,1,2,9901
20965,4043,1,1,-1,82345
20965,4043,1,1,2,2358
20965,4089,1,1,-1,93362
20965,4161,1,1,2,643
20965,5482,1,1,-1,32605
20965,5550,1,1,2,1499
20965,6341,1,1,1,3364
20965,6343,1,1,1,2601
20965,6345,1,1,1,4653
20965,8730,1,1,200,1071
20965,8740,1,1,200,214
20965,12344,1,1,1,214
20965,12345,1,1,1,858
20965,12346,1,1,1,858
20966,57,1294,2634,0,700000
20966,1894,1,1,-1,93879
20966,1894,1,1,2,2841
20966,4039,1,1,2,3650
20966,4041,1,1,2,812
20966,4044,1,1,-1,89185
20966,4044,1,1,2,3247
20966,4085,1,1,-1,46499
20966,4617,1,1,2,182
20966,5478,1,1,1,1108
20966,5479,1,1,1,780
20966,5482,1,1,1,1739
20966,6037,1,1,2,200000
20966,8731,1,1,200,1218
20966,8741,1,1,200,812
20966,8751,1,1,200,406
20966,12222,1,1,1,156
20966,12228,1,1,1,406
20966,12230,1,1,1,117
20967,57,1116,2286,0,700000
20967,1867,1,1,2,125000
20967,1872,1,1,2,125000
20967,1882,1,1,2,20833
20967,1894,1,1,2,3175
20967,4041,1,1,-1,24181
20967,4042,1,1,2,1590
20967,5001,1,1,2,105
20967,5156,1,1,-1,3708
20967,5485,1,1,-1,23384
20967,6341,1,1,1,3787
20967,6343,1,1,1,2928
20967,6345,1,1,1,5238
20967,8732,1,1,200,1192
20967,8742,1,1,200,132
20967,8752,1,1,200,78
20967,12344,1,1,1,265
20967,12345,1,1,1,795
20967,12346,1,1,1,795
20968,57,1094,2233,0,700000
20968,729,1,1,2,12
20968,1868,1,1,2,142857
20968,1873,1,1,2,32258
20968,1889,1,1,2,4762
20968,4044,1,1,2,3436
20968,5007,1,1,2,77
20968,5480,1,1,-1,12197
20968,5481,1,1,-1,12197
20968,5486,1,1,-1,16084
20968,5496,1,1,1,2354
20968,5497,1,1,1,2354
20968,5508,1,1,1,2354
20968,5509,1,1,1,2354
20968,5549,1,1,2,5155
20968,6036,1,1,2,2646
20968,8732,1,1,200,529
20968,8742,1,1,200,132
20968,12221,1,1,1,397
20968,12224,1,1,1,397
20968,12229,1,1,1,662
20968,12231,1,1,1,1059
20969,57,918,1873,0,700000
20969,729,1,1,-1,253
20969,1894,1,1,2,2558
20969,4039,1,1,2,3831
20969,4041,1,1,2,511
20969,4044,1,1,2,4348
20969,4150,1,1,2,2045
20969,5161,1,1,-1,3042
20969,5487,1,1,-1,10272
20969,5502,1,1,1,1423
20969,5503,1,1,1,1423
20969,5514,1,1,1,1423
20969,5515,1,1,1,1423
20969,8732,1,1,200,1277
20969,8742,1,1,200,273
20969,12257,1,1,1,256
20969,12260,1,1,1,256
20969,12264,1,1,1,256
20969,12267,1,1,1,256
20970,57,909,1851,0,700000
20970,1895,1,2,-1,537200
20970,4042,1,1,-1,31337
20970,5489,1,1,-1,24816
20970,5496,1,1,1,1628
20970,5497,1,1,1,1628
20970,5508,1,1,1,1628
20970,5509,1,1,1,1628
20970,10581,1,1,3,3690
20970,10584,1,1,3,2873
20970,10609,1,1,3,4098
20970,12221,1,1,1,89
20970,12224,1,1,1,445
20970,12229,1,1,1,711
20970,12231,1,1,1,533
20970,14217,1,1,3,3937
20971,57,1088,2219,0,700000
20971,1876,1,1,-1,540396
20971,1877,1,1,-1,108079
20971,1895,1,1,-1,771995
20971,5494,1,1,1,2794
20971,5525,1,1,1,2057
20971,5526,1,1,1,2057
20971,12225,1,1,1,702
20971,12226,1,1,1,526
20971,12234,1,1,1,702
20971,12768,1,1,3,8196
20971,12769,1,1,3,7352
20972,57,918,1872,0,700000
20972,4077,1,1,-1,85462
20972,4087,1,1,-1,44581
20972,5494,1,1,-1,39900
20972,5496,1,1,1,1645
20972,5497,1,1,1,1645
20972,5508,1,1,1,1645
20972,5509,1,1,1,1645
20972,12221,1,1,1,507
20972,12224,1,1,1,169
20972,12229,1,1,1,169
20972,12231,1,1,1,507
20972,12770,1,1,3,5714
20972,12771,1,1,3,5952
20973,57,1187,2425,0,700000
20973,4078,1,1,-1,43112
20973,5166,1,1,-1,3935
20973,5496,1,1,-1,69201
20973,6341,1,1,1,4019
20973,6343,1,1,1,3107
20973,6345,1,1,1,5559
20973,12344,1,1,1,169
20973,12345,1,1,1,169
20973,12346,1,1,1,1353
20974,57,1926,3902,0,700000
20974,1866,1,1,2,83333
20974,1871,1,1,2,142857
20974,1877,1,1,2,4854
20974,4040,1,1,2,1081
20974,4041,1,1,2,3247
20974,4052,1,1,-1,142857
20974,4120,1,1,1,2386
20974,4164,1,1,2,2703
20974,5230,1,1,-1,5291
20974,5276,1,1,2,224
20974,8729,1,1,200,4329
20974,8739,1,1,200,541
20975,57,1711,3459,0,700000
20975,110,1,1,1,42
20975,1830,1,1,2,45455
20975,1866,1,1,2,76923
20975,1871,1,1,2,142857
20975,1885,1,1,2,8547
20975,2416,1,1,1,29
20975,2417,1,1,1,29
20975,4041,1,1,2,1292
20975,4053,1,1,-1,150882
20975,4077,1,1,1,7795
20975,4078,1,1,-1,51418
20975,4088,1,1,1,6549
20975,4089,1,1,1,6549
20975,5220,1,1,2,3135
20975,5230,1,1,-1,4693
20975,5276,1,1,2,199
20975,8729,1,1,200,1712
20975,8739,1,1,200,285
20975,8749,1,1,200,856
20976,57,1447,2929,0,700000
20976,358,1,1,1,10
20976,1343,10,30,2,142857
20976,1867,1,1,2,125000
20976,1872,1,1,2,125000
20976,1882,1,1,2,19231
20976,1894,1,1,2,2101
20976,2380,1,1,1,15
20976,2381,1,1,1,7
20976,4042,1,1,2,841
20976,4054,1,2,-1,58705
20976,4078,1,1,1,2144
20976,4080,1,1,-1,61307
20976,4080,1,1,1,3019
20976,4081,1,1,1,1447
20976,5230,1,1,-1,3974
20976,5230,1,1,2,147
20976,5276,1,1,2,147
20976,8729,1,1,200,421
20976,8739,1,1,200,86
20976,8759,1,1,200,162
20977,57,2281,4615,0,700000
20977,730,1,1,2,166
20977,864,1,1,1,51
20977,895,1,1,1,76
20977,926,1,1,1,38
20977,947,1,1,-1,1877
20977,1866,1,1,2,100000
20977,1871,1,1,2,125000
20977,1876,1,1,-1,938515
20977,1877,1,1,2,4464
20977,4040,1,1,2,3961
20977,4041,1,1,2,1722
20977,4052,1,1,-1,166138
20977,4052,1,1,1,8178
20977,4053,1,1,1,9901
20977,4054,1,1,1,4550
20977,4164,1,1,2,1312
20977,8729,1,1,200,6667
20978,57,2442,4931,0,700000
20978,79,1,1,1,12
20978,1830,1,1,2,76923
20978,1868,1,1,2,333333
20978,1873,1,1,2,40000
20978,1889,1,1,2,7042
20978,3956,1,1,2,283
20978,4044,1,1,2,11765
20978,4081,1,1,-1,49498
20978,4114,1,1,1,3247
20978,5230,1,1,-1,6696
20978,5549,1,1,2,27778
20978,7889,1,1,1,15
20978,8336,1,1,1,1515
20978,8729,1,1,200,4673
20978,8739,1,1,200,2342
20979,57,2165,4366,0,700000
20979,171,1,1,1,4
20979,175,1,1,1,4
20979,210,1,1,1,4
20979,1343,10,30,2,200000
20979,1864,1,3,2,100000
20979,1869,1,1,2,90909
20979,1880,1,1,2,16417
20979,4043,1,1,2,4739
20979,4082,1,1,-1,50238
20979,4116,1,1,1,957
20979,4117,1,1,1,957
20979,4118,1,1,1,907
20979,5230,1,1,2,2375
20979,5276,1,1,2,219
20979,5550,1,1,-1,59281
20979,5550,1,1,2,4739
20980,57,2504,5090,0,700000
20980,1867,1,3,2,66667
20980,1869,2,6,2,34483
20980,1870,2,6,2,35714
20980,1871,1,1,2,166667
20980,1872,1,3,2,111111
20980,4039,1,1,-1,172365
20980,4041,1,1,-1,44965
20980,4085,1,1,-1,89867
20980,4985,1,1,2,339
20980,5287,1,1,1,11
20980,5288,1,1,1,18
20980,5293,1,1,1,8
20980,5520,1,1,1,1642
20980,5521,1,1,1,1159
20980,5524,1,1,1,2510
20980,8730,1,1,200,702
20980,8740,1,1,200,339
20981,57,2354,4802,0,700000
20981,358,1,1,1,15
20981,1830,1,1,2,66667
20981,1864,1,3,2,166667
20981,1869,1,1,2,166667
20981,1880,1,1,2,11628
20981,2380,1,1,1,24
20981,2381,1,1,1,11
20981,4043,1,1,2,6024
20981,4078,1,1,1,3505
20981,4080,1,1,1,4935
20981,4081,1,1,1,2365
20981,4083,1,1,-1,55065
20981,4085,1,1,-1,84693
20981,5230,1,1,-1,6498
20981,5550,1,1,2,3891
20981,8730,1,1,200,707
20981,8740,1,1,200,1060
20981,10303,1,1,1,159
20982,57,2185,4461,0,700000
20982,1344,30,90,2,55556
20982,1830,1,1,2,66667
20982,1864,1,3,2,125000
20982,1869,1,1,2,125000
20982,1880,1,1,2,10638
20982,2398,1,1,1,14
20982,2399,1,1,1,14
20982,2403,1,1,1,23
20982,2404,1,1,1,23
20982,4043,1,1,2,3774
20982,4084,1,1,-1,78645
20982,4084,1,1,1,2903
20982,4085,1,1,-1,78645
20982,4085,1,1,1,2903
20982,4086,1,1,1,3920
20982,4087,1,1,1,3920
20982,5230,1,1,-1,6034
20982,5276,1,1,2,223
20982,5550,1,1,2,2062
20982,8730,1,1,200,2747
20982,8740,1,1,200,341
20982,10303,1,1,1,313
20983,57,3280,6678,0,700000
20983,730,1,1,2,239
20983,1867,1,3,2,166667
20983,1872,1,3,2,90909
20983,1882,1,1,2,58824
20983,1894,1,1,2,7246
20983,4042,1,1,2,3215
20983,4080,1,1,-1,139529
20983,4199,1,1,2,219
20983,5297,1,1,1,20
20983,5298,1,1,1,31
20983,5301,1,1,1,14
20983,5478,1,1,-1,57040
20983,5478,1,1,1,2808
20983,5479,1,1,1,1976
20983,5482,1,1,1,4408
20983,5549,1,1,-1,678321
20983,8731,1,1,200,410
20983,8741,1,1,200,410
20984,57,3007,6136,0,700000
20984,729,1,1,2,30
20984,1865,1,1,2,200000
20984,1870,1,1,2,166667
20984,1874,1,1,2,9709
20984,4039,1,1,2,9709
20984,4041,1,1,-1,54145
20984,4043,1,1,2,8929
20984,5156,1,1,2,351
20984,5304,1,1,1,18
20984,5305,1,1,1,29
20984,5308,1,1,1,13
20984,5420,1,1,2,808
20984,5478,1,1,-1,52361
20984,5485,1,1,1,2578
20984,5486,1,1,1,1814
20984,5489,1,1,1,4046
20984,8730,1,1,200,1616
20984,8740,1,1,200,808
20985,57,3203,6534,0,700000
20985,1344,20,60,2,142857
20985,1807,1,1,-1,8840
20985,1866,1,1,2,142857
20985,1871,1,3,2,71429
20985,1877,1,1,2,8772
20985,3035,1,1,-1,8840
20985,4040,1,1,2,3968
20985,4041,1,1,2,2381
20985,5161,1,1,2,374
20985,5479,1,1,-1,39229
20985,6323,1,1,1,38
20985,6324,1,1,1,50
20985,6325,1,1,1,75
20985,6341,1,1,1,9028
20985,6343,1,1,1,6979
20985,6345,1,1,1,12486
20985,8730,1,1,200,1590
20985,8740,1,1,200,1590
20986,57,1937,3158,0,700000
20986,1806,1,1,-1,7272
20986,1894,1,1,2,6730
20986,1984,1,1,-1,77945
20986,2414,1,1,1,126
20986,2497,1,1,1,180
20986,2959,1,1,1,11610
20986,2966,1,1,1,18366
20986,4039,1,1,2,6394
20986,4041,1,1,2,1668
20986,4043,1,1,-1,121204
20986,4044,1,1,2,6394
20986,4180,1,1,2,21311
20986,4184,1,1,2,221
20986,5436,1,1,2,313
20986,8726,1,1,200,797
20987,57,1658,3230,0,700000
20987,299,1,1,1,7
20987,301,1,1,1,9
20987,303,1,1,1,9
20987,1864,1,14,-1,943145
20987,1864,1,3,2,152355
20987,1869,1,1,2,152355
20987,1878,1,1,2,60942
20987,1884,1,1,2,93757
20987,1918,1,1,-1,142963
20987,2113,1,1,1,984
20987,2114,1,1,1,984
20987,2122,1,1,1,928
20987,3034,1,1,2,305
20987,3955,1,1,2,305
20987,4039,1,1,-1,110034
20987,4039,1,1,2,5079
20987,5270,1,1,2,305
20987,8726,1,1,200,420
20988,57,2106,3561,0,700000
20988,400,1,1,1,55
20988,401,1,1,1,29
20988,420,1,1,1,87
20988,1806,1,1,-1,7262
20988,1865,1,1,2,167582
20988,1870,1,1,2,167582
20988,1875,1,1,2,11173
20988,1879,1,1,2,27931
20988,1920,1,1,-1,124241
20988,1984,1,1,-1,77834
20988,1984,1,1,1,4791
20988,1985,1,1,1,7706
20988,1987,1,1,1,3410
20988,3955,1,1,2,336
20988,4040,1,1,2,3352
20988,4127,1,1,2,4148
20988,5270,1,1,2,336
20989,57,457,910,0,700000
20989,352,1,1,1,52
20989,1825,1,1,-1,64329
20989,1866,1,1,2,62500
20989,1871,1,3,-1,900608
20989,1871,1,1,2,83333
20989,1885,1,1,2,6993
20989,1902,1,1,-1,91247
20989,1941,1,1,1,3086
20989,2146,1,1,2,4975
20989,2377,1,1,1,83
20989,2378,1,1,1,83
20989,2918,1,1,1,4603
20989,2919,1,1,1,4603
20989,5220,1,1,2,3104
20989,5473,1,1,2,10000
20990,57,434,864,0,700000
20990,437,1,1,1,99
20990,470,1,1,1,158
20990,1341,10,30,2,250000
20990,1867,1,1,2,100000
20990,1872,1,1,2,100000
20990,1882,1,1,-1,189994
20990,1882,1,1,2,16393
20990,1894,1,1,2,1931
20990,1903,1,1,-1,142615
20990,1944,1,1,1,5636
20990,1945,1,1,1,8776
20990,2145,1,1,-1,61070
20990,2147,1,1,2,6757
20990,2194,1,1,2,6757
20991,57,1632,3299,0,700000
20991,354,1,1,1,157
20991,381,1,1,1,251
20991,1875,1,1,2,7752
20991,1879,1,1,2,23256
20991,1885,1,1,2,16949
20991,1908,1,1,-1,317634
20991,1909,1,1,-1,452966
20991,1959,1,1,1,10677
20991,1960,1,1,1,21718
20991,2064,1,1,-1,25926
20991,3021,1,1,2,1548
20991,4556,1,1,2,1548
20991,5549,1,1,2,16949
20991,5550,1,1,2,6211
20991,8723,1,1,200,9259
20991,8733,1,1,200,1548
20992,57,1446,2961,0,700000
20992,852,1,1,1,305
20992,883,1,1,1,459
20992,915,1,1,1,229
20992,1868,1,1,2,333333
20992,1873,1,1,2,55556
20992,1889,1,1,2,13514
20992,1908,1,2,-1,284012
20992,1908,1,1,1,22370
20992,1909,1,2,-1,405019
20992,1909,1,1,1,31900
20992,1910,1,1,1,17788
20992,2163,1,1,-1,153019
20992,2164,1,1,2,20000
20992,2319,1,1,2,840
20992,5549,1,1,2,18519
20992,8723,1,1,200,4202
20992,8733,1,1,200,840
20993,57,1538,3139,0,700000
20993,62,1,1,1,133
20993,1864,1,13,-1,909305
20993,1864,1,3,2,200000
20993,1869,1,7,-1,795642
20993,1869,1,1,2,166667
20993,1880,1,1,2,19608
20993,1958,1,1,1,7512
20993,2163,1,1,-1,162376
20993,2165,1,1,2,3922
20993,2318,1,1,2,1120
20993,2429,1,1,1,133
20993,2430,1,1,1,133
20993,2431,1,1,1,133
20993,2432,1,1,1,133
20993,2433,1,1,1,133
20993,2452,1,1,1,133
20993,2453,1,1,1,133
20993,2454,1,1,1,133
20993,2937,1,1,1,7512
20993,2938,1,1,1,7512
20993,2939,1,1,1,7512
20993,2940,1,1,1,7512
20993,2941,1,1,1,7512
20993,2942,1,1,1,7512
20993,2943,1,1,1,7512
20993,2944,1,1,1,7512
20993,5550,1,1,2,1120
20993,8723,1,1,200,7299
20993,8733,1,1,200,2801
20993,8743,1,1,200,87
20994,57,1756,3567,0,700000
20994,265,1,1,1,35
20994,1894,1,1,2,6536
20994,2108,1,1,1,4018
20994,2169,1,1,-1,64202
20994,3015,1,1,2,1629
20994,3016,1,1,2,4878
20994,4039,1,1,2,7353
20994,4041,1,1,2,1864
20994,4043,1,1,-1,120913
20994,4044,1,1,-1,120913
20994,4044,1,1,2,5714
20994,4186,1,1,2,247
20994,8725,1,1,200,5714
20994,8735,1,1,200,815
20995,57,1334,2711,0,700000
20995,500,1,1,1,169
20995,632,1,1,1,241
20995,1539,1,1,2,28571
20995,1865,1,1,2,125000
20995,1870,1,1,2,142857
20995,1874,1,1,2,7634
20995,1911,1,2,-1,205015
20995,1966,1,1,-1,100636
20995,1971,1,1,1,12462
20995,1972,1,1,1,16285
20995,2166,1,1,-1,93438
20995,2222,1,1,2,2278
20995,2496,1,1,1,261
20995,2947,1,1,1,14540
20995,4039,1,1,2,5181
20995,4043,1,1,2,4132
20995,8724,1,1,200,5181
20995,8734,1,1,200,1656
20995,8744,1,1,200,207
20996,57,674,1369,0,700000
20996,265,1,1,1,14
20996,1864,1,7,-1,927568
20996,1864,1,1,2,125000
20996,1869,1,3,-1,695676
20996,1869,1,1,2,62500
20996,1878,1,1,2,25641
20996,1884,1,1,2,38462
20996,1914,1,1,-1,78166
20996,2108,1,1,1,1541
20996,2169,1,1,2,2105
20996,3019,1,1,2,1647
20996,4039,1,1,2,2198
20996,8725,1,1,200,1464
20996,8735,1,1,200,457
20997,57,601,1220,0,700000
20997,60,1,1,1,36
20997,1539,1,2,-1,275438
20997,1868,1,1,2,111111
20997,1873,1,1,2,25000
20997,1876,1,1,2,11905
20997,1895,1,1,2,14493
20997,1915,1,2,-1,109205
20997,1977,1,1,1,3792
20997,2170,1,1,2,2114
20997,3012,1,1,2,1209
20997,4042,1,1,2,680
20997,4601,1,1,-1,2754
20997,8725,1,1,200,1739
20997,8735,1,1,200,454
20997,8755,1,1,200,59
20998,57,664,1343,0,700000
20998,162,1,1,1,2
20998,174,1,1,1,2
20998,196,1,1,1,2
20998,197,1,1,1,2
20998,199,1,1,1,2
20998,200,1,1,1,2
20998,201,1,1,1,2
20998,202,1,1,1,2
20998,1832,1,1,2,58824
20998,1866,1,1,2,32258
20998,1871,1,1,2,55556
20998,1877,1,1,2,2062
20998,1916,1,1,-1,58159
20998,2097,1,1,1,190
20998,2098,1,1,1,190
20998,2099,1,1,1,200
20998,2100,1,1,1,200
20998,2102,1,1,1,192
20998,2103,1,1,1,200
20998,2104,1,1,1,200
20998,2105,1,1,1,190
20998,2169,1,1,-1,24190
20998,2170,1,1,-1,32234
20998,2231,1,1,2,271
20998,4040,1,1,2,1805
20998,4041,1,1,2,1289
20998,5155,1,1,2,126
20998,6669,1,1,2,12821
20998,8725,1,1,200,1031
20998,8735,1,1,200,515
20999,57,787,1598,0,700000
20999,228,1,1,1,10
20999,1806,1,1,2,226
20999,1868,1,9,-1,811841
20999,1868,1,1,2,125000
20999,1873,1,2,-1,649473
20999,1873,1,1,2,22727
20999,1889,1,1,2,4975
20999,1918,1,2,-1,70320
20999,2119,1,1,1,1367
20999,4044,1,1,2,1605
20999,5270,1,1,2,150
20999,5280,1,1,2,113
20999,5549,1,1,2,5650
20999,8726,1,1,200,2146
20999,8736,1,1,200,113
21000,57,688,1402,0,700000
21000,299,1,1,1,3
21000,301,1,1,1,4
21000,303,1,1,1,4
21000,1865,1,3,-1,711817
21000,1865,1,1,2,45455
21000,1870,1,1,2,45455
21000,1875,1,1,2,4762
21000,1879,1,1,2,6061
21000,1918,1,1,-1,61656
21000,1986,1,1,-1,15043
21000,2113,1,1,1,425
21000,2114,1,1,1,425
21000,2122,1,1,1,400
21000,4040,1,1,2,1570
21000,4146,1,1,2,121
21000,4182,1,1,2,121
21000,5160,1,1,2,117
21000,5436,1,1,2,81
21000,8726,1,1,200,685
21000,8736,1,1,200,201
21001,57,933,1901,0,700000
21001,286,1,1,1,12
21001,1868,1,1,2,125000
21001,1873,1,1,2,27027
21001,1876,1,1,2,12987
21001,1895,1,3,-1,551315
21001,1895,1,1,2,15625
21001,1988,1,1,-1,37076
21001,2121,1,1,1,1639
21001,4042,1,1,-1,32160
21001,4042,1,1,2,1869
21001,4180,1,1,2,8403
21001,4939,1,1,2,493
21001,4966,1,1,2,33
21001,4971,1,1,2,42
21001,5165,1,1,2,67
21001,8726,1,1,200,1110
21001,8736,1,1,200,334
21001,8746,1,1,200,25
21002,57,823,1681,0,700000
21002,1867,1,1,2,66667
21002,1872,1,1,2,76923
21002,1874,1,1,-1,113674
21002,1875,1,1,2,3125
21002,1881,1,1,2,6211
21002,2960,1,2,-1,92845
21002,4041,1,1,2,331
21002,4112,1,1,1,1427
21002,4613,1,1,-1,2352
21002,4949,1,1,2,483
21002,4992,1,1,2,358
21002,8311,1,1,2,18
21002,8727,1,1,200,581
21002,8737,1,1,200,98
21002,8747,1,1,200,9
21002,11896,1,1,1,45
21003,57,755,1542,0,700000
21003,1832,1,1,2,47619
21003,1866,1,1,2,27778
21003,1871,1,1,2,43478
21003,1885,1,1,2,3704
21003,2963,1,2,-1,85150
21003,4041,1,1,2,691
21003,4049,1,1,-1,82024
21003,4072,1,1,1,2594
21003,4101,1,1,1,3348
21003,4102,1,1,1,2594
21003,4439,1,1,1,3983
21003,4949,1,1,-1,10024
21003,4963,1,1,2,12
21003,4993,1,1,2,581
21003,4999,1,1,2,288
21003,5220,1,1,2,1468
21003,8727,1,1,200,782
21003,8737,1,1,200,121
21003,8747,1,1,200,12
21003,8757,1,1,200,10
21003,12159,1,1,1,489
21003,12160,1,1,1,317
21003,12170,1,1,1,219
21003,12171,1,1,1,875
21004,57,840,1710,0,700000
21004,1868,1,1,2,100000
21004,1873,1,1,2,21739
21004,1876,1,1,2,10417
21004,1895,1,1,2,15385
21004,1920,1,1,-1,59425
21004,4042,1,1,2,1139
21004,4066,1,1,1,2016
21004,4067,1,1,1,3060
21004,4068,1,1,1,1549
21004,4129,1,1,-1,18795
21004,4129,1,1,2,545
21004,4167,1,1,2,545
21004,4197,1,1,2,64
21004,4951,1,1,-1,7617
21004,8728,1,1,200,737
21004,8738,1,1,200,152
21004,8748,1,1,200,8
21004,8758,1,1,200,16
21004,12150,1,1,1,441
21004,12151,1,1,1,305
21004,12165,1,1,1,184
21005,57,920,1876,0,700000
21005,947,1,1,-1,762
21005,1868,1,1,2,111111
21005,1873,1,1,2,22222
21005,1876,1,1,2,11364
21005,1880,1,2,-1,190431
21005,1895,1,1,2,16949
21005,4042,1,1,2,1030
21005,4050,1,2,-1,117987
21005,4104,1,1,1,537
21005,4107,1,1,1,529
21005,4108,1,1,1,529
21005,4129,1,1,2,549
21005,4167,1,1,2,678
21005,4197,1,1,2,27
21005,8728,1,1,200,935
21005,8738,1,1,200,271
21005,8748,1,1,200,41
21005,11889,1,1,1,34
21005,11900,1,1,1,108
21005,11916,1,1,1,34
21006,57,878,1784,0,700000
21006,948,1,1,-1,4532
21006,1864,1,1,2,111111
21006,1869,1,1,2,55556
21006,1880,1,1,2,5556
21006,4043,1,1,2,1471
21006,4056,1,1,1,1212
21006,4057,1,1,1,1872
21006,4064,1,1,1,1212
21006,4065,1,1,1,1872
21006,4066,1,1,-1,42738
21006,4130,1,1,-1,29428
21006,4173,1,1,2,417
21006,4193,1,1,2,80
21006,5003,1,1,2,15
21006,5550,1,1,2,797
21006,8728,1,1,200,1229
21006,8738,1,1,200,307
21006,8748,1,1,200,29
21006,12152,1,1,1,234
21006,12161,1,1,1,176
21006,12172,1,1,1,241
21006,12173,1,1,1,285
21007,57,946,1918,0,700000
21007,948,1,1,-1,4875
21007,1832,1,1,2,71429
21007,1894,1,1,2,9767
21007,4039,1,1,2,1953
21007,4041,1,1,2,1085
21007,4044,1,1,2,2604
21007,4051,1,1,-1,75618
21007,4105,1,1,1,824
21007,4106,1,1,1,811
21007,4166,1,1,2,325
21007,4621,1,1,2,2170
21007,4981,1,1,-1,6055
21007,4998,1,1,2,651
21007,8728,1,1,200,1302
21007,8738,1,1,200,434
21007,8748,1,1,200,97
21007,11908,1,1,1,108
21007,11918,1,1,1,108
21008,57,1213,2457,0,700000
21008,1867,1,1,2,111111
21008,1872,1,1,2,111111
21008,1882,1,1,2,23810
21008,1894,1,1,2,3333
21008,4042,1,1,2,1176
21008,4052,1,1,-1,88462
21008,4090,1,1,1,4141
21008,4091,1,1,1,4141
21008,4096,1,1,1,4141
21008,4099,1,1,1,4141
21008,4983,1,1,-1,5305
21008,4983,1,1,2,224
21008,5230,1,1,-1,3331
21008,5276,1,1,2,141
21008,8729,1,1,200,1961
21008,8739,1,1,200,392
21008,12187,1,1,1,1176
21008,12188,1,1,1,784
21008,12189,1,1,1,784
21008,12190,1,1,1,196
21009,57,1297,2625,0,700000
21009,948,1,1,-1,6677
21009,1865,1,1,2,90909
21009,1870,1,1,2,90909
21009,1875,1,1,2,7752
21009,1879,1,1,2,15873
21009,4040,1,1,2,2169
21009,4052,1,1,-1,94558
21009,4078,1,1,1,1921
21009,4080,1,1,1,2705
21009,4081,1,1,1,1296
21009,4104,1,1,-1,15284
21009,5004,1,1,2,86
21009,5281,1,1,2,151
21009,8729,1,1,200,1116
21009,8739,1,1,200,279
21009,8759,1,1,200,93
21009,12184,1,1,1,155
21009,12193,1,1,1,248
21009,12204,1,1,1,31
21010,57,1042,2108,0,700000
21010,1868,1,1,2,125000
21010,1873,1,1,2,18182
21010,1889,1,1,2,4016
21010,3956,1,1,2,50
21010,4044,1,1,2,2558
21010,4120,1,1,1,1385
21010,4129,1,1,2,752
21010,4621,1,1,-1,2958
21010,4624,1,1,2,98
21010,5230,1,1,-1,2859
21010,5549,1,1,2,5464
21010,6670,1,1,2,10526
21010,8729,1,1,200,1103
21010,8739,1,1,200,150
21010,11933,1,1,1,50
21011,46,1,1,1,484
21011,57,224,444,0,700000
21011,627,1,1,1,691
21011,1061,1,1,2,18319
21011,1832,1,1,-1,491646
21011,1864,1,1,2,60450
21011,1865,1,1,2,30225
21011,1866,1,1,2,20150
21011,1868,1,1,2,60450
21011,1873,1,1,2,12090
21011,1884,1,1,-1,272296
21011,1900,1,1,-1,48411
21011,2185,1,1,2,5950
21011,2274,1,1,2,216
21012,57,277,550,0,700000
21012,275,1,1,1,31
21012,276,1,1,1,31
21012,1833,1,1,2,113326
21012,1868,1,1,2,84994
21012,1873,1,1,2,16999
21012,1889,1,1,2,2834
21012,1936,1,1,-1,44548
21012,2024,1,1,1,1413
21012,2153,1,1,-1,84661
21012,2185,1,1,-1,107160
21012,2264,1,1,2,440
21012,2273,1,1,2,304
21012,5549,1,1,2,4250
21013,57,324,649,0,700000
21013,737,1,1,2,5845
21013,848,1,1,1,412
21013,879,1,1,1,618
21013,911,1,1,1,309
21013,1061,1,1,-1,388921
21013,1061,1,1,2,35422
21013,1866,1,1,2,38964
21013,1871,1,1,2,58446
21013,1877,1,1,2,2338
21013,1900,1,1,1,9592
21013,1933,1,1,-1,75496
21013,2023,1,1,-1,7952
21013,2187,1,1,2,2610
21014,57,336,671,0,700000
21014,316,1,1,1,25
21014,317,1,1,1,25
21014,1865,1,4,-1,662426
21014,1865,1,1,2,58824
21014,1870,1,1,2,62500
21014,1875,1,1,2,9346
21014,1879,1,1,2,11236
21014,1958,1,1,-1,59544
21014,2030,1,1,1,1374
21014,2189,1,1,2,2621
21014,2286,1,1,2,327
21014,2977,1,1,-1,88678
21015,57,342,683,0,700000
21015,83,1,1,1,17
21015,124,1,1,1,13
21015,127,1,1,1,13
21015,130,1,1,1,13
21015,144,1,1,1,17
21015,1868,1,1,2,166667
21015,1869,1,2,-1,675737
21015,1873,1,1,-1,270295
21015,1873,1,1,2,28571
21015,1876,1,1,2,12987
21015,1940,1,1,-1,100856
21015,2026,1,1,1,721
21015,2280,1,1,2,514
21015,2978,1,1,2,9091
21016,57,367,732,0,700000
21016,58,1,1,1,61
21016,59,1,1,1,87
21016,349,1,1,1,61
21016,350,1,1,1,61
21016,351,1,1,1,55
21016,378,1,1,1,87
21016,379,1,1,1,87
21016,1864,1,1,2,111111
21016,1869,1,1,2,58824
21016,1870,1,2,-1,723751
21016,1880,1,1,2,5495
21016,1882,1,1,-1,160833
21016,1901,1,1,-1,99966
21016,2191,1,1,2,6024
21016,2276,1,1,2,393
21016,2293,1,1,2,306
21016,5550,1,1,2,733
21017,57,701,1428,0,700000
21017,400,1,1,1,22
21017,401,1,1,1,12
21017,420,1,1,1,35
21017,1806,1,1,-1,2899
21017,1866,1,1,2,34483
21017,1871,1,1,2,526323
21017,1880,1,1,-1,144955
21017,1885,1,1,2,4566
21017,1984,1,1,1,1913
21017,1985,1,1,1,3077
21017,1987,1,1,1,1362
21017,1989,1,1,-1,43688
21017,4041,1,1,2,694
21017,4189,1,1,2,78
21017,4940,1,1,2,289
21017,5220,1,1,2,2315
21017,5280,1,1,2,231
21017,8726,1,1,200,1157
21017,8736,1,1,200,174
21018,57,883,1802,0,700000
21018,1867,1,1,2,71429
21018,1872,1,1,2,71429
21018,1875,1,1,2,3401
21018,1881,1,1,2,6536
21018,2961,1,1,-1,99537
21018,4041,1,1,2,529
21018,4049,1,1,-1,95882
21018,4105,1,1,1,773
21018,4106,1,1,1,760
21018,4947,1,1,-1,18787
21018,4950,1,1,2,508
21018,4999,1,1,2,656
21018,8309,1,1,2,85
21018,8727,1,1,200,1776
21018,8737,1,1,200,254
21018,11908,1,1,1,56
21018,11918,1,1,1,85
21019,57,973,1988,0,700000
21019,1865,1,1,2,58824
21019,1870,1,1,2,55556
21019,1874,1,1,2,4854
21019,2964,1,1,-1,109806
21019,4039,1,1,2,1553
21019,4043,1,1,2,2198
21019,4111,1,1,1,1705
21019,4129,1,1,-1,21825
21019,4176,1,1,2,843
21019,4950,1,1,-1,20726
21019,4964,1,1,2,67
21019,5003,1,1,2,44
21019,8727,1,1,200,1198
21019,8737,1,1,200,466
21019,8747,1,1,200,44
21019,11903,1,1,1,222
21020,57,1105,2252,0,700000
21020,1832,1,1,2,500000
21020,1987,1,1,-1,34883
21020,4050,1,1,-1,141660
21020,4104,1,1,1,645
21020,4107,1,1,1,635
21020,4108,1,1,1,635
21020,4167,1,1,2,5155
21020,4952,1,1,-1,29388
21020,11889,1,1,1,54
21020,11900,1,1,1,54
21020,11916,1,1,1,54
21021,57,1020,2079,0,700000
21021,947,1,1,-1,844
21021,1867,1,1,2,76923
21021,1869,1,1,2,58824
21021,1870,1,1,2,58824
21021,1871,1,1,2,62500
21021,1872,1,1,2,83333
21021,4040,1,1,-1,42217
21021,4112,1,1,1,1765
21021,4130,1,1,2,893
21021,4613,1,1,-1,2912
21021,4998,1,1,2,893
21021,5001,1,1,2,76
21021,8728,1,1,200,722
21021,8738,1,1,200,247
21021,11896,1,1,1,95
21022,57,1041,2116,0,700000
21022,947,1,1,-1,860
21022,1867,1,1,2,83333
21022,1869,1,1,2,66667
21022,1870,1,1,2,62500
21022,1871,1,1,2,62500
21022,1872,1,1,2,76923
21022,4049,1,1,-1,112794
21022,4069,1,1,1,2496
21022,4070,1,1,1,3789
21022,4071,1,1,1,1918
21022,4130,1,1,2,1172
21022,4613,1,1,-1,2966
21022,4998,1,1,2,699
21022,5001,1,1,2,50
21022,8728,1,1,200,1647
21022,8738,1,1,200,150
21022,8748,1,1,200,649
21022,12166,1,1,1,150
21022,12175,1,1,1,200
21022,12176,1,1,1,474
21023,57,193,367,0,700000
21023,156,1,1,1,34
21023,167,1,1,1,34
21023,178,1,1,1,34
21023,1864,1,1,2,71429
21023,1865,1,1,2,55556
21023,1866,1,1,-1,245597
21023,1866,1,1,2,6024
21023,1868,1,1,2,71429
21023,1873,1,1,2,6024
21023,2019,1,1,-1,7922
21023,2260,1,1,2,535
21023,2263,1,1,-1,5720
21024,57,200,383,0,700000
21024,220,1,1,1,106
21024,1864,1,1,2,83333
21024,1869,1,1,2,47619
21024,1878,1,1,2,14925
21024,1884,1,1,2,38462
21024,1899,1,1,-1,60101
21024,1934,1,1,-1,50280
21024,2178,1,1,-1,61543
21024,2180,1,1,2,1153
21025,57,208,407,0,700000
21025,291,1,1,1,56
21025,1864,1,1,2,100000
21025,1865,1,1,2,400009
21025,1866,1,1,2,27027
21025,1868,1,3,-1,808633
21025,1868,1,1,2,90909
21025,1871,1,1,-1,404316
21025,1873,1,1,2,19231
21025,2019,1,1,1,2440
21025,2152,1,1,-1,71182
21025,2180,1,1,2,2660
21026,57,220,435,0,700000
21026,275,1,1,1,25
21026,276,1,1,1,25
21026,737,1,1,2,3236
21026,1834,1,2,-1,479579
21026,1867,1,1,2,58824
21026,1872,1,1,2,52632
21026,1875,1,1,2,4630
21026,1881,1,1,2,5102
21026,1900,1,1,-1,47223
21026,2024,1,1,1,1121
21026,2025,1,1,-1,5978
21026,2191,1,1,2,4630
21026,2274,1,1,2,463
21034,57,296,590,0,700000
21034,88,1,1,1,5
21034,90,1,1,1,5
21034,158,1,1,1,5
21034,169,1,1,1,5
21034,172,1,1,1,5
21034,1341,10,30,2,142857
21034,1874,1,1,2,3165
21034,1878,1,1,2,19608
21034,1884,1,1,2,27027
21034,1889,1,1,2,3401
21034,1956,1,1,-1,66832
21034,2031,1,1,1,309
21034,2032,1,1,1,282
21034,2035,1,1,1,309
21034,2036,1,1,1,309
21034,2037,1,1,1,309
21034,2154,1,1,-1,63039
21034,2190,1,1,2,1460
21034,2279,1,1,2,272
21034,2302,1,1,-1,2571
21034,5220,1,1,2,1217
21035,57,916,1852,0,700000
21035,396,1,1,1,174
21035,1865,1,1,2,100000
21035,1870,1,1,2,111111
21035,1873,1,3,-1,593536
21035,1875,1,1,2,6536
21035,1879,1,1,2,15385
21035,1905,1,1,-1,144342
21035,1952,1,1,-1,47529
21035,1952,1,1,1,11934
21035,2205,1,1,2,3571
21035,2308,1,1,2,132
21035,2989,1,1,2,7143
21035,2997,1,1,2,9174
21035,6668,1,1,2,37037
21036,57,1057,2156,0,700000
21036,354,1,1,1,88
21036,381,1,1,1,140
21036,1895,1,3,-1,534500
21036,1895,1,1,2,50000
21036,1959,1,1,1,5955
21036,1960,1,1,1,12113
21036,2070,1,1,-1,14854
21036,2316,1,1,-1,6518
21036,2318,1,1,2,1541
21036,8723,1,1,200,10000
21036,8733,1,1,200,1115
21036,8743,1,1,200,1115
21037,57,1372,2791,0,700000
21037,1126,1,1,1,89
21037,1895,1,1,2,34483
21037,1974,1,1,1,6001
21037,2166,1,1,-1,65513
21037,2225,1,1,2,1473
21037,2329,1,1,2,249
21037,2344,1,1,2,249
21037,2345,1,1,2,249
21037,2434,1,1,1,89
21037,2455,1,1,1,96
21037,2456,1,1,1,89
21037,2457,1,1,1,89
21037,2458,1,1,1,89
21037,2946,1,1,1,3989
21037,2948,1,1,1,6001
21037,2949,1,1,1,6001
21037,2950,1,1,1,6001
21037,2951,1,1,1,6001
21037,4040,1,1,-1,38652
21037,4040,1,1,2,736
21037,4042,1,1,2,1473
21037,4043,1,1,2,5155
21037,5231,1,1,-1,138044
21037,8724,1,1,200,4425
21037,8734,1,1,200,1473
21038,57,1037,2113,0,700000
21038,500,1,1,1,117
21038,632,1,1,1,168
21038,952,1,1,2,831
21038,1867,1,1,2,125000
21038,1872,1,1,2,125000
21038,1875,1,1,2,5814
21038,1881,1,1,2,20833
21038,1911,1,1,-1,142220
21038,1971,1,1,1,8645
21038,1972,1,1,1,11297
21038,2166,1,1,-1,64819
21038,2224,1,1,2,1664
21038,2496,1,1,1,182
21038,2947,1,1,1,10087
21038,4041,1,1,2,1664
21038,5231,1,1,-1,136582
21038,8724,1,1,200,1664
21038,8734,1,1,200,2494
21039,57,1039,2093,0,700000
21039,70,1,1,1,28
21039,1805,1,1,-1,6613
21039,1866,1,1,2,100000
21039,1871,1,5,-1,661279
21039,1871,1,1,2,200000
21039,1877,1,1,2,6410
21039,1905,1,1,-1,192980
21039,2047,1,1,1,2190
21039,2162,1,1,2,8021
21039,2312,1,1,2,725
21039,2499,1,1,1,28
21039,2967,1,1,1,2160
21039,5159,1,1,2,554
21040,57,1649,3351,0,700000
21040,195,1,1,1,24
21040,952,1,1,2,2585
21040,1867,1,1,2,200000
21040,1872,1,1,2,200000
21040,1875,1,1,-1,204167
21040,1875,1,1,2,7194
21040,1881,1,1,2,30303
21040,1911,1,1,-1,227781
21040,1967,1,1,-1,167031
21040,2082,1,1,1,2391
21040,2224,1,1,2,1805
21040,2502,1,1,1,24
21040,2968,1,1,1,2289
21040,4041,1,1,2,7194
21040,8724,1,1,200,1754
21040,8734,1,1,200,2924
21040,8744,1,1,200,585
21058,57,2369,4811,0,700000
21058,78,1,1,1,6
21058,142,1,1,1,6
21058,148,1,1,1,6
21058,1895,1,1,2,40000
21058,4040,1,1,2,5556
21058,4042,1,1,2,3439
21058,4043,1,1,2,3176
21058,4049,1,1,-1,256419
21058,4104,1,1,1,1378
21058,4107,1,1,1,1356
21058,4108,1,1,1,1356
21058,4129,1,1,-1,52907
21058,4163,1,1,2,1585
21058,4195,1,1,2,158
21058,4617,1,1,-1,6743
21058,4999,1,1,2,2566
21058,8728,1,1,200,1585
21059,57,2020,4116,0,700000
21059,284,1,1,1,15
21059,1864,1,3,2,125000
21059,1869,1,1,2,125000
21059,1878,1,1,2,47619
21059,1884,1,1,2,83333
21059,4039,1,1,2,7143
21059,4049,1,2,-1,219194
21059,4112,1,1,1,3495
21059,4129,1,1,-1,45227
21059,4130,1,1,-1,67840
21059,4154,1,1,2,843
21059,4194,1,1,2,118
21059,4198,1,1,2,118
21059,8728,1,1,200,843
21059,8748,1,1,200,66
21060,57,2020,4113,0,700000
21060,229,1,1,1,8
21060,243,1,1,1,8
21060,947,1,1,-1,1672
21060,1343,20,60,2,100000
21060,1865,1,11,-1,835788
21060,1865,1,1,2,125000
21060,1870,1,1,2,125000
21060,1875,1,1,2,7407
21060,1879,1,1,2,23810
21060,4040,1,1,2,2882
21060,4050,1,1,-1,258918
21060,4109,1,1,1,1739
21060,4110,1,1,1,1739
21060,4155,1,1,2,822
21060,8728,1,1,200,2058
21060,8738,1,1,200,411
21060,8748,1,1,200,411
21061,57,4020,8163,0,700000
21061,730,1,1,2,796
21061,1868,1,3,2,250000
21061,1873,1,1,2,100000
21061,1876,1,1,2,47610
21061,1895,1,7,-1,790309
21061,1895,1,1,2,71429
21061,4042,1,1,2,4902
21061,5000,1,1,2,184
21061,5287,1,1,1,18
21061,5288,1,1,1,29
21061,5293,1,1,1,13
21061,5422,1,1,2,61
21061,5478,1,1,-1,69780
21061,5520,1,1,1,2635
21061,5521,1,1,1,1860
21061,5524,1,1,1,4028
21061,8730,1,1,200,2755
21061,8740,1,1,200,367
21063,57,8664,17620,0,700000
21063,729,1,1,2,85
21063,1807,1,1,-1,23854
21063,1864,4,12,2,125000
21063,1865,2,6,2,111111
21063,1866,3,9,2,62500
21063,1868,10,30,2,47619
21063,1873,4,12,2,25000
21063,5220,1,2,-1,715633
21063,5281,1,1,2,252
21063,5287,1,1,1,39
21063,5288,1,1,1,61
21063,5293,1,1,1,27
21063,5478,1,1,-1,150444
21063,5520,1,1,1,5681
21063,5521,1,1,1,4009
21063,5524,1,1,1,8683
21063,8314,1,1,2,514
21063,8730,1,1,200,7042
21063,8740,1,1,200,1511
21063,8760,1,1,200,252
21064,57,4450,9065,0,700000
21064,1344,40,120,2,66667
21064,1867,1,3,2,125000
21064,1872,1,3,2,166667
21064,1875,1,1,2,16949
21064,1881,1,1,2,35714
21064,4041,1,1,2,1570
21064,4119,1,1,-1,40287
21064,4130,1,1,2,5882
21064,4403,1,1,2,392
21064,5230,1,1,-1,12272
21064,5287,1,1,1,20
21064,5288,1,1,1,32
21064,5293,1,1,1,14
21064,5479,1,1,-1,54461
21064,5520,1,1,1,2923
21064,5521,1,1,1,2063
21064,5524,1,1,1,4467
21064,8730,1,1,200,1961
21064,8740,1,1,200,784
21064,8750,1,1,200,392
21065,57,5007,10220,0,700000
21065,1807,1,1,-1,13828
21065,1867,1,3,2,142857
21065,1872,1,3,2,200000
21065,1875,1,1,2,20833
21065,1881,1,1,2,40000
21065,4041,1,1,2,4255
21065,4120,1,1,-1,45319
21065,4164,1,1,2,3257
21065,4401,1,1,2,1253
21065,5290,1,1,1,67
21065,5291,1,1,1,67
21065,5295,1,1,1,67
21065,5296,1,1,1,67
21065,5496,1,1,1,8979
21065,5497,1,1,1,8979
21065,5508,1,1,1,8979
21065,5509,1,1,1,8979
21065,8730,1,1,200,4016
21065,8740,1,1,200,451
21066,57,5047,10270,0,700000
21066,729,1,1,2,43
21066,1868,3,9,2,100000
21066,1873,1,1,2,125000
21066,1889,1,1,2,21739
21066,4044,1,1,2,11494
21066,4081,1,1,-1,102859
21066,4613,1,1,2,532
21066,5230,1,1,-1,13915
21066,5289,1,1,1,60
21066,5292,1,1,1,85
21066,5294,1,1,1,60
21066,5482,1,1,-1,137743
21066,5494,1,1,1,10790
21066,5525,1,1,1,7942
21066,5526,1,1,1,7942
21066,5549,1,1,2,34483
21066,6671,1,1,2,31250
21066,8731,1,1,200,3460
21066,8741,1,1,200,1065
21066,8751,1,1,200,266
21068,57,11870,24160,0,700000
21068,729,1,1,2,115
21068,1867,12,36,2,37037
21068,1869,18,54,2,18182
21068,1870,2,6,2,142857
21068,1871,3,9,2,166667
21068,1872,7,21,2,66667
21068,3035,1,1,-1,32712
21068,4402,1,1,2,1003
21068,5287,1,1,1,53
21068,5288,1,1,1,84
21068,5293,1,1,1,36
21068,5479,1,1,-1,145173
21068,5485,1,1,-1,206309
21068,5520,1,1,1,7790
21068,5521,1,1,1,5497
21068,5524,1,1,1,11907
21068,8731,1,1,200,5780
21068,8741,1,1,200,752
21068,8751,1,1,200,251
21068,8761,1,1,200,251
21069,57,6379,13000,0,700000
21069,729,1,1,2,103
21069,1866,1,1,2,250000
21069,1871,1,3,2,200000
21069,1877,1,1,2,16949
21069,3035,1,1,-1,17599
21069,4040,1,1,2,10417
21069,4041,1,1,-1,114774
21069,4041,1,1,2,3279
21069,4080,1,1,-1,271501
21069,4619,1,1,2,410
21069,5290,1,1,1,85
21069,5291,1,1,1,85
21069,5295,1,1,1,85
21069,5296,1,1,1,85
21069,5422,1,1,2,308
21069,5496,1,1,1,11427
21069,5497,1,1,1,11427
21069,5508,1,1,1,11427
21069,5509,1,1,1,11427
21069,8731,1,1,200,3484
21069,8741,1,1,200,1026
21071,57,12340,25140,0,700000
21071,729,1,1,2,229
21071,1894,1,1,2,37037
21071,4039,1,1,2,31250
21071,4041,1,1,2,6211
21071,4044,1,1,2,27778
21071,4403,1,1,2,1377
21071,5156,1,1,-1,34020
21071,5297,1,1,1,73
21071,5298,1,1,1,116
21071,5301,1,1,1,50
21071,5478,1,1,1,10562
21071,5479,1,1,1,7432
21071,5482,1,1,1,16578
21071,5486,1,1,-1,150978
21071,5489,1,1,-1,336768
21071,8731,1,1,200,9901
21071,8741,1,1,200,2294
21071,8761,1,1,200,102
21072,57,5240,10670,0,700000
21072,1868,3,9,2,125000
21072,1873,1,1,2,142857
21072,1889,1,1,2,25000
21072,4044,1,1,2,10526
21072,4083,1,1,-1,122362
21072,4403,1,1,2,352
21072,4984,1,1,2,1056
21072,5161,1,1,-1,14439
21072,5230,1,1,-1,14439
21072,5289,1,1,1,62
21072,5292,1,1,1,88
21072,5294,1,1,1,62
21072,5494,1,1,1,11196
21072,5525,1,1,1,8241
21072,5526,1,1,1,8241
21072,5549,1,1,2,31250
21072,8731,1,1,200,2817
21072,8741,1,1,200,1408
21073,57,2319,4638,0,700000
21073,287,1,1,1,11
21073,1830,1,1,2,38462
21073,1864,1,3,2,111111
21073,1869,1,1,2,200000
21073,1880,1,1,2,21739
21073,4043,1,1,2,7299
21073,4052,1,1,-1,167558
21073,4121,1,1,1,3045
21073,5230,1,1,-1,6310
21073,5276,1,1,2,267
21073,5550,1,1,2,2663
21074,57,2985,6083,0,700000
21074,730,1,1,2,218
21074,1865,1,1,2,200000
21074,1870,1,1,2,200000
21074,1874,1,1,-1,411554
21074,1874,1,1,2,14286
21074,4039,1,1,2,7874
21074,4043,1,1,2,3953
21074,5166,1,1,2,348
21074,5290,1,1,1,40
21074,5291,1,1,1,40
21074,5295,1,1,1,40
21074,5296,1,1,1,40
21074,5478,1,1,-1,51911
21074,5482,1,1,-1,81480
21074,5496,1,1,1,5345
21074,5497,1,1,1,5345
21074,5508,1,1,1,5345
21074,5509,1,1,1,5345
21074,8730,1,1,200,2370
21075,57,2191,4376,0,700000
21075,601,1,1,1,41
21075,1866,1,1,2,100000
21075,1871,1,1,2,142857
21075,1877,1,1,2,1658
21075,2439,1,1,1,41
21075,2475,1,1,1,41
21075,2487,1,1,1,41
21075,4040,1,1,2,1658
21075,4041,1,1,-1,38815
21075,4041,1,1,2,1658
21075,4052,1,1,-1,158037
21075,4090,1,1,1,7398
21075,4091,1,1,1,7398
21075,4096,1,1,1,7398
21075,4099,1,1,1,7398
21075,4616,1,1,-1,6157
21075,5005,1,1,2,144
21075,5276,1,1,2,252
21075,5418,1,1,2,492
21075,8729,1,1,200,4975
21076,57,2130,4285,0,700000
21076,1830,1,1,2,52632
21076,1866,1,1,2,125000
21076,1871,1,1,2,142857
21076,1877,1,1,2,9524
21076,2398,1,1,1,14
21076,2399,1,1,1,14
21076,2403,1,1,1,22
21076,2404,1,1,1,22
21076,4040,1,1,2,3185
21076,4041,1,1,2,1875
21076,4052,1,1,-1,155045
21076,4053,1,1,-1,187709
21076,4084,1,1,1,2809
21076,4085,1,1,1,2809
21076,4086,1,1,1,3793
21076,4087,1,1,1,3793
21076,5230,1,1,-1,5839
21076,8729,1,1,200,1203
21076,8739,1,1,200,1590
21077,57,2023,4088,0,700000
21077,864,1,1,1,45
21077,895,1,1,1,67
21077,926,1,1,1,34
21077,1343,20,60,2,83333
21077,1867,1,1,2,166667
21077,1872,1,1,2,166667
21077,1875,1,1,2,12821
21077,1881,1,1,2,20833
21077,4041,1,1,-1,36223
21077,4041,1,1,2,3205
21077,4052,1,1,1,7260
21077,4053,1,1,1,8790
21077,4054,1,1,-1,82050
21077,4054,1,1,1,4039
21077,5230,1,1,-1,5554
21077,5230,1,1,2,1603
21077,5276,1,1,2,1603
21077,8739,1,1,200,1603
21078,57,2685,5428,0,700000
21078,1868,1,3,2,200000
21078,1873,1,1,2,71429
21078,1876,1,1,2,40000
21078,1895,1,1,2,62500
21078,3956,1,1,-1,7360
21078,4040,1,1,-1,110398
21078,4042,1,1,2,3145
21078,4175,1,1,2,7874
21078,5289,1,1,1,32
21078,5292,1,1,1,45
21078,5294,1,1,1,32
21078,5485,1,1,-1,46417
21078,5494,1,1,1,5707
21078,5525,1,1,1,4201
21078,5526,1,1,1,4201
21078,8730,1,1,200,1572
21078,8740,1,1,200,895
21079,57,2550,5165,0,700000
21079,730,1,1,2,1639
21079,1868,1,3,2,142857
21079,1873,1,1,2,71429
21079,1876,1,1,2,27778
21079,1895,1,3,-1,750339
21079,1895,1,1,2,40000
21079,4042,1,1,-1,87540
21079,4042,1,1,2,4926
21079,5161,1,1,2,296
21079,5304,1,1,1,15
21079,5305,1,1,1,24
21079,5308,1,1,1,11
21079,5478,1,1,-1,44167
21079,5485,1,1,1,2175
21079,5486,1,1,1,1530
21079,5489,1,1,1,3413
21079,8730,1,1,200,3279
21079,8740,1,1,200,1639
21080,57,2353,4764,0,700000
21080,1807,1,1,-1,6473
21080,1864,1,3,2,142857
21080,1869,1,1,2,142857
21080,1878,1,1,2,90909
21080,1884,1,1,2,90909
21080,3035,1,1,-1,6473
21080,4039,1,1,2,8065
21080,5166,1,1,2,274
21080,5479,1,1,-1,28725
21080,6036,1,1,2,6452
21080,6323,1,1,1,28
21080,6324,1,1,1,37
21080,6325,1,1,1,55
21080,6341,1,1,1,6611
21080,6343,1,1,1,5110
21080,6345,1,1,1,9143
21080,8730,1,1,200,921
21081,57,2994,6056,0,700000
21081,1867,1,1,2,333333
21081,1872,1,3,2,166667
21081,1875,1,1,2,25641
21081,1881,1,1,2,47619
21081,4041,1,1,2,2636
21081,4119,1,1,-1,26946
21081,4985,1,1,2,859
21081,5230,1,1,-1,8208
21081,5297,1,1,1,18
21081,5298,1,1,1,28
21081,5301,1,1,1,12
21081,5478,1,1,-1,51767
21081,5478,1,1,1,2549
21081,5479,1,1,1,1794
21081,5482,1,1,1,4000
21081,8731,1,1,200,3663
21082,57,2884,5776,0,700000
21082,1865,1,1,2,200000
21082,1870,1,1,2,250000
21082,1875,1,1,2,17544
21082,1879,1,1,2,35714
21082,4040,1,1,2,5813
21082,5156,1,1,-1,7871
21082,5281,1,1,2,388
21082,5304,1,1,1,17
21082,5305,1,1,1,27
21082,5308,1,1,1,12
21082,5482,1,1,-1,77916
21082,5485,1,1,1,2444
21082,5486,1,1,-1,34931
21082,5486,1,1,1,1720
21082,5489,1,1,1,3836
21083,57,2987,6015,0,700000
21083,730,1,1,2,217
21083,1807,1,1,2,347
21083,1866,1,1,2,166667
21083,1871,1,1,2,250000
21083,1885,1,1,2,21739
21083,4041,1,1,2,2264
21083,5156,1,1,-1,8223
21083,5220,1,1,2,7194
21083,5485,1,1,-1,51860
21083,5486,1,1,-1,36492
21083,6323,1,1,1,35
21083,6324,1,1,1,47
21083,6325,1,1,1,70
21083,6341,1,1,1,8398
21083,6343,1,1,1,6492
21083,6345,1,1,1,11615
21083,8731,1,1,200,7194
21084,57,1989,4041,0,700000
21084,78,1,1,1,5
21084,142,1,1,1,5
21084,148,1,1,1,5
21084,1832,1,1,2,125000
21084,1868,1,1,2,200000
21084,1873,1,1,2,35714
21084,1889,1,1,2,6579
21084,4044,1,1,2,3690
21084,4056,1,1,-1,74312
21084,4104,1,1,1,1157
21084,4107,1,1,1,1139
21084,4108,1,1,1,1139
21084,4129,1,2,-1,44434
21084,4196,1,1,2,137
21084,4402,1,1,2,270
21084,5002,1,1,2,103
21084,5549,1,1,2,8197
21084,8728,1,1,200,2188
21084,8738,1,1,200,274
21085,57,4618,9398,0,700000
21085,1868,3,9,2,111111
21085,1873,1,1,2,125000
21085,1889,1,1,-1,636970
21085,1889,1,1,2,16949
21085,4044,1,1,2,9434
21085,4131,1,1,2,2985
21085,5297,1,1,1,28
21085,5298,1,1,1,44
21085,5301,1,1,1,19
21085,5478,1,1,1,3955
21085,5479,1,1,-1,56536
21085,5479,1,1,1,2783
21085,5482,1,1,1,6208
21085,5489,1,1,-1,126108
21085,5549,1,1,2,37037
21085,6036,1,1,2,5988
21085,8730,1,1,200,6452
21085,8740,1,1,200,1493
21085,8750,1,1,200,1493
21086,57,4625,9425,0,700000
21086,1807,1,1,-1,12750
21086,1895,1,5,-1,910686
21086,1895,1,1,2,90909
21086,4040,1,1,2,3268
21086,4042,1,1,2,8197
21086,4043,1,1,2,8621
21086,4166,1,1,2,5714
21086,4401,1,1,2,942
21086,5287,1,1,1,21
21086,5288,1,1,1,33
21086,5293,1,1,1,14
21086,5482,1,1,-1,126209
21086,5520,1,1,1,3037
21086,5521,1,1,1,2143
21086,5524,1,1,1,4641
21086,8730,1,1,200,3676
21086,8740,1,1,200,362
21087,57,6417,13060,0,700000
21087,729,1,1,2,49
21087,1864,5,15,2,76923
21087,1869,2,6,2,90909
21087,1880,1,1,2,38462
21087,1894,1,1,-1,465485
21087,4043,1,1,2,10870
21087,4082,1,1,-1,149902
21087,4614,1,1,2,105
21087,5287,1,1,1,29
21087,5288,1,1,1,46
21087,5293,1,1,1,20
21087,5494,1,1,-1,278616
21087,5520,1,1,1,4213
21087,5521,1,1,1,2973
21087,5524,1,1,1,6438
21087,5550,1,1,2,5236
21087,6037,9,27,2,41667
21087,6671,1,1,2,41667
21087,8731,1,1,200,3040
21087,8741,1,1,200,734
21087,8751,1,1,200,314
21088,57,4909,10000,0,700000
21088,1868,3,9,2,125000
21088,1873,1,1,2,142857
21088,1876,1,1,2,62500
21088,1895,1,1,2,111111
21088,4042,1,1,-1,169225
21088,4042,1,1,2,5495
21088,4403,1,1,2,857
21088,4622,1,1,2,592
21088,4986,1,1,2,1321
21088,5230,1,1,-1,13538
21088,5287,1,1,1,22
21088,5288,1,1,1,35
21088,5293,1,1,1,15
21088,5485,1,1,-1,85381
21088,5485,1,1,1,4887
21088,5486,1,1,1,3439
21088,5489,1,1,1,7670
21088,8731,1,1,200,3745
21088,8741,1,1,200,440
21088,8751,1,1,200,220
21088,10306,1,1,2,302
21089,57,5703,11630,0,700000
21089,1868,3,9,2,142857
21089,1873,2,6,2,45455
21089,1876,1,1,2,83333
21089,1895,1,1,2,125000
21089,3035,1,1,-1,15741
21089,4042,1,1,2,7353
21089,4116,1,1,-1,51588
21089,4986,1,1,2,781
21089,5304,1,1,1,34
21089,5305,1,1,1,54
21089,5308,1,1,1,23
21089,5480,1,1,-1,52974
21089,5485,1,1,1,4887
21089,5486,1,1,1,3439
21089,5489,1,1,1,7670
21089,8731,1,1,200,4425
21089,8741,1,1,200,694
21089,8761,1,1,200,52
21090,57,4386,8941,0,700000
21090,730,1,1,2,552
21090,1344,20,60,2,200000
21090,1866,1,1,2,166667
21090,1871,1,3,2,90909
21090,1877,1,1,2,9804
21090,4040,1,1,2,3135
21090,4041,1,1,2,1842
21090,4401,1,1,2,1105
21090,5156,1,1,-1,12101
21090,5230,1,1,-1,12101
21090,5287,1,1,1,20
21090,5288,1,1,1,31
21090,5293,1,1,1,14
21090,5486,1,1,-1,53701
21090,5520,1,1,1,2882
21090,5521,1,1,1,2034
21090,5524,1,1,1,4405
21090,8731,1,1,200,2950
21090,8741,1,1,200,184
21091,57,2948,6005,0,700000
21091,1867,1,3,2,200000
21091,1872,1,3,2,142857
21091,1882,1,1,2,62500
21091,1894,1,1,2,12821
21091,3035,1,1,-1,8134
21091,3035,1,1,2,547
21091,4042,1,1,2,5848
21091,5297,1,1,1,18
21091,5298,1,1,1,28
21091,5301,1,1,1,12
21091,5478,1,1,1,2526
21091,5479,1,1,-1,36097
21091,5479,1,1,1,1777
21091,5482,1,1,-1,80517
21091,5482,1,1,1,3964
21091,10306,1,1,2,1642
21092,57,2881,5868,0,700000
21092,1344,30,90,2,111111
21092,1868,4,12,2,58824
21092,1873,1,1,2,100000
21092,1889,1,1,2,18519
21092,3956,1,1,2,336
21092,4044,1,1,2,9615
21092,5161,1,1,-1,7946
21092,5289,1,1,1,34
21092,5292,1,1,1,49
21092,5294,1,1,1,34
21092,5478,1,1,-1,50115
21092,5485,1,1,-1,50115
21092,5494,1,1,1,6162
21092,5525,1,1,1,4536
21092,5526,1,1,1,4536
21092,5549,1,1,2,33333
21092,8731,1,1,200,207
21092,8741,1,1,200,207
21092,10306,1,1,2,929
21093,2,1,1,1,58
21093,57,125,213,0,700000
21093,120,1,1,1,58
21093,121,1,1,1,58
21093,1800,1,1,-1,83774
21093,1801,1,1,2,19822
21093,1864,1,2,-1,532802
21093,1864,1,1,2,78691
21093,1869,1,1,2,39346
21093,1878,1,1,2,15739
21093,1897,1,1,-1,63429
21093,2012,1,1,1,820
21094,57,125,217,0,700000
21094,176,1,1,1,118
21094,734,1,1,-1,45036
21094,1865,1,1,2,39909
21094,1870,1,1,-1,270215
21094,1870,1,1,2,39909
21094,1879,1,1,2,6652
21094,1924,1,1,-1,87166
21094,2141,1,1,2,7982
21094,2501,1,1,1,118
21095,57,143,255,0,700000
21095,257,1,1,1,152
21095,1804,1,1,-1,12530
21095,1804,1,1,2,1851
21095,1831,1,1,2,123370
21095,1865,1,1,2,46264
21095,1870,1,1,2,46264
21095,1898,1,1,-1,32177
21095,2151,1,1,-1,87255
21096,39,1,1,1,986
21096,51,1,1,1,986
21096,57,140,251,0,700000
21096,1866,1,2,-1,205204
21096,1866,1,1,2,40410
21096,1871,1,3,-1,307807
21096,1871,1,1,2,60615
21096,1926,1,1,-1,31092
21096,1930,1,1,1,15542
21096,2179,1,1,2,29003
21097,57,162,286,0,700000
21097,734,1,1,2,6963
21097,846,1,1,1,653
21097,878,1,1,1,977
21097,909,1,1,1,491
21097,1831,1,1,2,111401
21097,1865,1,1,2,41775
21097,1870,1,1,2,41775
21097,1898,1,1,1,5364
21097,1927,1,1,-1,28206
21097,1928,1,1,-1,51502
21097,2176,1,1,-1,169170
21097,2257,1,1,2,1022
21098,16,1,1,1,161
21098,57,148,273,0,700000
21098,1865,1,1,2,49156
21098,1870,1,1,2,49156
21098,1879,1,1,-1,55471
21098,1879,1,1,2,8193
21098,1929,1,1,-1,42945
21098,2177,1,1,-1,106333
21098,5158,1,1,2,1967
21099,45,1,1,1,427
21099,57,157,294,0,700000
21099,626,1,1,1,610
21099,1875,1,1,-1,23782
21099,1875,1,1,2,3337
21099,1879,1,1,2,8343
21099,1899,1,1,-1,55740
21099,1932,1,1,1,10594
21099,2152,1,1,-1,62805
21099,2152,1,1,2,8812
21099,5549,1,1,2,5006
21100,57,125,213,0,700000
21100,845,1,1,1,886
21100,877,1,1,1,1330
21100,908,1,1,1,662
21100,1800,1,1,-1,83774
21100,1817,1,1,2,7870
21100,1864,1,1,2,78691
21100,1869,1,1,2,39346
21100,1880,1,1,2,3935
21100,1897,1,1,-1,63429
21100,1897,1,1,1,9369
21100,1924,1,1,-1,85936
21101,39,1,1,1,1066
21101,51,1,1,1,1066
21101,57,148,273,0,700000
21101,1865,1,1,-1,332824
21101,1865,1,1,2,39325
21101,1870,1,1,-1,332824
21101,1870,1,1,2,39325
21101,1898,1,1,-1,34188
21101,1930,1,1,1,16806
21101,5163,1,1,2,1573
21101,6035,1,1,2,3277
21101,6666,1,1,2,39325
21102,57,228,457,0,700000
21102,433,1,1,1,62
21102,434,1,1,1,62
21102,435,1,1,1,62
21102,466,1,1,1,99
21102,467,1,1,1,99
21102,468,1,1,1,99
21102,956,1,1,2,414
21102,1874,1,1,2,3268
21102,1878,1,1,2,19231
21102,1884,1,1,2,31250
21102,1889,1,1,2,4098
21102,1900,1,1,-1,49380
21102,1933,1,1,1,3628
21102,1936,1,1,1,2523
21102,2153,1,1,-1,70191
21102,2183,1,1,-1,29693
21102,5220,1,1,2,1637
21103,57,239,476,0,700000
21103,348,1,1,1,97
21103,377,1,1,1,155
21103,955,1,1,-1,1880
21103,1061,1,1,2,28571
21103,1875,1,1,2,2252
21103,1879,1,1,-1,78342
21103,1879,1,1,2,7937
21103,1885,1,1,2,4184
21103,1933,1,1,-1,55300
21103,1935,1,1,1,3588
21103,1937,1,1,1,5517
21103,2185,1,1,2,9009
21103,5549,1,1,2,4292
21103,5550,1,1,2,858
21104,57,296,595,0,700000
21104,605,1,1,1,962
21104,1061,1,1,-1,355341
21104,1123,1,1,1,962
21104,1876,1,1,-1,117263
21104,1876,1,1,2,10638
21104,1877,1,1,2,1938
21104,1880,1,1,2,4785
21104,1881,1,1,2,6579
21104,1882,1,1,2,12500
21104,1935,1,1,-1,32755
21104,2264,1,1,2,775
21104,6667,1,1,2,32258
21105,57,342,683,0,700000
21105,393,1,1,1,79
21105,394,1,1,1,79
21105,415,1,1,1,126
21105,416,1,1,1,126
21105,1874,1,1,2,1805
21105,1878,1,1,2,25000
21105,1884,1,1,2,43478
21105,1889,1,1,2,5848
21105,1901,1,1,-1,93083
21105,1938,1,1,1,4016
21105,1939,1,1,1,5246
21105,2154,1,1,-1,72155
21105,2154,1,1,2,5848
21105,2155,1,1,-1,108174
21105,5220,1,1,2,1353
21106,47,1,1,1,397
21106,57,288,574,0,700000
21106,628,1,1,1,567
21106,1341,10,30,2,125000
21106,1875,1,1,2,2732
21106,1879,1,1,2,5464
21106,1885,1,1,-1,47321
21106,1885,1,1,2,3559
21106,1938,1,1,-1,38175
21106,2186,1,1,2,2463
21106,5549,1,1,2,3831
21106,5550,1,1,-1,7571
21106,5550,1,1,2,547
21106,8317,1,1,2,67
21107,57,610,1210,0,700000
21107,260,1,1,1,132
21107,1876,1,1,2,26316
21107,1877,1,1,2,3731
21107,1880,1,1,2,12048
21107,1881,1,1,2,17857
21107,1882,1,1,2,24390
21107,1939,1,2,-1,105226
21107,1940,1,2,-1,178805
21107,2156,1,1,-1,95840
21107,2188,1,1,2,5587
21108,57,1068,2182,0,700000
21108,1864,1,1,2,142857
21108,1869,1,1,2,71429
21108,1880,1,1,2,7576
21108,4043,1,1,2,4115
21108,4052,1,2,-1,78329
21108,4078,1,1,1,1591
21108,4080,1,1,1,2241
21108,4081,1,1,1,1074
21108,5230,1,1,-1,2950
21108,5230,1,1,2,52
21108,5550,1,1,-1,29499
21108,5550,1,1,2,644
21108,8487,1,1,2,9
21108,8730,1,1,200,934
21108,8740,1,1,200,161
21108,8750,1,1,200,5
21108,12184,1,1,1,62
21108,12193,1,1,1,407
21108,12204,1,1,1,33
21109,57,1330,2704,0,700000
21109,1807,1,1,2,49
21109,1865,1,1,2,83333
21109,1870,1,1,2,83333
21109,1874,1,1,-1,183146
21109,1874,1,1,2,4975
21109,4039,1,1,2,2519
21109,4043,1,1,-1,91573
21109,4043,1,1,2,1529
21109,5478,1,1,-1,23101
21109,6037,1,1,2,166667
21109,6341,1,1,1,3741
21109,6343,1,1,1,2892
21109,6345,1,1,1,5175
21109,6670,1,1,2,16949
21109,8730,1,1,200,540
21109,8740,1,1,200,115
21109,8750,1,1,200,16
21109,12344,1,1,1,384
21109,12345,1,1,1,499
21109,12346,1,1,1,974
21110,57,1137,2310,0,700000
21110,1807,1,1,-1,3130
21110,1866,1,1,2,50000
21110,1871,1,1,2,76923
21110,1877,1,1,2,3745
21110,3035,1,1,-1,3130
21110,3956,1,1,2,57
21110,4040,1,1,2,1290
21110,4041,1,1,2,964
21110,5478,1,1,1,972
21110,5479,1,1,-1,13892
21110,5479,1,1,1,684
21110,5482,1,1,1,1526
21110,8487,1,1,2,237
21110,8730,1,1,200,1133
21110,8740,1,1,200,161
21110,8750,1,1,200,88
21110,12222,1,1,1,61
21110,12228,1,1,1,469
21110,12230,1,1,1,31
21111,57,1191,2424,0,700000
21111,1344,10,30,2,100000
21111,1865,1,1,2,71429
21111,1870,1,1,2,76923
21111,1875,1,1,2,3623
21111,1879,1,1,2,11236
21111,4040,1,1,2,1160
21111,4041,1,1,-1,21400
21111,5166,1,1,2,113
21111,5478,1,1,1,1019
21111,5479,1,1,-1,14562
21111,5479,1,1,1,717
21111,5482,1,1,-1,32483
21111,5482,1,1,1,1599
21111,8487,1,1,2,14
21111,8730,1,1,200,778
21111,8740,1,1,200,85
21111,8750,1,1,200,12
21111,12222,1,1,1,170
21111,12228,1,1,1,240
21111,12230,1,1,1,99
21112,57,1445,2465,0,700000
21112,1868,1,1,2,200000
21112,1873,1,1,2,50000
21112,1876,1,1,2,20000
21112,1895,1,1,2,31250
21112,3956,1,1,-1,3987
21112,4042,1,1,2,4464
21112,5281,1,1,2,70
21112,5485,1,1,-1,25148
21112,5486,1,1,-1,17696
21112,5496,1,1,1,2589
21112,5497,1,1,1,2589
21112,5508,1,1,1,2589
21112,5509,1,1,1,2589
21112,8730,1,1,200,7599
21112,8740,1,1,200,183
21112,8750,1,1,200,28
21112,12221,1,1,1,562
21112,12224,1,1,1,745
21112,12229,1,1,1,408
21112,12231,1,1,1,450
21113,57,1613,3293,0,700000
21113,1344,10,30,2,142857
21113,1864,1,3,2,111111
21113,1869,1,1,2,100000
21113,1878,1,1,2,43478
21113,1884,1,1,2,66667
21113,3035,1,1,2,175
21113,4039,1,1,2,2933
21113,5156,1,1,-1,4454
21113,5166,1,1,-1,4454
21113,5478,1,1,1,1383
21113,5479,1,1,1,973
21113,5482,1,1,1,2171
21113,5489,1,1,-1,44093
21113,8730,1,1,200,1534
21113,8740,1,1,200,97
21113,8750,1,1,200,19
21113,8760,1,1,200,39
21113,12222,1,1,1,175
21113,12228,1,1,1,582
21113,12230,1,1,1,136
21114,57,1538,3132,0,700000
21114,1344,10,30,2,125000
21114,1865,1,1,2,100000
21114,1870,1,1,2,100000
21114,1874,1,1,2,5780
21114,1875,1,1,-1,212062
21114,4039,1,1,2,5556
21114,4043,1,1,2,4425
21114,5161,1,1,-1,4241
21114,5271,1,1,2,49
21114,5494,1,1,-1,66805
21114,5520,1,1,1,1011
21114,5521,1,1,1,713
21114,5524,1,1,1,1544
21114,8731,1,1,200,1214
21114,8741,1,1,200,396
21114,8751,1,1,200,11
21114,12220,1,1,1,463
21114,12227,1,1,1,108
21114,12233,1,1,1,590
21115,57,1342,2736,0,700000
21115,1866,1,1,2,62500
21115,1871,1,1,2,90909
21115,1885,1,1,2,7937
21115,4041,1,1,2,469
21115,5166,1,1,-1,3704
21115,5220,1,1,2,2625
21115,5281,1,1,2,74
21115,5485,1,1,1,1150
21115,5486,1,1,1,810
21115,5489,1,1,1,1805
21115,5496,1,1,-1,65134
21115,5497,1,1,-1,65134
21115,6671,1,1,2,10870
21115,8731,1,1,200,967
21115,8741,1,1,200,312
21115,8751,1,1,200,8
21115,8761,1,1,200,3
21115,12223,1,1,1,489
21115,12232,1,1,1,315
21115,12235,1,1,1,785
21116,57,1770,3612,0,700000
21116,729,1,1,-1,489
21116,729,1,1,2,10
21116,1867,1,1,2,200000
21116,1872,1,1,2,200000
21116,1882,1,1,2,33333
21116,1894,1,1,2,3717
21116,4042,1,1,2,2500
21116,4987,1,1,2,306
21116,5480,1,1,-1,19737
21116,5481,1,1,-1,19737
21116,6341,1,1,1,5990
21116,6343,1,1,1,4630
21116,6345,1,1,1,8285
21116,8731,1,1,200,963
21116,8741,1,1,200,379
21116,8751,1,1,200,18
21116,8761,1,1,200,6
21116,12344,1,1,1,913
21116,12345,1,1,1,919
21116,12346,1,1,1,1066
21117,38,1,1,1,1520
21117,50,1,1,1,1520
21117,57,122,208,0,700000
21117,734,1,1,-1,43530
21117,1800,1,1,-1,82131
21117,1868,1,3,2,102864
21117,1873,1,1,2,20573
21117,1897,1,1,-1,62185
21117,1925,1,1,1,33727
21117,2139,1,1,2,10287
21118,44,1,1,1,799
21118,57,127,221,0,700000
21118,102,1,1,1,1146
21118,945,1,1,1,2367
21118,1801,1,1,-1,138851
21118,1864,1,1,2,65132
21118,1869,1,1,2,32566
21118,1880,1,1,2,3257
21118,1924,1,1,-1,88910
21118,1924,1,1,1,13132
21118,1925,1,1,-1,180734
21118,2142,1,1,2,6514
21118,6035,1,1,2,2714
21119,27,1,1,1,228
21119,33,1,1,1,366
21119,57,130,231,0,700000
21119,1868,1,1,-1,569536
21119,1868,1,1,2,168233
21119,1873,1,1,-1,113907
21119,1873,1,1,2,33647
21119,1898,1,1,-1,29252
21119,1927,1,1,1,3356
21119,1929,1,1,1,5427
21120,57,166,299,0,700000
21120,87,1,1,1,45
21120,155,1,1,1,45
21120,177,1,1,1,45
21120,1804,1,1,-1,14652
21120,1867,1,1,2,72131
21120,1872,1,1,2,72131
21120,1882,1,1,2,12022
21120,1926,1,1,-1,36999
21120,2014,1,1,1,622
21120,2151,1,1,-1,102031
21120,2255,1,1,2,1323
21121,57,147,260,0,700000
21121,257,1,1,1,156
21121,1867,1,1,2,63296
21121,1872,1,1,2,63296
21121,1875,1,1,-1,21428
21121,1881,1,1,-1,42856
21121,1881,1,1,2,6330
21121,1927,1,1,-1,25642
21121,2258,1,1,2,1161
21122,57,151,278,0,700000
21122,273,1,1,1,83
21122,1868,1,1,2,133704
21122,1873,1,1,2,26741
21122,1928,1,1,-1,49451
21122,1929,1,1,-1,43804
21122,2016,1,1,1,1175
21122,2176,1,1,-1,162431
21122,5268,1,1,2,2675
21123,57,236,442,0,700000
21123,220,1,1,1,123
21123,1874,1,1,-1,29775
21123,1874,1,1,2,4739
21123,1878,1,1,2,27778
21123,1899,1,2,-1,69786
21123,2152,1,2,-1,78632
21123,2178,1,1,2,8475
21123,5220,1,1,2,2564
21124,57,121,200,0,700000
21124,309,1,1,1,110
21124,310,1,1,1,110
21124,735,1,1,-1,21105
21124,1800,1,1,2,11763
21124,1865,1,2,-1,253256
21124,1865,1,1,2,37404
21124,1870,1,1,2,37404
21124,1879,1,1,2,6235
21124,1897,1,1,-1,60299
21125,15,1,1,1,115
21125,57,124,211,0,700000
21125,734,1,1,2,6493
21125,1800,1,1,-1,82944
21125,1801,1,1,-1,132878
21125,1866,1,1,2,25971
21125,1871,1,1,2,38956
21125,1924,1,1,-1,85085
21125,2011,1,1,1,1778
21125,2140,1,1,2,7792
21126,24,1,1,1,394
21126,31,1,1,1,629
21126,57,125,217,0,700000
21126,390,1,1,1,394
21126,412,1,1,1,629
21126,1864,1,2,-1,540431
21126,1864,1,1,2,53212
21126,1865,1,2,-1,270215
21126,1865,1,1,2,26606
21126,1866,1,1,2,17738
21126,1868,1,1,2,53212
21126,1873,1,1,2,10643
21126,1925,1,1,-1,177190
21126,2143,1,1,2,5322
21127,25,1,1,1,177
21127,26,1,1,1,114
21127,32,1,1,1,282
21127,34,1,1,1,183
21127,57,130,231,0,700000
21127,1804,1,1,-1,11391
21127,1868,1,1,2,84116
21127,1873,1,1,2,16824
21127,1898,1,1,-1,29252
21127,1926,1,1,-1,28764
21127,1926,1,1,1,2833
21127,1928,1,1,1,4085
21127,2151,1,1,2,11716
21127,6035,1,1,2,3505
21128,57,137,246,0,700000
21128,1102,1,1,1,484
21128,1105,1,1,1,775
21128,1867,1,1,2,39618
21128,1869,1,3,-1,301771
21128,1869,1,1,2,29713
21128,1870,1,1,2,29713
21128,1871,1,1,2,29713
21128,1872,1,1,2,39618
21128,1927,1,1,-1,24074
21128,2151,1,1,-1,84059
21128,2256,1,1,2,727
21129,57,147,260,0,700000
21129,846,1,1,1,594
21129,878,1,1,1,888
21129,909,1,1,1,446
21129,1865,1,1,2,47472
21129,1870,1,2,-1,321422
21129,1870,1,1,2,47472
21129,1898,1,1,1,4877
21129,1928,1,1,-1,46820
21129,2176,1,1,-1,153791
21129,3032,1,1,2,1899
21129,6035,1,1,2,3956
21130,39,1,1,1,1087
21130,51,1,1,1,1087
21130,57,151,278,0,700000
21130,734,1,1,2,8357
21130,1866,1,1,2,33426
21130,1871,1,1,2,50139
21130,1929,1,1,-1,43804
21130,1930,1,1,-1,87046
21130,1930,1,1,1,17142
21130,2177,1,1,-1,108460
21130,5273,1,1,2,2006
21131,45,1,1,1,419
21131,57,185,345,0,700000
21131,626,1,1,1,598
21131,1867,1,3,-1,466319
21131,1867,1,1,2,71429
21131,1872,1,3,-1,466319
21131,1872,1,1,2,58824
21131,1875,1,1,2,6329
21131,1881,1,1,2,3802
21131,1899,1,1,-1,54647
21131,1932,1,1,1,10386
21131,2180,1,1,2,5076
21132,57,123,227,0,700000
21132,68,1,1,1,67
21132,1868,1,1,2,109235
21132,1873,1,1,2,21847
21132,1898,1,1,-1,28490
21132,2179,1,1,-1,132705
21132,2255,1,1,-1,6781
21132,5278,1,1,2,2185
21132,5284,1,1,1,67
21133,57,160,295,0,700000
21133,156,1,1,1,28
21133,167,1,1,1,28
21133,178,1,1,1,28
21133,1061,1,1,2,20422
21133,1864,1,1,-1,600386
21133,1864,1,1,2,67391
21133,1869,1,1,2,33696
21133,1878,1,1,-1,120077
21133,1878,1,1,2,13479
21133,1899,1,1,-1,46905
21133,2181,1,1,2,3373
21134,57,164,312,0,700000
21134,258,1,1,1,86
21134,1865,1,1,2,35149
21134,1870,1,1,2,35149
21134,1875,1,1,2,2344
21134,1879,1,1,2,5859
21134,1931,1,1,-1,40933
21134,1932,1,1,-1,49704
21134,2152,1,1,-1,55130
21134,2259,1,1,2,546
21135,57,201,368,0,700000
21135,274,1,1,1,105
21135,1866,1,1,2,28544
21135,1871,1,1,2,42816
21135,1885,1,1,2,3568
21135,1934,1,1,-1,49861
21135,2178,1,1,-1,61030
21135,2261,1,1,2,665
21135,5220,1,1,-1,15258
21135,5220,1,1,2,1713
21136,57,174,336,0,700000
21136,220,1,1,1,92
21136,1834,1,1,2,42022
21136,1867,1,1,2,50426
21136,1872,1,1,2,50426
21136,1882,1,1,-1,74873
21136,1882,1,1,2,8405
21136,2017,1,1,-1,4477
21136,2152,1,1,2,6659
21136,2180,1,1,-1,25333
21137,57,185,357,0,700000
21137,315,1,1,1,61
21137,737,1,1,2,3276
21137,1868,1,1,2,65519
21137,1873,1,1,2,13104
21137,1889,1,1,2,2184
21137,1900,1,1,-1,39353
21137,1933,1,1,-1,42316
21137,2153,1,1,-1,55938
21137,5549,1,1,2,3276
21137,6387,1,1,2,1311
21138,57,199,383,0,700000
21138,292,1,1,1,65
21138,956,1,1,-1,12783
21138,1341,10,30,2,116423
21138,1829,1,1,2,13971
21138,1864,1,1,-1,766967
21138,1864,1,2,2,69854
21138,1869,1,1,-1,383484
21138,1869,1,1,2,34927
21138,1880,1,1,2,3493
21138,5550,1,1,2,466
21139,27,1,1,1,753
21139,33,1,1,1,1208
21139,57,430,759,0,700000
21139,1804,1,1,-1,37606
21139,1865,1,1,2,142857
21139,1870,1,1,2,166667
21139,1898,1,1,-1,96575
21139,1926,1,1,-1,94966
21139,1927,1,1,1,11078
21139,1929,1,1,1,17918
21139,3953,1,1,2,8000
21140,57,477,911,0,700000
21140,347,1,1,1,739
21140,376,1,1,1,1182
21140,1866,1,1,2,83333
21140,1871,1,3,-1,549553
21140,1871,1,1,2,125000
21140,1877,1,1,2,1639
21140,1899,1,1,-1,171735
21140,2152,1,1,-1,193505
21140,2260,1,1,2,4098
21141,57,545,1067,0,700000
21141,432,1,1,1,1140
21141,465,1,1,1,1826
21141,1867,1,1,2,125000
21141,1872,1,1,2,125000
21141,1875,1,1,2,6757
21141,1881,1,1,-1,169543
21141,1881,1,1,2,10753
21141,1931,1,1,-1,166219
21141,2178,1,1,-1,203452
21141,2178,1,1,2,12195
21142,57,535,1059,0,700000
21142,848,1,1,1,810
21142,879,1,1,1,1215
21142,911,1,1,1,608
21142,955,1,1,2,690
21142,1868,1,1,2,200000
21142,1873,1,1,2,35714
21142,1876,1,1,2,27778
21142,1900,1,1,-1,138128
21142,1900,1,1,1,18871
21142,1933,1,1,-1,148528
21142,2153,1,1,-1,196344
21143,57,593,1182,0,700000
21143,605,1,1,1,2302
21143,955,1,1,-1,5610
21143,1123,1,1,1,2302
21143,1867,1,1,2,125000
21143,1872,1,3,-1,934937
21143,1872,1,1,2,125000
21143,1875,1,1,-1,93494
21143,1875,1,1,2,8929
21143,1881,1,1,2,13514
21143,2250,1,1,2,23256
21143,6035,1,1,2,8333
21144,47,1,1,1,1160
21144,57,702,1399,0,700000
21144,628,1,1,1,1657
21144,1865,1,1,2,100000
21144,1870,1,1,2,111111
21144,1875,1,1,2,5208
21144,1879,1,1,2,20000
21144,1901,1,1,-1,229413
21144,1938,1,1,-1,111661
21144,2154,1,1,-1,177832
21144,2187,1,1,2,4651
21144,6035,1,1,2,8197
21144,8317,1,1,2,1095
21145,57,893,1781,0,700000
21145,129,1,1,1,78
21145,1825,1,1,-1,150797
21145,1832,1,1,2,142857
21145,1866,1,1,2,90909
21145,1871,1,1,2,142857
21145,1885,1,1,-1,175930
21145,1885,1,1,2,11364
21145,1902,1,1,-1,213897
21145,2034,1,1,1,5766
21145,2146,1,1,2,8547
21145,5220,1,1,2,4386
21145,5473,1,1,2,10309
21146,57,951,1898,0,700000
21146,88,1,1,1,17
21146,90,1,1,1,17
21146,158,1,1,1,17
21146,169,1,1,1,17
21146,172,1,1,1,17
21146,1805,1,1,2,489
21146,1867,1,1,2,200000
21146,1872,1,1,2,200000
21146,1875,1,1,2,12048
21146,1881,1,1,2,20000
21146,1894,1,1,-1,79584
21146,1903,1,1,-1,378338
21146,2031,1,1,1,1187
21146,2032,1,1,1,1084
21146,2035,1,1,1,1187
21146,2036,1,1,1,1187
21146,2037,1,1,1,1187
21146,2145,1,1,-1,162010
21146,2990,1,1,2,10753
21147,57,1113,2260,0,700000
21147,262,1,1,1,77
21147,1805,1,1,-1,9195
21147,1868,1,3,2,250000
21147,1873,1,1,2,90909
21147,1889,1,1,2,13889
21147,1905,1,1,-1,268330
21147,1906,1,1,-1,379166
21147,2053,1,1,1,5727
21147,2199,1,1,2,10204
21147,2301,1,1,2,1570
21147,5549,1,1,2,22727
21148,57,1099,2253,0,700000
21148,281,1,1,1,57
21148,1864,1,3,2,90909
21148,1869,1,5,-1,912739
21148,1869,1,1,2,90909
21148,1880,1,1,-1,273822
21148,1880,1,1,2,7042
21148,2074,1,1,1,4583
21148,2163,1,1,2,5263
21148,2217,1,1,2,8547
21148,5550,1,1,-1,36510
21148,5550,1,1,2,1099
21148,6037,1,3,2,58824
21148,8723,1,1,200,3953
21148,8733,1,1,200,1099
21148,8743,1,1,200,53
21149,57,1269,2596,0,700000
21149,226,1,1,1,33
21149,232,1,1,1,33
21149,1868,1,1,2,250000
21149,1873,1,1,2,50000
21149,1876,1,1,2,20408
21149,1895,1,1,2,37037
21149,1908,1,1,-1,299146
21149,1909,1,1,-1,426601
21149,2070,1,1,1,2964
21149,2072,1,1,1,2964
21149,2163,1,1,-1,161172
21149,2215,1,1,2,1988
21149,2228,1,1,2,3968
21149,4042,1,1,2,15465
21149,8723,1,1,200,5525
21149,8733,1,1,200,1546
21149,8743,1,1,200,442
21149,8753,1,1,200,110
21150,57,1445,2946,0,700000
21150,325,1,1,1,56
21150,951,1,1,-1,6524
21150,1342,10,30,2,200000
21150,1866,1,1,2,66667
21150,1871,1,1,2,90909
21150,1877,1,1,2,3759
21150,1911,1,1,-1,266897
21150,2088,1,1,1,5603
21150,2166,1,1,-1,121642
21150,2166,1,1,2,3861
21150,2234,1,1,2,2463
21150,3014,1,1,2,1736
21150,4040,1,1,2,1513
21150,4041,1,1,2,784
21150,8724,1,1,200,3584
21150,8734,1,1,200,897
21150,8744,1,1,200,44
21150,8754,1,1,200,43
21151,57,1509,3068,0,700000
21151,231,1,1,1,18
21151,233,1,1,1,18
21151,1864,1,3,2,125000
21151,1869,1,9,-1,935306
21151,1869,1,1,2,125000
21151,1880,1,1,2,12500
21151,2106,1,1,1,2109
21151,2107,1,1,1,2109
21151,2169,1,1,2,2564
21151,4043,1,1,-1,124707
21151,4043,1,1,2,4425
21151,4601,1,1,-1,8314
21151,5550,1,1,2,1121
21151,8725,1,1,200,3311
21151,8735,1,1,200,374
21151,8745,1,1,200,53
21152,57,1616,3283,0,700000
21152,400,1,1,1,60
21152,401,1,1,1,32
21152,420,1,1,1,96
21152,1806,1,1,-1,8007
21152,1806,1,1,2,370
21152,1868,1,1,2,250000
21152,1873,1,1,2,43478
21152,1876,1,1,2,27027
21152,1895,1,1,2,38462
21152,1920,1,1,-1,136989
21152,1984,1,1,1,5282
21152,1985,1,1,1,8496
21152,1987,1,1,1,3759
21152,4042,1,1,2,2364
21152,4600,1,1,-1,13345
21152,4941,1,1,2,1290
21152,4959,1,1,2,1506
21152,8726,1,1,200,2364
21152,8736,1,1,200,645
21152,8746,1,1,200,215
21153,57,1906,3892,0,700000
21153,357,1,1,1,17
21153,383,1,1,1,27
21153,947,1,1,-1,1895
21153,947,1,1,2,80
21153,1894,1,1,2,4975
21153,2376,1,1,1,17
21153,2379,1,1,1,27
21153,3955,1,1,2,390
21153,4039,1,1,2,4587
21153,4041,1,1,2,1075
21153,4044,1,1,2,5291
21153,4049,1,1,-1,248435
21153,4056,1,1,1,3165
21153,4057,1,1,1,4892
21153,4064,1,1,1,3165
21153,4065,1,1,1,4892
21153,4129,1,1,-1,51260
21153,5280,1,1,2,98
21153,8727,1,1,200,2639
21153,8737,1,1,200,293
21153,8747,1,1,200,195
21154,57,2005,4083,0,700000
21154,948,1,1,2,331
21154,1832,1,1,2,166667
21154,1867,1,3,2,66667
21154,1872,1,3,2,100000
21154,1875,1,1,2,10638
21154,1881,1,1,2,19231
21154,2397,1,1,1,32
21154,2402,1,1,1,51
21154,2406,1,1,1,22
21154,4041,1,1,2,1103
21154,4049,1,1,-1,260988
21154,4069,1,1,1,5774
21154,4070,1,1,1,8767
21154,4071,1,1,1,4436
21154,4162,1,1,2,1323
21154,4613,1,1,-1,6863
21154,4614,1,1,-1,6863
21155,57,2021,4119,0,700000
21155,856,1,1,1,82
21155,887,1,1,1,123
21155,918,1,1,1,62
21155,1895,1,1,2,40000
21155,4040,1,1,2,3356
21155,4042,1,1,2,1838
21155,4043,1,1,2,4651
21155,4049,1,1,1,12961
21155,4050,1,1,-1,310911
21155,4050,1,1,1,15310
21155,4051,1,1,-1,194613
21155,4051,1,1,1,9583
21155,4130,1,1,-1,81463
21155,4154,1,1,2,2985
21155,6037,1,1,2,333333
21155,8728,1,1,200,1949
21155,8738,1,1,200,866
21155,8748,1,1,200,5
21156,57,2177,4415,0,700000
21156,554,1,1,1,77
21156,600,1,1,1,77
21156,612,1,1,1,77
21156,948,1,1,-1,13466
21156,1343,20,60,2,100000
21156,1865,1,1,2,142857
21156,1870,1,1,2,142857
21156,1875,1,1,2,9259
21156,1879,1,1,2,22222
21156,2464,1,1,1,77
21156,4040,1,1,2,2882
21156,4056,1,1,-1,97490
21156,4073,1,1,1,10348
21156,4097,1,1,1,10348
21156,4098,1,1,1,10348
21156,4100,1,1,1,10348
21156,4131,1,1,-1,43791
21156,4160,1,1,2,537
21156,8728,1,1,200,2445
21156,8738,1,1,200,586
21156,8748,1,1,200,31
21157,57,2488,5032,0,700000
21157,110,1,1,1,72
21157,1830,1,1,2,58824
21157,1832,1,1,2,166667
21157,1868,1,3,2,142857
21157,1873,1,1,2,58824
21157,1889,1,2,-1,409609
21157,1889,1,1,2,11111
21157,2416,1,1,1,50
21157,2417,1,1,1,50
21157,4044,1,1,2,4975
21157,4052,1,1,-1,217530
21157,4077,1,1,1,13606
21157,4088,1,1,1,11431
21157,4089,1,1,1,11431
21157,5549,1,2,-1,614413
21157,5549,1,1,2,15385
21157,8487,1,1,2,109
21157,8729,1,1,200,2506
21157,8739,1,1,200,472
21157,8749,1,1,200,109
21157,8759,1,1,200,36
21158,57,2798,5718,0,700000
21158,1344,30,90,2,71429
21158,1830,1,1,2,76923
21158,1864,1,3,2,166667
21158,1869,2,6,2,43478
21158,1880,1,1,2,18519
21158,2391,1,1,1,30
21158,2392,1,1,1,30
21158,4043,1,1,2,5102
21158,4053,1,1,-1,298243
21158,4082,1,1,1,5805
21158,4083,1,1,1,5805
21158,5230,1,1,-1,9277
21158,5550,1,1,2,2481
21158,8487,1,1,2,130
21158,8730,1,1,200,1969
21158,8740,1,1,200,438
21158,8750,1,1,200,22
21159,57,2901,5897,0,700000
21159,1344,20,60,2,100000
21159,1865,1,1,2,166667
21159,1870,1,1,2,166667
21159,1874,1,1,-1,479284
21159,1874,1,1,2,11765
21159,3035,1,1,2,127
21159,4039,1,1,2,4926
21159,4043,1,1,-1,239642
21159,4043,1,1,2,5848
21159,5281,1,1,2,170
21159,5304,1,1,1,21
21159,5305,1,1,1,33
21159,5308,1,1,1,14
21159,5478,1,1,-1,60455
21159,5485,1,1,1,2976
21159,5486,1,1,1,2094
21159,5489,1,1,1,4671
21159,8326,1,1,2,85
21159,8730,1,1,200,1779
21159,8740,1,1,200,720
21159,8750,1,1,200,9
21159,8760,1,1,200,42
21160,57,3019,6154,0,700000
21160,729,1,1,2,35
21160,1807,1,1,-1,9997
21160,1807,1,1,2,1040
21160,1894,1,1,2,7042
21160,4039,1,1,2,5464
21160,4041,1,1,2,3115
21160,4044,1,1,2,6757
21160,5304,1,1,1,22
21160,5305,1,1,1,35
21160,5308,1,1,1,15
21160,5479,1,1,-1,44366
21160,5482,1,1,-1,98961
21160,5485,1,1,1,3104
21160,5486,1,1,1,2184
21160,5489,1,1,1,4872
21160,6037,1,1,2,500000
21160,8730,1,1,200,2597
21160,8740,1,1,200,1818
21161,57,3302,6724,0,700000
21161,1866,1,1,2,142857
21161,1871,1,1,2,200000
21161,1877,1,1,2,7634
21161,3035,1,1,-1,10926
21161,4040,1,1,2,3509
21161,4041,1,1,-1,71260
21161,4041,1,1,2,2004
21161,5276,1,1,2,125
21161,5485,1,1,-1,68911
21161,6323,1,1,1,47
21161,6324,1,1,1,62
21161,6325,1,1,1,93
21161,6341,1,1,1,11159
21161,6343,1,1,1,8627
21161,6345,1,1,1,15434
21161,8731,1,1,200,2381
21161,8741,1,1,200,63
21161,8761,1,1,200,63
21162,57,3305,6737,0,700000
21162,1807,1,1,2,462
21162,1868,1,3,2,250000
21162,1873,1,1,2,90909
21162,1876,1,1,2,43478
21162,1895,1,1,2,62500
21162,3956,1,1,-1,10942
21162,4042,1,1,2,3067
21162,5297,1,1,1,24
21162,5298,1,1,1,38
21162,5301,1,1,1,16
21162,5478,1,1,-1,69011
21162,5478,1,1,1,3398
21162,5479,1,1,1,2391
21162,5482,1,1,1,5333
21162,5486,1,1,-1,48561
21162,6036,1,1,2,7407
21162,8731,1,1,200,1838
21162,8741,1,1,200,322
21162,8751,1,1,200,36
21163,57,3493,7152,0,700000
21163,729,1,1,-1,967
21163,5290,1,1,1,56
21163,5291,1,1,1,56
21163,5295,1,1,1,56
21163,5296,1,1,1,56
21163,5480,1,1,-1,39041
21163,5481,1,1,-1,39041
21163,5496,1,1,1,7532
21163,5497,1,1,1,7532
21163,5508,1,1,1,7532
21163,5509,1,1,1,7532
21164,57,4018,8199,0,700000
21164,729,1,1,2,31
21164,1866,1,1,2,250000
21164,1871,1,3,2,166667
21164,1877,1,1,2,12195
21164,4040,1,1,2,7463
21164,4041,1,1,2,2865
21164,5480,1,1,-1,44804
21164,5481,1,1,-1,44804
21164,5487,1,1,-1,44963
21164,6326,1,1,1,38
21164,6327,1,1,1,51
21164,6328,1,1,1,76
21164,6342,1,1,1,11135
21164,6344,1,1,1,7206
21164,6346,1,1,1,16004
21164,8732,1,1,200,2469
21164,8742,1,1,200,875
21164,8752,1,1,200,144
21165,57,4147,8467,0,700000
21165,729,1,1,2,49
21165,730,1,1,-1,8591
21165,730,1,1,2,236
21165,1895,1,1,2,90909
21165,4040,1,1,2,4739
21165,4042,1,1,2,4831
21165,4043,1,1,2,10204
21165,5320,1,1,1,20
21165,5323,1,1,1,20
21165,5480,1,1,1,3417
21165,5481,1,1,1,3417
21165,5488,1,1,-1,46422
21165,5495,1,1,-1,156540
21165,6037,1,3,2,333333
21165,8732,1,1,200,2114
21165,8742,1,1,200,272
21165,8752,1,1,200,165
21166,25,1,1,1,550
21166,26,1,1,1,355
21166,32,1,1,1,878
21166,34,1,1,1,569
21166,1868,1,3,-1,886728
21166,1868,1,3,2,100000
21166,1873,1,1,-1,354691
21166,1873,1,1,2,41667
21166,1898,1,1,-1,91087
21166,1926,1,1,1,8819
21166,1928,1,1,1,12718
21166,2176,1,1,2,45455
21166,6037,1,3,2,62500
21166,6360,53,109,0,700000
21166,6362,23,42,4,700000
21167,735,1,1,2,12500
21167,1102,1,1,1,1574
21167,1105,1,1,1,2526
21167,1804,1,1,-1,39326
21167,1867,1,1,2,166667
21167,1872,1,1,2,166667
21167,1882,1,1,2,33333
21167,1926,1,1,-1,99308
21167,2151,1,2,-1,273857
21167,6360,72,143,0,700000
21167,6362,21,39,4,700000
21168,847,1,1,1,1233
21168,890,1,1,1,1843
21168,910,1,1,1,924
21168,1868,1,3,2,100000
21168,1873,1,1,2,38462
21168,1889,1,1,-1,78778
21168,1889,1,1,2,2519
21168,1899,1,1,-1,184636
21168,1899,1,1,1,25907
21168,2262,1,1,2,2519
21168,5549,1,1,-1,118167
21168,5549,1,1,2,7576
21168,6037,1,1,2,166667
21168,6360,97,190,0,700000
21168,6362,22,41,4,700000
21169,605,1,1,1,2388
21169,1061,1,4,-1,881783
21169,1123,1,1,1,2388
21169,1864,1,3,2,125000
21169,1869,1,1,2,125000
21169,1880,1,1,2,13514
21169,1900,1,1,-1,159184
21169,2153,1,1,-1,226274
21169,2153,1,1,2,18519
21169,5550,1,1,2,2141
21169,6360,128,259,0,700000
21169,6362,24,44,4,700000
21170,47,1,1,1,1127
21170,628,1,1,1,1611
21170,1864,1,1,2,250000
21170,1869,1,1,2,125000
21170,1880,1,1,2,12346
21170,1901,1,2,-1,222980
21170,1938,1,1,-1,108529
21170,2154,1,1,-1,172845
21170,2155,1,1,2,19231
21170,5550,1,1,2,1558
21170,6035,1,1,2,9901
21170,6360,108,211,0,700000
21170,6361,33,63,3,700000
21170,6362,22,41,4,700000
21171,83,1,1,1,51
21171,124,1,1,1,38
21171,127,1,1,1,38
21171,130,1,1,1,38
21171,144,1,1,1,51
21171,1865,1,5,-1,684631
21171,1865,1,1,2,250000
21171,1870,1,5,-1,684631
21171,1870,1,3,2,111111
21171,1874,1,1,2,14706
21171,1939,1,1,-1,180403
21171,2026,1,1,1,1215
21171,2191,1,1,2,32258
21171,6360,96,192,0,700000
21171,6361,68,136,3,700000
21171,6362,24,44,4,700000
21172,88,1,1,1,18
21172,90,1,1,1,18
21172,158,1,1,1,18
21172,169,1,1,1,18
21172,172,1,1,1,18
21172,1341,60,180,2,111111
21172,1825,1,1,-1,172903
21172,1866,1,1,2,142857
21172,1871,2,6,2,55556
21172,1877,1,1,2,6410
21172,1902,1,1,-1,245252
21172,2031,1,1,1,1267
21172,2032,1,1,1,1157
21172,2035,1,1,1,1267
21172,2036,1,1,1,1267
21172,2037,1,1,1,1267
21172,2145,1,1,-1,172903
21172,2147,1,1,2,15385
21172,6360,89,178,0,700000
21172,6361,105,206,3,700000
21172,6362,24,45,4,700000
21173,262,1,1,1,72
21173,1805,1,1,2,472
21173,1867,1,1,2,166667
21173,1872,1,1,2,166667
21173,1875,1,1,-1,170540
21173,1875,1,1,2,8621
21173,1881,1,1,-1,341080
21173,1881,1,1,2,16667
21173,1905,1,1,-1,248842
21173,2053,1,1,1,5311
21173,2990,1,1,2,9524
21173,5164,1,1,2,440
21173,6036,1,1,2,3984
21173,6360,56,111,0,700000
21173,6361,137,274,3,700000
21173,6362,22,41,4,700000
21174,281,1,1,1,68
21174,1868,1,3,2,200000
21174,1873,1,3,-1,654639
21174,1873,1,1,2,76923
21174,1876,1,1,2,40000
21174,1895,1,1,2,55556
21174,1908,1,1,-1,309962
21174,2074,1,1,1,5479
21174,2163,1,1,-1,167000
21174,2164,1,1,2,13699
21174,3002,1,1,2,11905
21174,4042,1,1,2,3509
21174,6360,33,62,0,700000
21174,6361,211,425,3,700000
21174,6362,25,45,4,700000
21175,227,1,1,1,29
21175,242,1,1,1,29
21175,440,1,1,-1,1053
21175,951,1,1,2,423
21175,1866,1,1,2,166667
21175,1871,1,3,2,83333
21175,1877,1,1,2,9346
21175,1912,1,1,-1,401114
21175,2083,1,1,1,2740
21175,2084,1,1,1,2740
21175,4040,1,1,2,5714
21175,4041,1,1,2,2114
21175,4590,1,1,-1,12408
21175,6037,1,3,2,250000
21175,6361,268,532,3,700000
21175,6362,25,45,4,700000
21176,326,1,1,1,37
21176,1864,4,12,2,50000
21176,1865,2,6,2,38462
21176,1866,3,9,2,23256
21176,1868,1,3,2,142857
21176,1872,1,11,-1,842436
21176,1873,1,1,2,76923
21176,2110,1,1,1,4419
21176,2232,1,1,2,1188
21176,3012,1,1,2,3571
21176,4041,1,1,-1,32965
21176,4601,1,1,-1,8424
21176,6360,133,267,0,700000
21176,6361,219,437,3,700000
21176,6362,11,22,4,700000
21177,299,1,1,1,11
21177,301,1,1,1,14
21177,303,1,1,1,14
21177,1806,1,1,-1,10342
21177,1868,1,3,2,250000
21177,1873,1,1,2,100000
21177,1876,1,1,2,45455
21177,1895,1,1,2,58824
21177,1920,1,1,-1,176944
21177,2113,1,1,1,1541
21177,2114,1,1,1,1541
21177,2122,1,1,1,1453
21177,3034,1,1,2,188
21177,4042,1,1,2,5464
21177,4594,1,1,-1,17237
21177,4944,1,1,2,1506
21177,4968,1,1,2,275
21177,6360,148,301,0,700000
21177,6361,314,633,3,700000
21177,6362,13,27,4,700000
21178,947,1,1,-1,2218
21178,948,1,1,2,1071
21178,1867,1,1,2,250000
21178,1872,1,3,2,142857
21178,1875,1,1,2,12048
21178,1881,1,1,2,27778
21178,2384,1,1,1,35
21178,2388,1,1,1,57
21178,2390,1,1,1,24
21178,4041,1,1,2,1565
21178,4066,1,1,1,6434
21178,4067,1,1,1,9768
21178,4068,1,1,1,4943
21178,4129,1,1,-1,59998
21178,4162,1,1,2,988
21178,4610,1,1,-1,12320
21178,5003,1,1,2,82
21178,6360,73,146,0,700000
21178,6361,391,782,3,700000
21178,6362,13,26,4,700000
21179,357,1,1,1,19
21179,383,1,1,1,31
21179,947,1,1,-1,2132
21179,1343,20,60,2,166667
21179,1867,2,6,2,71429
21179,1872,1,15,-1,888172
21179,1872,1,3,2,100000
21179,1875,1,1,2,13699
21179,1881,1,1,2,29412
21179,2376,1,1,1,19
21179,2379,1,1,1,31
21179,4041,1,1,2,1916
21179,4056,1,1,1,3561
21179,4057,1,1,1,5504
21179,4064,1,1,1,3561
21179,4065,1,1,1,5504
21179,4155,1,1,2,667
21179,4613,1,1,-1,7350
21179,6360,7,15,0,700000
21179,6361,415,830,3,700000
21179,6362,11,22,4,700000
21180,1830,1,1,2,142857
21180,1866,1,3,2,76923
21180,1871,1,3,2,200000
21180,1877,1,1,2,13333
21180,2398,1,1,1,24
21180,2399,1,1,1,24
21180,2403,1,1,1,37
21180,2404,1,1,1,37
21180,4040,1,1,2,7407
21180,4041,1,1,2,2967
21180,4052,1,1,-1,266218
21180,4053,1,1,-1,322303
21180,4084,1,1,1,4824
21180,4085,1,1,1,4824
21180,4086,1,1,1,6513
21180,4087,1,1,1,6513
21180,5230,1,1,-1,10026
21180,6361,574,1144,3,700000
21180,6362,14,28,4,700000
21181,864,1,1,1,86
21181,895,1,1,1,128
21181,926,1,1,1,64
21181,1867,1,3,2,142857
21181,1872,1,3,2,250000
21181,1875,1,1,2,22727
21181,1881,1,1,2,43478
21181,4041,1,1,-1,69372
21181,4041,1,1,2,2695
21181,4052,1,1,1,13904
21181,4053,1,1,1,16833
21181,4054,1,2,-1,157136
21181,4054,1,1,1,7735
21181,5230,1,1,-1,10637
21181,5230,1,1,2,408
21181,5276,1,1,2,453
21181,6361,578,1160,3,700000
21181,6362,14,27,4,700000
21182,1344,30,90,2,125000
21182,1868,4,12,2,76923
21182,1873,1,1,2,125000
21182,1876,1,3,-1,721648
21182,1876,1,1,2,58824
21182,1895,1,1,2,83333
21182,4042,1,1,2,5556
21182,5156,1,1,2,435
21182,5290,1,1,1,46
21182,5291,1,1,1,46
21182,5295,1,1,1,46
21182,5296,1,1,1,46
21182,5478,1,2,-1,60684
21182,5496,1,1,1,6248
21182,5497,1,1,1,6248
21182,5508,1,1,1,6248
21182,5509,1,1,1,6248
21182,6361,512,1023,3,700000
21182,6362,11,22,4,700000
21183,1807,1,1,-1,13420
21183,1894,1,1,2,17857
21183,3035,1,1,-1,13420
21183,3956,1,1,2,481
21183,4039,1,1,2,17857
21183,4041,1,1,2,4149
21183,4044,1,1,2,18868
21183,5289,1,1,1,57
21183,5292,1,1,1,82
21183,5294,1,1,1,57
21183,5479,1,1,-1,59556
21183,5494,1,1,1,10406
21183,5525,1,1,1,7660
21183,5526,1,1,1,7660
21183,6361,687,1380,3,700000
21183,6362,14,28,4,700000
21184,729,1,1,-1,1173
21184,1895,1,5,-1,753968
21184,5304,1,1,1,30
21184,5305,1,1,1,48
21184,5308,1,1,1,21
21184,5480,1,1,-1,47365
21184,5485,1,1,1,4370
21184,5486,1,1,1,3075
21184,5489,1,1,1,6858
21184,6361,700,1400,3,700000
21184,6362,14,27,4,700000
21185,1875,1,2,-1,629418
21185,5304,1,1,1,27
21185,5305,1,1,1,43
21185,5308,1,1,1,19
21185,5481,1,1,-1,42365
21185,5485,1,1,1,3909
21185,5486,1,1,1,2750
21185,5487,1,1,-1,42515
21185,5489,1,1,1,6135
21185,6361,612,1227,3,700000
21185,6362,11,22,4,700000
21186,729,1,1,2,173
21186,730,1,1,-1,10564
21186,1866,1,3,2,142857
21186,1871,4,12,2,76923
21186,1877,1,1,2,23810
21186,4040,1,1,2,15152
21186,4041,1,1,2,4975
21186,5312,1,1,1,48
21186,5315,1,1,1,68
21186,5317,1,1,1,48
21186,5480,1,1,-1,56883
21186,5488,1,1,-1,57085
21186,5495,1,1,1,9477
21186,5527,1,1,1,7462
21186,5528,1,1,1,7462
21186,6361,805,1610,3,700000
21186,6362,14,28,4,700000
21187,25,1,1,1,550
21187,26,1,1,1,355
21187,32,1,1,1,878
21187,34,1,1,1,569
21187,1868,1,3,-1,886728
21187,1868,1,1,2,200000
21187,1873,1,1,-1,354691
21187,1873,1,1,2,43478
21187,1898,1,1,-1,91087
21187,1926,1,1,1,8819
21187,1928,1,1,1,12718
21187,2176,1,1,2,41667
21187,6035,1,1,2,6897
21187,6360,53,109,0,700000
21187,6362,23,42,4,700000
21188,735,1,1,2,6494
21188,1102,1,1,1,1574
21188,1105,1,1,1,2526
21188,1804,1,1,-1,39326
21188,1867,1,1,2,200000
21188,1872,1,1,2,166667
21188,1882,1,1,2,32258
21188,1926,1,1,-1,99308
21188,2151,1,1,-1,273857
21188,6360,72,143,0,700000
21188,6362,21,39,4,700000
21189,847,1,1,1,1233
21189,890,1,1,1,1843
21189,910,1,1,1,924
21189,1868,1,1,2,200000
21189,1873,1,1,2,43478
21189,1889,1,1,-1,78778
21189,1889,1,1,2,7407
21189,1899,1,1,-1,184636
21189,1899,1,1,1,25907
21189,2262,1,1,2,3704
21189,5549,1,1,-1,118167
21189,5549,1,1,2,7407
21189,6360,97,190,0,700000
21189,6362,22,41,4,700000
21190,605,1,1,1,2388
21190,1061,1,1,-1,881783
21190,1123,1,1,1,2388
21190,1864,1,1,2,200000
21190,1869,1,1,2,111111
21190,1880,1,1,2,10870
21190,1900,1,1,-1,159184
21190,2153,1,1,-1,226274
21190,2153,1,1,2,17241
21190,5550,1,1,2,1558
21190,6035,1,1,2,8696
21190,6360,128,259,0,700000
21190,6362,24,44,4,700000
21191,47,1,1,1,1127
21191,628,1,1,1,1611
21191,1864,1,3,2,142857
21191,1869,1,1,2,166667
21191,1880,1,1,2,16667
21191,1901,1,1,-1,222980
21191,1938,1,1,-1,108529
21191,2154,1,1,-1,172845
21191,2155,1,1,2,24390
21191,5550,1,1,2,2119
21191,6360,108,211,0,700000
21191,6361,33,63,3,700000
21191,6362,22,41,4,700000
21192,83,1,1,1,51
21192,124,1,1,1,38
21192,127,1,1,1,38
21192,130,1,1,1,38
21192,144,1,1,1,51
21192,1865,1,5,-1,684631
21192,1865,1,1,2,166667
21192,1870,1,5,-1,684631
21192,1870,1,1,2,166667
21192,1874,1,1,2,10417
21192,1939,1,1,-1,180403
21192,2026,1,1,1,2191
21192,2191,1,1,2,21277
21192,6360,96,192,0,700000
21192,6361,68,136,3,700000
21192,6362,24,44,4,700000
21192,8317,1,1,2,1481
21193,88,1,1,1,18
21193,90,1,1,1,18
21193,158,1,1,1,18
21193,169,1,1,1,18
21193,172,1,1,1,18
21193,1825,1,1,-1,172903
21193,1866,1,1,2,166667
21193,1871,1,3,2,125000
21193,1877,1,1,2,10938
21193,1902,1,1,-1,245252
21193,2031,1,1,1,1267
21193,2032,1,1,1,1157
21193,2035,1,1,1,1267
21193,2036,1,1,1,1267
21193,2037,1,1,1,1267
21193,2145,1,1,-1,172903
21193,2147,1,1,2,16949
21193,6360,89,178,0,700000
21193,6361,105,206,3,700000
21193,6362,24,45,4,700000
21194,262,1,1,1,72
21194,1805,1,1,2,466
21194,1867,2,6,2,52632
21194,1872,1,3,2,66667
21194,1875,1,1,-1,170540
21194,1875,1,1,2,11364
21194,1881,1,1,-1,341080
21194,1881,1,1,2,19231
21194,1905,1,1,-1,248842
21194,2053,1,1,1,5311
21194,2994,1,1,2,13514
21194,6037,1,3,2,142857
21194,6360,56,111,0,700000
21194,6361,137,274,3,700000
21194,6362,22,41,4,700000
21195,281,1,1,1,68
21195,440,1,1,-1,926
21195,1868,1,3,2,200000
21195,1873,1,1,2,76923
21195,1876,1,1,2,37037
21195,1895,1,1,2,52632
21195,1908,1,2,-1,309962
21195,2074,1,1,1,5479
21195,2164,1,1,2,13158
21195,2228,1,1,2,5263
21195,4042,1,1,2,3390
21195,6036,1,1,2,5525
21195,6360,33,62,0,700000
21195,6361,211,425,3,700000
21195,6362,25,45,4,700000
21196,227,1,1,1,29
21196,242,1,1,1,29
21196,951,1,1,2,500
21196,1866,1,1,2,166667
21196,1871,1,1,2,250000
21196,1877,1,1,2,13889
21196,1911,1,1,-1,276857
21196,2083,1,1,1,2740
21196,2084,1,1,1,2740
21196,2166,1,1,-1,126181
21196,2167,1,1,-1,189915
21196,4040,1,1,2,4444
21196,4041,1,1,2,2967
21196,6361,268,532,3,700000
21196,6362,25,45,4,700000
21197,326,1,1,1,40
21197,1867,1,3,2,111111
21197,1869,2,6,2,62500
21197,1870,2,6,2,50000
21197,1871,3,9,2,43478
21197,1872,1,11,-1,917243
21197,1872,7,21,2,23810
21197,2110,1,1,1,4811
21197,2232,1,1,2,1235
21197,4041,1,1,-1,35892
21197,4603,1,1,-1,9172
21197,6360,145,291,0,700000
21197,6361,238,476,3,700000
21197,6362,12,24,4,700000
21198,299,1,1,1,11
21198,301,1,1,1,14
21198,303,1,1,1,14
21198,1806,1,1,-1,10342
21198,1868,1,3,2,200000
21198,1873,1,1,2,90909
21198,1876,1,1,2,41667
21198,1895,1,1,2,83333
21198,1920,1,1,-1,176944
21198,2113,1,1,1,1541
21198,2114,1,1,1,1541
21198,2122,1,1,1,1453
21198,3034,1,1,2,478
21198,4042,1,1,2,3610
21198,4593,1,1,-1,17237
21198,4944,1,1,2,1148
21198,4968,1,1,2,275
21198,6360,148,301,0,700000
21198,6361,314,633,3,700000
21198,6362,13,27,4,700000
21199,947,1,1,-1,2218
21199,948,1,1,2,1422
21199,1867,1,1,2,250000
21199,1872,1,3,2,142857
21199,1875,1,1,2,15873
21199,1881,1,1,2,27778
21199,2384,1,1,1,35
21199,2388,1,1,1,57
21199,2390,1,1,1,24
21199,4041,1,1,2,2070
21199,4066,1,1,1,6434
21199,4067,1,1,1,9768
21199,4068,1,1,1,4943
21199,4129,1,1,-1,59998
21199,4163,1,1,2,1035
21199,4611,1,1,-1,12320
21199,6360,73,146,0,700000
21199,6361,391,782,3,700000
21199,6362,13,26,4,700000
21199,8311,1,1,2,259
21200,357,1,1,1,21
21200,383,1,1,1,33
21200,1343,20,60,2,166666
21200,1867,2,6,2,76923
21200,1872,1,3,2,100000
21200,1875,1,1,2,15625
21200,1881,1,1,2,31250
21200,2376,1,1,1,21
21200,2379,1,1,1,33
21200,4041,1,1,2,2703
21200,4049,1,1,-1,304340
21200,4056,1,1,1,3878
21200,4057,1,1,1,5993
21200,4064,1,1,1,3878
21200,4065,1,1,1,5993
21200,4129,1,1,-1,62795
21200,4155,1,1,2,541
21200,4613,1,1,-1,8003
21200,6360,8,16,0,700000
21200,6361,452,904,3,700000
21200,6362,12,24,4,700000
21201,1830,1,1,2,125000
21201,1866,1,3,2,76923
21201,1871,1,3,2,166667
21201,1877,1,1,2,14286
21201,2398,1,1,1,24
21201,2399,1,1,1,24
21201,2403,1,1,1,37
21201,2404,1,1,1,37
21201,4040,1,1,2,10000
21201,4041,1,1,2,1348
21201,4052,1,1,-1,266218
21201,4053,1,1,-1,322303
21201,4084,1,1,1,4824
21201,4085,1,1,1,4824
21201,4086,1,1,1,6513
21201,4087,1,1,1,6513
21201,5230,1,1,-1,10026
21201,6036,1,1,2,9174
21201,6361,574,1144,3,700000
21201,6362,14,28,4,700000
21202,864,1,1,1,86
21202,895,1,1,1,128
21202,926,1,1,1,64
21202,1867,1,3,2,166667
21202,1872,4,12,2,66667
21202,1875,1,1,2,25000
21202,1881,1,1,2,52632
21202,4041,1,1,-1,69372
21202,4041,1,1,2,2915
21202,4052,1,1,1,13904
21202,4053,1,1,1,16833
21202,4054,1,1,-1,157136
21202,4054,1,1,1,7735
21202,5230,1,1,-1,10637
21202,5230,1,1,2,525
21202,6361,578,1160,3,700000
21202,6362,14,27,4,700000
21203,1344,150,450,2,27778
21203,1868,4,12,2,83333
21203,1873,1,1,2,125000
21203,1876,1,3,-1,785729
21203,1876,1,1,2,62500
21203,1895,1,1,2,100000
21203,4042,1,1,-1,130955
21203,4042,1,1,2,5236
21203,5156,1,1,2,158
21203,5290,1,1,1,51
21203,5291,1,1,1,51
21203,5295,1,1,1,51
21203,5296,1,1,1,51
21203,5478,1,1,-1,66072
21203,5496,1,1,1,6802
21203,5497,1,1,1,6802
21203,5508,1,1,1,6802
21203,5509,1,1,1,6802
21203,6361,557,1114,3,700000
21203,6362,12,24,4,700000
21204,1807,1,1,-1,13420
21204,1894,1,1,2,29412
21204,3035,1,1,-1,13420
21204,3956,1,1,2,328
21204,4039,1,1,2,15625
21204,4041,1,1,2,5405
21204,4044,1,1,2,17241
21204,5289,1,1,1,57
21204,5292,1,1,1,82
21204,5294,1,1,1,57
21204,5479,1,1,-1,59556
21204,5494,1,1,1,10406
21204,5525,1,1,1,7660
21204,5526,1,1,1,7660
21204,6361,687,1380,3,700000
21204,6362,14,28,4,700000
21205,729,1,1,-1,1173
21205,730,1,1,2,464
21205,1895,1,5,-1,753968
21205,1895,1,1,2,200000
21205,4040,1,1,2,14085
21205,4042,1,1,2,11628
21205,4043,1,1,2,21277
21205,5297,1,1,1,30
21205,5298,1,1,1,48
21205,5301,1,1,1,21
21205,5478,1,1,1,4370
21205,5479,1,1,1,3075
21205,5480,1,1,-1,47365
21205,5482,1,1,1,6858
21205,6361,700,1400,3,700000
21205,6362,14,27,4,700000
21206,1875,1,1,-1,685308
21206,5287,1,1,1,22
21206,5288,1,1,1,36
21206,5293,1,1,1,15
21206,5481,1,1,-1,46127
21206,5487,1,1,-1,46290
21206,5520,1,1,1,3264
21206,5521,1,1,1,2304
21206,5524,1,1,1,4989
21206,6361,666,1336,3,700000
21206,6362,12,24,4,700000
21207,729,1,1,2,973
21207,730,1,1,-1,10564
21207,1866,1,3,2,125000
21207,1871,4,12,2,71429
21207,1877,1,1,2,31250
21207,4040,1,1,2,12658
21207,4041,1,1,2,4065
21207,5312,1,1,1,48
21207,5315,1,1,1,68
21207,5317,1,1,1,48
21207,5480,1,1,-1,56883
21207,5488,1,1,-1,57085
21207,5495,1,1,1,9477
21207,5527,1,1,1,7462
21207,5528,1,1,1,7462
21207,6361,805,1610,3,700000
21207,6362,14,28,4,700000
21208,38,1,1,1,4599
21208,50,1,1,1,4599
21208,57,365,635,0,700000
21208,734,1,1,-1,131730
21208,734,1,1,2,20833
21208,1866,1,1,2,76923
21208,1871,1,2,-1,790380
21208,1871,1,1,2,125000
21208,1897,1,1,-1,188186
21208,1925,1,1,1,102062
21209,57,409,734,0,700000
21209,625,1,1,1,4124
21209,734,1,1,2,18182
21209,1148,1,1,1,2891
21209,1804,1,1,-1,36013
21209,1865,1,1,2,142857
21209,1870,1,1,2,125000
21209,1898,1,1,-1,92484
21209,2151,1,1,-1,250789
21210,57,484,907,0,700000
21210,123,1,1,1,76
21210,1866,1,2,-1,733287
21210,1866,1,1,2,90909
21210,1871,1,1,2,125000
21210,1877,1,1,-1,43997
21210,1877,1,1,2,4975
21210,1899,1,1,-1,171864
21210,2017,1,1,1,2051
21210,2182,1,1,2,14706
21210,5285,1,1,1,76
21210,5531,1,1,1,2592
21211,57,495,955,0,700000
21211,156,1,1,1,105
21211,167,1,1,1,105
21211,178,1,1,1,106
21211,1867,1,1,2,166667
21211,1872,1,1,2,142857
21211,1875,1,1,2,6849
21211,1881,1,1,2,15385
21211,1931,1,1,-1,150011
21211,1932,1,1,-1,182156
21211,2152,1,1,-1,202039
21211,5437,1,1,2,4651
21213,57,626,1255,0,700000
21213,275,1,1,1,84
21213,276,1,1,1,84
21213,1061,1,1,2,90909
21213,1864,3,9,2,50000
21213,1869,1,1,2,142857
21213,1878,1,1,2,58824
21213,1884,1,1,2,83333
21213,1900,1,2,-1,162437
21213,2024,1,1,1,3853
21213,2153,1,2,-1,230897
21214,57,781,1559,0,700000
21214,223,1,1,1,41
21214,238,1,1,1,41
21214,239,1,1,1,41
21214,241,1,1,1,41
21214,1865,1,3,-1,924982
21214,1865,1,1,2,166667
21214,1870,1,1,2,166667
21214,1875,1,1,-1,123331
21214,1875,1,1,2,12346
21214,1879,1,1,2,29412
21214,1901,1,1,-1,255520
21214,2028,1,1,1,2338
21214,2189,1,1,2,7246
21215,57,824,1645,0,700000
21215,318,1,1,1,73
21215,1825,1,1,-1,139345
21215,1825,1,1,2,10417
21215,1866,1,1,2,100000
21215,1871,1,1,2,166667
21215,1885,1,1,2,14286
21215,1902,1,1,-1,197653
21215,2042,1,1,1,4659
21215,2145,1,1,-1,139345
21215,5220,1,1,2,4854
21215,5473,1,1,2,10753
21217,57,1020,2061,0,700000
21217,396,1,1,1,293
21217,1868,1,11,-1,831781
21217,1868,1,3,2,142857
21217,1873,1,1,2,62500
21217,1889,1,1,-1,166356
21217,1889,1,1,2,8547
21217,1905,1,1,-1,242738
21217,1952,1,1,1,20068
21217,2161,1,1,2,16667
21217,2993,1,1,2,11905
21217,5549,1,1,2,17241
21218,57,1220,2478,0,700000
21218,354,1,1,1,142
21218,381,1,1,1,227
21218,1864,1,1,2,250000
21218,1869,1,1,2,125000
21218,1880,1,1,2,16949
21218,1908,1,1,-1,286241
21218,1909,1,1,-1,408198
21218,1959,1,1,1,9622
21218,1960,1,1,1,19572
21218,2163,1,1,-1,154220
21218,2213,1,1,2,1211
21218,4043,1,1,2,6061
21218,5550,1,1,2,1211
21218,8723,1,1,200,3802
21218,8733,1,1,200,1267
21218,8743,1,1,200,422
21219,57,1258,2567,0,700000
21219,440,1,1,1,196
21219,951,1,1,2,186
21219,1866,1,1,2,125000
21219,1871,1,1,2,200000
21219,1877,1,1,2,8929
21219,1911,1,1,-1,232505
21219,1912,1,1,-1,336857
21219,1970,1,1,1,15466
21219,2166,1,1,-1,105967
21219,4040,1,1,2,2237
21219,4041,1,1,2,2237
21221,57,1558,3150,0,700000
21221,64,1,1,1,325
21221,608,1,1,1,325
21221,1342,30,90,2,76923
21221,1867,1,11,-1,854850
21221,1867,1,1,2,142857
21221,1872,1,11,-1,854850
21221,1872,2,6,2,40000
21221,1875,1,1,2,4115
21221,1881,1,1,2,14706
21221,1981,1,1,1,23394
21221,2234,1,1,2,2371
21221,2956,1,1,1,23394
21221,3955,1,1,2,319
21221,4041,1,1,2,1642
21221,4605,1,1,-1,8548
21221,5280,1,1,2,319
21221,6037,1,3,2,100000
21221,8725,1,1,200,2463
21221,8735,1,1,200,822
21222,57,1837,3743,0,700000
21222,1806,1,1,-1,9118
21222,1868,1,1,2,333333
21222,1873,1,1,2,58824
21222,1876,1,1,2,27778
21222,1895,1,1,2,47619
21222,1920,1,1,-1,155991
21222,2414,1,1,1,158
21222,2497,1,1,1,225
21222,2959,1,1,1,14556
21222,2966,1,1,1,23027
21222,4042,1,1,2,3717
21222,4126,1,1,-1,75228
21222,4126,1,1,2,3472
21222,4183,1,1,2,243
21222,4965,1,1,2,243
21222,8726,1,1,200,4444
21222,8736,1,1,200,742
21223,57,1877,3833,0,700000
21223,78,1,1,1,6
21223,142,1,1,1,6
21223,148,1,1,1,6
21223,1868,1,1,2,250000
21223,1873,1,1,2,55556
21223,1876,1,1,2,25641
21223,1895,1,1,2,34483
21223,4042,1,1,2,1938
21223,4049,1,1,-1,244718
21223,4104,1,1,1,1314
21223,4107,1,1,1,1294
21223,4108,1,1,1,1294
21223,4129,1,1,-1,50493
21223,4130,1,1,2,1357
21223,4182,1,1,2,227
21223,4603,1,1,-1,10368
21223,8727,1,1,200,2132
21223,8737,1,1,200,775
21223,8747,1,1,200,77
21224,57,2056,4180,0,700000
21224,91,1,1,1,9
21224,92,1,1,1,9
21224,1343,10,30,2,250000
21224,1894,1,1,-1,178820
21224,1894,1,1,2,4808
21224,4039,1,1,-1,169879
21224,4039,1,1,2,4695
21224,4041,1,1,2,880
21224,4044,1,1,2,5435
21224,4105,1,1,1,2154
21224,4106,1,1,1,2119
21224,4158,1,1,2,237
21224,4613,1,1,-1,7029
21224,8728,1,1,200,2710
21224,8738,1,1,200,575
21224,8748,1,1,200,19
21224,8758,1,1,200,19
21225,57,2256,4571,0,700000
21225,1830,1,1,2,111111
21225,1866,1,1,2,200000
21225,1871,1,3,2,142857
21225,1877,1,1,2,9524
21225,2391,1,1,1,24
21225,2392,1,1,1,24
21225,4040,1,1,2,4566
21225,4041,1,1,2,2217
21225,4052,1,1,-1,197496
21225,4053,1,1,-1,239104
21225,4082,1,1,1,4654
21225,4083,1,1,1,4654
21225,5230,1,1,-1,7438
21226,57,2634,5340,0,700000
21226,79,1,1,1,15
21226,1867,1,3,2,250000
21226,1872,1,1,2,125000
21226,1882,1,1,2,40000
21226,1894,1,1,2,8264
21226,4042,1,1,2,3322
21226,4052,1,1,-1,230702
21226,4054,1,1,-1,128347
21226,4114,1,1,1,4213
21226,5230,1,1,-1,8688
21226,5230,1,1,2,104
21226,7883,1,1,1,15
21226,7889,1,1,1,15
21226,8314,1,1,2,311
21226,8330,1,1,1,1288
21226,8336,1,1,1,1321
21226,8729,1,1,200,3115
21226,8739,1,1,200,311
21226,8749,1,1,200,104
21227,57,2811,5744,0,700000
21227,287,1,1,1,16
21227,1868,1,3,2,200000
21227,1873,1,1,2,76923
21227,1889,1,1,2,9434
21227,4044,1,1,2,8065
21227,4077,1,1,-1,314447
21227,4121,1,1,1,4497
21227,5230,1,1,-1,9320
21227,5230,1,1,2,168
21227,5549,1,1,-1,699015
21227,5549,1,1,2,20833
21227,8314,1,1,2,168
21227,8730,1,1,200,2519
21227,8740,1,1,200,168
21227,8760,1,1,200,297
21228,57,2875,5849,0,700000
21228,1807,1,1,-1,9504
21228,1866,1,1,2,142857
21228,1871,1,1,2,200000
21228,1885,1,1,2,14493
21228,3035,1,1,-1,9504
21228,4041,1,1,2,3390
21228,5220,1,1,2,13514
21228,5271,1,1,2,231
21228,5287,1,1,1,16
21228,5288,1,1,1,25
21228,5293,1,1,1,11
21228,5478,1,1,-1,59940
21228,5520,1,1,1,2264
21228,5521,1,1,1,1597
21228,5524,1,1,1,3460
21228,8730,1,1,200,2625
21228,8740,1,1,200,772
21229,57,3110,6350,0,700000
21229,730,1,1,2,89
21229,1894,1,1,2,7246
21229,4039,1,1,2,7874
21229,4041,1,1,-1,67208
21229,4041,1,1,2,1537
21229,4044,1,1,-1,257630
21229,4044,1,1,2,10870
21229,5479,1,1,-1,45733
21229,6323,1,1,1,44
21229,6324,1,1,1,59
21229,6325,1,1,1,88
21229,6341,1,1,1,10525
21229,6343,1,1,1,8136
21229,6345,1,1,1,14557
21229,8731,1,1,200,3106
21229,8741,1,1,200,461
21229,8751,1,1,200,38
21229,8761,1,1,200,22
21230,57,3587,7319,0,700000
21230,730,1,1,2,236
21230,1895,1,1,2,83333
21230,4040,1,1,2,5556
21230,4042,1,1,2,4762
21230,4043,1,1,2,10204
21230,5289,1,1,1,51
21230,5292,1,1,1,72
21230,5294,1,1,1,51
21230,5480,1,1,-1,39987
21230,5481,1,1,-1,39987
21230,5487,1,1,-1,40128
21230,5494,1,1,1,9213
21230,5525,1,1,1,6782
21230,5526,1,1,1,6782
21230,8730,1,1,200,1876
21230,8740,1,1,200,863
21230,8750,1,1,200,30
21231,57,3602,7359,0,700000
21231,729,1,1,-1,995
21231,729,1,1,2,49
21231,1867,1,3,2,200000
21231,1872,1,3,2,125000
21231,1875,1,1,-1,597002
21231,1875,1,1,2,20000
21231,1881,1,1,2,40000
21231,4041,1,1,2,3165
21231,5289,1,1,1,51
21231,5292,1,1,1,73
21231,5294,1,1,1,51
21231,5480,1,1,-1,40183
21231,5494,1,1,1,9259
21231,5525,1,1,1,6815
21231,5526,1,1,1,6815
21231,8732,1,1,200,994
21231,8742,1,1,200,979
21231,8752,1,1,200,15
21236,57,546,1092,0,700000
21236,69,1,1,1,44
21236,125,1,1,1,44
21236,126,1,1,1,44
21236,128,1,1,1,44
21236,1061,1,2,-1,784398
21236,1867,1,3,2,111111
21236,1872,1,1,2,200000
21236,1882,1,1,2,34483
21236,1900,1,1,-1,141604
21236,2021,1,1,1,1787
21236,2153,1,2,-1,201284
21236,2184,1,1,2,19231
21237,57,626,1255,0,700000
21237,86,1,1,1,26
21237,179,1,1,1,26
21237,180,1,1,1,26
21237,181,1,1,1,26
21237,182,1,1,1,26
21237,183,1,1,1,26
21237,184,1,1,1,26
21237,185,1,1,1,26
21237,1868,1,3,2,125000
21237,1873,1,1,2,50000
21237,1889,1,1,2,7634
21237,1933,1,1,-1,174667
21237,1935,1,1,-1,82942
21237,2022,1,1,1,1264
21237,2023,1,1,1,1006
21237,2183,1,1,-1,97676
21237,2265,1,1,2,1218
21237,5549,1,1,2,12048
21237,6037,1,1,2,250000
21238,57,781,1559,0,700000
21238,260,1,1,1,203
21238,1341,20,60,2,200000
21238,1874,1,1,2,6944
21238,1878,1,2,-1,739986
21238,1878,1,1,2,47619
21238,1884,1,3,-1,569220
21238,1884,1,1,2,71429
21238,1889,1,1,2,6757
21238,1901,1,2,-1,255520
21238,2190,1,1,2,8264
21238,5220,1,1,2,4566
21239,57,824,1645,0,700000
21239,279,1,1,1,73
21239,1825,1,1,-1,139345
21239,1865,1,1,2,142857
21239,1870,1,1,2,166667
21239,1874,1,1,2,9709
21239,1902,1,1,-1,197653
21239,2040,1,1,1,5834
21239,2145,1,1,-1,139345
21239,2145,1,1,2,9901
21239,2208,1,1,2,14706
21239,6036,1,1,2,7752
21240,57,932,1861,0,700000
21240,224,1,1,1,42
21240,1341,60,180,2,142857
21240,1660,1,1,1,42
21240,1866,1,3,-1,741221
21240,1866,1,1,2,166667
21240,1871,1,5,-1,741221
21240,1871,2,6,2,58824
21240,1877,1,1,2,8065
21240,1903,1,1,-1,370920
21240,2038,1,1,1,3037
21240,2044,1,1,1,3037
21241,57,1020,2061,0,700000
21241,396,1,1,1,293
21241,1805,1,1,-1,8318
21241,1867,1,1,2,200000
21241,1872,1,3,2,100000
21241,1875,1,1,2,12195
21241,1881,1,1,2,21277
21241,1905,1,1,-1,242738
21241,1952,1,1,1,20068
21241,2162,1,1,2,7576
21241,2206,1,1,2,4049
21241,2990,1,1,2,12346
21241,4469,1,1,-1,14259
21242,57,1220,2478,0,700000
21242,96,1,1,1,21
21242,298,1,1,1,21
21242,302,1,1,1,21
21242,1868,1,1,2,250000
21242,1873,1,1,2,58824
21242,1876,1,1,2,29412
21242,1895,1,1,2,40000
21242,1908,1,1,-1,286241
21242,1909,1,1,-1,408198
21242,2062,1,1,1,1868
21242,2075,1,1,1,1868
21242,2076,1,1,1,1868
21242,2163,1,1,-1,154220
21242,2214,1,1,2,3279
21242,4042,1,1,2,2618
21242,8723,1,1,200,4854
21242,8733,1,1,200,1217
21242,8743,1,1,200,20
21243,57,1258,2567,0,700000
21243,398,1,1,1,78
21243,399,1,1,1,72
21243,418,1,1,1,125
21243,419,1,1,1,115
21243,951,1,1,-1,5684
21243,951,1,1,2,268
21243,1868,1,1,2,250000
21243,1873,1,1,2,52632
21243,1876,1,1,2,28571
21243,1895,1,1,2,40000
21243,1911,1,1,-1,232505
21243,1966,1,1,1,6321
21243,1967,1,1,1,9442
21243,1975,1,1,1,5687
21243,1976,1,1,1,10527
21243,2166,1,1,-1,105967
21243,4042,1,1,2,2232
21243,8724,1,1,200,3937
21243,8734,1,1,200,894
21243,8744,1,1,200,179
21244,57,1404,2854,0,700000
21244,60,1,1,1,100
21244,1539,1,1,-1,773226
21244,1865,1,1,2,125000
21244,1870,1,1,2,125000
21244,1875,1,1,2,8197
21244,1879,1,1,2,21277
21244,1914,1,1,-1,195478
21244,1977,1,1,1,10643
21244,2170,1,1,2,2421
21244,2970,1,1,2,4425
21244,4040,1,1,2,3413
21244,4601,1,1,-1,7732
21244,8725,1,1,200,3058
21244,8735,1,1,200,357
21244,8745,1,1,200,127
21244,8755,1,1,200,76
21245,57,1558,3150,0,700000
21245,60,1,1,1,111
21245,1866,1,1,2,83333
21245,1871,1,1,2,125000
21245,1877,1,1,2,5319
21245,1915,1,2,-1,338927
21245,1977,1,1,1,11766
21245,2169,1,1,-1,68085
21245,2170,1,1,-1,90727
21245,2353,1,1,2,88
21245,4040,1,1,2,3279
21245,4041,1,1,2,1757
21245,4122,1,1,2,5814
21245,8309,1,1,2,110
21245,8725,1,1,200,3344
21245,8735,1,1,200,1319
21245,8745,1,1,200,220
21246,57,1837,3743,0,700000
21246,119,1,1,1,100
21246,855,1,1,1,133
21246,886,1,1,1,199
21246,1867,1,13,-1,868351
21246,1867,1,1,2,166667
21246,1872,1,1,2,166667
21246,1882,1,1,2,32258
21246,1894,1,1,2,3125
21246,1918,1,1,-1,197438
21246,1918,1,1,1,12150
21246,1920,1,1,1,9599
21246,2917,1,1,1,16113
21246,4042,1,1,-1,75981
21246,4042,1,1,2,1873
21246,4127,1,1,2,3745
21246,4183,1,1,2,625
21246,4965,1,1,2,312
21246,8726,1,1,200,5319
21246,8736,1,1,200,937
21246,8746,1,1,200,39
21247,57,1877,3833,0,700000
21247,554,1,1,1,67
21247,600,1,1,1,67
21247,612,1,1,1,67
21247,1867,1,1,2,166667
21247,1872,1,1,2,166667
21247,1875,1,1,2,6711
21247,1881,1,1,2,13699
21247,2464,1,1,1,67
21247,4041,1,1,2,319
21247,4049,1,1,-1,244718
21247,4073,1,1,1,8963
21247,4097,1,1,1,8963
21247,4098,1,1,1,8963
21247,4100,1,1,1,8963
21247,4129,1,1,-1,50493
21247,4131,1,1,2,319
21247,4173,1,1,2,637
21247,4613,1,1,-1,6435
21247,8727,1,1,200,3185
21247,8737,1,1,200,637
21248,57,2056,4180,0,700000
21248,503,1,1,1,49
21248,633,1,1,1,70
21248,673,1,1,1,70
21248,1864,1,1,2,250000
21248,1869,1,1,2,125000
21248,1880,1,1,2,12346
21248,2415,1,1,1,49
21248,4043,1,1,2,4132
21248,4050,1,1,-1,315761
21248,4051,1,1,-1,197649
21248,4072,1,1,1,8454
21248,4101,1,1,1,10911
21248,4102,1,1,1,8453
21248,4130,1,1,-1,82733
21248,4159,1,1,2,852
21248,4439,1,1,1,12980
21248,5550,1,1,2,1048
21248,6036,1,1,2,4525
21248,8728,1,1,200,2096
21248,8738,1,1,200,655
21248,8748,1,1,200,131
21249,57,2256,4571,0,700000
21249,358,1,1,1,18
21249,1866,1,1,2,125000
21249,1871,1,1,2,142857
21249,1877,1,1,2,3774
21249,2380,1,1,1,28
21249,2381,1,1,1,12
21249,4040,1,1,2,4016
21249,4041,1,1,2,473
21249,4052,1,1,-1,197496
21249,4053,1,1,-1,239104
21249,4078,1,1,1,4012
21249,4080,1,1,1,5649
21249,4081,1,1,1,2707
21249,5230,1,1,-1,7438
21249,8729,1,1,200,3311
21249,8739,1,1,200,268
21249,8749,1,1,200,134
21250,57,2634,5340,0,700000
21250,171,1,1,1,5
21250,175,1,1,1,5
21250,210,1,1,1,5
21250,1344,20,60,2,111111
21250,1830,1,1,2,62500
21250,1866,1,1,2,125000
21250,1871,1,1,2,166667
21250,1877,1,1,2,7519
21250,4040,1,1,2,2740
21250,4041,1,1,2,1370
21250,4052,1,1,-1,230702
21250,4053,1,1,-1,279304
21250,4116,1,1,1,1402
21250,4117,1,1,1,1402
21250,4118,1,1,1,1329
21250,5230,1,1,-1,8688
21250,8729,1,1,200,2801
21250,8739,1,1,200,596
21250,8749,1,1,200,60
21250,8759,1,1,200,21
21251,57,2811,5744,0,700000
21251,1344,20,60,2,125000
21251,1830,1,1,2,76923
21251,1866,1,1,2,125000
21251,1871,1,3,2,62500
21251,1885,1,1,2,15873
21251,2398,1,1,1,22
21251,2399,1,1,1,22
21251,2403,1,1,1,35
21251,2404,1,1,1,35
21251,4041,1,1,2,1838
21251,4053,1,1,-1,299621
21251,4054,1,1,-1,137683
21251,4084,1,1,1,4484
21251,4085,1,1,1,4484
21251,4086,1,1,1,6054
21251,4087,1,1,1,6054
21251,5220,1,1,2,6329
21251,5230,1,1,-1,9320
21251,8730,1,1,200,1961
21251,8740,1,1,200,674
21252,57,2875,5849,0,700000
21252,4053,1,1,-1,305530
21252,5230,1,1,-1,9504
21252,5276,1,1,2,402
21252,5297,1,1,1,21
21252,5298,1,1,1,33
21252,5301,1,1,1,14
21252,5478,1,1,-1,59940
21252,5478,1,1,1,2951
21252,5479,1,1,1,2077
21252,5482,1,1,1,4631
21252,8730,1,1,200,70
21252,10579,1,1,3,15152
21252,10583,1,1,3,15152
21252,10608,1,1,3,10638
21252,14214,1,1,3,15152
21253,57,3110,6350,0,700000
21253,1807,1,1,-1,10305
21253,3035,1,1,-1,10305
21253,5304,1,1,1,22
21253,5305,1,1,1,36
21253,5308,1,1,1,15
21253,5479,1,2,-1,45733
21253,5485,1,1,1,3200
21253,5486,1,1,1,2252
21253,5489,1,1,1,5022
21253,10580,1,1,3,16129
21253,10582,1,1,3,15152
21253,10610,1,1,3,16129
21253,14215,1,1,3,16129
21254,57,3587,7319,0,700000
21254,729,1,1,-1,990
21254,1877,1,1,-1,356449
21254,5480,1,1,-1,39987
21254,6323,1,1,1,51
21254,6324,1,1,1,67
21254,6325,1,1,1,101
21254,6341,1,1,1,12134
21254,6343,1,1,1,9381
21254,6345,1,1,1,16783
21254,14216,1,1,3,16129
21255,57,3814,7793,0,700000
21255,4041,1,1,-1,82464
21255,5297,1,1,1,27
21255,5298,1,1,1,44
21255,5301,1,1,1,19
21255,5478,1,1,1,3926
21255,5479,1,1,1,2763
21255,5481,1,1,-1,42554
21255,5482,1,1,1,6162
21255,5487,1,1,-1,42704
21256,27,1,1,1,217
21256,33,1,1,1,348
21256,57,124,218,0,700000
21256,735,1,1,2,2664
21256,1804,1,1,-1,10820
21256,1867,1,1,2,42615
21256,1872,1,1,-1,360672
21256,1872,1,1,2,42615
21256,1882,1,1,2,7103
21256,1898,1,1,-1,27787
21256,1927,1,1,1,3188
21256,1929,1,1,1,5155
21256,5153,1,1,2,1279
21257,57,122,202,0,700000
21257,217,1,1,1,111
21257,218,1,1,1,111
21257,734,1,1,-1,42627
21257,735,1,1,2,4198
21257,1868,1,1,-1,511527
21257,1868,1,1,2,100732
21257,1873,1,1,2,20147
21257,1897,1,1,-1,60896
21259,57,2085,4248,0,700000
21259,947,1,1,2,85
21259,1868,1,1,2,333333
21259,1873,1,1,2,62500
21259,1876,1,1,2,30303
21259,1895,1,1,2,41667
21259,4042,1,1,2,2105
21259,4049,1,1,-1,226242
21259,4109,1,1,1,1795
21259,4110,1,1,1,1795
21259,4129,1,1,-1,46681
21259,4613,1,1,-1,5949
21259,8728,1,1,200,3125
21259,8738,1,1,200,597
21259,8748,1,1,200,8
21259,8758,1,1,200,28
21259,11915,1,1,1,227
21259,11919,1,1,1,313
21261,57,654,1329,0,700000
21261,231,1,1,1,7
21261,233,1,1,1,7
21261,1539,1,1,2,14493
21261,1864,1,1,2,125000
21261,1869,1,1,2,66667
21261,1880,1,1,2,7246
21261,1914,1,1,-1,78741
21261,2106,1,1,1,790
21261,2107,1,1,1,790
21261,2169,1,1,-1,24807
21261,2170,1,1,-1,33056
21261,2231,1,1,2,320
21261,4043,1,1,2,2558
21261,5550,1,1,2,879
21261,8725,1,1,200,1919
21261,8735,1,1,200,400
21261,8745,1,1,200,80
21262,57,879,1786,0,700000
21262,228,1,1,1,16
21262,1539,1,1,2,20000
21262,1864,1,1,2,142857
21262,1869,1,1,2,76923
21262,1880,1,1,2,7634
21262,1914,1,1,-1,142677
21262,2119,1,1,1,2137
21262,2169,1,1,-1,44949
21262,2170,1,1,-1,59897
21262,2231,1,1,2,206
21262,4043,1,1,2,3300
21262,5550,1,1,2,206
21262,8726,1,1,200,1650
21262,8736,1,1,200,206
21263,57,1233,2511,0,700000
21263,228,1,1,1,24
21263,1539,1,1,2,24390
21263,1864,1,1,2,200000
21263,1869,1,1,2,100000
21263,1880,1,1,2,12987
21263,1914,1,1,-1,218248
21263,2119,1,1,1,3269
21263,2169,1,1,-1,68758
21263,2170,1,1,-1,91623
21263,2231,1,1,2,500
21263,4043,1,1,2,1499
21263,5550,1,1,2,1000
21263,8726,1,1,200,2000
21263,8736,1,1,200,1000
21264,57,1713,3458,0,700000
21264,1539,1,1,2,25000
21264,1864,1,1,2,250000
21264,1869,1,1,2,111111
21264,1880,1,1,2,2410
21264,1914,1,1,-1,355312
21264,2169,1,1,-1,111939
21264,2170,1,1,-1,149164
21264,2231,1,1,2,1205
21264,4043,1,1,2,4831
21264,4109,1,1,1,2631
21264,4110,1,1,1,2631
21264,5550,1,1,2,1205
21264,8727,1,1,200,1205
21264,8737,1,1,200,1205
21264,11915,1,1,1,11
21264,11919,1,1,1,11
21265,57,264,530,0,700000
21265,83,1,1,1,13
21265,124,1,1,1,10
21265,127,1,1,1,10
21265,130,1,1,1,10
21265,144,1,1,1,13
21265,1864,1,3,-1,522665
21265,1864,1,1,2,142857
21265,1869,1,1,-1,522665
21265,1869,1,1,2,76923
21265,1878,1,1,2,20833
21265,1884,1,1,2,33333
21265,1901,1,1,-1,72191
21265,2026,1,1,1,558
21265,2154,1,1,2,8621
21268,57,493,986,0,700000
21268,278,1,1,1,54
21268,1341,20,60,2,142857
21268,1867,1,1,2,125000
21268,1872,1,1,2,100000
21268,1882,1,1,2,15385
21268,1894,1,1,2,2564
21268,1940,1,1,-1,145098
21268,2026,1,1,-1,11701
21268,2029,1,1,1,3083
21268,2156,1,1,-1,77773
21268,2186,1,1,2,2564
21268,6037,1,3,2,62500
21269,57,561,1118,0,700000
21269,129,1,1,1,41
21269,1825,1,1,-1,79006
21269,1825,1,1,2,7407
21269,1867,1,1,2,200000
21269,1872,1,1,2,166667
21269,1875,1,1,2,8696
21269,1881,1,1,2,20000
21269,1902,1,1,-1,112065
21269,2034,1,1,1,3021
21269,2145,1,1,-1,79006
21270,57,648,1289,0,700000
21270,88,1,1,1,10
21270,90,1,1,1,10
21270,158,1,1,1,10
21270,169,1,1,1,10
21270,172,1,1,1,10
21270,1868,1,1,2,250000
21270,1873,1,1,2,76923
21270,1889,1,1,2,6579
21270,1902,1,1,-1,129174
21270,1903,1,1,-1,212668
21270,2031,1,1,1,668
21270,2032,1,1,1,609
21270,2035,1,1,1,668
21270,2036,1,1,1,668
21270,2037,1,1,1,668
21270,2145,1,1,2,6579
21270,5549,1,1,2,14493
21270,6036,1,1,-1,42498
21271,57,385,758,0,700000
21271,129,1,1,1,28
21271,1864,1,3,-1,754767
21271,1864,1,1,2,250000
21271,1869,1,1,-1,754767
21271,1869,1,1,2,83333
21271,1878,1,1,2,16667
21271,1884,1,1,2,76923
21271,1901,1,1,-1,104250
21271,2034,1,1,1,2062
21271,2154,1,1,2,16667
21272,57,696,1334,0,700000
21272,129,1,1,1,50
21272,1864,1,7,-1,892175
21272,1864,3,9,2,90909
21272,1869,1,3,-1,669131
21272,1869,1,1,2,200000
21272,1878,1,1,2,52632
21272,1884,1,1,2,52632
21272,1901,1,1,-1,184843
21272,2034,1,1,1,3655
21272,2154,1,1,2,14814
21273,57,2003,3917,0,700000
21273,129,1,1,1,144
21273,1864,1,16,-1,861782
21273,1864,3,9,2,133643
21273,1869,1,7,-1,775604
21273,1869,2,6,2,100233
21273,1878,1,1,2,160371
21273,1884,2,6,2,49345
21273,1901,1,1,-1,535638
21273,2034,1,1,1,10591
21273,2154,1,1,2,42926
21274,57,1223,2498,0,700000
21274,1343,10,30,2,125000
21274,1864,1,1,2,166667
21274,1869,1,1,2,83333
21274,1878,1,1,2,32258
21274,1884,1,1,2,50000
21274,4039,1,1,2,2415
21274,4052,1,1,1,2468
21274,4053,1,1,1,2988
21274,4054,1,1,1,1373
21274,4087,1,1,-1,33226
21274,4088,1,1,-1,53512
21274,5456,1,1,2,29
21274,6333,1,1,-1,16256
21274,8730,1,1,200,691
21274,8740,1,1,200,403
21274,12341,1,1,1,864
21274,12342,1,1,1,576
21274,12343,1,1,1,1008
21275,57,1230,2515,0,700000
21275,1343,10,30,2,125000
21275,1864,1,1,2,166667
21275,1869,1,1,2,83333
21275,1878,1,1,2,35714
21275,1884,1,1,2,50000
21275,4039,1,1,2,3058
21275,4052,1,1,1,2468
21275,4053,1,1,1,2988
21275,4054,1,1,1,1373
21275,4087,1,1,-1,33226
21275,4088,1,1,-1,53512
21275,5456,1,1,2,23
21275,6333,1,1,-1,16256
21275,8730,1,1,200,822
21275,8740,1,1,200,227
21275,8750,1,1,200,57
21275,8760,1,1,200,113
21275,12341,1,1,1,708
21275,12342,1,1,1,623
21275,12343,1,1,1,1048
21276,57,1216,2484,0,700000
21276,1343,10,30,2,111111
21276,1864,1,1,2,166667
21276,1869,1,1,2,83333
21276,1878,1,1,2,32258
21276,1884,1,1,2,50000
21276,4039,1,1,2,2688
21276,4052,1,1,1,2468
21276,4053,1,1,1,2988
21276,4054,1,1,1,1373
21276,4087,1,1,-1,33226
21276,4088,1,1,-1,53512
21276,5456,1,1,2,23
21276,6333,1,1,-1,16256
21276,8730,1,1,200,1295
21276,8740,1,1,200,349
21276,8750,1,1,200,100
21276,12341,1,1,1,473
21276,12342,1,1,1,697
21276,12343,1,1,1,946
21278,57,1268,2577,0,700000
21278,729,1,1,-1,163
21278,1865,1,1,2,100000
21278,1870,1,1,2,90909
21278,1875,1,1,2,6452
21278,1879,1,1,2,16667
21278,4040,1,1,-1,29260
21278,4040,1,1,2,2732
21278,5478,1,1,-1,12302
21278,5547,1,1,1,368
21278,5548,1,1,1,368
21278,6339,1,1,2,948
21278,8331,1,1,1,373
21278,8730,1,1,200,948
21278,8740,1,1,200,223
21278,8750,1,1,200,112
21278,11952,1,1,1,74
21278,11954,1,1,1,74
21278,11957,1,1,1,74
21279,57,1260,2562,0,700000
21279,729,1,1,-1,163
21279,1865,1,1,2,90909
21279,1870,1,1,2,90909
21279,1875,1,1,2,5988
21279,1879,1,1,2,16667
21279,4040,1,1,-1,29260
21279,4040,1,1,2,1931
21279,5478,1,1,-1,12302
21279,5547,1,1,1,368
21279,5548,1,1,1,368
21279,6339,1,1,2,704
21279,8331,1,1,1,373
21279,8730,1,1,200,1112
21279,8740,1,1,200,341
21279,11952,1,1,1,189
21279,11954,1,1,1,189
21279,11957,1,1,1,189
21280,57,1276,2593,0,700000
21280,729,1,1,-1,163
21280,1865,1,1,2,100000
21280,1870,1,1,2,100000
21280,1875,1,1,2,6173
21280,1879,1,1,2,16129
21280,4040,1,1,-1,29260
21280,4040,1,1,2,2288
21280,5478,1,1,-1,12302
21280,5547,1,1,1,368
21280,5548,1,1,1,368
21280,6339,1,1,2,786
21280,8331,1,1,1,373
21280,8730,1,1,200,1000
21280,8740,1,1,200,250
21280,8750,1,1,200,36
21280,11952,1,1,1,12
21280,11954,1,1,1,12
21280,11957,1,1,1,12
21282,57,1309,2658,0,700000
21282,729,1,1,-1,171
21282,730,1,1,2,64
21282,1865,1,1,2,100000
21282,1870,1,1,2,100000
21282,1875,1,1,2,5988
21282,1879,1,1,2,17857
21282,4040,1,1,-1,30805
21282,4040,1,1,2,2037
21282,5456,1,1,2,26
21282,5536,1,1,-1,5240
21282,5547,1,1,1,387
21282,5548,1,1,1,387
21282,8331,1,1,1,800
21282,8730,1,1,200,1495
21282,8740,1,1,200,747
21282,8750,1,1,200,26
21282,11952,1,1,1,17
21282,11954,1,1,1,17
21282,11957,1,1,1,17
21283,57,1318,2676,0,700000
21283,729,1,1,-1,171
21283,730,1,1,2,64
21283,1865,1,1,2,100000
21283,1870,1,1,2,90909
21283,1875,1,1,2,5882
21283,1879,1,1,2,15625
21283,4040,1,1,-1,30805
21283,4040,1,1,2,2778
21283,5456,1,1,2,53
21283,5536,1,1,-1,5240
21283,5547,1,1,1,387
21283,5548,1,1,1,387
21283,8331,1,1,1,855
21283,8730,1,1,200,1362
21283,8740,1,1,200,407
21283,8750,1,1,200,35
21283,11952,1,1,1,18
21283,11954,1,1,1,230
21283,11957,1,1,1,18
21284,57,1302,2643,0,700000
21284,729,1,1,-1,171
21284,730,1,1,2,64
21284,1865,1,1,2,100000
21284,1870,1,1,2,100000
21284,1875,1,1,2,5747
21284,1879,1,1,2,15873
21284,4040,1,1,-1,30805
21284,4040,1,1,2,1623
21284,5456,1,1,2,55
21284,5536,1,1,-1,5240
21284,5547,1,1,1,387
21284,5548,1,1,1,387
21284,8331,1,1,1,206
21284,8730,1,1,200,922
21284,8740,1,1,200,289
21284,8750,1,1,200,14
21284,11952,1,1,1,14
21284,11954,1,1,1,28
21284,11957,1,1,1,83
21286,57,1351,2748,0,700000
21286,1868,1,1,2,200000
21286,1873,1,1,2,38462
21286,1889,1,1,-1,103976
21286,1889,1,1,2,6061
21286,4044,1,1,2,3546
21286,5440,1,1,2,11
21286,5496,1,1,1,1351
21286,5497,1,1,1,1351
21286,5508,1,1,1,1351
21286,5509,1,1,1,1351
21286,5549,1,1,-1,155963
21286,5549,1,1,2,9901
21286,6343,1,1,-1,33347
21286,8730,1,1,200,1245
21286,8740,1,1,200,317
21286,8750,1,1,200,32
21286,8760,1,1,200,11
21286,12221,1,1,1,348
21286,12224,1,1,1,560
21286,12229,1,1,1,602
21286,12231,1,1,1,665
21287,57,1343,2732,0,700000
21287,1868,1,1,2,200000
21287,1873,1,1,2,41667
21287,1889,1,1,-1,103976
21287,1889,1,1,2,6452
21287,4044,1,1,2,2985
21287,5440,1,1,2,51
21287,5496,1,1,1,1351
21287,5497,1,1,1,1351
21287,5508,1,1,1,1351
21287,5509,1,1,1,1351
21287,5549,1,2,-1,155963
21287,5549,1,1,2,10417
21287,6343,1,1,-1,33347
21287,8730,1,1,200,1130
21287,8740,1,1,200,242
21287,8750,1,1,200,15
21287,8760,1,1,200,7
21287,12221,1,1,1,543
21287,12224,1,1,1,572
21287,12229,1,1,1,572
21287,12231,1,1,1,514
21288,57,1360,2766,0,700000
21288,1868,1,1,2,200000
21288,1873,1,1,2,41667
21288,1889,1,1,-1,103976
21288,1889,1,1,2,6211
21288,4044,1,1,2,2915
21288,5440,1,1,2,289
21288,5496,1,1,1,1351
21288,5497,1,1,1,1351
21288,5508,1,1,1,1351
21288,5509,1,1,1,1351
21288,5549,1,1,-1,155963
21288,5549,1,1,2,10638
21288,6343,1,1,-1,33347
21288,8730,1,1,200,1238
21288,8740,1,1,200,240
21288,8750,1,1,200,9
21288,8760,1,1,200,18
21288,12221,1,1,1,609
21288,12224,1,1,1,591
21288,12229,1,1,1,711
21288,12231,1,1,1,369
21290,57,1391,2835,0,700000
21290,730,1,1,-1,1367
21290,1808,1,1,2,36
21290,1867,1,1,2,142857
21290,1872,1,1,2,142857
21290,1875,1,1,-1,109369
21290,1875,1,1,2,5495
21290,1881,1,1,2,11364
21290,4041,1,1,-1,14266
21290,4041,1,1,2,1374
21290,5547,1,1,1,413
21290,5548,1,1,1,413
21290,8331,1,1,1,274
21290,8730,1,1,200,1433
21290,8740,1,1,200,209
21290,11952,1,1,1,20
21290,11954,1,1,1,20
21290,11957,1,1,1,20
21291,57,1383,2819,0,700000
21291,730,1,1,-1,1367
21291,1808,1,1,2,36
21291,1867,1,1,2,142857
21291,1872,1,1,2,142857
21291,1875,1,1,-1,109369
21291,1875,1,1,2,7692
21291,1881,1,1,2,12821
21291,4041,1,1,-1,14266
21291,4041,1,1,2,8013
21291,5547,1,1,1,413
21291,5548,1,1,1,413
21291,8331,1,1,1,274
21291,8730,1,1,200,771
21291,8740,1,1,200,297
21291,8750,1,1,200,59
21291,11952,1,1,1,20
21291,11954,1,1,1,20
21291,11957,1,1,1,20
21292,57,1400,2853,0,700000
21292,730,1,1,-1,1367
21292,1808,1,1,2,36
21292,1867,1,1,2,142857
21292,1872,1,1,2,142857
21292,1875,1,1,-1,109369
21292,1875,1,1,2,7246
21292,1881,1,1,2,12821
21292,4041,1,1,-1,14266
21292,4041,1,1,2,638
21292,5456,1,1,2,77
21292,5547,1,1,1,413
21292,5548,1,1,1,413
21292,8331,1,1,1,274
21292,8730,1,1,200,1225
21292,8740,1,1,200,485
21292,8750,1,1,200,77
21292,8760,1,1,200,26
21292,11952,1,1,1,26
21292,11954,1,1,1,26
21292,11957,1,1,1,128
21294,57,2270,4611,0,700000
21294,1864,1,3,2,166667
21294,1869,1,1,2,166667
21294,1880,1,1,2,18182
21294,4043,1,1,2,5556
21294,5440,1,1,2,126
21294,5442,1,1,-1,1736
21294,5486,1,1,-1,27729
21294,5489,1,1,-1,61851
21294,5547,1,1,1,1178
21294,5548,1,1,1,1178
21294,5550,1,1,2,2272
21294,8331,1,1,1,373
21294,8730,1,1,200,2899
21294,8740,1,1,200,252
21294,8750,1,1,200,126
21294,11952,1,1,1,127
21294,11954,1,1,1,127
21294,11957,1,1,1,127
21295,57,2414,4902,0,700000
21295,1864,1,3,2,333333
21295,1869,1,3,2,100000
21295,1880,1,1,2,28571
21295,4043,1,1,2,10309
21295,5442,1,1,-1,1845
21295,5448,1,1,2,91
21295,5547,1,1,-1,16952
21295,5547,1,1,1,1252
21295,5548,1,1,-1,16952
21295,5548,1,1,1,1252
21295,5550,1,1,2,5000
21295,8331,1,1,1,373
21295,10304,1,1,1,945
21295,11952,1,1,1,63
21295,11954,1,1,1,63
21295,11957,1,1,1,63
21296,57,3598,7319,0,700000
21296,1867,1,3,2,166667
21296,1872,4,12,2,71429
21296,1875,1,1,2,24390
21296,1881,1,1,2,55556
21296,4041,1,1,2,3257
21296,5440,1,1,-1,2753
21296,5456,1,1,2,136
21296,5482,1,1,-1,98095
21296,5485,1,1,-1,62497
21296,5535,1,1,1,3746
21296,10304,1,1,1,1418
21296,11955,1,1,1,250
21297,57,3616,7368,0,700000
21297,1868,3,9,2,125000
21297,1873,2,6,2,40000
21297,1876,1,1,2,83333
21297,1895,1,1,2,111111
21297,4042,1,1,2,6579
21297,5162,1,1,2,163
21297,5450,1,1,-1,2771
21297,5456,1,1,-1,2771
21297,5536,1,1,1,3759
21297,6345,1,1,-1,286205
21297,10304,1,1,1,1770
21297,11951,1,1,1,496
21298,57,2327,4743,0,700000
21298,730,1,1,-1,4013
21298,1344,10,30,2,166667
21298,1868,1,3,2,142857
21298,1873,1,1,2,55556
21298,1876,1,1,2,29412
21298,1895,1,3,-1,687861
21298,1895,1,1,2,40000
21298,4042,1,1,2,2604
21298,5167,1,1,2,91
21298,5380,1,1,2,501
21298,5478,1,1,-1,40490
21298,5496,1,1,1,4169
21298,5497,1,1,1,4169
21298,5508,1,1,1,4169
21298,5509,1,1,1,4169
21298,8730,1,1,200,903
21298,8740,1,1,200,200
21298,12221,1,1,1,501
21298,12224,1,1,1,903
21298,12229,1,1,1,1203
21298,12231,1,1,1,802
21299,57,3724,7602,0,700000
21299,729,1,1,-1,857
21299,1344,40,120,2,71429
21299,1867,1,3,2,100000
21299,1872,1,3,2,142857
21299,1875,1,1,2,16393
21299,1881,1,1,2,30303
21299,4041,1,1,-1,67061
21299,4041,1,1,2,1634
21299,5157,1,1,2,145
21299,5382,1,1,2,1326
21299,5508,1,1,-1,180821
21299,5547,1,1,1,1938
21299,5548,1,1,1,1938
21299,8331,1,1,1,1114
21299,8730,1,1,200,2551
21299,8740,1,1,200,715
21299,11952,1,1,1,102
21299,11954,1,1,1,102
21299,11957,1,1,1,102
21300,57,3664,7480,0,700000
21300,1895,1,5,-1,722569
21300,1895,1,1,2,90909
21300,4040,1,1,2,7407
21300,4042,1,1,2,4762
21300,4043,1,1,2,10417
21300,5162,1,1,2,200
21300,5434,1,1,-1,2810
21300,5509,1,2,-1,177889
21300,5532,1,1,1,1889
21300,5543,1,1,1,1907
21300,8341,1,1,1,746
21300,8346,1,1,1,1243
21300,8730,1,1,200,2907
21300,8740,1,1,200,529
21300,8760,1,1,200,132
21300,11946,1,1,1,99
21300,11949,1,1,1,99
21300,11953,1,1,1,99
21300,11958,1,1,1,99
21301,57,4398,8975,0,700000
21301,1344,30,90,2,111111
21301,1868,4,12,2,66667
21301,1873,1,1,2,111111
21301,1889,1,1,2,17857
21301,4044,1,1,2,7692
21301,5167,1,1,2,138
21301,5404,1,1,2,1238
21301,5440,1,1,-1,3372
21301,5520,1,1,-1,58709
21301,5521,1,2,-1,41428
21301,5539,1,1,1,4536
21301,5549,1,1,2,31250
21301,8730,1,1,200,3165
21301,8740,1,1,200,688
21301,11950,1,1,1,550
21302,57,3552,7231,0,700000
21302,729,1,1,-1,816
21302,1867,1,3,2,111111
21302,1872,1,3,2,166667
21302,1875,1,3,-1,489683
21302,1875,1,1,2,14925
21302,1881,1,1,2,32258
21302,4041,1,2,-1,63872
21302,4041,1,1,2,2252
21302,5162,1,1,2,501
21302,5382,1,1,2,918
21302,5547,1,1,1,1846
21302,5548,1,1,1,1846
21302,8331,1,1,1,1206
21302,8731,1,1,200,1838
21302,8741,1,1,200,918
21302,11952,1,1,1,56
21302,11954,1,1,1,56
21302,11957,1,1,1,56
21303,57,3594,7313,0,700000
21303,1344,40,120,2,66667
21303,1867,1,3,2,90909
21303,1872,1,3,2,142857
21303,1875,1,1,2,15625
21303,1881,1,1,2,27027
21303,4041,1,1,2,1768
21303,5167,1,1,2,88
21303,5406,1,1,2,1946
21303,5466,1,1,-1,2751
21303,5532,1,1,1,1850
21303,5543,1,1,1,1867
21303,5547,1,1,-1,25271
21303,5548,1,1,-1,25271
21303,8341,1,1,1,901
21303,8346,1,1,1,1102
21303,8731,1,1,200,1502
21303,8741,1,1,200,796
21303,8751,1,1,200,88
21303,11946,1,1,1,88
21303,11949,1,1,1,88
21303,11953,1,1,1,88
21303,11958,1,1,1,88
21304,57,5287,10780,0,700000
21304,1344,20,60,2,250000
21304,1894,1,1,2,12987
21304,4039,1,1,2,12195
21304,4041,1,1,2,2584
21304,4044,1,1,2,13699
21304,5277,1,1,2,240
21304,5440,1,1,-1,4052
21304,5532,1,1,1,2724
21304,5542,1,1,-1,36893
21304,5543,1,1,-1,37241
21304,5543,1,1,1,2750
21304,8341,1,1,1,1261
21304,8346,1,1,1,1663
21304,8731,1,1,200,2066
21304,8741,1,1,200,172
21304,8751,1,1,200,172
21304,11946,1,1,1,172
21304,11949,1,1,1,172
21304,11953,1,1,1,172
21304,11958,1,1,1,172
21305,57,3893,7933,0,700000
21305,730,1,1,-1,6713
21305,1866,1,1,2,200000
21305,1871,1,3,2,142857
21305,1877,1,3,-1,322245
21305,1877,1,1,2,12821
21305,4040,1,2,-1,161122
21305,4040,1,1,2,7299
21305,4041,1,1,2,2611
21305,5282,1,1,2,348
21305,5532,1,1,1,2006
21305,5543,1,1,1,2025
21305,8341,1,1,1,737
21305,8346,1,1,1,829
21305,8731,1,1,200,3484
21305,8741,1,1,200,1045
21305,8751,1,1,200,174
21305,11946,1,1,1,174
21305,11949,1,1,1,174
21305,11953,1,1,1,174
21305,11958,1,1,1,174
21306,57,7045,14360,0,700000
21306,1344,100,300,2,55556
21306,1865,1,3,2,142857
21306,1870,2,6,2,111111
21306,1875,1,1,2,31250
21306,1879,1,1,2,90909
21306,4040,1,1,2,8000
21306,5442,1,1,-1,5399
21306,5539,1,1,1,7262
21306,5547,1,1,-1,49597
21306,5548,1,1,-1,49597
21306,6901,1,1,2,713
21306,8731,1,1,200,2994
21306,8741,1,1,200,2710
21306,11950,1,1,1,998
21307,57,4948,10100,0,700000
21307,1808,1,1,-1,4553
21307,1868,3,9,2,125000
21307,1873,1,1,2,142857
21307,1889,1,1,2,25641
21307,4044,1,1,2,9901
21307,5277,1,1,2,121
21307,5480,1,1,-1,45971
21307,5481,1,2,-1,45971
21307,5547,1,1,1,2574
21307,5548,1,1,1,2574
21307,5549,1,1,2,37037
21307,8331,1,1,1,1628
21307,8731,1,1,200,2890
21307,8741,1,1,200,362
21307,8751,1,1,200,723
21307,11952,1,1,1,241
21307,11954,1,1,1,121
21307,11957,1,1,1,121
21308,57,6577,13410,0,700000
21308,1344,40,120,2,142857
21308,1867,1,3,2,200000
21308,1872,5,15,2,62500
21308,1875,1,2,-1,907479
21308,1875,1,1,2,33333
21308,1881,1,1,2,52632
21308,3036,1,1,-1,6050
21308,4041,1,1,2,3390
21308,5282,1,1,2,308
21308,5487,1,1,-1,61297
21308,5532,1,1,1,3390
21308,5543,1,1,1,3421
21308,8341,1,1,1,2183
21308,8346,1,1,1,1760
21308,8731,1,1,200,3086
21308,8741,1,1,200,925
21308,8761,1,1,200,154
21308,11946,1,1,1,231
21308,11949,1,1,1,231
21308,11953,1,1,1,231
21308,11958,1,1,1,231
21309,57,6856,13980,0,700000
21309,1344,40,120,2,145719
21309,1867,9,27,2,38462
21309,1872,5,15,2,58824
21309,1875,1,2,-1,945811
21309,1875,1,1,2,33333
21309,1881,1,1,2,62500
21309,3036,1,1,-1,6305
21309,4041,1,1,2,3745
21309,5282,1,1,2,163
21309,5487,1,1,-1,63886
21309,5532,1,1,1,3533
21309,5543,1,1,1,3566
21309,8341,1,1,1,1757
21309,8346,1,1,1,2197
21309,8731,1,1,200,3906
21309,8741,1,1,200,976
21309,8751,1,1,200,488
21309,11946,1,1,1,41
21309,11949,1,1,1,41
21309,11953,1,1,1,41
21309,11958,1,1,1,41
21310,57,5625,11517,0,700000
21310,1868,3,9,2,166667
21310,1873,1,1,2,200000
21310,1889,1,1,2,30303
21310,4044,1,1,2,15625
21310,5157,1,1,2,76
21310,5162,1,1,-1,6226
21310,5546,1,1,-1,42217
21310,5547,1,1,1,3520
21310,5548,1,1,1,3520
21310,5549,1,3,-1,700478
21310,5549,1,1,2,476191
21310,8331,1,1,1,3134
21310,8732,1,1,200,3559
21310,8742,1,1,200,985
21310,8752,1,1,200,76
21310,11952,1,1,1,76
21310,11954,1,1,1,152
21310,11957,1,1,1,76
21311,57,5186,10619,0,700000
21311,1868,3,9,2,142857
21311,1873,1,1,2,166667
21311,1889,1,1,2,30303
21311,4044,1,1,2,15625
21311,5157,1,1,2,252
21311,5162,1,1,-1,5741
21311,5546,1,1,-1,38925
21311,5547,1,1,1,3246
21311,5548,1,1,1,3246
21311,5549,1,3,-1,645849
21311,5549,1,1,2,43478
21311,8331,1,1,1,3246
21311,8732,1,1,200,3610
21311,8742,1,1,200,841
21311,8752,1,1,200,168
21311,11952,1,1,1,420
21311,11954,1,1,1,84
21311,11957,1,1,1,168
21312,57,5397,10970,0,700000
21312,729,1,1,-1,1238
21312,1808,1,1,2,513
21312,1866,1,3,2,90909
21312,1871,1,3,2,200000
21312,1885,1,1,2,41667
21312,4041,1,1,2,3077
21312,5220,1,1,2,17544
21312,5448,1,1,-1,4126
21312,5535,1,1,1,5615
21312,6341,1,1,-1,308150
21312,8732,1,1,200,2053
21312,8742,1,1,200,1538
21312,8761,1,1,200,533
21312,11955,1,1,1,18
21313,57,5125,10460,0,700000
21313,730,1,1,-1,8843
21313,1868,3,9,2,111111
21313,1873,1,1,2,125000
21313,1876,1,1,2,66667
21313,1895,1,7,-1,757976
21313,1895,1,1,2,100000
21313,4042,1,2,-1,176861
21313,4042,1,1,2,5076
21313,5272,1,1,2,267
21313,5380,1,1,2,2137
21313,5535,1,1,1,5347
21313,8730,1,1,200,4274
21313,8740,1,1,200,1603
21313,11955,1,1,1,534
21314,57,2869,5842,0,700000
21314,730,1,1,-1,4944
21314,1895,1,1,2,66667
21314,4040,1,1,2,4292
21314,4042,1,1,2,4464
21314,4043,1,1,2,8065
21314,5272,1,1,2,23
21314,5539,1,1,1,2956
21314,6335,1,1,-1,22819
21314,6341,1,1,-1,164100
21314,8731,1,1,200,1961
21314,8741,1,1,200,607
21314,8751,1,1,200,47
21314,11950,1,1,1,234
21315,57,2990,6088,0,700000
21315,1344,30,90,2,83333
21315,1868,1,3,2,200000
21315,1873,1,1,2,83333
21315,1889,1,1,-1,412195
21315,1889,1,1,2,13699
21315,4044,1,1,2,6711
21315,5277,1,1,2,39
21315,5535,1,1,1,3117
21315,5549,1,2,-1,618292
21315,5549,1,1,2,20833
21315,6343,1,2,-1,132198
21315,8731,1,1,200,1486
21315,8741,1,1,200,254
21315,8751,1,1,200,117
21315,11955,1,1,1,332
21316,57,3124,6369,0,700000
21316,1344,30,90,2,83333
21316,1864,1,3,2,200000
21316,1869,2,6,2,52632
21316,1880,1,1,2,22727
21316,3036,1,1,2,151
21316,4043,1,2,-1,215511
21316,4043,1,1,2,7042
21316,5536,1,1,1,3249
21316,5550,1,1,-1,86204
21316,5550,1,1,2,3356
21316,6343,1,2,-1,138237
21316,8731,1,1,200,2088
21316,8741,1,1,200,424
21316,8751,1,1,200,30
21316,11951,1,1,1,151
21317,57,2953,6019,0,700000
21317,1867,1,3,2,142857
21317,1872,1,3,2,100000
21317,1882,1,1,2,47619
21317,1894,1,1,2,7407
21317,3957,1,1,2,124
21317,4042,1,1,2,3968
21317,5450,1,1,-1,2263
21317,5456,1,1,-1,2263
21317,5539,1,1,1,3045
21317,6345,1,1,-1,233778
21317,8731,1,1,200,2481
21317,8741,1,1,200,455
21317,8751,1,1,200,29
21317,8761,1,1,200,29
21317,11950,1,1,1,786
21318,57,3087,6292,0,700000
21318,730,1,1,-1,5323
21318,1344,30,90,2,90909
21318,1868,1,3,2,200000
21318,1873,1,1,2,83333
21318,1889,1,1,2,12821
21318,4044,1,1,2,7353
21318,5157,1,1,2,120
21318,5478,1,1,-1,53713
21318,5496,1,1,1,5530
21318,5497,1,1,1,5530
21318,5508,1,1,1,5530
21318,5509,1,1,1,5530
21318,5549,1,3,-1,638760
21318,5549,1,1,2,22727
21318,8731,1,1,200,1527
21318,8741,1,1,200,583
21318,8751,1,1,200,51
21318,12221,1,1,1,1321
21318,12224,1,1,1,1098
21318,12229,1,1,1,1149
21318,12231,1,1,1,1425
21319,57,3482,7105,0,700000
21319,1344,20,60,2,250000
21319,5157,1,1,-1,3204
21319,5495,1,1,-1,109466
21319,5502,1,1,-1,121751
21319,5535,1,1,1,3633
21319,11955,1,1,1,416
21320,57,3168,6465,0,700000
21320,1867,1,3,2,166667
21320,1872,1,3,2,111111
21320,1882,1,1,2,52632
21320,1894,1,1,-1,230170
21320,1894,1,1,2,8621
21320,3036,1,1,2,114
21320,4042,1,1,-1,109331
21320,4042,1,1,2,4065
21320,5503,1,1,-1,110790
21320,5536,1,1,1,3297
21320,8731,1,1,200,1953
21320,8741,1,1,200,474
21320,8751,1,1,200,57
21320,8761,1,1,200,19
21320,11951,1,1,1,360
21321,57,2752,5635,0,700000
21321,1868,1,3,2,250000
21321,1873,1,1,2,90909
21321,1876,1,3,-1,685417
21321,1876,1,1,2,45455
21321,1895,1,3,-1,652778
21321,1895,1,1,2,66667
21321,4042,1,1,2,3937
21321,5167,1,1,2,150
21321,5539,1,1,1,3414
21321,6346,1,2,-1,223154
21321,8732,1,1,200,1473
21321,8742,1,1,200,241
21321,8752,1,1,200,60
21321,11950,1,1,1,180
21322,57,2752,5635,0,700000
21322,1344,20,60,2,125000
21322,1866,1,1,2,142857
21322,1871,1,1,2,200000
21322,1877,1,1,2,6667
21322,4040,1,1,2,3817
21322,4041,1,1,2,2817
21322,5272,1,1,-1,3046
21322,5272,1,1,2,48
21322,5277,1,1,-1,3046
21322,5480,1,1,-1,30756
21322,5535,1,1,1,3454
21322,8732,1,1,200,1383
21322,8742,1,1,200,382
21322,8752,1,1,200,15
21322,11955,1,1,1,429
21323,57,2719,5567,0,700000
21323,1867,1,3,2,142857
21323,1872,1,3,2,100000
21323,1882,1,1,2,50000
21323,1894,1,1,-1,237606
21323,1894,1,1,2,7407
21323,4042,1,1,-1,112863
21323,4042,1,1,2,3497
21323,5277,1,1,2,43
21323,5481,1,1,-1,30386
21323,5536,1,1,1,3404
21323,8732,1,1,200,1859
21323,8742,1,1,200,475
21323,11951,1,1,1,302
21324,57,2610,5333,0,700000
21324,1344,30,90,2,58824
21324,1808,1,1,-1,2885
21324,1808,1,1,2,87
21324,1868,1,3,2,142857
21324,1873,1,1,2,58824
21324,1876,1,1,2,31250
21324,1895,1,1,2,43478
21324,4042,1,1,-1,108175
21324,4042,1,1,2,2611
21324,5502,1,1,-1,109618
21324,5547,1,1,1,1631
21324,5548,1,1,1,1631
21324,8331,1,1,1,794
21324,8732,1,1,200,1131
21324,8742,1,1,200,696
21324,8752,1,1,200,87
21324,11952,1,1,1,87
21324,11954,1,1,1,87
21324,11957,1,1,1,87
21325,57,2524,5157,0,700000
21325,1894,1,1,2,5495
21325,3036,1,1,-1,2789
21325,3036,1,1,2,168
21325,4039,1,1,2,6173
21325,4041,1,1,2,1634
21325,4044,1,1,2,6211
21325,5503,1,1,-1,105999
21325,5514,1,1,-1,105999
21325,5532,1,1,1,1563
21325,5543,1,1,1,1578
21325,8341,1,1,1,787
21325,8346,1,1,1,831
21325,8732,1,1,200,1091
21325,8742,1,1,200,293
21325,8752,1,1,200,42
21325,11946,1,1,1,42
21325,11949,1,1,1,42
21325,11953,1,1,1,42
21325,11958,1,1,1,42
21326,57,2524,5157,0,700000
21326,1344,20,60,2,76923
21326,1866,1,1,2,90909
21326,1871,1,1,2,125000
21326,1877,1,1,-1,251047
21326,1877,1,1,2,4630
21326,3957,1,1,2,118
21326,4040,1,1,2,3165
21326,4041,1,1,-1,54575
21326,4041,1,1,2,678
21326,5515,1,1,-1,105999
21326,5539,1,1,1,3126
21326,8732,1,1,200,791
21326,8742,1,1,200,113
21326,8752,1,1,200,113
21326,11950,1,1,1,134
21327,57,2875,5868,0,700000
21327,1894,1,1,2,9901
21327,4039,1,1,-1,238154
21327,4039,1,1,2,8130
21327,4041,1,1,2,2155
21327,4044,1,1,2,8333
21327,5272,1,1,-1,3175
21327,5277,1,1,2,144
21327,5533,1,1,-1,19597
21327,5547,1,1,1,1796
21327,5548,1,1,1,1796
21327,8331,1,1,1,1666
21327,8732,1,1,200,2083
21327,8742,1,1,200,719
21327,11952,1,1,1,192
21327,11954,1,1,1,192
21327,11957,1,1,1,192
21328,57,2756,5626,0,700000
21328,1344,30,90,2,62500
21328,1868,1,3,2,142857
21328,1873,1,1,2,58824
21328,1876,1,1,2,27778
21328,1895,1,1,2,38462
21328,4042,1,1,2,2146
21328,5277,1,1,-1,3044
21328,5282,1,1,2,170
21328,5532,1,1,1,1706
21328,5534,1,1,-1,18804
21328,5537,1,1,-1,18791
21328,5543,1,1,1,1722
21328,6671,1,1,2,16949
21328,8341,1,1,1,814
21328,8346,1,1,1,678
21328,8732,1,1,200,2033
21328,8742,1,1,200,170
21328,8752,1,1,200,57
21328,11946,1,1,1,42
21328,11949,1,1,1,42
21328,11953,1,1,1,42
21328,11958,1,1,1,42
21329,57,2802,5719,0,700000
21329,5162,1,1,-1,3095
21329,5167,1,1,-1,3095
21329,5487,1,1,-1,31362
21329,5529,1,1,1,941
21329,5545,1,1,1,941
21329,5546,1,1,1,1034
21329,11964,1,1,1,20
21329,11968,1,1,1,20
21329,11971,1,1,1,20
21330,57,2671,5451,0,700000
21330,960,1,1,2,43
21330,1344,20,60,2,111111
21330,1866,1,1,2,111111
21330,1871,1,1,2,166667
21330,1885,1,2,-1,553215
21330,1885,1,1,2,17085
21330,4041,1,1,-1,57727
21330,4041,1,1,2,1314
21330,5220,1,1,2,5848
21330,5488,1,1,-1,29894
21330,5533,1,1,1,1346
21330,5544,1,1,1,1344
21330,8342,1,1,1,782
21330,8349,1,1,1,684
21330,8732,1,1,200,1443
21330,8742,1,1,200,259
21330,8752,1,1,200,22
21330,11966,1,1,1,22
21330,11969,1,1,1,43
21330,11970,1,1,1,22
21330,11974,1,1,1,22
21331,57,2624,5357,0,700000
21331,960,1,1,2,92
21331,1344,30,90,2,76923
21331,1868,1,3,2,166667
21331,1873,1,1,2,76923
21331,1876,1,1,2,33333
21331,1895,1,3,-1,931857
21331,1895,1,1,2,47619
21331,4042,1,1,-1,108717
21331,4042,1,1,2,2681
21331,5529,1,1,1,882
21331,5545,1,1,1,882
21331,5546,1,1,-1,19657
21331,5546,1,1,1,968
21331,8732,1,1,200,1156
21331,8742,1,1,200,324
21331,8752,1,1,200,37
21331,11964,1,1,1,46
21331,11968,1,1,1,46
21331,11971,1,1,1,46
21332,57,2939,6000,0,700000
21332,959,1,1,2,18
21332,1894,1,1,2,8696
21332,4039,1,1,2,7874
21332,4041,1,1,2,2375
21332,4044,1,1,2,9009
21332,5282,1,1,-1,3247
21332,5533,1,1,1,1481
21332,5544,1,1,1,1479
21332,6342,1,1,-1,165490
21332,6344,1,1,-1,107096
21332,8342,1,1,1,594
21332,8349,1,1,1,594
21332,8732,1,1,200,1894
21332,8742,1,1,200,1056
21332,8752,1,1,200,44
21332,11966,1,1,1,22
21332,11969,1,1,1,22
21332,11970,1,1,1,22
21332,11974,1,1,1,22
21333,57,2813,5760,0,700000
21333,959,1,1,2,15
21333,1808,1,1,-1,3114
21333,1864,4,12,2,58824
21333,1865,2,6,2,45455
21333,1866,3,9,2,26316
21333,1868,1,3,2,142857
21333,1873,1,1,2,90909
21333,3036,1,1,-1,3114
21333,5503,1,1,-1,118333
21333,5533,1,1,1,1420
21333,5544,1,1,1,1418
21333,8342,1,1,1,466
21333,8349,1,1,1,622
21333,8732,1,1,200,1538
21333,8742,1,1,200,684
21333,8752,1,1,200,57
21333,11966,1,1,1,43
21333,11969,1,1,1,43
21333,11970,1,1,1,43
21333,11974,1,1,1,43
21334,57,3806,7794,0,700000
21334,960,1,1,2,187
21334,1344,40,120,2,76923
21334,1867,1,3,2,111111
21334,1869,2,6,2,55556
21334,1870,3,9,2,41667
21334,1871,3,9,2,32258
21334,1872,8,24,2,22222
21334,5480,1,1,-1,42540
21334,5514,1,1,-1,160113
21334,5538,1,1,1,3841
21334,6672,1,1,2,23810
21334,8732,1,1,200,2618
21334,8742,1,1,200,374
21334,11967,1,1,1,187
21335,57,2718,5566,0,700000
21335,959,1,1,2,113
21335,1868,1,3,2,200000
21335,1873,1,1,2,90909
21335,1889,1,1,-1,451301
21335,1889,1,1,2,12821
21335,4044,1,1,2,7042
21335,5272,1,1,-1,3009
21335,5495,1,1,-1,102794
21335,5541,1,1,1,2742
21335,5549,1,1,2,23256
21335,8732,1,1,200,2494
21335,8742,1,1,200,227
21335,8752,1,1,200,57
21335,11976,1,1,1,227
21336,57,3195,6545,0,700000
21336,960,1,1,2,127
21336,1344,40,120,2,66667
21336,1864,5,15,2,50000
21336,1865,3,9,2,43478
21336,1866,3,9,2,25000
21336,1868,1,3,2,166667
21336,1873,1,1,2,83333
21336,5277,1,1,-1,3537
21336,5480,1,1,1,2638
21336,5481,1,1,1,2638
21336,5502,1,1,-1,134421
21336,5503,1,2,-1,134421
21336,8732,1,1,200,1901
21336,8742,1,1,200,380
21336,8752,1,1,200,127
21336,12258,1,1,1,443
21336,12265,1,1,1,570
21337,57,2968,6057,0,700000
21337,959,1,1,-1,295
21337,959,1,1,2,15
21337,1866,1,1,2,166667
21337,1871,1,1,2,250000
21337,1885,1,1,-1,614531
21337,1885,1,1,2,21739
21337,4041,1,1,2,2584
21337,5220,1,1,-1,294975
21337,5220,1,1,2,10753
21337,5487,1,1,1,2453
21337,5488,1,1,1,2453
21337,8732,1,1,200,4310
21337,8742,1,1,200,431
21337,12259,1,1,1,215
21337,12266,1,1,1,215
21338,57,3905,7970,0,700000
21338,960,1,1,2,164
21338,1344,30,90,2,111111
21338,1864,5,15,2,66667
21338,1869,2,6,2,66667
21338,1880,1,1,2,32258
21338,4043,1,1,2,10526
21338,5550,1,1,2,1404
21338,6342,1,1,1,10822
21338,6344,1,1,1,7003
21338,6346,1,1,1,15553
21338,6688,1,1,-1,20974
21338,6689,1,1,-1,20579
21338,6690,1,1,-1,21014
21338,8732,1,1,200,2809
21338,8752,1,1,200,480
21338,12350,1,1,1,356
21338,12351,1,1,1,1404
21338,12352,1,1,1,702
21339,57,2975,6071,0,700000
21339,960,1,1,2,90
21339,1344,40,120,2,71429
21339,1867,1,3,2,142857
21339,1872,1,3,2,100000
21339,1882,1,1,2,47619
21339,1894,1,1,2,6897
21339,4042,1,1,2,4329
21339,5537,1,1,1,2995
21339,6691,1,1,-1,15980
21339,6693,1,1,-1,16269
21339,6694,1,1,-1,16269
21339,8732,1,1,200,1305
21339,8742,1,1,200,315
21339,8752,1,1,200,45
21339,11973,1,1,1,135
21340,57,2975,6071,0,700000
21340,959,1,1,2,13
21340,960,1,1,-1,2957
21340,1868,1,3,2,200000
21340,1873,1,1,2,83333
21340,1889,1,2,-1,492862
21340,1889,1,1,2,12658
21340,4044,1,1,2,6289
21340,5495,1,1,1,5527
21340,5527,1,1,1,4352
21340,5528,1,1,1,4352
21340,5549,1,2,-1,739293
21340,5549,1,1,2,25641
21340,6672,1,1,2,17544
21340,8732,1,1,200,1883
21340,8742,1,1,200,44
21340,12261,1,1,1,569
21340,12268,1,1,1,1095
21340,12269,1,1,1,1367
21341,57,3115,6359,0,700000
21341,959,1,1,2,16
21341,960,1,1,-1,3097
21341,1868,1,3,2,250000
21341,1873,1,1,2,111111
21341,1876,1,3,-1,774226
21341,1876,1,1,2,52632
21341,1895,1,1,2,76923
21341,4042,1,1,-1,129038
21341,4042,1,1,2,5495
21341,5529,1,1,1,1046
21341,5545,1,1,1,1046
21341,5546,1,1,1,1149
21341,8732,1,1,200,3367
21341,8742,1,1,200,406
21341,11964,1,1,1,309
21341,11968,1,1,1,309
21341,11971,1,1,1,309
21342,57,4098,8367,0,700000
21342,960,1,1,2,74
21342,1344,20,60,2,200000
21342,1866,2,6,2,52632
21342,1871,1,3,2,100000
21342,1877,1,1,2,12987
21342,4040,1,1,2,5025
21342,4041,1,1,2,2950
21342,5533,1,1,1,2064
21342,5544,1,1,1,2062
21342,6707,1,1,-1,50478
21342,6708,1,1,-1,145051
21342,6709,1,1,-1,145051
21342,8342,1,1,1,825
21342,8349,1,1,1,891
21342,8732,1,1,200,2660
21342,8742,1,1,200,1403
21342,11966,1,1,1,13
21342,11969,1,1,1,13
21342,11970,1,1,1,13
21342,11974,1,1,1,13
21343,57,4624,9470,0,700000
21343,959,1,1,2,28
21343,1894,1,1,2,9709
21343,3957,1,1,-1,5119
21343,4039,1,1,2,9009
21343,4041,1,1,2,7246
21343,4044,1,1,2,14493
21343,5515,1,1,-1,194527
21343,5522,1,1,-1,39225
21343,5534,1,1,1,4671
21343,8732,1,1,200,3165
21343,8742,1,1,200,903
21343,8752,1,1,200,452
21343,11975,1,1,1,452
21344,57,3141,6413,0,700000
21344,960,1,1,2,232
21344,1344,20,60,2,142857
21344,1866,1,1,2,142857
21344,1871,1,3,2,83333
21344,1877,1,1,2,8130
21344,4040,1,1,-1,156171
21344,4040,1,1,2,4878
21344,4041,1,1,2,2899
21344,5538,1,1,1,3164
21344,6346,1,1,-1,254226
21344,6901,1,1,-1,7809
21344,8732,1,1,200,2320
21344,8742,1,1,200,348
21344,8752,1,1,200,232
21344,11967,1,1,1,116
21345,57,3504,7154,0,700000
21345,959,1,1,-1,348
21345,959,1,1,2,39
21345,1867,1,3,2,200000
21345,1872,1,3,2,125000
21345,1882,1,1,2,62500
21345,1894,1,1,-1,305635
21345,1894,1,1,2,10753
21345,4042,1,2,-1,145177
21345,4042,1,1,2,4630
21345,5538,1,1,1,3530
21345,8732,1,1,200,2439
21345,8742,1,1,200,354
21345,8752,1,1,200,236
21345,11967,1,1,1,118
21346,57,3481,7103,0,700000
21346,960,1,1,2,254
21346,1344,40,120,2,76923
21346,1864,5,15,2,50000
21346,1865,3,9,2,41667
21346,1866,3,9,2,24390
21346,1868,1,3,2,166667
21346,1873,1,1,2,100000
21346,5541,1,1,1,3504
21346,6695,1,1,-1,18346
21346,6696,1,1,-1,18995
21346,6697,1,1,-1,18346
21346,8732,1,1,200,2169
21346,8742,1,1,200,567
21346,8752,1,1,200,20
21346,11976,1,1,1,215
21347,57,5309,10884,0,700000
21347,960,1,1,2,75
21347,1867,4,12,2,71429
21347,1872,1,3,2,200000
21347,1882,1,1,2,90909
21347,1894,1,1,2,13514
21347,4042,1,1,2,7634
21347,5522,1,1,1,3328
21347,5523,1,1,1,3328
21347,6710,1,1,-1,214664
21347,6711,1,1,-1,65566
21347,6712,1,1,-1,188410
21347,8732,1,1,200,2092
21347,8742,1,1,200,1269
21347,12262,1,1,1,75
21347,12263,1,1,1,523
21348,57,3643,7457,0,700000
21348,960,1,1,2,179
21348,1868,1,3,2,333333
21348,1873,1,1,2,125000
21348,1889,1,1,2,19608
21348,4044,1,1,2,10870
21348,5537,1,1,1,3676
21348,5549,1,1,2,28571
21348,6704,1,1,-1,129163
21348,6705,1,1,-1,126515
21348,6706,1,1,-1,147161
21348,8732,1,1,200,2849
21348,8742,1,1,200,150
21348,11973,1,1,1,75
21349,57,3700,7573,0,700000
21349,959,1,1,-1,369
21349,959,1,1,2,19
21349,1867,1,3,2,125000
21349,1872,1,3,2,200000
21349,1875,1,1,-1,614183
21349,1875,1,1,2,21739
21349,1881,1,1,2,34483
21349,4041,1,1,-1,80111
21349,4041,1,1,2,2500
21349,5538,1,1,1,3733
21349,8732,1,1,200,3185
21349,8742,1,1,200,76
21349,11967,1,1,1,69
21350,57,2758,5635,0,700000
21350,1865,1,3,2,125000
21350,1870,1,1,2,250000
21350,1875,1,1,2,17241
21350,1879,1,1,2,40000
21350,3957,1,1,-1,3048
21350,4040,1,1,2,4149
21350,5157,1,1,-1,3048
21350,5157,1,1,2,51
21350,5522,1,1,-1,23355
21350,5535,1,1,1,3456
21350,8732,1,1,200,1866
21350,8742,1,1,200,230
21350,8752,1,1,200,102
21350,11955,1,1,1,384
21351,57,2376,4855,0,700000
21351,1344,20,60,2,111111
21351,1866,1,1,2,125000
21351,1871,1,1,2,200000
21351,1885,1,1,2,16129
21351,4041,1,1,-1,51381
21351,4041,1,1,2,1520
21351,5162,1,1,2,75
21351,5220,1,2,-1,236352
21351,5220,1,1,2,7874
21351,5523,1,1,-1,20123
21351,5536,1,1,1,2970
21351,8732,1,1,200,1842
21351,8742,1,1,200,299
21351,8752,1,1,200,199
21351,11951,1,1,1,299
21352,57,1553,3172,0,700000
21352,1864,1,1,2,250000
21352,1869,1,1,2,125000
21352,1880,1,1,2,12821
21352,4043,1,1,2,4082
21352,5162,1,1,-1,2789
21352,5167,1,1,2,228
21352,5478,1,1,1,2598
21352,5479,1,1,1,1829
21352,5482,1,1,1,4078
21352,5527,1,1,-1,75038
21352,5528,1,1,-1,75038
21352,5550,1,1,2,1626
21352,8732,1,1,200,1597
21352,8742,1,1,200,257
21352,8752,1,1,200,57
21352,12222,1,1,1,200
21352,12228,1,1,1,171
21352,12230,1,1,1,342
21353,57,2782,5677,0,700000
21353,1867,1,3,2,125000
21353,1872,1,3,2,200000
21353,1875,1,2,-1,460775
21353,1875,1,1,2,18868
21353,1881,1,1,2,38462
21353,4041,1,1,-1,60101
21353,4041,1,1,2,2481
21353,5538,1,1,-1,18958
21353,5539,1,1,1,3443
21353,6901,1,1,2,365
21353,8732,1,1,200,2336
21353,8742,1,1,200,365
21353,8752,1,1,200,73
21353,11950,1,1,1,365
21354,57,2756,5626,0,700000
21354,1344,30,90,2,90909
21354,1808,1,1,2,110
21354,1868,4,12,2,55556
21354,1873,1,1,2,90909
21354,1889,1,1,2,12987
21354,4044,1,1,2,6250
21354,5282,1,1,-1,3044
21354,5535,1,1,1,3451
21354,5541,1,1,-1,18784
21354,5549,1,1,2,23256
21354,6671,1,1,2,24390
21354,6901,1,1,-1,6849
21354,8732,1,1,200,2083
21354,8742,1,1,200,219
21354,8752,1,1,200,55
21354,11955,1,1,1,438
21355,57,2672,5453,0,700000
21355,959,1,1,2,14
21355,1864,1,3,2,250000
21355,1869,1,3,2,100000
21355,1880,1,1,2,28571
21355,4043,1,1,2,10870
21355,5272,1,1,-1,2951
21355,5495,1,1,-1,100838
21355,5502,1,1,-1,112155
21355,5538,1,1,1,2691
21355,5550,1,1,2,3030
21355,8732,1,1,200,1761
21355,8742,1,1,200,986
21355,8752,1,1,200,70
21355,11967,1,1,1,211
21356,57,2254,4600,0,700000
21356,960,1,1,2,216
21356,1344,10,30,2,200000
21356,1867,1,3,2,111111
21356,1872,1,3,2,71429
21356,1882,1,1,2,40000
21356,1894,1,1,2,6329
21356,4042,1,1,-1,110643
21356,4042,1,1,2,4950
21356,5277,1,1,-1,2950
21356,5503,1,1,-1,112119
21356,5534,1,1,1,2692
21356,8732,1,1,200,1149
21356,8742,1,1,200,144
21356,8752,1,1,200,72
21356,11975,1,1,1,72
21357,57,2899,5918,0,700000
21357,959,1,1,2,15
21357,1808,1,1,-1,3202
21357,1865,1,3,2,142857
21357,1870,1,3,2,111111
21357,1875,1,1,2,20833
21357,1879,1,1,2,50000
21357,4040,1,1,-1,144105
21357,4040,1,1,2,6494
21357,5480,1,1,-1,32332
21357,5534,1,1,1,2922
21357,8732,1,1,200,2316
21357,8742,1,1,200,838
21357,8752,1,1,200,22
21357,11975,1,1,1,177
21358,57,3038,6202,0,700000
21358,960,1,1,2,201
21358,1344,20,60,2,166667
21358,1866,1,1,2,200000
21358,1871,1,3,2,90909
21358,1885,1,1,2,22727
21358,3036,1,1,-1,3356
21358,4041,1,1,2,2037
21358,5220,1,1,2,9709
21358,5481,1,1,-1,33887
21358,5487,1,1,-1,34007
21358,5537,1,1,1,3060
21358,8732,1,1,200,2315
21358,8742,1,1,200,730
21358,8752,1,1,200,50
21358,11973,1,1,1,352
21359,57,2396,4907,0,700000
21359,960,1,1,2,145
21359,1344,30,90,2,76923
21359,1868,1,3,2,166667
21359,1873,1,1,2,71429
21359,1876,1,1,2,35714
21359,1895,1,1,2,52632
21359,4042,1,1,-1,116775
21359,4042,1,1,2,3367
21359,5157,1,1,-1,3114
21359,5523,1,1,-1,23861
21359,5537,1,1,1,2839
21359,8732,1,1,200,1276
21359,8742,1,1,200,522
21359,8752,1,1,200,29
21359,11973,1,1,1,319
21360,57,4077,8348,0,700000
21360,959,1,1,2,21
21360,1867,1,3,2,200000
21360,1872,4,12,2,66667
21360,1875,1,2,-1,676905
21360,1875,1,1,2,27778
21360,1881,1,1,2,55556
21360,4041,1,1,2,3584
21360,5162,1,1,-1,4513
21360,5527,1,1,-1,121396
21360,5537,1,1,1,4114
21360,8732,1,1,200,3356
21360,8742,1,1,200,1101
21360,8752,1,1,200,198
21360,11973,1,1,1,536
21361,57,2718,5566,0,700000
21361,959,1,1,2,77
21361,1867,1,3,2,125000
21361,1869,2,6,2,71429
21361,1870,2,6,2,50000
21361,1871,3,9,2,43478
21361,1872,1,3,2,166667
21361,5481,1,1,-1,30376
21361,5514,1,1,-1,114331
21361,5522,1,1,1,1703
21361,5523,1,1,1,1703
21361,6672,1,1,2,21277
21361,6901,1,1,-1,6770
21361,8732,1,1,200,1312
21361,8742,1,1,200,695
21361,12262,1,1,1,154
21361,12263,1,1,1,309
21362,57,3195,6545,0,700000
21362,960,1,1,2,79
21362,1344,10,30,2,500000
21362,1894,1,1,2,11765
21362,4039,1,1,2,9174
21362,4041,1,1,2,2915
21362,4044,1,1,2,10753
21362,5282,1,1,-1,3537
21362,5487,1,1,1,2648
21362,5488,1,1,1,2648
21362,5515,1,1,-1,134421
21362,6901,1,1,-1,7959
21362,8732,1,1,200,3390
21362,8742,1,1,200,473
21362,12259,1,1,1,315
21362,12266,1,1,1,945
21363,57,2968,6057,0,700000
21363,959,1,1,2,15
21363,960,1,1,-1,2950
21363,1867,1,3,2,200000
21363,1872,1,3,2,142857
21363,1882,1,1,2,70000
21363,1894,1,1,-1,258750
21363,1894,1,1,2,11111
21363,4042,1,1,-1,122906
21363,4042,1,1,2,5348
21363,5502,1,1,1,4599
21363,5503,1,1,1,4599
21363,5514,1,1,1,4599
21363,5515,1,1,1,4599
21363,8732,1,1,200,3145
21363,8742,1,1,200,157
21363,12257,1,1,1,943
21363,12260,1,1,1,1101
21363,12264,1,1,1,787
21363,12267,1,1,1,629
21364,57,2916,5951,0,700000
21364,960,1,1,2,158
21364,1344,30,90,2,90909
21364,1868,1,3,2,200000
21364,1873,1,1,2,90909
21364,1889,1,1,2,14706
21364,4044,1,1,2,8065
21364,5495,1,1,1,6985
21364,5527,1,1,1,5500
21364,5528,1,1,1,5500
21364,5549,1,1,2,22727
21364,6691,1,1,-1,20197
21364,6693,1,1,-1,20563
21364,6694,1,1,-1,20563
21364,8732,1,1,200,1408
21364,8742,1,1,200,704
21364,12261,1,1,1,391
21364,12268,1,1,1,704
21364,12269,1,1,1,704
21365,57,3267,6667,0,700000
21365,959,1,1,-1,325
21365,959,1,1,2,17
21365,1867,1,3,2,142857
21365,1869,2,6,2,83333
21365,1870,2,6,2,66667
21365,1871,3,9,2,55556
21365,1872,7,21,2,33333
21365,5480,1,1,1,2691
21365,5481,1,1,1,2691
21365,6688,1,1,-1,17550
21365,6689,1,2,-1,17219
21365,8732,1,1,200,2915
21365,8742,1,1,200,1167
21365,8752,1,1,200,224
21365,12258,1,1,1,269
21365,12265,1,1,1,583
21366,57,3605,7357,0,700000
21366,960,1,1,2,212
21366,1344,20,60,2,250000
21366,1894,1,1,2,14085
21366,4039,1,1,2,11111
21366,4041,1,1,2,2331
21366,4044,1,1,2,12658
21366,5522,1,1,1,2254
21366,5523,1,1,1,2254
21366,6698,1,2,-1,175995
21366,6699,1,2,-1,195290
21366,6700,1,1,-1,107266
21366,8732,1,1,200,2227
21366,8742,1,1,200,477
21366,8752,1,1,200,265
21366,12262,1,1,1,212
21366,12263,1,1,1,318
21367,57,2654,5416,0,700000
21367,960,1,1,2,153
21367,1344,10,30,2,250000
21367,1895,1,1,2,62500
21367,4040,1,1,2,3663
21367,4042,1,1,2,3448
21367,4043,1,1,2,6993
21367,5534,1,1,1,3140
21367,6710,1,1,-1,125594
21367,6711,1,1,-1,38361
21367,6712,1,1,-1,110234
21367,8732,1,1,200,1580
21367,8742,1,1,200,395
21367,8752,1,1,200,45
21367,11975,1,1,1,113
21368,57,4362,8904,0,700000
21368,959,1,1,2,19
21368,960,1,1,-1,4337
21368,1868,3,9,2,142857
21368,1873,2,6,2,37037
21368,1876,1,1,2,83333
21368,1895,1,7,-1,774442
21368,1895,1,1,2,111111
21368,4042,1,1,-1,180703
21368,4042,1,1,2,6098
21368,5537,1,1,1,4394
21368,6672,1,1,2,30303
21368,8732,1,1,200,2410
21368,8742,1,1,200,954
21368,8752,1,1,200,83
21368,11973,1,1,1,581
21369,57,4498,9212,0,700000
21369,960,1,1,2,189
21369,1344,30,90,2,142857
21369,1868,4,12,2,90909
21369,1873,1,1,2,142857
21369,1889,1,1,2,26316
21369,4044,1,1,2,12987
21369,5167,1,1,-1,4980
21369,5528,1,1,-1,133959
21369,5529,1,1,-1,30739
21369,5541,1,1,1,4538
21369,5549,1,1,2,34483
21369,8732,1,1,200,3344
21369,8742,1,1,200,557
21369,11976,1,1,1,70
21370,57,3262,6659,0,700000
21370,959,1,1,2,16
21370,1864,1,3,2,333333
21370,1869,1,3,2,111111
21370,1880,1,1,2,30303
21370,4043,1,2,-1,270265
21370,4043,1,1,2,10989
21370,5487,1,1,1,2697
21370,5488,1,1,-1,36511
21370,5488,1,1,1,2697
21370,5550,1,1,-1,108106
21370,5550,1,1,2,4545
21370,8732,1,1,200,2695
21370,8742,1,1,200,525
21370,8752,1,1,200,315
21370,12259,1,1,1,596
21370,12266,1,1,1,525
21371,57,3504,7154,0,700000
21371,960,1,1,2,334
21371,1344,10,30,2,500000
21371,1894,1,1,2,11364
21371,4039,1,1,2,10989
21371,4041,1,1,2,3205
21371,4044,1,1,2,11905
21371,5537,1,1,1,3530
21371,6713,1,1,-1,124021
21371,6714,1,1,-1,141303
21371,7579,1,1,-1,19046
21371,8732,1,1,200,2809
21371,8742,1,1,200,1136
21371,11973,1,1,1,602
21372,57,2763,5640,0,700000
21372,959,1,1,2,18
21372,960,1,1,-1,3460
21372,1868,1,3,2,250000
21372,1873,1,1,2,90909
21372,1876,1,3,-1,865067
21372,1876,1,1,2,45455
21372,1895,1,3,-1,823874
21372,1895,1,1,2,66667
21372,4042,1,1,2,3610
21372,5487,1,1,1,2877
21372,5488,1,1,1,2877
21372,8732,1,1,200,1706
21372,8742,1,1,200,341
21372,8752,1,1,200,102
21372,12259,1,1,1,273
21372,12266,1,1,1,443
21373,57,5113,10480,0,700000
21373,959,1,1,-1,510
21373,959,1,1,2,30
21373,1895,1,7,-1,910171
21373,1895,1,1,2,142857
21373,4040,1,1,-1,254848
21373,4040,1,1,2,9804
21373,4042,1,1,2,8547
21373,4043,1,1,2,16393
21373,5487,1,1,1,4239
21373,5488,1,1,1,4239
21373,8732,1,1,200,3846
21373,8742,1,1,200,1010
21373,8752,1,1,200,63
21373,12259,1,1,1,442
21373,12266,1,1,1,442
21374,57,2916,5970,0,700000
21374,960,1,1,2,128
21374,1868,1,3,2,250000
21374,1873,1,1,2,100000
21374,1876,1,1,2,45455
21374,1895,1,1,2,71429
21374,4042,1,1,2,5025
21374,5541,1,1,1,3675
21374,6707,1,1,-1,44949
21374,6708,1,1,-1,129163
21374,6709,1,1,-1,129163
21374,8732,1,1,200,701
21374,8742,1,1,200,255
21374,11976,1,1,1,64
21375,57,2811,5753,0,700000
21375,959,1,1,2,18
21375,960,1,1,-1,3497
21375,1866,1,1,2,142857
21375,1871,1,1,2,250000
21375,1877,1,1,-1,349708
21375,1877,1,1,2,7874
21375,4040,1,1,-1,174854
21375,4040,1,1,2,4878
21375,4041,1,1,2,2439
21375,5480,1,1,1,2898
21375,5481,1,1,1,2898
21375,8732,1,1,200,2564
21375,8742,1,1,200,250
21375,12258,1,1,1,688
21375,12265,1,1,1,188
21376,57,4952,10108,0,700000
21376,1867,1,3,2,200000
21376,1872,4,12,2,76963
21376,1875,1,1,-1,820385
21376,1875,1,1,2,25000
21376,1881,1,1,2,55556
21376,3036,1,1,2,270
21376,4041,1,1,-1,107007
21376,4041,1,1,2,3610
21376,5536,1,1,1,6184
21376,5544,1,1,-1,33721
21376,8732,1,1,200,3205
21376,8742,1,1,200,801
21376,11951,1,1,1,400
21377,57,4847,9892,0,700000
21377,1344,150,450,2,28571
21377,1808,1,1,-1,5353
21377,1868,4,12,2,83333
21377,1873,1,1,2,142857
21377,1876,1,1,2,71429
21377,1895,1,1,2,100000
21377,3957,1,1,2,226
21377,4042,1,1,2,4695
21377,5520,1,1,1,3824
21377,5521,1,1,1,2699
21377,5524,1,1,1,5845
21377,5545,1,1,-1,33041
21377,5546,1,1,-1,36292
21377,8732,1,1,200,2347
21377,8742,1,1,200,782
21377,8752,1,1,200,27
21377,12220,1,1,1,1565
21377,12227,1,1,1,782
21377,12233,1,1,1,391
21378,57,5950,12144,0,700000
21378,959,1,1,2,29
21378,1868,3,9,2,166667
21378,1873,1,1,2,200000
21378,1889,1,2,-1,492955
21378,1889,1,1,2,30303
21378,4044,1,1,2,14706
21378,5282,1,1,-1,6573
21378,5514,1,1,-1,249766
21378,5537,1,1,1,5992
21378,5549,1,1,2,47619
21378,8732,1,1,200,4292
21378,8742,1,1,200,245
21378,8752,1,1,200,123
21378,11973,1,1,1,613
21379,57,4995,10193,0,700000
21379,960,1,1,2,210
21379,1344,40,120,2,111111
21379,1864,5,15,2,71429
21379,1865,3,9,2,58824
21379,1866,3,9,2,38462
21379,1868,12,36,2,32258
21379,1873,1,1,2,166667
21379,5515,1,1,-1,209654
21379,5522,1,1,-1,42275
21379,5522,1,1,1,3122
21379,5523,1,1,1,3122
21379,6901,1,1,-1,12414
21379,8732,1,1,200,2020
21379,8742,1,1,200,782
21379,12262,1,1,1,18
21379,12263,1,1,1,18
21380,57,5093,10393,0,700000
21380,959,1,1,2,25
21380,1808,1,1,-1,5625
21380,1867,1,3,2,166667
21380,1869,2,6,2,111111
21380,1870,2,6,2,76923
21380,1871,3,9,2,47619
21380,1872,7,21,2,43478
21380,5481,1,1,-1,56792
21380,5523,1,1,-1,43102
21380,5533,1,1,1,2565
21380,5544,1,1,1,2562
21380,8342,1,1,1,1828
21380,8349,1,1,1,914
21380,8732,1,1,200,3521
21380,11966,1,1,1,7
21380,11969,1,1,1,7
21380,11970,1,1,1,7
21380,11974,1,1,1,7
21381,57,5566,11364,0,700000
21381,960,1,1,2,318
21381,1344,40,120,2,142857
21381,1867,5,15,2,55556
21381,1872,1,3,2,200000
21381,1882,1,1,2,90909
21381,1894,1,1,2,16949
21381,3957,1,1,-1,6149
21381,4042,1,1,2,7634
21381,5157,1,1,-1,6149
21381,5495,1,1,-1,210102
21381,5541,1,1,1,5604
21381,8732,1,1,200,2865
21381,8742,1,1,200,1274
21381,11976,1,1,1,318
21382,57,5929,12104,0,700000
21382,959,1,1,2,29
21382,1868,3,9,2,166667
21382,1873,1,1,2,200000
21382,1889,1,1,-1,491264
21382,1889,1,1,2,32258
21382,4044,1,1,2,16667
21382,5480,1,1,1,4885
21382,5481,1,1,1,4885
21382,5502,1,1,-1,248909
21382,5549,1,3,-1,736897
21382,5549,1,1,2,50000
21382,8732,1,1,200,4464
21382,8742,1,1,200,835
21382,8752,1,1,200,84
21382,12258,1,1,1,627
21382,12265,1,1,1,710
21383,57,6337,12938,0,700000
21383,960,1,1,2,253
21383,1344,40,120,2,142857
21383,1864,5,15,2,90909
21383,1865,3,9,2,76923
21383,1866,3,9,2,45455
21383,1868,12,36,2,37037
21383,1873,4,12,2,20000
21383,5162,1,1,-1,7001
21383,5503,1,1,-1,266055
21383,5514,1,1,-1,266055
21383,5522,1,1,1,3962
21383,5523,1,1,1,3962
21383,8732,1,1,200,4386
21383,8742,1,1,200,760
21383,12262,1,1,1,422
21383,12263,1,1,1,591
21384,57,5890,12060,0,700000
21384,959,1,1,2,51
21384,1867,1,3,2,200000
21384,1872,4,12,2,83333
21384,1875,1,1,-1,488972
21384,1875,1,1,2,32258
21384,1881,1,1,2,66667
21384,4041,1,1,-1,127558
21384,4041,1,1,2,4202
21384,5480,1,1,1,4862
21384,5481,1,1,1,4862
21384,5533,1,1,-1,40237
21384,8732,1,1,200,3817
21384,8742,1,1,200,1067
21384,8752,1,1,200,153
21384,12258,1,1,1,559
21384,12265,1,1,1,712
21385,57,5571,11407,0,700000
21385,960,1,1,2,235
21385,1344,150,450,2,35714
21385,1868,4,12,2,100000
21385,1873,3,9,2,34483
21385,1876,1,1,2,66667
21385,1895,1,1,2,125000
21385,4042,1,1,2,3937
21385,5272,1,1,-1,6166
21385,5277,1,1,-1,6166
21385,5522,1,1,1,3490
21385,5523,1,1,1,3490
21385,5534,1,1,-1,38091
21385,8732,1,1,200,3937
21385,8742,1,1,200,1311
21385,12262,1,1,1,1311
21385,12263,1,1,1,1311
21386,57,5749,11773,0,700000
21386,959,1,1,2,29
21386,1866,1,3,2,100000
21386,1871,1,3,2,250000
21386,1877,1,1,-1,572799
21386,1877,1,1,2,27027
21386,4040,1,1,2,5682
21386,4041,1,1,-1,124522
21386,4041,1,1,2,2833
21386,5487,1,1,1,4763
21386,5488,1,1,1,4763
21386,5537,1,1,-1,39287
21386,8732,1,1,200,5682
21386,8752,1,1,200,1416
21386,12259,1,1,1,1416
21386,12266,1,1,1,1416
21387,57,5163,10575,0,700000
21387,959,1,1,2,25
21387,1868,3,9,2,142857
21387,1873,2,6,2,47629
21387,1876,1,1,2,90909
21387,1895,1,7,-1,918637
21387,1895,1,1,2,125000
21387,4042,1,1,-1,214349
21387,4042,1,1,2,9009
21387,5522,1,1,-1,43798
21387,6342,1,1,1,14343
21387,6344,1,1,1,9282
21387,6346,1,1,1,20614
21387,8732,1,1,200,3610
21387,8742,1,1,200,1355
21387,12350,1,1,1,1355
21387,12351,1,1,1,1355
21387,12352,1,1,1,3610
21388,57,7810,15997,0,700000
21388,960,1,1,2,329
21388,1344,40,120,2,200000
21388,1808,1,1,-1,8647
21388,1867,9,27,2,45455
21388,1872,5,15,2,83333
21388,1875,1,1,2,43478
21388,1881,1,1,2,76923
21388,4041,1,1,2,1309
21388,5502,1,1,1,12131
21388,5503,1,1,1,12131
21388,5514,1,1,1,12131
21388,5515,1,1,1,12131
21388,5523,1,1,-1,66254
21388,5527,1,1,-1,232602
21388,8732,1,1,200,3922
21388,8742,1,1,200,1309
21388,12257,1,1,1,327
21388,12260,1,1,1,327
21388,12264,1,1,1,327
21388,12267,1,1,1,327
21389,57,7149,14591,0,700000
21389,959,1,1,-1,711
21389,959,1,1,2,36
21389,1864,4,12,2,142857
21389,1865,2,6,2,125000
21389,1866,3,9,2,58824
21389,1868,10,30,2,50000
21389,1873,4,12,2,23256
21389,5529,1,1,1,2400
21389,5545,1,1,1,2400
21389,5546,1,1,1,2636
21389,6690,1,1,-1,38470
21389,6691,1,1,-1,38397
21389,8732,1,1,200,1437
21389,8742,1,1,200,1437
21389,11964,1,1,1,371
21389,11968,1,1,1,371
21389,11971,1,1,1,371
21390,57,8333,17007,0,700000
21390,960,1,1,2,350
21390,1344,40,120,2,200000
21390,1867,9,27,2,40000
21390,1872,5,15,2,90909
21390,1875,1,1,2,37037
21390,1881,1,1,2,71429
21390,4041,1,1,2,3876
21390,6342,1,1,1,23097
21390,6344,1,1,1,14947
21390,6346,1,1,1,33196
21390,6701,1,1,-1,110268
21390,6702,1,1,-1,141944
21390,6703,1,1,-1,294882
21390,8732,1,1,200,4367
21390,8742,1,1,200,485
21390,12350,1,1,1,970
21390,12351,1,1,1,2907
21390,12352,1,1,1,3876
21391,57,6703,13681,0,700000
21391,960,1,1,2,208
21391,1344,40,120,2,166667
21391,1867,13,39,2,22222
21391,1869,2,6,2,100000
21391,1870,3,9,2,76923
21391,1871,3,9,2,76923
21391,1872,8,24,2,37037
21391,5533,1,1,1,3375
21391,5544,1,1,1,3372
21391,6695,1,1,-1,35325
21391,6696,1,1,-1,36575
21391,6697,1,1,-1,35325
21391,8342,1,1,1,2024
21391,8349,1,1,1,505
21391,8732,1,1,200,3745
21391,8742,1,1,200,624
21391,11966,1,1,1,156
21391,11969,1,1,1,156
21391,11970,1,1,1,156
21391,11974,1,1,1,156
21392,57,8265,16868,0,700000
21392,959,1,1,-1,822
21392,959,1,1,2,41
21392,1868,3,9,2,250000
21392,1873,2,6,2,62500
21392,1889,1,1,2,50000
21392,4044,1,1,-1,684717
21392,4044,1,1,2,25641
21392,5502,1,1,1,12809
21392,5503,1,1,1,12809
21392,5514,1,1,1,12809
21392,5515,1,1,1,12809
21392,5549,1,3,-1,684717
21392,5549,1,1,2,66667
21392,8732,1,1,200,7874
21392,8742,1,1,200,1053
21392,8752,1,1,200,175
21392,12257,1,1,1,2105
21392,12260,1,1,1,1053
21392,12264,1,1,1,2457
21392,12267,1,1,1,1754
21393,57,7443,15195,0,700000
21393,959,1,1,-1,740
21393,959,1,1,2,111
21393,1866,1,3,2,142857
21393,1871,1,3,2,333333
21393,1877,1,1,-1,740087
21393,1877,1,1,2,25641
21393,4040,1,1,2,12658
21393,4041,1,1,-1,160889
21393,4041,1,1,2,5208
21393,5541,1,1,1,7494
21393,8732,1,1,200,4854
21393,8742,1,1,200,1106
21393,8752,1,1,200,111
21393,11976,1,1,1,664
21394,57,5623,11476,0,700000
21394,960,1,1,2,276
21394,1344,20,60,2,333333
21394,1808,1,1,-1,6211
21394,1894,1,1,2,18182
21394,3036,1,1,-1,6211
21394,4039,1,1,2,21739
21394,4041,1,1,2,9091
21394,4044,1,1,2,10870
21394,5527,1,1,-1,167086
21394,5538,1,1,1,5662
21394,8732,1,1,200,1495
21394,8742,1,1,200,1495
21394,11967,1,1,1,187
21395,57,7372,15047,0,700000
21395,959,1,1,2,44
21395,960,1,1,-1,7328
21395,1894,1,1,-1,642786
21395,1894,1,1,2,22222
21395,4039,1,1,-1,610647
21395,4039,1,1,2,19608
21395,4041,1,1,2,4167
21395,4044,1,1,2,26316
21395,5538,1,1,1,7422
21395,8732,1,1,200,11111
21395,8742,1,1,200,2786
21395,11967,1,1,1,21
21396,57,3069,6264,0,700000
21396,1866,1,1,2,250293
21396,1871,1,3,2,187720
21396,1877,1,1,2,15018
21396,3036,1,1,-1,3389
21396,4040,1,1,-1,152522
21396,4040,1,1,2,7509
21396,4041,1,1,2,3265
21396,5157,1,1,2,167
21396,5532,1,1,1,1899
21396,5543,1,1,1,1917
21396,6342,1,1,-1,172751
21396,11946,1,1,1,7
21396,11949,1,1,1,7
21396,11953,1,1,1,7
21396,11958,1,1,1,7
21397,57,2992,6106,0,700000
21397,1866,1,1,2,142857
21397,1871,1,1,2,250000
21397,1877,1,1,2,10989
21397,3036,1,1,-1,3304
21397,4040,1,1,-1,148684
21397,4040,1,1,2,2577
21397,4041,1,1,2,368
21397,5157,1,1,2,368
21397,5532,1,1,1,1851
21397,5543,1,1,1,1869
21397,6342,1,1,-1,168404
21397,8341,1,1,1,938
21397,8732,1,1,200,2577
21397,11946,1,1,1,92
21397,11949,1,1,1,92
21397,11953,1,1,1,92
21397,11958,1,1,1,92
21398,57,5681,11595,0,700000
21398,1895,1,1,2,142857
21398,4040,1,1,2,10989
21398,4042,1,1,2,8333
21398,4043,1,1,2,16949
21398,5157,1,1,-1,6274
21398,5167,1,1,2,232
21398,5480,1,1,-1,63343
21398,5542,1,1,1,7032
21398,6346,1,2,-1,459587
21398,8732,1,1,200,4950
21398,8742,1,1,200,1239
21398,11960,1,1,1,465
21399,57,4986,10175,0,700000
21399,1895,1,1,2,125000
21399,4040,1,1,2,5102
21399,4042,1,1,2,4484
21399,4043,1,1,2,12500
21399,5157,1,1,-1,5506
21399,5167,1,1,2,1279
21399,5480,1,1,-1,55588
21399,5542,1,1,1,6172
21399,6346,1,1,-1,403326
21399,8732,1,1,200,6410
21399,8742,1,1,200,320
21399,8752,1,1,200,320
21399,11960,1,1,1,639
21400,57,4652,9494,0,700000
21400,959,1,1,2,23
21400,1868,3,9,2,142857
21400,1873,1,1,2,166667
21400,1876,1,5,-1,770779
21400,1876,1,1,2,83333
21400,1895,1,1,2,100000
21400,4042,1,1,-1,192695
21400,4042,1,1,2,6061
21400,5528,1,1,-1,138232
21400,5541,1,1,1,4683
21400,8732,1,1,200,4717
21400,8742,1,1,200,225
21400,8752,1,1,200,225
21400,11976,1,1,1,450
21401,57,4094,8354,0,700000
21401,959,1,1,2,21
21401,1868,3,9,2,111111
21401,1873,1,1,2,142857
21401,1876,1,5,-1,678250
21401,1876,1,1,2,100172
21401,1895,1,1,2,100000
21401,4042,1,1,-1,169563
21401,4042,1,1,2,8348
21401,5528,1,1,-1,121637
21401,5541,1,1,1,4121
21401,11976,1,1,1,12
21402,57,4224,8620,0,700000
21402,959,1,1,2,21
21402,1868,3,9,2,125000
21402,1873,1,1,2,142857
21402,1889,1,1,2,20000
21402,4044,1,1,-1,349920
21402,4044,1,1,2,10753
21402,5157,1,1,-1,4666
21402,5534,1,1,-1,28820
21402,5534,1,1,1,4257
21402,5549,1,1,2,30303
21402,8732,1,1,200,1080
21402,8742,1,1,200,360
21402,11975,1,1,1,360
21403,57,4875,9950,0,700000
21403,959,1,1,2,24
21403,1868,3,9,2,125000
21403,1873,1,1,2,166667
21403,1889,1,1,2,29412
21403,4044,1,1,-1,403892
21403,4044,1,1,2,11628
21403,5157,1,1,-1,5385
21403,5534,1,1,-1,33265
21403,5534,1,1,1,4913
21403,5549,1,1,2,38462
21403,8732,1,1,200,2415
21403,8742,1,1,200,805
21403,8752,1,1,200,147
21403,11975,1,1,1,101
21404,57,5642,11518,0,700000
21404,959,1,1,2,28
21404,1867,12,36,2,31250
21404,1869,2,6,2,125000
21404,1870,2,6,2,90909
21404,1871,3,9,2,100000
21404,1872,7,21,2,50000
21404,5167,1,1,-1,6233
21404,5487,1,1,1,4665
21404,5488,1,1,1,4665
21404,5515,1,1,-1,236857
21404,6901,1,1,-1,14024
21404,8732,1,1,200,5000
21404,8742,1,1,200,385
21404,12259,1,1,1,962
21404,12266,1,1,1,962
21405,57,4031,8230,0,700000
21405,959,1,1,2,970
21405,1867,1,3,2,125000
21405,1869,2,6,2,90909
21405,1870,2,6,2,83333
21405,1871,3,9,2,66667
21405,1872,7,21,2,27778
21405,5167,1,1,-1,4454
21405,5487,1,1,1,3333
21405,5488,1,1,1,3333
21405,5515,1,1,-1,169243
21405,6901,1,1,-1,10021
21405,8732,1,1,200,3636
21405,8742,1,1,200,970
21405,12259,1,1,1,121
21405,12266,1,1,1,121
21406,57,5491,11210,0,700000
21406,959,1,1,2,27
21406,1868,3,9,2,166667
21406,1873,2,6,2,47619
21406,1876,1,1,2,83333
21406,1895,1,1,2,142857
21406,4042,1,1,2,10204
21406,5277,1,1,-1,6066
21406,5502,1,1,1,8511
21406,5503,1,1,1,8511
21406,5514,1,1,1,8511
21406,5515,1,1,1,8511
21406,5523,1,1,-1,46482
21406,5527,1,2,-1,163187
21406,8732,1,1,200,4608
21406,8742,1,1,200,470
21406,12257,1,1,1,989
21406,12260,1,1,1,1647
21406,12264,1,1,1,989
21406,12267,1,1,1,1647
21407,57,3520,7185,0,700000
21407,959,1,1,2,63
21407,1868,3,9,2,90909
21407,1873,1,1,2,111111
21407,1876,1,1,2,58824
21407,1895,1,1,2,90909
21407,4042,1,1,2,5714
21407,5277,1,1,-1,3888
21407,5502,1,1,1,5456
21407,5503,1,1,1,5456
21407,5514,1,1,1,5456
21407,5515,1,1,1,5456
21407,5523,1,1,-1,29795
21407,5527,1,1,-1,104602
21407,8732,1,1,200,3623
21407,8742,1,1,200,571
21407,12257,1,1,1,1269
21407,12260,1,1,1,825
21407,12264,1,1,1,1333
21407,12267,1,1,1,1143
21408,57,5188,10592,0,700000
21408,959,1,1,2,25
21408,1868,3,9,2,142857
21408,1873,1,1,2,200000
21408,1889,1,1,2,26316
21408,4044,1,1,2,13158
21408,5282,1,1,-1,5732
21408,5529,1,1,-1,35381
21408,5529,1,1,1,1743
21408,5545,1,1,1,1743
21408,5546,1,1,1,1914
21408,5549,1,1,2,45455
21408,6901,1,1,-1,12896
21408,8732,1,1,200,5525
21408,8742,1,1,200,346
21408,8752,1,1,200,115
21408,11964,1,1,1,231
21408,11968,1,1,1,231
21408,11971,1,1,1,231
21409,57,5802,11844,0,700000
21409,959,1,1,2,28
21409,1868,3,9,2,166667
21409,1873,1,1,2,200000
21409,1889,1,1,2,27027
21409,4044,1,1,2,16393
21409,5282,1,1,-1,6410
21409,5529,1,1,-1,39565
21409,5529,1,1,1,1949
21409,5545,1,1,1,1949
21409,5546,1,1,1,2140
21409,5549,1,1,2,40000
21409,6901,1,1,-1,14422
21409,8732,1,1,200,4237
21409,8742,1,1,200,943
21409,8752,1,1,200,236
21409,11964,1,1,1,354
21409,11968,1,1,1,354
21409,11971,1,1,1,354
21410,57,5247,10744,0,700000
21410,960,1,1,2,192
21410,1344,40,120,2,125000
21410,1867,5,15,2,50000
21410,1872,1,3,2,100000
21410,1882,1,1,2,76923
21410,1894,1,1,2,16949
21410,4042,1,1,2,7299
21410,5282,1,1,-1,5808
21410,5538,1,1,-1,35845
21410,5541,1,1,-1,35838
21410,6342,1,1,1,14574
21410,6344,1,1,1,9432
21410,6346,1,1,1,20946
21410,8732,1,1,200,3067
21410,8742,1,1,200,958
21410,12350,1,1,1,1340
21410,12351,1,1,1,3831
21410,12352,1,1,1,2105
21411,57,4277,8758,0,700000
21411,960,1,1,2,180
21411,1344,40,120,2,100000
21411,1867,5,15,2,40000
21411,1872,1,3,2,142857
21411,1882,1,1,2,76923
21411,1894,1,1,2,10417
21411,4042,1,1,2,4878
21411,5282,1,1,-1,4735
21411,5538,1,1,-1,29220
21411,5541,1,1,-1,29214
21411,6342,1,1,1,11880
21411,6344,1,1,1,7688
21411,6346,1,1,1,17074
21411,8732,1,1,200,3279
21411,8742,1,1,200,375
21411,8752,1,1,200,81
21411,12350,1,1,1,1404
21411,12351,1,1,1,1686
21411,12352,1,1,1,1404
21412,57,6826,13977,0,700000
21412,960,1,1,2,287
21412,1344,150,450,2,43478
21412,1808,1,1,-1,7556
21412,1868,4,12,2,125000
21412,1873,3,9,2,23810
21412,1876,1,5,-1,850033
21412,1876,1,1,2,111111
21412,1895,1,1,2,166667
21412,4042,1,1,2,11236
21412,5495,1,1,1,12709
21412,5527,1,1,1,10007
21412,5528,1,1,1,10007
21412,5545,1,1,-1,46641
21412,8732,1,1,200,2959
21412,8742,1,1,200,592
21412,12261,1,1,1,2364
21412,12268,1,1,1,1776
21412,12269,1,1,1,1183
21413,57,5249,10748,0,700000
21413,960,1,1,2,221
21413,1344,150,450,2,28571
21413,1808,1,1,-1,5810
21413,1868,4,12,2,90909
21413,1873,1,1,2,142857
21413,1876,1,5,-1,871537
21413,1876,1,1,2,66667
21413,1895,1,1,2,125000
21413,4042,1,1,2,7874
21413,5495,1,1,1,9773
21413,5527,1,1,1,7695
21413,5528,1,1,1,7695
21413,5545,1,1,-1,35866
21413,8732,1,1,200,1692
21413,8742,1,1,200,1692
21413,12261,1,1,1,1692
21413,12268,1,1,1,1692
21413,12269,1,1,1,1692
21414,57,5101,10446,0,700000
21414,960,1,1,2,128
21414,1344,20,60,2,250000
21414,1866,2,6,2,66667
21414,1871,1,3,2,125000
21414,1877,1,1,-1,508201
21414,1877,1,1,2,14085
21414,4040,1,1,-1,254101
21414,4040,1,1,2,7299
21414,4041,1,1,2,3448
21414,5533,1,1,1,2574
21414,5544,1,1,1,2572
21414,6344,1,1,-1,186250
21414,8342,1,1,1,1818
21414,8349,1,1,1,605
21414,8732,1,1,200,3257
21414,8742,1,1,200,512
21414,8752,1,1,200,64
21414,11966,1,1,1,32
21414,11969,1,1,1,32
21414,11970,1,1,1,32
21414,11974,1,1,1,32
21415,57,5146,10537,0,700000
21415,960,1,1,2,315
21415,1344,20,60,2,250000
21415,1866,2,6,2,58824
21415,1871,1,3,2,111111
21415,1877,1,2,-1,512669
21415,1877,1,1,2,17241
21415,4040,1,1,-1,256334
21415,4040,1,1,2,9804
21415,4041,1,1,2,3460
21415,5533,1,1,1,2597
21415,5544,1,1,1,2595
21415,6344,1,1,-1,187887
21415,8342,1,1,1,1818
21415,8349,1,1,1,605
21415,8732,1,1,200,1887
21415,11966,1,1,1,77
21415,11969,1,1,1,77
21415,11970,1,1,1,77
21415,11974,1,1,1,77
21416,57,5276,10804,0,700000
21416,960,1,1,2,222
21416,1344,100,300,2,52632
21416,1866,2,6,2,100000
21416,1871,1,3,2,111111
21416,1885,1,3,-1,547540
21416,1885,1,1,2,47619
21416,4041,1,1,-1,114269
21416,4041,1,1,2,4822
21416,5220,1,1,2,9346
21416,5480,1,1,-1,58966
21416,5534,1,1,1,5328
21416,8732,1,1,200,1408
21416,8752,1,1,200,469
21416,11975,1,1,1,15
21417,57,8221,16836,0,700000
21417,960,1,1,2,346
21417,1344,100,300,2,108012
21417,1866,2,6,2,144016
21417,1871,1,3,2,250000
21417,1885,1,3,-1,853217
21417,1885,1,1,2,72008
21417,4041,1,1,-1,178063
21417,4041,1,1,2,7514
21417,5220,1,1,2,34564
21417,5480,1,1,-1,91886
21417,5534,1,1,1,8303
21417,11975,1,1,1,23
21418,57,4369,8949,0,700000
21418,959,1,1,2,22
21418,1868,3,9,2,125000
21418,1873,1,1,2,142857
21418,1889,1,1,2,23810
21418,3036,1,1,-1,4837
21418,4044,1,1,-1,362779
21418,4044,1,1,2,12346
21418,5495,1,1,1,8136
21418,5527,1,1,1,6406
21418,5528,1,2,-1,130122
21418,5528,1,1,1,6406
21418,5549,1,1,2,38462
21418,8732,1,1,200,2874
21418,8742,1,1,200,941
21418,8752,1,1,200,157
21418,12261,1,1,1,627
21418,12268,1,1,1,1724
21418,12269,1,1,1,575
21419,57,4450,9114,0,700000
21419,959,1,1,2,22
21419,1868,3,9,2,181891
21419,1873,2,6,2,54568
21419,1889,1,1,2,36379
21419,3036,1,1,-1,4926
21419,4044,1,1,-1,369466
21419,4044,1,1,2,18189
21419,5495,1,1,1,8286
21419,5527,1,1,1,6524
21419,5528,1,1,-1,132520
21419,5528,1,1,1,6524
21419,5549,1,1,2,54568
21419,12261,1,1,1,42
21419,12268,1,1,1,59
21419,12269,1,1,1,42
21420,57,5438,11138,0,700000
21420,959,1,1,2,27
21420,1868,3,9,2,142587
21420,1873,2,6,2,47619
21420,1876,1,1,2,90909
21420,1895,1,1,2,125000
21420,4042,1,1,2,8403
21420,5157,1,1,-1,6020
21420,5533,1,1,-1,37153
21420,5533,1,1,1,2744
21420,5534,1,1,-1,37186
21420,5544,1,1,1,2742
21420,8342,1,1,1,1639
21420,8349,1,1,1,1474
21420,8732,1,1,200,2410
21420,8742,1,1,200,602
21420,11966,1,1,1,151
21420,11969,1,1,1,151
21420,11970,1,1,1,151
21420,11974,1,1,1,151
21421,57,5104,10455,0,700000
21421,959,1,1,2,25
21421,1868,3,9,2,125000
21421,1873,2,6,2,45455
21421,1876,1,1,2,83333
21421,1895,1,1,2,111111
21421,4042,1,1,2,9091
21421,5157,1,1,-1,5651
21421,5533,1,1,-1,34876
21421,5533,1,1,1,2576
21421,5534,1,1,-1,34907
21421,5544,1,1,1,2574
21421,8342,1,1,1,1375
21421,8349,1,1,1,1547
21421,8732,1,1,200,5435
21421,8742,1,1,200,1209
21421,11966,1,1,1,114
21421,11969,1,1,1,114
21421,11970,1,1,1,114
21421,11974,1,1,1,114
21422,57,5855,11994,0,700000
21422,959,1,1,2,29
21422,1867,4,12,2,83333
21422,1872,1,3,2,200000
21422,1882,1,1,2,111111
21422,1894,1,1,2,17241
21422,4042,1,1,2,7634
21422,5162,1,1,-1,6483
21422,5167,1,1,-1,6483
21422,5534,1,1,1,5915
21422,5538,1,1,-1,40009
21422,8732,1,1,200,4975
21422,8742,1,1,200,1178
21422,8752,1,1,200,214
21422,11975,1,1,1,643
21423,57,6207,12714,0,700000
21423,959,1,1,2,31
21423,1867,4,12,2,83333
21423,1872,1,3,2,250000
21423,1882,1,1,2,111111
21423,1894,1,1,2,15625
21423,4042,1,1,2,9434
21423,5162,1,1,-1,6872
21423,5167,1,1,-1,6872
21423,5534,1,1,1,6270
21423,5538,1,1,-1,42413
21423,8732,1,1,200,4405
21423,8742,1,1,200,1214
21423,8752,1,1,200,110
21423,11975,1,1,1,276
21424,57,7867,16114,0,700000
21424,959,1,1,2,34
21424,1868,15,45,2,40000
21424,1873,2,6,2,55556
21424,1876,1,1,2,111111
21424,1895,1,1,2,166667
21424,4042,1,1,2,10638
21424,5272,1,1,-1,8710
21424,5541,1,1,1,7937
21424,5544,1,1,-1,53702
21424,5545,1,1,-1,53765
21424,6672,1,1,2,47619
21424,8732,1,1,200,4444
21424,8742,1,1,200,871
21424,8752,1,1,200,44
21424,11976,1,1,1,392
21425,57,7999,16385,0,700000
21425,959,1,1,2,130
21425,1868,15,45,2,43478
21425,1873,2,6,2,66667
21425,1876,1,1,2,125000
21425,1895,1,1,2,200000
21425,4042,1,1,2,11765
21425,5272,1,1,-1,8856
21425,5541,1,1,1,8071
21425,5544,1,1,-1,54603
21425,5545,1,1,-1,54667
21425,8732,1,1,200,5291
21425,8742,1,1,200,1689
21425,8752,1,1,200,43
21425,11976,1,1,1,303
21426,57,7369,15040,0,700000
21426,960,1,1,2,194
21426,1344,150,450,2,45455
21426,1868,4,12,2,142857
21426,1873,3,9,2,37037
21426,1876,1,1,2,111111
21426,1895,3,9,2,20000
21426,4042,1,1,2,10526
21426,5534,1,1,1,7425
21426,6698,1,2,-1,359685
21426,6699,1,1,-1,399119
21426,6700,1,1,-1,219221
21426,8732,1,1,200,5376
21426,8742,1,1,200,1488
21426,8752,1,1,200,129
21426,11975,1,1,1,518
21427,57,5017,10240,0,700000
21427,960,1,1,2,164
21427,1344,150,450,2,32258
21427,1868,4,12,2,90909
21427,1873,1,1,2,142857
21427,1876,1,1,2,71429
21427,1895,1,1,2,111111
21427,4042,1,1,2,5556
21427,5534,1,1,1,5056
21427,6698,1,1,-1,244891
21427,6699,1,1,-1,271740
21427,6700,1,1,-1,149257
21427,8732,1,1,200,2451
21427,8742,1,1,200,1391
21427,8752,1,1,200,164
21427,11975,1,1,1,327
21428,57,5187,10587,0,700000
21428,960,1,1,2,126
21428,1344,30,90,2,166667
21428,1868,4,12,2,100000
21428,1873,1,1,2,166667
21428,1889,1,1,2,25000
21428,4044,1,1,2,12500
21428,5537,1,1,1,5223
21428,5549,1,1,2,43478
21428,6701,1,1,-1,68629
21428,6702,1,1,-1,88343
21428,6703,1,1,-1,183529
21428,8732,1,1,200,3401
21428,8742,1,1,200,1261
21428,8752,1,1,200,126
21428,11973,1,1,1,630
21429,57,5417,11055,0,700000
21429,960,1,1,2,170
21429,1344,150,450,2,34483
21429,1868,4,12,2,111111
21429,1873,1,1,2,166667
21429,1889,1,1,2,24390
21429,4044,1,1,2,10870
21429,5537,1,1,1,5454
21429,5549,1,1,2,41667
21429,6701,1,1,-1,71661
21429,6702,1,1,-1,92247
21429,6703,1,1,-1,191638
21429,8732,1,1,200,3559
21429,8742,1,1,200,339
21429,11973,1,1,1,678
21430,57,7481,15268,0,700000
21430,960,1,1,2,431
21430,1344,150,450,2,43478
21430,1868,4,12,2,142857
21430,1873,3,9,2,38462
21430,1876,1,1,2,111111
21430,1895,3,9,2,23810
21430,4042,1,1,2,8621
21430,5480,1,1,1,6161
21430,5481,1,1,1,6161
21430,6704,1,1,-1,264663
21430,6705,1,1,-1,259237
21430,6706,1,1,-1,301543
21430,8732,1,1,200,4310
21430,8742,1,1,200,1439
21430,8752,1,1,200,144
21430,12258,1,1,1,1007
21430,12265,1,1,1,431
21431,57,6381,13023,0,700000
21431,960,1,1,2,268
21431,1344,150,450,2,34483
21431,1868,4,12,2,125000
21431,1873,3,9,2,33333
21431,1876,1,1,2,111111
21431,1895,1,1,2,142857
21431,4042,1,1,2,5051
21431,5480,1,1,1,5255
21431,5481,1,1,1,5255
21431,6704,1,1,-1,225750
21431,6705,1,1,-1,221122
21431,6706,1,1,-1,257207
21431,8732,1,1,200,4386
21431,8742,1,1,200,674
21431,8752,1,1,200,337
21431,12258,1,1,1,674
21431,12265,1,1,1,674
21432,57,8447,17245,0,700000
21432,959,1,1,2,42
21432,1808,1,1,-1,9332
21432,1868,15,45,2,68916
21432,1873,2,6,2,103374
21432,1876,1,1,2,206747
21432,1895,3,9,2,49226
21432,4042,1,1,2,17229
21432,5534,1,1,-1,57647
21432,5537,1,1,-1,57607
21432,5538,1,1,1,8508
21432,11967,1,1,1,23
21433,57,8184,16701,0,700000
21433,959,1,1,2,41
21433,1868,15,45,2,66754
21433,1873,2,6,2,100130
21433,1876,1,1,2,200259
21433,1895,3,9,2,47681
21433,4042,1,1,2,16689
21433,5167,1,1,-1,9039
21433,5522,1,1,1,5115
21433,5523,1,1,1,5115
21433,5538,1,1,-1,55789
21433,5541,1,1,-1,55777
21433,12262,1,1,1,30
21433,12263,1,1,1,30
21434,57,15536,31822,0,700000
21434,959,1,1,2,77
21434,1866,7,21,2,66667
21434,1871,4,12,2,166667
21434,1877,1,3,-1,773988
21434,1877,1,1,2,50000
21434,4040,1,1,2,32258
21434,4041,1,1,2,9259
21434,5282,1,1,-1,17200
21434,5480,1,1,1,12826
21434,5481,1,1,1,12826
21434,6342,1,1,-1,876643
21434,8732,1,1,200,10638
21434,8742,1,1,200,2660
21434,12258,1,1,1,405
21434,12265,1,1,1,405
21435,57,10088,20595,0,700000
21435,960,1,1,2,2639
21435,1344,100,300,2,111111
21435,1866,2,6,2,100000
21435,1871,9,27,2,40000
21435,1877,1,1,-1,501519
21435,1877,1,1,1,38462
21435,3036,1,1,-1,11145
21435,4040,1,1,2,17241
21435,4041,1,1,2,6623
21435,5534,1,1,1,10168
21435,5538,1,1,-1,68782
21435,8732,1,1,200,3968
21435,8742,1,1,200,2639
21435,11975,1,1,1,28
21436,57,10464,21364,0,700000
21436,959,1,1,2,51
21436,1867,4,12,2,142857
21436,1872,7,21,2,83333
21436,1882,1,1,2,200000
21436,1894,1,1,-1,912701
21436,1894,1,1,2,30303
21436,3957,1,1,-1,11561
21436,4042,1,1,2,17241
21436,5537,1,1,1,10539
21436,5541,1,1,-1,71335
21436,8732,1,1,200,6757
21436,8742,1,1,200,1350
21436,11973,1,1,1,337
21437,57,4216,8604,0,700000
21437,960,1,1,2,177
21437,1344,100,300,2,55269
21437,1866,2,6,2,73692
21437,1871,1,3,2,147384
21437,1877,1,1,-1,419120
21437,1877,1,1,2,17686
21437,4040,1,1,2,8843
21437,4041,1,1,-1,91113
21437,4041,1,1,2,3845
21437,5533,1,1,1,2123
21437,5544,1,1,-1,28712
21437,5544,1,1,1,2121
21437,11970,1,1,1,6
21437,11974,1,1,1,6
21438,57,270,442,0,700000
21438,729,1,1,2,3
21438,1868,1,1,2,49524
21438,1873,1,1,2,9905
21438,1876,1,1,2,4953
21438,1895,1,1,2,7075
21438,4042,1,1,2,413
21438,4077,1,1,-1,22626
21438,4078,1,1,-1,7347
21438,4114,1,1,1,325
21438,6333,1,1,-1,5775
21438,11930,1,1,1,2
21439,57,255,464,0,700000
21439,1343,10,30,2,31340
21439,1864,1,1,2,43875
21439,1865,1,1,2,21938
21439,1866,1,1,2,14625
21439,1868,1,1,2,43875
21439,1873,1,1,2,8776
21439,4115,1,1,1,335
21439,4116,1,1,-1,2272
21439,4117,1,1,-1,2272
21439,5276,1,1,-1,693
21439,5456,1,1,2,9
21439,11932,1,1,1,2
21440,57,283,529,0,700000
21440,1343,10,30,2,34398
21440,1865,1,1,2,24079
21440,1870,1,1,2,24079
21440,1875,1,1,-1,38040
21440,1875,1,1,2,1606
21440,1879,1,1,2,4014
21440,4040,1,1,-1,11412
21440,4040,1,1,2,482
21440,4084,1,1,1,366
21440,4085,1,1,1,366
21440,4086,1,1,1,495
21440,4087,1,1,1,495
21440,4099,1,1,-1,25616
21440,6335,1,1,2,93
21440,12192,1,1,1,2
21440,12201,1,1,1,2
21440,12203,1,1,1,3
21440,12205,1,1,1,3
21441,57,274,511,0,700000
21441,729,1,1,-1,62
21441,1343,10,30,2,33454
21441,1865,1,1,2,23418
21441,1870,1,1,2,23418
21441,1874,1,1,2,1562
21441,4039,1,1,2,781
21441,4043,1,1,2,781
21441,5442,1,1,2,9
21441,5448,1,1,-1,206
21441,5494,1,1,-1,11655
21441,5532,1,1,1,139
21441,5543,1,1,1,140
21441,11946,1,1,1,1
21441,11949,1,1,1,1
21442,57,284,553,0,700000
21442,729,1,1,-1,64
21442,1343,10,30,2,34529
21442,1865,1,1,2,24171
21442,1870,1,1,2,24171
21442,1874,1,1,2,1612
21442,4039,1,1,2,806
21442,4043,1,1,2,806
21442,5448,1,1,-1,212
21442,5450,1,1,2,9
21442,5532,1,1,1,143
21442,5543,1,1,1,144
21442,6341,1,1,-1,15842
21442,11946,1,1,1,1
21442,11949,1,1,1,1
21443,57,1140,2308,0,700000
21443,1343,10,30,2,100000
21443,1867,1,1,2,90909
21443,1872,1,1,2,90909
21443,1875,1,1,2,4831
21443,1881,1,1,2,10101
21443,3956,1,1,-1,3132
21443,4041,1,1,2,1261
21443,4077,1,1,-1,105674
21443,4078,1,1,-1,34314
21443,4078,1,1,1,1690
21443,4080,1,1,1,2380
21443,4081,1,1,1,1140
21443,5156,1,1,2,210
21443,8729,1,1,200,1261
21443,8739,1,1,200,420
21443,12184,1,1,1,88
21443,12193,1,1,1,210
21443,12204,1,1,1,140
21444,57,958,1940,0,700000
21444,1343,10,30,2,83333
21444,1867,1,1,2,83333
21444,1872,1,1,2,90909
21444,1875,1,1,2,3953
21444,1881,1,1,2,8403
21444,3956,1,1,-1,2632
21444,4041,1,1,2,1153
21444,4077,1,1,-1,88802
21444,4078,1,1,-1,28835
21444,4078,1,1,1,1420
21444,4080,1,1,1,1999
21444,4081,1,1,1,958
21444,5156,1,1,2,165
21444,8729,1,1,200,1318
21444,12184,1,1,1,165
21444,12193,1,1,1,494
21444,12204,1,1,1,165
21445,57,992,2007,0,700000
21445,1865,1,1,2,71429
21445,1870,1,1,2,76923
21445,1875,1,2,-1,136158
21445,1875,1,1,2,3922
21445,1879,1,1,2,12346
21445,4040,1,1,2,1166
21445,4114,1,1,1,1321
21445,4118,1,1,-1,8456
21445,5460,1,1,-1,1116
21445,6329,1,1,2,186
21445,8330,1,1,1,479
21445,8336,1,1,1,417
21445,8729,1,1,200,1072
21445,8739,1,1,200,513
21445,11929,1,1,1,16
21445,11930,1,1,1,16
21445,11943,1,1,1,16
21446,57,1221,2470,0,700000
21446,1343,10,30,2,111111
21446,1866,1,1,2,50000
21446,1871,1,1,2,76923
21446,1885,1,1,-1,209411
21446,1885,1,1,2,4762
21446,4041,1,1,2,476
21446,4116,1,1,1,541
21446,4117,1,1,1,541
21446,4118,1,1,1,513
21446,4119,1,1,-1,10999
21446,5220,1,1,2,2976
21446,5468,1,1,-1,1373
21446,6331,1,1,2,476
21446,8729,1,1,200,1309
21446,8739,1,1,200,238
21446,11934,1,1,1,40
21446,11935,1,1,1,40
21446,11938,1,1,1,40
21447,57,1260,2556,0,700000
21447,1867,1,1,2,125000
21447,1869,1,1,2,100000
21447,1870,1,1,2,90909
21447,1871,1,1,2,90909
21447,1872,1,3,2,55556
21447,4052,1,1,-1,92029
21447,4077,1,1,1,5757
21447,4088,1,1,1,4837
21447,4089,1,1,1,4837
21447,4118,1,1,-1,10762
21447,5281,1,1,-1,3466
21447,5462,1,1,2,48
21447,8729,1,1,200,1227
21447,8739,1,1,200,245
21447,8749,1,1,200,123
21447,12183,1,1,1,736
21447,12185,1,1,1,245
21447,12202,1,1,1,1350
21448,57,1060,2147,0,700000
21448,1867,1,1,2,111111
21448,1869,1,1,2,83333
21448,1870,1,1,2,83333
21448,1871,1,1,2,71429
21448,1872,1,1,2,125000
21448,4077,1,1,1,4838
21448,4088,1,1,1,4064
21448,4089,1,1,1,4064
21448,4118,1,1,-1,13565
21448,5281,1,1,-1,4369
21448,5462,1,1,2,41
21448,8729,1,1,200,1092
21448,12183,1,1,1,1092
21448,12185,1,1,1,364
21448,12202,1,1,1,364
21449,57,1389,2824,0,700000
21449,1866,1,1,2,66667
21449,1871,1,1,2,100000
21449,1877,1,1,2,4149
21449,4040,1,1,-1,57377
21449,4040,1,1,2,2004
21449,4041,1,1,-1,24947
21449,4041,1,1,2,733
21449,5448,1,1,2,98
21449,5496,1,1,-1,67265
21449,5539,1,1,1,1430
21449,8730,1,1,200,1515
21449,8740,1,1,200,98
21449,8760,1,1,200,49
21449,11950,1,1,1,293
21450,57,1343,2731,0,700000
21450,1343,10,30,2,125000
21450,1867,1,1,2,111111
21450,1872,1,1,2,111111
21450,1875,1,1,2,6098
21450,1881,1,1,2,12346
21450,4041,1,1,2,1054
21450,5450,1,1,-1,1028
21450,5450,1,1,2,44
21450,5456,1,1,-1,1028
21450,5497,1,2,-1,65057
21450,5535,1,1,1,1399
21450,8730,1,1,200,832
21450,8740,1,1,200,333
21450,11955,1,1,1,222
21451,57,452,917,0,700000
21451,730,1,1,2,47
21451,1343,10,30,2,45455
21451,1807,1,1,-1,1243
21451,1866,1,1,2,20000
21451,1871,1,1,2,29412
21451,1885,1,1,2,2326
21451,4041,1,1,-1,8107
21451,4041,1,1,2,332
21451,4080,1,1,-1,19178
21451,4116,1,1,1,201
21451,4117,1,1,1,201
21451,4118,1,1,1,190
21451,5220,1,1,2,1151
21451,8729,1,1,200,451
21451,8739,1,1,200,95
21451,8749,1,1,200,24
21451,11934,1,1,1,8
21451,11935,1,1,1,8
21451,11938,1,1,1,8
21452,57,986,1982,0,700000
21452,1875,1,1,-1,164372
21452,3035,1,1,-1,3287
21452,4081,1,1,-1,24301
21453,57,825,1667,0,700000
21453,3956,1,1,-1,2763
21453,4082,1,1,-1,23411
21453,4083,1,1,-1,23411
21454,57,984,1984,0,700000
21454,1884,1,3,-1,758639
21454,1889,1,1,-1,164372
21454,4084,1,1,-1,42850
21455,57,828,1666,0,700000
21455,4085,1,1,-1,36008
21455,5156,1,1,-1,2763
21455,5161,1,1,-1,2763
21456,1864,1,1,2,242765
21456,1869,1,1,2,121383
21456,1878,1,1,2,48554
21456,1884,1,3,-1,758639
21456,1884,1,1,2,74697
21456,4039,1,1,-1,82186
21456,4039,1,1,2,4046
21456,4086,1,1,-1,57857
21456,4116,1,1,1,531
21456,4117,1,1,1,531
21456,4118,1,1,1,503
21456,5450,1,1,2,46
21456,11934,1,1,1,2
21456,11935,1,1,1,2
21456,11938,1,1,1,2
21457,1343,10,30,2,124901
21457,1866,1,1,2,58287
21457,1871,1,1,2,87431
21457,1885,1,1,2,7286
21457,4041,1,1,2,761
21457,4052,1,1,1,3611
21457,4053,1,1,1,4372
21457,4054,1,1,1,2009
21457,4087,1,1,-1,48619
21457,4088,1,1,-1,78304
21457,5166,1,1,-1,2763
21457,5220,1,1,2,3498
21457,5456,1,1,2,33
21457,12341,1,1,1,23
21457,12342,1,1,1,17
21457,12343,1,1,1,34
21458,1866,1,1,2,80922
21458,1871,1,1,2,121383
21458,1877,1,1,2,4856
21458,4040,1,1,2,2428
21458,4041,1,1,-1,21440
21458,4041,1,1,2,1056
21458,4089,1,1,-1,93181
21458,4090,1,1,1,4086
21458,4091,1,1,1,4086
21458,4096,1,1,1,4086
21458,4099,1,1,1,4086
21458,5230,1,1,-1,3287
21458,5462,1,1,2,45
21458,12187,1,1,1,23
21458,12188,1,1,1,23
21458,12189,1,1,1,23
21458,12190,1,1,1,23
21459,1343,10,30,2,124900
21459,1867,1,1,2,116574
21459,1872,1,1,2,116574
21459,1882,1,1,2,19430
21459,1894,1,2,-1,72699
21459,1894,1,1,2,3068
21459,4042,1,1,2,1458
21459,4090,1,1,-1,93015
21459,4120,1,1,1,1338
21459,5271,1,1,-1,2763
21459,5464,1,1,2,33
21459,11933,1,1,1,5
21460,57,2056,4157,0,700000
21460,4091,1,2,-1,231933
21460,4096,1,1,-1,231933
21460,5276,1,1,-1,6888
21461,57,2137,4321,0,700000
21461,1876,1,3,-1,537011
21461,4042,1,1,-1,89502
21461,4099,1,1,-1,241083
21462,57,2059,4152,0,700000
21462,4114,1,1,-1,22614
21462,5281,1,1,-1,6888
21462,5438,1,1,-1,2823
21463,57,1976,3999,0,700000
21463,1875,1,2,-1,331238
21463,4041,1,1,-1,43205
21463,4115,1,1,-1,21675
21464,729,1,1,2,29
21464,1867,1,3,2,169561
21464,1872,1,3,2,113041
21464,1882,1,1,2,56521
21464,1894,1,1,2,8925
21464,4042,1,1,2,4240
21464,4116,1,1,-1,22576
21464,4116,1,1,1,1112
21464,4117,1,1,-1,22576
21464,4117,1,1,1,1112
21464,4118,1,1,1,1054
21464,5444,1,1,-1,2823
21464,11934,1,1,1,4
21464,11935,1,1,1,4
21464,11938,1,1,1,4
21465,730,1,1,2,189
21465,1343,20,60,2,161863
21465,1874,1,1,2,15108
21465,1878,1,1,2,90643
21465,1884,1,1,2,139451
21465,1889,1,1,2,15108
21465,4052,1,1,1,9359
21465,4053,1,1,1,11331
21465,4054,1,1,1,5207
21465,4118,1,1,-1,22233
21465,5220,1,4,-1,214805
21465,5220,1,1,2,9065
21465,5370,1,1,2,3534
21465,5446,1,1,-1,2934
21465,12341,1,1,1,58
21465,12342,1,1,1,43
21465,12343,1,1,1,86
21466,1867,1,3,2,169561
21466,1872,1,3,2,113041
21466,1882,1,1,2,56521
21466,1894,1,1,2,8925
21466,4042,1,2,-1,86105
21466,4042,1,1,2,4240
21466,4090,1,1,1,8562
21466,4091,1,1,1,8562
21466,4096,1,1,1,8562
21466,4099,1,1,1,8562
21466,4119,1,1,-1,22614
21466,5368,1,1,2,1244
21466,5434,1,1,2,95
21466,5452,1,1,-1,2823
21466,12187,1,1,1,48
21466,12188,1,1,1,48
21466,12189,1,1,1,48
21466,12190,1,1,1,48
21467,1343,30,90,2,99840
21467,1864,4,12,2,52416
21467,1869,2,6,2,41933
21467,1878,1,1,2,83866
21467,1884,1,1,2,129024
21467,4039,1,1,2,6989
21467,4120,1,1,-1,21712
21467,4120,1,1,1,3207
21467,4121,1,1,-1,21639
21467,5368,1,1,2,3049
21467,5440,1,1,2,78
21467,5458,1,1,-1,2715
21467,11933,1,1,1,12
21468,57,3500,7005,0,700000
21468,4052,1,1,-1,308357
21468,5220,1,1,-1,348382
21468,5370,1,1,-1,40000
21469,57,3309,6685,0,700000
21469,4053,1,1,-1,356108
21469,5460,1,1,-1,4540
21469,5468,1,1,-1,4540
21470,57,480,982,0,700000
21470,1866,1,1,2,21739
21470,1871,1,1,2,35714
21470,1885,1,1,2,2625
21470,4041,1,1,2,231
21470,4090,1,1,1,1650
21470,4091,1,1,1,1650
21470,4096,1,1,1,1650
21470,4099,1,1,1,1650
21470,4114,1,1,-1,4358
21470,5156,1,1,-1,1327
21470,5161,1,1,-1,1327
21470,5220,1,1,2,1106
21470,5364,1,1,2,257
21470,6337,1,1,2,103
21470,8730,1,1,200,309
21470,8740,1,1,200,77
21470,8750,1,1,200,26
21470,12187,1,1,1,257
21470,12188,1,1,1,180
21470,12189,1,1,1,283
21470,12190,1,1,1,412
21471,57,1052,2114,0,700000
21471,1894,1,1,-1,92378
21471,4042,1,1,-1,43879
21471,4115,1,1,-1,11485
21472,57,881,1760,0,700000
21472,4116,1,1,-1,9668
21472,4117,1,1,-1,9668
21472,5166,1,1,-1,2950
21473,57,1047,2118,0,700000
21473,4043,1,1,-1,87759
21473,4118,1,1,-1,10900
21473,5230,1,1,-1,3510
21474,57,881,1779,0,700000
21474,4039,1,1,-1,73747
21474,4119,1,1,-1,9684
21474,5271,1,1,-1,2950
21475,1343,10,30,2,158710
21475,1866,1,1,2,74065
21475,1871,1,1,2,111097
21475,1877,1,1,2,4444
21475,4040,1,1,2,2223
21475,4041,1,1,2,967
21475,4084,1,1,1,1689
21475,4085,1,1,1,1689
21475,4086,1,1,1,2280
21475,4087,1,1,1,2280
21475,4120,1,1,-1,11505
21475,4121,1,1,-1,11466
21475,5276,1,1,-1,3510
21475,5440,1,1,2,42
21475,12192,1,1,1,9
21475,12201,1,1,1,9
21475,12203,1,1,1,13
21475,12205,1,1,1,13
21476,1867,1,1,2,145225
21476,1872,1,1,2,145225
21476,1875,1,1,-1,147494
21476,1875,1,1,2,7262
21476,1881,1,1,2,14523
21476,4041,1,1,-1,19238
21476,4041,1,1,2,948
21476,4052,1,1,-1,78329
21476,4078,1,1,1,1591
21476,4080,1,1,1,2241
21476,4081,1,1,1,1074
21476,5442,1,1,2,41
21476,12184,1,1,1,5
21476,12193,1,1,1,11
21476,12204,1,1,1,7
21477,1343,10,30,2,158710
21477,1865,1,1,2,111097
21477,1870,1,1,2,111097
21477,1875,1,1,2,7407
21477,1879,1,1,2,18517
21477,4040,1,1,2,2222
21477,4053,1,1,-1,112849
21477,4084,1,1,1,1689
21477,4085,1,1,1,1689
21477,4086,1,1,1,2280
21477,4087,1,1,1,2280
21477,5281,1,1,-1,3510
21477,5438,1,1,-1,1439
21477,5448,1,1,2,42
21477,12192,1,1,1,9
21477,12201,1,1,1,9
21477,12203,1,1,1,13
21477,12205,1,1,1,13
21478,1866,1,1,2,72613
21478,1871,1,1,2,108919
21478,1885,1,1,-1,184367
21478,1885,1,1,2,9077
21478,4041,1,1,-1,19238
21478,4041,1,1,2,948
21478,4052,1,1,1,3856
21478,4053,1,1,1,4668
21478,4054,1,1,-1,43577
21478,4054,1,1,1,2145
21478,5220,1,1,2,4357
21478,5450,1,1,2,41
21478,12341,1,1,1,24
21478,12342,1,1,1,18
21478,12343,1,1,1,36
21479,57,2203,4437,0,700000
21479,4077,1,1,-1,248161
21479,4078,1,1,-1,80582
21479,5444,1,1,-1,3015
21480,57,2297,4608,0,700000
21480,1889,1,1,-1,382283
21480,4080,1,1,-1,117952
21480,5446,1,1,-1,3133
21481,57,2195,4427,0,700000
21481,4081,1,1,-1,54372
21481,5452,1,1,-1,3015
21481,5550,1,1,-1,73555
21482,57,2122,4264,0,700000
21482,4082,1,1,-1,59949
21482,4083,1,1,-1,59949
21482,5458,1,1,-1,2899
21483,1343,20,60,2,166279
21483,1866,1,1,2,155194
21483,1871,1,3,2,77597
21483,1877,1,2,-1,220665
21483,1877,1,1,2,9312
21483,4040,1,2,-1,110332
21483,4040,1,1,2,4656
21483,4041,1,1,2,2025
21483,4121,1,1,1,3549
21483,5364,1,1,-1,36232
21483,6335,1,1,2,896
21483,11944,1,1,1,13
21484,1867,1,3,2,125468
21484,1872,1,3,2,188201
21484,1875,1,1,2,18821
21484,1881,1,1,2,37641
21484,4041,1,1,2,2455
21484,4084,1,1,1,3678
21484,4085,1,1,-1,99657
21484,4085,1,1,1,3678
21484,4086,1,1,1,4967
21484,4087,1,1,1,4966
21484,5460,1,1,-1,3133
21484,5468,1,1,-1,3133
21484,6337,1,1,2,1448
21484,12192,1,1,1,18
21484,12201,1,1,1,18
21484,12203,1,1,1,29
21484,12205,1,1,1,29
21485,1343,20,60,2,166278
21485,1865,1,3,2,77597
21485,1870,2,6,2,58198
21485,1875,1,1,2,15520
21485,1879,1,1,2,38799
21485,4040,1,1,-1,110332
21485,4040,1,1,2,4656
21485,4052,1,1,1,9615
21485,4053,1,1,1,11640
21485,4054,1,1,1,5349
21485,4086,1,1,-1,129452
21485,5368,1,1,-1,43478
21485,6339,1,1,2,1791
21485,12341,1,1,1,59
21485,12342,1,1,1,45
21485,12343,1,1,1,89
21486,729,1,1,2,30
21486,1866,1,1,2,174129
21486,1871,1,1,2,261194
21486,1885,1,1,2,21767
21486,4041,1,1,2,2272
21486,4078,1,1,1,3816
21486,4080,1,1,1,5373
21486,4081,1,1,1,2575
21486,4087,1,1,-1,124498
21486,4088,1,1,-1,200510
21486,5220,1,1,2,10448
21486,5470,1,1,-1,2899
21486,12184,1,1,1,12
21486,12193,1,1,1,26
21486,12204,1,1,1,17
21487,57,3703,7484,0,700000
21487,1894,1,1,-1,326320
21487,4089,1,1,-1,351478
21487,5428,1,1,-1,5464
21488,57,3529,7137,0,700000
21488,4044,1,1,-1,295712
21488,4090,1,1,-1,398265
21488,5426,1,1,-1,6645
21489,57,514,1045,0,700000
21489,1866,1,1,2,25641
21489,1871,1,1,2,41667
21489,1877,1,1,-1,42470
21489,1877,1,1,2,1499
21489,4040,1,1,-1,21235
21489,4040,1,1,2,900
21489,4041,1,1,2,487
21489,5456,1,1,2,20
21489,5539,1,1,1,530
21489,6343,1,1,-1,22702
21489,8730,1,1,200,300
21489,8740,1,1,200,75
21489,11950,1,1,1,37
21490,57,1117,2256,0,700000
21490,5450,1,1,-1,1040
21490,5456,1,1,-1,1040
21490,6345,1,1,-1,107412
21491,57,946,1894,0,700000
21491,730,1,1,-1,1966
21491,4041,1,1,-1,20517
21491,5478,1,1,-1,19841
21492,57,1123,2259,0,700000
21492,4040,1,1,-1,56155
21492,5462,1,1,-1,1040
21492,5479,1,1,-1,16614
21493,57,946,1859,0,700000
21493,5464,1,1,-1,874
21493,5482,1,1,-1,31142
21493,5485,1,1,-1,19841
21494,729,1,1,-1,312
21494,1343,10,30,2,169260
21494,1868,1,3,2,118482
21494,1873,1,1,2,47393
21494,1876,1,1,-1,561552
21494,1876,1,1,2,23697
21494,1895,1,1,2,33852
21494,4042,1,1,-1,46796
21494,4042,1,1,2,1975
21494,5535,1,1,1,1415
21494,6337,1,1,2,608
21494,11955,1,1,1,5
21495,1868,1,1,2,232316
21495,1873,1,1,2,46464
21495,1876,1,1,2,23232
21495,1895,1,1,2,33188
21495,4042,1,1,2,1936
21495,5466,1,1,-1,874
21495,5486,1,1,-1,13961
21495,5489,1,1,-1,31142
21495,5536,1,1,1,1186
21495,6339,1,1,2,894
21495,11951,1,1,1,4
21496,729,1,1,2,14
21496,730,1,1,-1,2340
21496,1343,10,30,2,169259
21496,1868,1,3,2,118481
21496,1873,1,1,2,47393
21496,1876,1,1,2,23697
21496,1895,1,1,2,33852
21496,4042,1,1,2,1975
21496,5494,1,1,-1,58968
21496,5532,1,1,1,699
21496,5543,1,1,1,706
21496,6335,1,1,-1,10799
21496,11946,1,1,1,3
21496,11949,1,1,1,3
21496,11953,1,1,1,3
21496,11958,1,1,1,3
21497,730,1,1,2,97
21497,1864,1,1,2,232317
21497,1869,1,1,2,116159
21497,1878,1,1,2,46464
21497,1884,1,3,-1,725988
21497,1884,1,1,2,71483
21497,4039,1,1,-1,78649
21497,4039,1,1,2,3872
21497,5366,1,1,2,342
21497,5496,1,1,-1,55321
21497,5547,1,1,1,593
21497,5548,1,1,1,593
21497,11952,1,1,1,2
21497,11954,1,1,1,2
21497,11957,1,1,1,2
21498,57,2355,4724,0,700000
21498,5497,1,1,-1,137944
21498,6337,1,1,-1,30171
21498,6339,1,1,-1,45256
21499,57,2436,4920,0,700000
21499,729,1,1,-1,679
21499,1895,1,3,-1,873628
21499,5508,1,1,-1,143386
21500,57,2340,4734,0,700000
21500,4042,1,1,-1,98055
21500,5434,1,1,-1,2179
21500,5509,1,1,-1,137944
21501,57,2250,4554,0,700000
21501,5440,1,1,-1,2096
21501,5520,1,1,-1,36486
21501,5521,1,1,-1,25746
21502,730,1,1,-1,4903
21502,1343,560,1680,2,79166
21502,1866,20,60,2,51722
21502,1871,9,27,2,172405
21502,1885,1,3,-1,490275
21502,1885,4,12,2,28734
21502,4041,1,1,2,26986
21502,5220,1,1,2,124132
21502,5432,1,1,-1,28373
21502,5450,1,1,2,1150
21503,1867,1,3,2,200711
21503,1872,1,3,2,133807
21503,1882,1,1,2,66904
21503,1894,1,1,2,10564
21503,4042,1,1,2,5018
21503,5442,1,1,-1,2265
21503,5456,1,1,2,112
21503,5524,1,1,-1,60274
21503,5525,1,1,-1,94534
21503,5542,1,1,1,3047
21503,11960,1,1,1,10
21504,729,1,1,-1,654
21504,1343,30,90,2,118221
21504,1868,4,12,2,62066
21504,1873,1,1,2,99306
21504,1889,1,1,2,16551
21504,4044,1,1,2,8276
21504,5432,1,1,2,541
21504,5448,1,1,-1,2179
21504,5462,1,1,2,92
21504,5526,1,1,-1,90946
21504,5535,1,1,1,2965
21504,5549,1,1,2,24827
21504,11955,1,1,1,10
21505,1864,1,3,2,278555
21505,1869,1,3,2,92852
21505,1880,1,1,2,27856
21505,4043,1,2,-1,188604
21505,4043,1,1,2,9286
21505,5366,1,1,-1,40323
21505,5430,1,1,2,68
21505,5464,1,1,2,103
21505,5532,1,1,-1,19080
21505,5536,1,1,1,2843
21505,5550,1,1,2,3715
21505,11951,1,1,1,10
21506,57,3990,7934,0,700000
21506,5450,1,1,-1,3673
21506,5456,1,1,-1,3673
21506,5535,1,1,-1,33842
21507,57,3792,7613,0,700000
21507,4041,1,1,-1,82270
21507,5430,1,1,-1,15152
21507,5536,1,1,-1,32189
21508,57,1303,2629,0,700000
21508,1875,1,1,2,7353
21508,1879,1,1,2,16129
21508,1885,1,1,2,4425
21508,4052,1,1,1,4665
21508,4053,1,1,1,5648
21508,4054,1,1,1,2596
21508,4120,1,1,-1,11696
21508,4121,1,1,-1,11657
21508,5444,1,1,-1,1463
21508,5466,1,1,2,42
21508,5549,1,1,2,13333
21508,5550,1,1,2,1473
21508,6670,1,1,2,22222
21508,8729,1,1,200,2950
21508,12341,1,1,1,993
21508,12342,1,1,1,754
21508,12343,1,1,1,1473
21509,57,1128,2304,0,700000
21509,1343,10,30,2,111111
21509,1864,1,1,2,142857
21509,1869,1,1,2,66667
21509,1880,1,1,2,17241
21509,4043,1,1,2,1441
21509,4082,1,1,1,1950
21509,4083,1,1,1,1950
21509,4091,1,1,-1,104895
21509,4096,1,2,-1,104895
21509,5440,1,1,2,37
21509,5550,1,1,2,1441
21509,6333,1,1,-1,26826
21509,12186,1,1,1,10
21509,12194,1,1,1,10
21510,57,1383,2802,0,700000
21510,730,1,1,-1,2381
21510,1865,1,1,2,142857
21510,1870,1,1,2,100000
21510,1875,1,1,-1,190480
21510,1875,1,1,2,5682
21510,1879,1,1,2,5682
21510,4040,1,1,2,4255
21510,5456,1,1,2,53
21510,5508,1,1,-1,66992
21510,5536,1,1,1,1436
21510,8730,1,1,200,2841
21510,8760,1,1,200,934
21510,11951,1,1,1,5
21511,57,1794,3639,0,700000
21511,1343,20,60,2,90909
21511,1867,1,1,2,166667
21511,1872,1,1,2,166667
21511,1875,1,1,-1,246682
21511,1875,1,1,2,7407
21511,1881,1,1,2,23810
21511,4041,1,1,2,1358
21511,5462,1,1,-1,1370
21511,5532,1,1,1,922
21511,5539,1,1,-1,12478
21511,5543,1,1,1,930
21511,6337,1,1,2,801
21511,8341,1,1,1,335
21511,8346,1,1,1,671
21511,8740,1,1,200,1041
21511,8750,1,1,200,1041
21511,11946,1,1,1,116
21511,11949,1,1,1,116
21511,11953,1,1,1,116
21511,11958,1,1,1,116
21512,57,2125,3872,0,700000
21512,730,1,1,-1,3601
21512,1343,20,60,2,130239
21512,1867,1,1,2,243112
21512,1872,1,3,2,81037
21512,1875,1,1,-1,288061
21512,1875,1,1,2,12156
21512,1881,1,1,2,24312
21512,4041,1,1,-1,37573
21512,4041,1,1,2,1586
21512,5462,1,1,2,68
21512,5536,1,1,1,2172
21512,8730,1,1,200,133
21512,11951,1,1,1,7
21513,57,1485,2997,0,700000
21513,1895,1,1,2,38462
21513,4040,1,1,2,1403
21513,4042,1,1,2,2809
21513,4043,1,1,2,2809
21513,5442,1,1,-1,1128
21513,5464,1,1,2,67
21513,5486,1,1,-1,18023
21513,5489,1,1,-1,40202
21513,5496,1,1,1,2637
21513,5497,1,1,1,2637
21513,5508,1,1,1,2637
21513,5509,1,1,1,2637
21513,12221,1,1,1,20
21513,12224,1,1,1,20
21513,12229,1,1,1,20
21513,12231,1,1,1,20
21514,57,1284,2613,0,700000
21514,1864,1,1,2,200000
21514,1869,1,1,2,100000
21514,1878,1,1,2,34483
21514,1884,1,1,2,55556
21514,4039,1,1,-1,88470
21514,4039,1,1,2,4000
21514,5272,1,1,2,58
21514,5462,1,1,-1,983
21514,5479,1,1,-1,15705
21514,5532,1,1,1,661
21514,5543,1,1,1,667
21514,8341,1,1,1,1512
21514,8730,1,1,200,2674
21514,8740,1,1,200,2674
21514,11946,1,1,1,3
21514,11949,1,1,1,3
21514,11953,1,1,1,3
21514,11958,1,1,1,3
21515,57,1566,3183,0,700000
21515,1344,10,30,2,142857
21515,1868,1,1,2,200000
21515,1873,1,1,2,47619
21515,1876,1,1,2,21277
21515,1895,1,1,2,43478
21515,4042,1,1,2,1993
21515,5277,1,1,2,54
21515,5442,1,1,-1,1199
21515,5524,1,1,-1,31914
21515,5525,1,1,-1,50053
21515,5536,1,1,1,1627
21515,6670,1,1,2,9091
21515,8730,1,1,200,1508
21515,8750,1,1,200,151
21515,11951,1,1,1,151
21516,57,1902,3855,0,700000
21516,1868,1,1,2,333333
21516,1873,1,1,2,76923
21516,1876,1,1,2,27778
21516,1895,1,1,2,29412
21516,4042,1,1,2,2959
21516,5282,1,1,2,86
21516,5536,1,1,1,1968
21516,6337,1,1,-1,20081
21516,6339,1,1,-1,30122
21516,6345,1,1,-1,149802
21516,11951,1,1,1,7
21517,57,1964,4445,0,700000
21517,1864,4,12,2,60029
21517,1865,2,6,2,48023
21517,1866,3,9,2,26680
21517,1868,1,3,2,160077
21517,1873,1,1,2,96046
21517,5162,1,1,2,107
21517,5462,1,1,-1,1806
21517,5478,1,1,-1,41014
21517,5478,1,1,1,2019
21517,5479,1,1,-1,28860
21517,5479,1,1,1,1421
21517,5482,1,1,1,3169
21517,12222,1,1,1,14
21517,12228,1,1,1,23
21517,12230,1,1,1,10
21518,57,1445,2670,0,700000
21518,1343,10,30,2,163985
21518,1866,1,1,2,76526
21518,1871,1,1,2,114790
21518,1885,1,1,2,9566
21518,4041,1,1,-1,23654
21518,4041,1,1,2,999
21518,5220,1,1,2,4592
21518,5462,1,1,-1,1008
21518,5462,1,1,2,43
21518,5509,1,1,-1,63781
21518,5535,1,1,1,1371
21518,8730,1,1,200,266
21518,8740,1,1,200,76
21518,11955,1,1,1,5
21519,57,1495,2999,0,700000
21519,729,1,1,-1,343
21519,1868,1,1,2,303532
21519,1873,1,1,2,60707
21519,1876,1,1,2,30354
21519,1895,1,1,2,43362
21519,4042,1,1,2,2530
21519,5282,1,1,2,68
21519,5448,1,1,-1,1142
21519,5496,1,1,1,2669
21519,5497,1,1,1,2669
21519,5508,1,1,1,2669
21519,5509,1,1,1,2669
21519,5526,1,1,-1,47654
21519,12221,1,1,1,20
21519,12224,1,1,1,20
21519,12229,1,1,1,20
21519,12231,1,1,1,20
21520,57,1203,2445,0,700000
21520,947,1,1,2,49
21520,1832,1,1,2,100000
21520,1895,1,1,2,25000
21520,4040,1,1,2,1799
21520,4042,1,1,2,1605
21520,4043,1,1,2,3597
21520,4049,1,1,-1,130322
21520,4049,1,1,1,6418
21520,4050,1,1,-1,153940
21520,4050,1,1,1,7581
21520,4051,1,1,1,4745
21520,4129,1,1,-1,26890
21520,8728,1,1,200,1070
21520,8738,1,1,200,146
21520,8748,1,1,200,49
21520,12338,1,1,1,1119
21520,12339,1,1,1,924
21520,12340,1,1,1,1701
21521,57,1183,2404,0,700000
21521,947,1,1,-1,977
21521,948,1,1,2,258
21521,1832,1,1,2,90909
21521,1868,1,1,2,166667
21521,1873,1,1,2,32258
21521,1889,1,1,2,5525
21521,4044,1,1,2,2959
21521,4051,1,1,-1,94736
21521,4104,1,1,1,689
21521,4107,1,1,1,678
21521,4108,1,1,1,678
21521,4130,1,1,-1,39655
21521,5549,1,1,2,7752
21521,8728,1,1,200,1289
21521,8738,1,1,200,758
21521,8748,1,1,200,76
21521,11889,1,1,1,152
21521,11900,1,1,1,152
21521,11916,1,1,1,152
21522,57,1409,2864,0,700000
21522,947,1,1,-1,1165
21522,948,1,1,2,468
21522,1832,1,1,2,111111
21522,1868,1,1,2,200000
21522,1873,1,1,2,31250
21522,1889,1,1,2,7042
21522,4044,1,1,2,3745
21522,4051,1,1,-1,112905
21522,4104,1,1,1,820
21522,4107,1,1,1,808
21522,4108,1,1,1,808
21522,4130,1,1,-1,47261
21522,5549,1,1,2,8403
21522,8728,1,1,200,1873
21522,8738,1,1,200,468
21522,11889,1,1,1,156
21522,11900,1,1,1,156
21522,11916,1,1,1,156
21523,57,1218,2471,0,700000
21523,948,1,1,-1,6279
21523,1832,1,1,2,83333
21523,1864,1,3,2,76923
21523,1865,1,1,2,76923
21523,1866,1,1,2,50000
21523,1868,1,1,2,142857
21523,1873,1,1,2,30303
21523,4056,1,1,1,1679
21523,4057,1,1,1,2594
21523,4064,1,1,1,1679
21523,4065,1,1,1,2594
21523,4070,1,1,-1,89915
21523,4159,1,1,-1,7116
21523,4160,1,1,2,203
21523,6670,1,1,2,12987
21523,8728,1,1,200,1406
21523,8738,1,1,200,203
21523,8748,1,1,200,47
21523,8758,1,1,200,16
21523,12152,1,1,1,281
21523,12161,1,1,1,219
21523,12172,1,1,1,281
21523,12173,1,1,1,187
21524,57,1299,2634,0,700000
21524,948,1,1,-1,6696
21524,1343,20,60,2,62500
21524,1867,1,1,2,111111
21524,1869,1,1,2,90909
21524,1870,1,1,2,90909
21524,1871,1,1,2,83333
21524,1872,1,3,2,38462
21524,4066,1,1,1,3108
21524,4067,1,1,1,4719
21524,4068,1,1,1,2388
21524,4070,1,1,-1,95874
21524,4159,1,1,-1,7587
21524,4161,1,1,2,373
21524,8728,1,1,200,1458
21524,8738,1,1,200,271
21524,8748,1,1,200,34
21524,12150,1,1,1,1000
21524,12151,1,1,1,559
21524,12165,1,1,1,441
21525,57,1299,2634,0,700000
21525,947,1,1,2,53
21525,1343,10,30,2,142857
21525,1894,1,1,2,3390
21525,4039,1,1,2,3378
21525,4041,1,1,2,918
21525,4044,1,1,2,3300
21525,4049,1,1,-1,140479
21525,4050,1,1,-1,165938
21525,4109,1,1,1,1114
21525,4110,1,1,1,1114
21525,4129,1,1,-1,28985
21525,8728,1,1,200,1572
21525,8738,1,1,200,618
21525,8748,1,1,200,18
21525,11915,1,1,1,71
21525,11919,1,1,1,247
21526,57,1449,2935,0,700000
21526,1807,1,1,2,135
21526,1868,1,1,2,200000
21526,1873,1,1,2,41667
21526,1889,1,1,-1,198975
21526,1889,1,1,2,7042
21526,4044,1,1,2,4878
21526,4052,1,1,-1,105669
21526,4114,1,1,1,1930
21526,5549,1,1,-1,298462
21526,5549,1,1,2,11111
21526,8330,1,1,1,642
21526,8336,1,1,1,569
21526,8729,1,1,200,1730
21526,8739,1,1,200,517
21526,8749,1,1,200,45
21526,8759,1,1,200,22
21526,11929,1,1,1,90
21526,11930,1,1,1,45
21526,11943,1,1,1,67
21527,57,1273,2578,0,700000
21527,1343,10,30,2,125000
21527,1866,1,1,2,62500
21527,1871,1,1,2,83333
21527,1877,1,1,2,6579
21527,4040,1,1,-1,52463
21527,4040,1,1,2,2387
21527,4041,1,1,2,1789
21527,4077,1,1,1,5810
21527,4081,1,1,-1,25854
21527,4088,1,1,1,4881
21527,4089,1,1,1,4881
21527,5161,1,1,-1,3498
21527,5166,1,1,2,148
21527,8729,1,1,200,596
21527,12183,1,1,1,397
21527,12185,1,1,1,397
21527,12202,1,1,1,397
21528,57,1586,3176,0,700000
21528,1343,10,30,2,125000
21528,1866,1,1,2,90909
21528,1871,1,1,2,125000
21528,1877,1,1,2,5459
21528,4040,1,1,-1,64675
21528,4040,1,1,2,2083
21528,4041,1,1,2,2083
21528,4077,1,1,1,7162
21528,4081,1,1,-1,31872
21528,4088,1,1,1,6017
21528,4089,1,1,1,6017
21528,5161,1,1,-1,4312
21528,5166,1,1,2,182
21528,12183,1,1,1,1389
21528,12185,1,1,1,1389
21528,12202,1,1,1,1389
21529,57,1202,2430,0,700000
21529,1832,1,1,2,83333
21529,1867,1,1,2,111111
21529,1872,1,1,2,100000
21529,1882,1,1,2,17857
21529,1894,1,1,2,2950
21529,4042,1,1,2,492
21529,4082,1,1,-1,27949
21529,4083,1,1,-1,27949
21529,4084,1,1,1,1587
21529,4085,1,1,1,1587
21529,4086,1,1,1,2143
21529,4087,1,1,1,2143
21529,5166,1,1,-1,3298
21529,5230,1,1,2,246
21529,8729,1,1,200,1969
21529,8739,1,1,200,246
21529,12192,1,1,1,143
21529,12201,1,1,1,143
21529,12203,1,1,1,246
21529,12205,1,1,1,246
21530,57,1284,2598,0,700000
21530,1874,1,1,2,5025
21530,1878,1,1,2,35714
21530,1884,1,1,2,52632
21530,1889,1,1,2,5348
21530,4120,1,1,-1,11550
21530,4120,1,1,1,1707
21530,4121,1,1,-1,11511
21530,5220,1,1,2,3717
21530,5470,1,1,-1,1444
21530,6333,1,1,2,1043
21530,6670,1,1,2,14085
21530,8729,1,1,200,978
21530,8739,1,1,200,130
21530,11933,1,1,1,65
21531,57,1443,2919,0,700000
21531,1343,10,30,2,142857
21531,1807,1,1,2,241
21531,1868,1,1,2,200000
21531,1873,1,1,2,37037
21531,1876,1,1,-1,594082
21531,1876,1,1,2,18519
21531,1895,1,3,-1,848688
21531,1895,1,1,2,27778
21531,4042,1,1,2,1887
21531,4052,1,1,-1,105166
21531,4121,1,1,1,1911
21531,5392,1,1,2,600
21531,8729,1,1,200,1285
21531,8739,1,1,200,482
21531,8749,1,1,200,40
21531,11944,1,1,1,80
21532,57,1492,3025,0,700000
21532,1867,1,1,2,142857
21532,1872,1,1,2,142857
21532,1882,1,1,2,27778
21532,1894,1,1,-1,107921
21532,1894,1,1,2,3817
21532,4042,1,1,-1,51262
21532,4042,1,1,2,1905
21532,4054,1,1,-1,60582
21532,4116,1,1,1,662
21532,4117,1,1,1,662
21532,4118,1,1,1,627
21532,5450,1,1,2,49
21532,8729,1,1,200,1416
21532,8739,1,1,200,147
21532,8749,1,1,200,8
21532,11934,1,1,1,98
21532,11935,1,1,1,195
21532,11938,1,1,1,49
21533,57,1270,2576,0,700000
21533,1343,10,30,2,125000
21533,1866,1,1,2,58824
21533,1871,1,1,2,83333
21533,1877,1,1,2,3861
21533,4040,1,1,2,1718
21533,4041,1,1,2,698
21533,4052,1,1,1,4565
21533,4053,1,1,1,5526
21533,4054,1,1,1,2540
21533,4077,1,1,-1,117809
21533,4078,1,1,-1,38254
21533,5348,1,1,-1,3099
21533,5456,1,1,2,41
21533,5470,1,1,-1,1431
21533,8729,1,1,200,1558
21533,8739,1,1,200,322
21533,12341,1,1,1,859
21533,12342,1,1,1,644
21533,12343,1,1,1,1181
21534,57,1679,3404,0,700000
21534,1343,10,30,2,142857
21534,1866,1,1,2,76923
21534,1871,1,1,2,111111
21534,1877,1,1,2,3623
21534,4040,1,1,2,3226
21534,4041,1,1,2,403
21534,4052,1,1,1,6034
21534,4053,1,1,1,7305
21534,4054,1,1,1,3357
21534,4077,1,1,-1,155732
21534,5348,1,1,-1,3099
21534,5456,1,1,2,55
21534,5470,1,1,-1,1892
21534,8729,1,1,200,806
21534,8739,1,1,200,120
21534,12341,1,1,1,1610
21534,12342,1,1,1,1208
21534,12343,1,1,1,806
21535,57,1504,3050,0,700000
21535,1343,10,30,2,142857
21535,1876,1,2,-1,620351
21535,1876,1,1,2,24390
21535,1877,1,1,-1,124070
21535,1877,1,1,2,3846
21535,1880,1,1,2,12658
21535,1881,1,1,2,14493
21535,1882,1,1,2,20833
21535,4052,1,1,-1,109816
21535,4114,1,1,1,2006
21535,6335,1,1,2,531
21535,8330,1,1,1,636
21535,8336,1,1,1,672
21535,8729,1,1,200,1062
21535,8739,1,1,200,398
21535,11929,1,1,1,20
21535,11930,1,1,1,20
21535,11943,1,1,1,20
21536,57,1454,2948,0,700000
21536,1894,1,1,2,3676
21536,4039,1,1,2,4292
21536,4041,1,1,2,766
21536,4044,1,1,2,2755
21536,4053,1,1,-1,128534
21536,4119,1,1,1,1939
21536,5446,1,1,-1,1639
21536,5452,1,1,-1,1639
21536,6337,1,1,2,153
21536,6670,1,1,2,18868
21536,8729,1,1,200,766
21536,8739,1,1,200,460
21536,8749,1,1,200,156
21536,11939,1,1,1,306
21537,57,1456,2976,0,700000
21537,1865,1,1,2,100000
21537,1870,1,1,2,100000
21537,1874,1,1,-1,201181
21537,1874,1,1,2,6494
21537,4039,1,1,2,3135
21537,4043,1,1,-1,100591
21537,4043,1,1,2,2652
21537,4099,1,1,-1,135476
21537,4121,1,1,1,1942
21537,5442,1,1,2,55
21537,8730,1,1,200,482
21537,8740,1,1,200,362
21537,11944,1,1,1,76
21538,57,1787,3644,0,700000
21538,1865,1,1,2,142857
21538,1870,1,1,2,125000
21538,1874,1,1,-1,246445
21538,1874,1,1,2,6536
21538,4039,1,1,2,2967
21538,4043,1,1,-1,123222
21538,4043,1,1,2,1188
21538,4099,1,1,-1,165956
21538,4121,1,1,1,2378
21538,5442,1,1,2,68
21538,8730,1,1,200,1783
21538,8740,1,1,200,594
21538,11944,1,1,1,594
21539,57,1584,3236,0,700000
21539,1343,10,30,2,142857
21539,1807,1,1,-1,4376
21539,1866,1,1,2,71429
21539,1871,1,1,2,100000
21539,1877,1,1,2,4167
21539,3035,1,1,-1,4376
21539,4040,1,1,2,1473
21539,4041,1,1,2,1473
21539,4084,1,1,1,2106
21539,4085,1,1,1,2106
21539,4086,1,1,1,2843
21539,4087,1,1,1,2843
21539,4114,1,1,-1,14366
21539,5394,1,1,2,786
21539,5448,1,1,2,52
21539,8730,1,1,200,1227
21539,8740,1,1,200,123
21539,8750,1,1,200,11
21539,12192,1,1,1,245
21539,12201,1,1,1,368
21539,12203,1,1,1,736
21539,12205,1,1,1,613
21540,57,1586,3236,0,700000
21540,729,1,1,2,18
21540,1343,10,30,2,142857
21540,1807,1,1,-1,4376
21540,1894,1,1,2,3390
21540,3035,1,1,-1,4376
21540,4039,1,1,2,3125
21540,4041,1,1,2,521
21540,4044,1,1,2,2083
21540,4053,1,1,-1,140680
21540,4116,1,1,1,707
21540,4117,1,1,1,707
21540,4118,1,1,1,670
21540,5394,1,1,2,1042
21540,8730,1,1,200,1433
21540,8740,1,1,200,651
21540,11934,1,1,1,130
21540,11935,1,1,1,130
21540,11938,1,1,1,130
21541,57,1620,3277,0,700000
21541,1343,10,30,2,142857
21541,1865,1,1,2,90909
21541,1870,1,1,2,111111
21541,1874,1,1,-1,222264
21541,1874,1,1,2,9804
21541,4039,1,1,2,4926
21541,4043,1,1,-1,111132
21541,4043,1,1,2,3690
21541,4084,1,1,-1,57942
21541,4114,1,1,1,2156
21541,5271,1,1,2,188
21541,5392,1,1,2,520
21541,8330,1,1,1,738
21541,8336,1,1,1,553
21541,8729,1,1,200,1230
21541,8739,1,1,200,122
21541,11929,1,1,1,8
21541,11930,1,1,1,8
21541,11943,1,1,1,8
21542,57,1128,2280,0,700000
21542,1343,10,30,2,125000
21542,1807,1,1,-1,3091
21542,1864,1,1,2,142857
21542,1869,1,1,2,70000
21542,1880,1,1,2,9784
21542,3035,1,1,-1,3091
21542,3035,1,1,2,131
21542,4043,1,1,2,2639
21542,4053,1,1,-1,99376
21542,4119,1,1,1,1499
21542,5550,1,1,2,1321
21542,8729,1,1,200,1321
21542,11939,1,1,1,6
21543,57,1284,2167,0,700000
21543,1866,1,1,2,83333
21543,1871,1,1,2,90909
21543,1877,1,1,-1,105814
21543,1877,1,1,2,6579
21543,3956,1,1,2,174
21543,4040,1,1,2,2605
21543,4041,1,1,-1,23003
21543,4041,1,1,2,1318
21543,4054,1,1,-1,52104
21543,4116,1,1,1,570
21543,4117,1,1,1,570
21543,4118,1,1,1,540
21543,8729,1,1,200,251
21543,8739,1,1,200,251
21543,11934,1,1,1,2
21543,11935,1,1,1,2
21543,11938,1,1,1,2
21544,57,1783,3643,0,700000
21544,1867,1,1,2,166667
21544,1872,1,1,2,166667
21544,1875,1,1,-1,246302
21544,1875,1,1,2,13514
21544,1881,1,1,2,14925
21544,4041,1,1,-1,32126
21544,4041,1,1,2,1054
21544,4052,1,1,1,6439
21544,4053,1,1,1,7796
21544,4054,1,1,1,3583
21544,4115,1,1,-1,16117
21544,5392,1,1,2,791
21544,5450,1,1,2,68
21544,8730,1,1,200,1054
21544,8740,1,1,200,527
21544,12341,1,1,1,1054
21544,12342,1,1,1,791
21544,12343,1,1,1,1318
21545,57,1289,2611,0,700000
21545,1343,10,30,2,142857
21545,1864,1,3,2,90909
21545,1865,1,1,2,90909
21545,1866,1,1,2,58824
21545,1868,1,3,2,55556
21545,1873,1,1,2,34483
21545,4052,1,1,-1,94015
21545,4054,1,1,-1,52304
21545,4078,1,1,1,1910
21545,4080,1,1,1,2690
21545,4081,1,1,1,1289
21545,5230,1,1,-1,3541
21545,6339,1,1,2,561
21545,8729,1,1,200,840
21545,8739,1,1,200,124
21545,12184,1,1,1,120
21545,12193,1,1,1,280
21545,12204,1,1,1,180
21546,57,1469,2980,0,700000
21546,729,1,1,2,17
21546,1867,1,3,2,52632
21546,1869,1,1,2,100000
21546,1870,1,1,2,100000
21546,1871,1,1,2,100000
21546,1872,1,3,2,71429
21546,4077,1,1,-1,136297
21546,4078,1,1,-1,44258
21546,4084,1,1,1,1944
21546,4085,1,1,1,1944
21546,4086,1,1,1,2625
21546,4087,1,1,1,2625
21546,5394,1,1,2,1124
21546,5458,1,1,-1,1656
21546,8729,1,1,200,2809
21546,8739,1,1,200,83
21546,12192,1,1,1,375
21546,12201,1,1,1,375
21546,12203,1,1,1,375
21546,12205,1,1,1,375
21547,57,1229,2488,0,700000
21547,1895,1,1,2,26316
21547,4040,1,1,2,2137
21547,4042,1,1,2,1524
21547,4043,1,1,2,2865
21547,4085,1,1,-1,43995
21547,4116,1,1,1,545
21547,4117,1,1,1,545
21547,4118,1,1,1,517
21547,5230,1,1,-1,3375
21547,5271,1,1,-1,3375
21547,5276,1,1,2,61
21547,5346,1,1,2,183
21547,8729,1,1,200,1647
21547,8739,1,1,200,244
21547,11934,1,1,1,2
21547,11935,1,1,1,2
21547,11938,1,1,1,2
21548,57,1050,2127,0,700000
21548,1343,10,30,2,83333
21548,1868,1,1,2,111111
21548,1873,1,1,2,25641
21548,1889,1,1,2,3610
21548,4044,1,1,-1,72124
21548,4044,1,1,2,1642
21548,4086,1,1,-1,50774
21548,4120,1,1,1,1397
21548,5281,1,1,2,107
21548,5346,1,1,2,131
21548,5549,1,1,-1,216373
21548,5549,1,1,2,6897
21548,6670,1,1,2,9524
21548,8729,1,1,200,722
21548,8739,1,1,200,263
21548,11933,1,1,1,131
21549,57,1273,2574,0,700000
21549,1864,1,3,2,90909
21549,1865,1,1,2,90909
21549,1866,1,1,2,55556
21549,1868,1,1,2,166667
21549,1873,1,1,2,35714
21549,3035,1,1,2,212
21549,4053,1,1,-1,112261
21549,4077,1,1,1,5800
21549,4088,1,1,1,4873
21549,4089,1,1,1,4873
21549,5354,1,1,2,530
21549,6329,1,1,-1,15052
21549,6331,1,1,-1,19993
21549,8729,1,1,200,1112
21549,8739,1,1,200,424
21549,8749,1,1,200,212
21549,12183,1,1,1,530
21549,12185,1,1,1,847
21549,12202,1,1,1,371
21550,57,1298,2625,0,700000
21550,1864,1,3,2,90909
21550,1865,1,1,2,83333
21550,1866,1,1,2,62500
21550,1868,1,1,2,166667
21550,1873,1,1,2,37037
21550,3035,1,1,2,186
21550,4053,1,1,-1,114506
21550,4077,1,1,1,5916
21550,4088,1,1,1,4970
21550,4089,1,1,1,4970
21550,5354,1,1,2,434
21550,6329,1,1,-1,15353
21550,6331,1,1,-1,20393
21550,8729,1,1,200,1116
21550,8739,1,1,200,372
21550,12183,1,1,1,929
21550,12185,1,1,1,929
21550,12202,1,1,1,929
21551,57,1463,2964,0,700000
21551,730,1,1,2,739
21551,1343,10,30,2,142857
21551,1874,1,1,2,5917
21551,1878,1,1,2,34483
21551,1884,1,5,-1,927765
21551,1884,1,1,2,71429
21551,1889,1,1,2,7407
21551,4080,1,1,-1,62023
21551,4090,1,1,1,4997
21551,4091,1,1,1,4997
21551,4096,1,1,1,4997
21551,4099,1,1,1,4997
21551,5220,1,1,2,5090
21551,5460,1,1,-1,1648
21551,8729,1,1,200,4444
21551,12187,1,1,1,554
21551,12188,1,1,1,554
21551,12189,1,1,1,554
21551,12190,1,1,1,554
21552,57,1385,2810,0,700000
21552,730,1,1,2,101
21552,1343,10,30,2,142857
21552,1874,1,1,2,6329
21552,1878,1,1,2,34483
21552,1884,1,5,-1,879110
21552,1884,1,1,2,58824
21552,1889,1,1,2,5747
21552,4080,1,1,-1,58770
21552,4090,1,1,1,4735
21552,4091,1,1,1,4735
21552,4096,1,1,1,4735
21552,4099,1,1,1,4735
21552,5220,1,1,2,4310
21552,5460,1,1,-1,1561
21552,8729,1,1,200,1218
21552,8739,1,1,200,332
21552,12187,1,1,1,443
21552,12188,1,1,1,443
21552,12189,1,1,1,997
21552,12190,1,1,1,775
21553,57,854,1732,0,700000
21553,1868,1,1,2,125000
21553,1873,1,1,2,31250
21553,1876,1,1,2,11628
21553,1895,1,2,-1,603815
21553,1895,1,1,2,18868
21553,4042,1,1,2,709
21553,4080,1,1,-1,43471
21553,4090,1,1,1,3503
21553,4091,1,1,1,3503
21553,4096,1,1,1,3503
21553,4099,1,1,1,3503
21553,5346,1,1,-1,14286
21553,5348,1,1,2,84
21553,5462,1,1,2,39
21553,8729,1,1,200,567
21553,8739,1,1,200,850
21553,12187,1,1,1,283
21553,12188,1,1,1,425
21553,12189,1,1,1,567
21553,12190,1,1,1,425
21554,57,1025,2078,0,700000
21554,1868,1,1,2,142857
21554,1873,1,1,2,27778
21554,1876,1,1,2,13699
21554,1895,1,1,-1,603815
21554,1895,1,1,2,20000
21554,4042,1,1,2,738
21554,4080,1,1,-1,43471
21554,4090,1,1,1,3503
21554,4091,1,1,1,3503
21554,4096,1,1,1,3503
21554,4099,1,1,1,3503
21554,5346,1,1,-1,14286
21554,5348,1,1,2,246
21554,5462,1,1,2,39
21554,6329,1,1,-1,12146
21554,8729,1,1,200,861
21554,8739,1,1,200,246
21554,12187,1,1,1,369
21554,12188,1,1,1,738
21554,12189,1,1,1,615
21554,12190,1,1,1,492
21555,57,1246,2527,0,700000
21555,1867,1,1,2,100000
21555,1872,1,1,2,111111
21555,1875,1,1,2,5747
21555,1881,1,1,2,15625
21555,4041,1,1,2,576
21555,4082,1,1,-1,29030
21555,4083,1,1,-1,29030
21555,4120,1,1,1,1659
21555,5354,1,1,-1,28571
21555,5466,1,1,2,47
21555,8729,1,1,200,864
21555,8739,1,1,200,89
21555,11933,1,1,1,144
21556,57,1216,2466,0,700000
21556,1867,1,1,2,111111
21556,1872,1,1,2,125000
21556,1875,1,1,2,6024
21556,1881,1,1,2,13158
21556,4041,1,1,2,657
21556,4082,1,1,-1,28328
21556,4083,1,1,-1,28328
21556,4120,1,1,1,1618
21556,5354,1,1,-1,28571
21556,5466,1,1,2,46
21556,8729,1,1,200,876
21556,8739,1,1,200,219
21556,11933,1,1,1,110
21557,57,1438,2917,0,700000
21557,1343,10,30,2,142857
21557,1876,1,1,2,16667
21557,1877,1,1,2,4785
21557,1880,1,1,2,9434
21557,1881,1,1,2,14925
21557,1882,1,1,2,20833
21557,4078,1,1,1,2134
21557,4080,1,1,1,3004
21557,4081,1,1,1,1440
21557,4082,1,1,-1,33514
21557,4083,1,1,-1,33514
21557,5440,1,1,2,47
21557,5470,1,1,-1,1621
21557,8729,1,1,200,1115
21557,8739,1,1,200,319
21557,8759,1,1,200,159
21557,12184,1,1,1,478
21557,12193,1,1,1,478
21557,12204,1,1,1,478
21558,57,1438,2917,0,700000
21558,1343,10,30,2,142857
21558,1876,1,1,2,18868
21558,1877,1,1,2,3984
21558,1880,1,1,2,9709
21558,1881,1,1,2,12500
21558,1882,1,1,2,23256
21558,4078,1,1,1,2134
21558,4080,1,1,1,3004
21558,4081,1,1,1,1440
21558,4082,1,1,-1,33514
21558,4083,1,1,-1,33514
21558,5440,1,1,2,47
21558,5470,1,1,-1,1621
21558,8729,1,1,200,1808
21558,8739,1,1,200,301
21558,12184,1,1,1,211
21558,12193,1,1,1,452
21558,12204,1,1,1,301
21559,57,1573,3190,0,700000
21559,1343,10,30,2,142857
21559,1864,1,3,2,111111
21559,1869,1,1,2,100000
21559,1878,1,1,2,45455
21559,1884,1,1,2,66667
21559,4039,1,1,2,3155
21559,4085,1,1,-1,56374
21559,4090,1,1,1,5376
21559,4091,1,1,1,5376
21559,4096,1,1,1,5376
21559,4099,1,1,1,5376
21559,5448,1,1,2,68
21559,6329,1,1,-1,18642
21559,6331,1,1,-1,24761
21559,8729,1,1,200,1164
21559,8739,1,1,200,68
21559,8749,1,1,200,68
21559,12187,1,1,1,617
21559,12188,1,1,1,959
21559,12189,1,1,1,754
21559,12190,1,1,1,617
21560,57,1574,3189,0,700000
21560,1865,1,1,2,125000
21560,1870,1,1,2,100000
21560,1875,1,1,-1,216249
21560,1875,1,1,2,4854
21560,1879,1,1,2,27778
21560,4040,1,1,-1,64875
21560,4040,1,1,2,2695
21560,4084,1,1,1,2081
21560,4085,1,1,1,2081
21560,4086,1,1,-1,76117
21560,4086,1,1,1,2810
21560,4087,1,1,1,2810
21560,5450,1,1,2,60
21560,8729,1,1,200,1616
21560,12192,1,1,1,808
21560,12201,1,1,1,808
21560,12203,1,1,1,808
21560,12205,1,1,1,808
21561,57,1318,2693,0,700000
21561,1343,10,30,2,111111
21561,1865,1,1,2,83333
21561,1870,1,1,2,76923
21561,1875,1,1,2,4292
21561,1879,1,1,2,14925
21561,3956,1,1,-1,3641
21561,4040,1,1,2,1279
21561,4078,1,1,1,1964
21561,4080,1,1,1,2766
21561,4081,1,1,1,1325
21561,4116,1,1,-1,11932
21561,4117,1,1,-1,11932
21561,5456,1,1,2,183
21561,6670,1,1,2,10989
21561,8730,1,1,200,1370
21561,8740,1,1,200,35
21561,12184,1,1,1,91
21561,12193,1,1,1,548
21561,12204,1,1,1,183
21562,57,1364,2788,0,700000
21562,1866,1,1,2,62500
21562,1871,1,1,2,100000
21562,1885,1,1,2,9615
21562,4041,1,1,2,416
21562,4084,1,1,1,1814
21562,4085,1,1,1,1814
21562,4086,1,1,1,2449
21562,4087,1,1,1,2449
21562,4118,1,1,-1,11706
21562,5156,1,1,-1,3770
21562,5220,1,1,-1,113103
21562,5220,1,1,2,3534
21562,5462,1,1,2,52
21562,8730,1,1,200,1458
21562,8740,1,1,200,416
21562,12192,1,1,1,625
21562,12201,1,1,1,416
21562,12203,1,1,1,416
21562,12205,1,1,1,625
21563,57,1585,3240,0,700000
21563,1343,10,30,2,166667
21563,1867,1,1,2,142857
21563,1872,1,1,2,142857
21563,1882,1,1,2,23256
21563,1894,1,1,2,4425
21563,4042,1,1,-1,54757
21563,4042,1,1,2,1818
21563,4078,1,1,1,2363
21563,4080,1,1,1,3328
21563,4081,1,1,1,1595
21563,4119,1,1,-1,14381
21563,5161,1,1,-1,4381
21563,5464,1,1,2,52
21563,8730,1,1,200,1025
21563,8740,1,1,200,186
21563,12184,1,1,1,140
21563,12193,1,1,1,280
21563,12204,1,1,1,140
21564,57,1508,3081,0,700000
21564,1868,1,1,2,200000
21564,1873,1,1,2,45455
21564,1889,1,1,2,7813
21564,4044,1,1,2,2427
21564,4082,1,1,1,2608
21564,4083,1,1,1,2608
21564,4120,1,1,-1,13658
21564,4121,1,1,-1,13612
21564,5166,1,1,-1,4167
21564,5466,1,1,2,58
21564,5549,1,1,2,10204
21564,8730,1,1,200,1563
21564,8740,1,1,200,347
21564,12186,1,1,1,347
21564,12194,1,1,1,347
21565,57,1533,3116,0,700000
21565,1867,1,1,2,166667
21565,1872,1,1,2,142857
21565,1882,1,1,2,24390
21565,1894,1,1,2,3236
21565,4042,1,1,2,2519
21565,5464,1,1,-1,1173
21565,5464,1,1,2,72
21565,5520,1,1,-1,20416
21565,5521,1,1,-1,14406
21565,5542,1,1,1,1577
21565,8730,1,1,200,1656
21565,8740,1,1,200,360
21565,8750,1,1,200,144
21565,11960,1,1,1,72
21566,57,1676,3408,0,700000
21566,729,1,1,-1,385
21566,1343,10,30,2,166667
21566,1868,1,1,2,250000
21566,1873,1,1,2,50000
21566,1889,1,1,2,5587
21566,4044,1,1,-1,115417
21566,4044,1,1,2,3497
21566,5466,1,1,2,140
21566,5535,1,1,1,1745
21566,5549,1,2,-1,346250
21566,5549,1,1,2,9091
21566,8730,1,1,200,840
21566,8740,1,1,200,140
21566,8750,1,1,200,140
21566,11955,1,1,1,560
21567,57,2004,4074,0,700000
21567,1864,1,1,2,333333
21567,1869,1,1,2,142857
21567,1880,1,1,2,13333
21567,4043,1,1,2,4405
21567,5466,1,1,-1,1533
21567,5524,1,1,-1,40791
21567,5525,1,1,-1,63977
21567,5536,1,1,1,2080
21567,5550,1,1,2,2653
21567,6335,1,1,2,583
21567,8730,1,1,200,1425
21567,8740,1,1,200,453
21567,8750,1,1,200,65
21567,11951,1,1,1,324
21568,57,1583,3214,0,700000
21568,730,1,1,-1,2722
21568,1343,10,30,2,166667
21568,1865,1,1,2,100000
21568,1870,1,1,2,111111
21568,1874,1,1,2,7042
21568,4039,1,1,2,3356
21568,4043,1,1,2,3663
21568,5526,1,1,-1,50497
21568,5536,1,1,1,1642
21568,6335,1,1,-1,12564
21568,6337,1,1,2,306
21568,8730,1,1,200,917
21568,8740,1,1,200,611
21568,11951,1,1,1,6
21569,57,1199,2435,0,700000
21569,730,1,1,-1,2062
21569,1343,10,30,2,111111
21569,1865,1,1,2,66667
21569,1870,1,1,2,83333
21569,1874,1,1,2,4717
21569,4039,1,1,2,2857
21569,4043,1,1,2,2000
21569,5526,1,1,-1,38242
21569,5536,1,1,1,1244
21569,6335,1,1,-1,9515
21569,6337,1,1,2,571
21569,8730,1,1,200,428
21569,8740,1,1,200,143
21569,11951,1,1,1,856
21570,57,1248,2111,0,700000
21570,1867,1,1,2,125000
21570,1872,1,1,2,125000
21570,1875,1,1,2,6711
21570,1881,1,1,2,11236
21570,4041,1,1,2,576
21570,5464,1,1,-1,954
21570,5539,1,1,1,1283
21570,5542,1,1,-1,8684
21570,5543,1,1,-1,8766
21570,6339,1,1,2,672
21570,8730,1,1,200,1441
21570,8740,1,1,200,288
21570,11950,1,1,1,43
21571,57,1644,3334,0,700000
21571,729,1,1,-1,377
21571,729,1,1,2,19
21571,1343,10,30,2,166667
21571,1895,1,1,2,23810
21571,4040,1,1,2,1957
21571,4042,1,1,-1,56507
21571,4042,1,1,2,3521
21571,4043,1,1,-1,113015
21571,4043,1,1,2,7463
21571,5535,1,1,1,1709
21571,8730,1,1,200,1957
21571,11955,1,1,1,392
21572,57,1698,3447,0,700000
21572,730,1,1,2,227
21572,1868,1,1,2,250000
21572,1873,1,1,2,43478
21572,1889,1,1,2,9346
21572,4044,1,1,2,4098
21572,5352,1,1,2,223
21572,5466,1,1,-1,1298
21572,5536,1,1,1,1761
21572,5547,1,1,-1,11921
21572,5548,1,1,-1,11921
21572,5549,1,1,2,10000
21572,8730,1,1,200,910
21572,8740,1,1,200,1138
21572,11951,1,1,1,227
21573,57,1751,3554,0,700000
21573,730,1,1,-1,3010
21573,1343,10,30,2,166667
21573,1868,1,3,2,125000
21573,1873,1,1,2,45455
21573,1876,1,1,2,24390
21573,1895,1,1,2,34483
21573,4042,1,1,2,2252
21573,5434,1,1,2,57
21573,5494,1,1,1,3735
21573,5525,1,1,1,2750
21573,5526,1,1,1,2750
21573,6335,1,1,-1,13894
21573,6341,1,1,-1,99914
21573,8730,1,1,200,1252
21573,8740,1,1,200,28
21573,8750,1,1,200,125
21573,12225,1,1,1,375
21573,12226,1,1,1,876
21573,12234,1,1,1,751
21574,57,2136,4344,0,700000
21574,729,1,1,-1,490
21574,1343,30,90,2,83333
21574,1868,1,3,2,200000
21574,1873,1,1,2,76923
21574,1889,1,1,2,11628
21574,4044,1,1,2,6757
21574,5448,1,1,-1,1634
21574,5466,1,1,2,69
21574,5494,1,1,-1,92661
21574,5542,1,1,1,2198
21574,5549,1,1,2,20408
21574,10305,1,1,1,749
21574,11960,1,1,1,250
21575,57,1203,2448,0,700000
21575,729,1,1,-1,276
21575,1343,10,30,2,166667
21575,1868,1,1,2,250000
21575,1873,1,1,2,45455
21575,1889,1,1,2,6803
21575,4044,1,1,2,3413
21575,5448,1,1,-1,921
21575,5466,1,1,2,39
21575,5494,1,1,-1,52203
21575,5542,1,1,1,1238
21575,5549,1,1,2,8850
21575,10305,1,1,1,620
21575,11960,1,1,1,5
21576,57,1406,2858,0,700000
21576,1343,10,30,2,125000
21576,1868,1,1,2,200000
21576,1873,1,1,2,37037
21576,1876,1,1,2,16949
21576,1895,1,1,2,25641
21576,4042,1,1,2,1186
21576,5450,1,1,-1,1075
21576,5456,1,1,-1,1075
21576,5497,1,1,-1,68051
21576,5536,1,1,1,1459
21576,6337,1,1,2,297
21576,8730,1,1,200,297
21576,8740,1,1,200,297
21576,11951,1,1,1,196
21577,57,1357,2750,0,700000
21577,1343,10,30,2,125000
21577,1868,1,1,2,142857
21577,1873,1,1,2,38462
21577,1876,1,1,2,18868
21577,1895,1,1,2,26316
21577,4042,1,1,2,2353
21577,5450,1,1,-1,1038
21577,5456,1,1,-1,1038
21577,5497,1,1,-1,65708
21577,5536,1,1,1,1409
21577,6337,1,1,2,607
21577,8730,1,1,200,784
21577,11951,1,1,1,5
21578,57,1588,3238,0,700000
21578,1344,10,30,2,125000
21578,1866,1,1,2,71429
21578,1871,1,1,2,111111
21578,1877,1,1,2,4149
21578,4040,1,1,2,2695
21578,4041,1,1,2,830
21578,5277,1,1,2,62
21578,5464,1,1,-1,1217
21578,5482,1,1,-1,43386
21578,5485,1,1,-1,27641
21578,5539,1,1,1,1638
21578,8730,1,1,200,1451
21578,8740,1,1,200,207
21578,11950,1,1,1,311
21579,57,1660,3380,0,700000
21579,729,1,1,-1,381
21579,1868,1,1,2,250000
21579,1873,1,1,2,38462
21579,1876,1,1,-1,686571
21579,1876,1,1,2,26316
21579,1895,1,1,2,41667
21579,4042,1,1,-1,57214
21579,4042,1,1,2,1307
21579,5282,1,1,2,76
21579,5535,1,1,1,1730
21579,8730,1,1,200,1742
21579,8740,1,1,200,436
21579,11955,1,1,1,6
21580,57,1682,3428,0,700000
21580,1344,10,30,2,142857
21580,1868,1,1,2,250000
21580,1873,1,1,2,41667
21580,1876,1,1,2,25000
21580,1895,1,1,2,32258
21580,4042,1,1,2,1672
21580,5466,1,1,-1,1289
21580,5486,1,1,-1,20595
21580,5489,1,1,-1,45940
21580,5536,1,1,1,1750
21580,6671,1,1,2,14280
21580,6901,1,1,2,129
21580,8730,1,1,200,1314
21580,8740,1,1,200,119
21580,11951,1,1,1,358
21581,57,1839,3749,0,700000
21581,730,1,1,-1,3172
21581,1808,1,1,2,113
21581,1865,1,1,2,142857
21581,1870,1,1,2,142857
21581,1875,1,1,2,9009
21581,1879,1,1,2,22727
21581,4040,1,1,2,2985
21581,5494,1,1,-1,79945
21581,5539,1,1,1,1896
21581,6335,1,1,-1,14641
21581,8730,1,1,200,1689
21581,8740,1,1,200,507
21581,8750,1,1,200,22
21581,8760,1,1,200,22
21581,11950,1,1,1,281
21582,57,1824,3716,0,700000
21582,1344,10,30,2,142857
21582,1866,1,1,2,90909
21582,1871,1,1,2,111111
21582,1885,1,1,2,9091
21582,3036,1,1,2,71
21582,4041,1,1,-1,32801
21582,4041,1,1,2,975
21582,5220,1,1,-1,150885
21582,5220,1,1,2,6993
21582,5496,1,1,-1,88444
21582,5535,1,1,1,1901
21582,8730,1,1,200,1300
21582,8740,1,1,200,248
21582,8750,1,1,200,124
21582,11955,1,1,1,487
21583,57,1857,3793,0,700000
21583,1344,30,90,2,71429
21583,1864,4,12,2,47619
21583,1869,1,1,2,166667
21583,1878,1,1,2,71429
21583,1884,1,5,-1,789121
21583,1884,1,1,2,111111
21583,3036,1,1,2,46
21583,4039,1,1,-1,128232
21583,4039,1,1,2,6289
21583,5532,1,1,-1,12973
21583,5532,1,1,1,958
21583,5543,1,1,1,967
21583,6901,1,1,2,163
21583,8341,1,1,1,571
21583,8346,1,1,1,725
21583,10305,1,1,1,504
21583,11946,1,1,1,57
21583,11949,1,1,1,57
21583,11953,1,1,1,57
21583,11958,1,1,1,57
21584,57,1732,3537,0,700000
21584,1344,30,90,2,66667
21584,1864,4,12,2,41667
21584,1869,1,1,2,166667
21584,1878,1,1,2,66667
21584,1884,1,5,-1,735982
21584,1884,1,1,2,100000
21584,3036,1,1,2,103
21584,4039,1,1,-1,119597
21584,4039,1,1,2,6211
21584,5532,1,1,-1,12099
21584,5532,1,1,1,894
21584,5543,1,1,1,902
21584,6901,1,1,2,152
21584,8341,1,1,1,682
21584,8346,1,1,1,682
21584,10305,1,1,1,310
21584,11946,1,1,1,26
21584,11949,1,1,1,26
21584,11953,1,1,1,26
21584,11958,1,1,1,26
21585,57,1443,2946,0,700000
21585,730,1,1,-1,2490
21585,1344,10,30,2,125000
21585,1868,1,1,2,200000
21585,1873,1,1,2,34483
21585,1876,1,1,-1,597702
21585,1876,1,1,2,19608
21585,1895,1,1,2,27027
21585,3036,1,1,2,57
21585,4042,1,1,2,912
21585,5535,1,1,1,1507
21585,5536,1,1,-1,10168
21585,8730,1,1,200,1368
21585,8740,1,1,200,228
21585,11955,1,1,1,228
21586,57,1733,3538,0,700000
21586,1868,1,1,2,250000
21586,1873,1,1,2,52632
21586,1876,1,1,2,28571
21586,1895,1,3,-1,512618
21586,1895,1,1,2,37037
21586,3957,1,1,2,79
21586,4042,1,1,2,1905
21586,5462,1,1,-1,1329
21586,5536,1,1,1,1804
21586,5539,1,1,-1,12101
21586,8730,1,1,200,1295
21586,8740,1,1,200,152
21586,8750,1,1,200,76
21586,11951,1,1,1,305
21587,57,1815,3706,0,700000
21587,1344,10,30,2,142857
21587,1865,1,1,2,125000
21587,1870,1,1,2,125000
21587,1875,1,1,2,8130
21587,1879,1,1,2,20408
21587,4040,1,1,2,2217
21587,5157,1,1,2,102
21587,5464,1,1,-1,1392
21587,5539,1,1,1,1872
21587,5542,1,1,-1,12676
21587,5543,1,1,-1,12795
21587,8730,1,1,200,1603
21587,8740,1,1,200,443
21587,11950,1,1,1,102
21588,57,1499,3053,0,700000
21588,729,1,1,-1,345
21588,1344,10,30,2,111111
21588,1868,1,1,2,200000
21588,1873,1,1,2,43478
21588,1876,1,1,2,21739
21588,1895,1,1,2,30303
21588,4042,1,1,-1,51677
21588,4042,1,1,2,946
21588,5478,1,1,-1,26073
21588,5547,1,1,1,779
21588,5548,1,1,1,779
21588,6901,1,1,2,131
21588,8331,1,1,1,593
21588,8731,1,1,200,709
21588,8741,1,1,200,118
21588,11952,1,1,1,39
21588,11954,1,1,1,39
21588,11957,1,1,1,39
21589,57,1539,3132,0,700000
21589,729,1,1,-1,353
21589,1344,10,30,2,125000
21589,1868,1,1,2,200000
21589,1873,1,1,2,41667
21589,1876,1,1,2,20408
21589,1895,1,1,2,34483
21589,4042,1,1,-1,53012
21589,4042,1,1,2,1468
21589,5478,1,1,-1,26747
21589,5547,1,1,1,799
21589,5548,1,1,1,799
21589,6901,1,1,2,183
21589,8331,1,1,1,435
21589,8731,1,1,200,550
21589,8741,1,1,200,367
21589,11952,1,1,1,245
21589,11954,1,1,1,245
21589,11957,1,1,1,245
21590,57,1499,3053,0,700000
21590,1344,10,30,2,125000
21590,1864,1,3,2,111111
21590,1869,1,1,2,111111
21590,1878,1,1,2,40000
21590,1884,1,1,2,62500
21590,3036,1,1,2,189
21590,4039,1,1,2,4065
21590,5440,1,1,-1,1148
21590,5482,1,1,-1,40924
21590,5485,1,1,-1,26073
21590,5539,1,1,1,1544
21590,8731,1,1,200,946
21590,8741,1,1,200,95
21590,8751,1,1,200,95
21590,11950,1,1,1,189
21591,57,1756,3570,0,700000
21591,1344,30,90,2,47619
21591,1864,1,3,2,125000
21591,1869,1,1,2,125000
21591,1878,1,1,2,47619
21591,1884,1,1,2,66667
21591,3036,1,1,2,69
21591,4039,1,1,2,2985
21591,5440,1,1,-1,1343
21591,5482,1,1,-1,47868
21591,5485,1,1,-1,30497
21591,5539,1,1,1,1807
21591,8731,1,1,200,2320
21591,8741,1,1,200,331
21591,11950,1,1,1,6
21592,57,1293,2191,0,700000
21592,1344,10,30,2,100000
21592,1864,1,1,2,166667
21592,1869,1,1,2,90909
21592,1878,1,1,2,38462
21592,1884,1,1,2,55556
21592,3036,1,1,2,50
21592,4039,1,1,2,3546
21592,5440,1,1,-1,989
21592,5482,1,1,-1,35249
21592,5485,1,1,-1,22457
21592,5539,1,1,1,1331
21592,8731,1,1,200,2358
21592,11950,1,1,1,5
21593,57,2068,4210,0,700000
21593,729,1,1,-1,475
21593,1868,1,1,2,333333
21593,1873,1,1,2,62500
21593,1876,1,1,2,33333
21593,1895,1,1,2,43478
21593,4042,1,1,2,2358
21593,5162,1,1,2,75
21593,5448,1,1,-1,1584
21593,5494,1,1,-1,89797
21593,5539,1,1,1,2131
21593,8731,1,1,200,1161
21593,8741,1,1,200,337
21593,8751,1,1,200,75
21593,8761,1,1,200,37
21593,11950,1,1,1,75
21594,57,1939,3947,0,700000
21594,729,1,1,-1,445
21594,1868,1,1,2,333333
21594,1873,1,1,2,55556
21594,1876,1,1,2,27027
21594,1895,1,1,2,41667
21594,4042,1,1,2,2849
21594,5162,1,1,2,98
21594,5448,1,1,-1,1485
21594,5494,1,1,-1,84188
21594,5539,1,1,1,1997
21594,8731,1,1,200,1376
21594,8741,1,1,200,196
21594,11950,1,1,1,98
21595,57,1373,2786,0,700000
21595,729,1,1,-1,315
21595,1868,1,1,2,200000
21595,1873,1,1,2,47619
21595,1876,1,1,2,34483
21595,1895,1,1,2,34483
21595,4042,1,1,2,2193
21595,5162,1,1,2,62
21595,5448,1,1,-1,1049
21595,5494,1,1,-1,59510
21595,5539,1,1,1,1412
21595,11950,1,1,1,110
21596,57,1982,4028,0,700000
21596,729,1,1,2,20
21596,1343,20,60,2,83333
21596,1867,1,1,2,166667
21596,1872,1,1,2,166667
21596,1875,1,1,2,8065
21596,1881,1,1,2,15385
21596,4041,1,1,2,976
21596,5350,1,1,2,247
21596,5535,1,1,-1,13962
21596,5542,1,1,1,2039
21596,6337,1,1,-1,20985
21596,6339,1,1,-1,31477
21596,8730,1,1,200,2193
21596,8740,1,1,200,976
21596,11960,1,1,1,488
21597,57,1247,2547,0,700000
21597,1343,10,30,2,125000
21597,1864,1,1,2,166667
21597,1869,1,1,2,83333
21597,1880,1,1,2,9709
21597,4043,1,1,-1,86136
21597,4043,1,1,2,1538
21597,4052,1,1,-1,91488
21597,4121,1,1,1,1663
21597,5550,1,1,-1,34455
21597,5550,1,1,2,2825
21597,6335,1,1,2,420
21597,8730,1,1,200,257
21597,8740,1,1,200,513
21597,11944,1,1,1,6
21598,57,1396,2378,0,700000
21598,1865,1,1,2,100000
21598,1870,1,1,2,100000
21598,1874,1,1,2,6369
21598,4039,1,1,2,4587
21598,4043,1,1,2,3571
21598,4053,1,1,-1,124039
21598,4084,1,1,1,1857
21598,4085,1,1,1,1857
21598,4086,1,1,1,2507
21598,4087,1,1,1,2507
21598,5230,1,1,-1,3858
21598,5271,1,1,-1,3858
21598,6337,1,1,2,766
21598,8730,1,1,200,1531
21598,8740,1,1,200,255
21598,12192,1,1,1,255
21598,12201,1,1,1,255
21598,12203,1,1,1,255
21598,12205,1,1,1,255
21599,57,2112,4305,0,700000
21599,1867,1,1,2,200000
21599,1872,1,1,2,200000
21599,1882,1,1,2,35714
21599,1894,1,1,2,5263
21599,3957,1,1,2,96
21599,4042,1,1,2,2481
21599,5497,1,1,-1,102474
21599,5536,1,1,1,2196
21599,6337,1,1,-1,22413
21599,6339,1,1,-1,33619
21599,8730,1,1,200,2070
21599,8740,1,1,200,517
21599,8750,1,1,200,207
21599,11951,1,1,1,8
21600,57,1378,2803,0,700000
21600,729,1,1,2,109
21600,1343,10,30,2,142857
21600,1864,1,3,2,90909
21600,1869,1,1,2,90909
21600,1878,1,1,2,32258
21600,1884,1,5,-1,875794
21600,1884,1,1,2,62500
21600,4039,1,1,2,3472
21600,5462,1,1,-1,1054
21600,5509,1,1,-1,66737
21600,5547,1,1,1,716
21600,5548,1,1,1,716
21600,8331,1,1,1,454
21600,8730,1,1,200,1304
21600,11952,1,1,1,15
21600,11954,1,1,1,15
21600,11957,1,1,1,15
21601,57,1661,3379,0,700000
21601,730,1,1,2,109
21601,1866,1,1,2,83333
21601,1871,1,1,2,125000
21601,1877,1,1,2,4587
21601,4040,1,1,2,3049
21601,4041,1,1,2,1634
21601,5464,1,1,-1,1271
21601,5520,1,1,-1,22126
21601,5521,1,1,-1,15613
21601,5532,1,1,1,855
21601,5543,1,1,1,863
21601,8341,1,1,1,305
21601,8346,1,1,1,724
21601,8730,1,1,200,763
21601,11946,1,1,1,109
21601,11949,1,1,1,109
21601,11953,1,1,1,109
21601,11958,1,1,1,109
21602,57,583,1165,0,700000
21602,61,1,1,1,104
21602,607,1,1,1,104
21602,1125,1,1,1,104
21602,1825,1,1,-1,86056
21602,1865,1,1,2,111111
21602,1870,1,1,2,83333
21602,1875,1,1,2,5762
21602,1879,1,1,2,14405
21602,1902,1,1,-1,122065
21602,1949,1,1,1,5627
21602,1957,1,1,1,5627
21602,1963,1,1,1,5627
21602,2162,1,1,2,4176
21602,2312,1,1,2,378
21602,2427,1,1,1,104
21602,2428,1,1,1,104
21602,2451,1,1,1,104
21602,2931,1,1,1,5627
21602,2932,1,1,1,5627
21602,2933,1,1,1,5627
21602,5159,1,1,2,289
21602,5231,1,1,-1,86056
21603,57,963,1590,0,700000
21603,61,1,1,1,146
21603,607,1,1,1,146
21603,1125,1,1,1,146
21603,1825,1,1,-1,121859
21603,1865,1,1,2,122385
21603,1870,1,1,2,122385
21603,1875,1,1,2,8159
21603,1879,1,1,2,20398
21603,1902,1,1,-1,172850
21603,1949,1,1,1,7968
21603,1957,1,1,1,7968
21603,1963,1,1,1,7968
21603,2162,1,1,2,5913
21603,2312,1,1,2,535
21603,2427,1,1,1,146
21603,2428,1,1,1,146
21603,2451,1,1,1,146
21603,2931,1,1,1,7968
21603,2932,1,1,1,7968
21603,2933,1,1,1,7968
21603,5159,1,1,2,408
21603,5231,1,1,-1,121859
21604,57,1382,2703,0,700000
21604,353,1,1,1,178
21604,380,1,1,1,284
21604,1805,1,1,-1,9195
21604,1805,1,1,2,924
21604,1867,1,3,2,200000
21604,1872,1,3,2,125000
21604,1882,1,1,2,66667
21604,1894,1,1,2,9721
21604,1905,1,1,-1,268330
21604,1950,1,1,1,11240
21604,1951,1,1,1,17481
21604,4469,1,1,-1,15762
21605,57,648,1314,0,700000
21605,281,1,1,1,28
21605,1867,1,1,2,120574
21605,1872,1,1,2,120574
21605,1874,1,1,-1,89292
21605,1875,1,1,-1,89292
21605,1875,1,1,2,6029
21605,1881,1,1,2,12058
21605,1905,1,1,-1,130289
21605,2074,1,1,1,2242
21605,2205,1,1,2,2862
21605,2209,1,1,2,6800
21605,2299,1,1,2,395
21606,57,943,1789,0,700000
21606,281,1,1,1,40
21606,1867,1,1,2,170738
21606,1872,1,1,2,170738
21606,1874,1,1,-1,126442
21606,1875,1,1,-1,126442
21606,1875,1,1,2,8537
21606,1881,1,1,2,17074
21606,1905,1,1,-1,184497
21606,2074,1,1,1,3174
21606,2205,1,1,2,4053
21606,2209,1,1,2,9629
21606,2299,1,1,2,560
21607,57,1429,2915,0,700000
21607,354,1,1,1,139
21607,381,1,1,1,222
21607,1875,1,1,2,15563
21607,1879,1,1,2,38907
21607,1885,1,1,2,19454
21607,1908,1,1,-1,280642
21607,1909,1,1,-1,400213
21607,1959,1,1,1,9433
21607,1960,1,1,1,19189
21607,2163,1,1,-1,151203
21607,2163,1,1,2,11911
21607,5549,1,1,2,23344
21607,5550,1,1,2,3113
21607,8723,1,1,200,2703
21608,57,549,1079,0,700000
21608,439,1,1,1,69
21608,471,1,1,1,110
21608,1865,1,1,2,51914
21608,1870,1,1,2,51914
21608,1871,1,3,-1,549216
21608,1875,1,1,2,3461
21608,1879,1,1,-1,183072
21608,1879,1,1,2,8653
21608,1906,1,1,-1,150987
21608,1954,1,1,1,6900
21608,1962,1,1,1,4154
21608,2303,1,1,2,227
21608,2990,1,1,2,4121
21608,3000,1,1,2,3328
21608,3033,1,1,2,173
21608,3954,1,1,2,174
21608,4040,1,1,2,1039
21609,57,835,1369,0,700000
21609,439,1,1,1,97
21609,471,1,1,1,156
21609,1865,1,1,2,73513
21609,1870,1,1,2,73513
21609,1871,1,5,-1,777719
21609,1875,1,1,2,4901
21609,1879,1,1,-1,259240
21609,1879,1,1,2,12253
21609,1906,1,1,-1,213806
21609,1954,1,1,1,9771
21609,1962,1,1,1,5882
21609,2303,1,1,2,322
21609,2990,1,1,2,5835
21609,3000,1,1,2,4713
21609,3033,1,1,2,245
21609,3954,1,1,2,246
21609,4040,1,1,2,1471
21610,57,1392,2790,0,700000
21610,397,1,1,1,178
21610,1864,1,3,2,111111
21610,1869,1,7,-1,946366
21610,1869,1,1,2,200000
21610,1880,1,1,2,24390
21610,1961,1,1,1,10735
21610,2163,1,1,-1,144852
21610,2164,1,1,2,8065
21610,2387,1,1,1,284
21610,2935,1,1,1,17835
21610,4043,1,1,-1,94637
21610,4043,1,1,2,7455
21610,5550,1,1,2,2982
21610,8733,1,1,200,8065
21611,57,643,1220,0,700000
21611,631,1,1,1,152
21611,1867,1,1,2,100461
21611,1872,1,1,2,100461
21611,1882,1,1,2,16744
21611,1894,1,1,2,2644
21611,1908,1,1,-1,120774
21611,1964,1,1,1,8118
21611,2066,1,1,-1,10003
21611,2230,1,1,2,1461
21611,2320,1,1,-1,4444
21611,2326,1,1,2,263
21611,2413,1,1,1,107
21611,2495,1,1,1,152
21611,2936,1,1,1,7374
21611,2945,1,1,1,8118
21611,4042,1,1,2,1256
21611,6668,1,1,2,26909
21612,57,934,1570,0,700000
21612,631,1,1,1,214
21612,1867,1,1,2,142257
21612,1872,1,1,2,142257
21612,1882,1,1,2,23710
21612,1894,1,1,2,3744
21612,1908,1,1,-1,171022
21612,1964,1,1,1,11496
21612,2066,1,1,-1,14165
21612,2230,1,1,2,2068
21612,2320,1,1,-1,6293
21612,2326,1,1,2,372
21612,2413,1,1,1,151
21612,2495,1,1,1,214
21612,2936,1,1,1,10441
21612,2945,1,1,1,11496
21612,4042,1,1,2,1779
21612,6668,1,1,2,38105
21613,57,1521,3011,0,700000
21613,226,1,1,1,32
21613,232,1,1,1,32
21613,1864,1,14,-1,880611
21613,1864,1,3,2,242778
21613,1869,1,3,2,80926
21613,1880,1,1,2,24278
21613,2062,1,1,-1,24174
21613,2070,1,1,1,2892
21613,2072,1,1,1,2892
21613,2219,1,1,-1,191437
21613,2251,1,1,2,40464
21613,4043,1,1,2,8093
21613,5550,1,1,2,3237
21613,8723,1,1,200,4464
21613,8743,1,1,200,8929
21614,57,716,1240,0,700000
21614,227,1,1,1,11
21614,242,1,1,1,11
21614,952,1,1,2,1111
21614,1868,1,1,2,166618
21614,1873,1,1,2,33324
21614,1889,1,1,2,5554
21614,1967,1,1,-1,71784
21614,2083,1,1,1,969
21614,2084,1,1,1,969
21614,2166,1,1,-1,44616
21614,2229,1,1,2,1010
21614,2328,1,1,-1,3061
21614,4044,1,1,2,2777
21614,5549,1,1,2,8331
21615,57,750,1531,0,700000
21615,227,1,1,1,15
21615,242,1,1,1,15
21615,952,1,1,2,1573
21615,1868,1,1,2,235939
21615,1873,1,1,2,47188
21615,1889,1,1,2,7865
21615,1967,1,1,-1,101650
21615,2083,1,1,1,1373
21615,2084,1,1,1,1373
21615,2166,1,1,-1,63178
21615,2229,1,1,2,1430
21615,2328,1,1,-1,4334
21615,4044,1,1,2,3933
21615,5549,1,1,2,11798
21616,57,1834,3326,0,700000
21616,500,1,1,1,208
21616,632,1,1,1,298
21616,951,1,1,2,457
21616,1868,1,3,2,251215
21616,1873,1,3,-1,680372
21616,1873,1,1,2,100486
21616,1876,1,1,2,50243
21616,1895,1,1,2,71776
21616,1911,1,1,-1,253020
21616,1966,1,1,-1,124201
21616,1971,1,1,1,15380
21616,1972,1,1,1,20098
21616,2496,1,1,1,323
21616,2947,1,1,1,17945
21616,4042,1,1,2,4188
21617,57,666,1313,0,700000
21617,282,1,1,1,11
21617,285,1,1,1,11
21617,951,1,1,-1,2435
21617,952,1,1,2,990
21617,1864,1,1,2,148377
21617,1869,1,1,2,74189
21617,1880,1,1,2,7419
21617,1911,1,1,-1,99629
21617,2085,1,1,1,1027
21617,2086,1,1,1,1027
21617,2348,1,1,2,173
21617,2351,1,1,2,156
21617,4043,1,1,2,2473
21617,4438,1,1,-1,9553
21617,5550,1,1,2,990
21618,57,985,1865,0,700000
21618,282,1,1,1,15
21618,285,1,1,1,15
21618,951,1,1,-1,3449
21618,952,1,1,2,1401
21618,1864,1,1,2,210109
21618,1869,1,1,2,105055
21618,1880,1,1,2,10506
21618,1911,1,1,-1,141079
21618,2085,1,1,1,1454
21618,2086,1,1,1,1454
21618,2348,1,1,2,245
21618,2351,1,1,2,220
21618,4043,1,1,2,3502
21618,4438,1,1,-1,13527
21618,5550,1,1,2,1401
21619,57,1743,3406,0,700000
21619,282,1,1,1,27
21619,285,1,1,1,27
21619,952,1,1,2,3410
21619,1867,1,3,2,71429
21619,1869,2,6,2,62500
21619,1870,2,6,2,71429
21619,1871,1,1,2,125000
21619,1872,1,3,2,142857
21619,1912,1,1,-1,373082
21619,2085,1,1,1,2653
21619,2086,1,1,1,2653
21619,2166,1,1,-1,117363
21619,2167,1,1,-1,176643
21620,57,640,1251,0,700000
21620,853,1,1,1,98
21620,884,1,1,1,147
21620,916,1,1,1,74
21620,952,1,1,2,1272
21620,1865,1,1,2,95353
21620,1870,1,1,2,95353
21620,1874,1,1,2,6357
21620,1911,1,1,1,7093
21620,1912,1,1,1,10277
21620,1913,1,1,1,5799
21620,1976,1,1,-1,78518
21620,2167,1,1,-1,65879
21620,2335,1,1,-1,3003
21620,4039,1,1,2,3179
21620,4043,1,1,2,3179
21621,57,736,1501,0,700000
21621,853,1,1,1,138
21621,884,1,1,1,208
21621,916,1,1,1,104
21621,952,1,1,2,1800
21621,1865,1,1,2,135024
21621,1870,1,1,2,135024
21621,1874,1,1,2,9002
21621,1911,1,1,1,10044
21621,1912,1,1,1,14552
21621,1913,1,1,1,8212
21621,1976,1,1,-1,111186
21621,2167,1,1,-1,93288
21621,2335,1,1,-1,4252
21621,4039,1,1,2,4501
21621,4043,1,1,2,4501
21622,57,1628,3287,0,700000
21622,853,1,1,1,252
21622,884,1,1,1,380
21622,916,1,1,1,189
21622,951,1,1,-1,6068
21622,1342,40,120,2,38462
21622,1864,5,15,2,25641
21622,1865,1,7,-1,834354
21622,1865,3,9,2,35208
21622,1866,1,1,2,111111
21622,1868,1,3,2,100000
21622,1873,1,1,2,66667
21622,1911,1,1,1,18333
21622,1912,1,1,1,26561
21622,1913,1,1,-1,202944
21622,1913,1,1,1,14989
21622,2166,1,1,2,7162
21622,8724,1,1,200,12987
21622,8734,1,1,200,8403
21623,57,912,1457,0,700000
21623,283,1,1,1,16
21623,1539,1,1,-1,363117
21623,1866,1,1,2,56312
21623,1871,1,1,2,84467
21623,1877,1,1,2,3379
21623,1914,1,1,-1,91799
21623,2109,1,1,1,1895
21623,2357,1,1,2,138
21623,3014,1,1,2,2360
21623,4040,1,1,2,1690
21623,4041,1,1,2,735
21623,4188,1,1,2,98
21623,4601,1,1,-1,3631
21623,8735,1,1,200,3333
21624,57,1153,2145,0,700000
21624,283,1,1,1,23
21624,1539,1,1,-1,514192
21624,1866,1,1,2,79740
21624,1871,1,1,2,119610
21624,1877,1,1,2,4785
21624,1914,1,1,-1,129992
21624,2109,1,1,1,2683
21624,2357,1,1,2,196
21624,3014,1,1,2,3341
21624,4040,1,1,2,2393
21624,4041,1,1,2,1041
21624,4188,1,1,2,138
21624,4601,1,1,-1,5142
21625,57,1896,3653,0,700000
21625,1539,1,1,-1,831383
21625,1867,4,12,2,165765
21625,1872,7,21,2,88408
21625,1882,1,2,-1,831383
21625,1882,3,9,2,36837
21625,1894,1,1,2,34898
21625,2169,1,1,2,17604
21625,4042,1,1,2,16577
21625,4601,1,1,-1,8314
21625,8725,1,1,200,2950
21625,8735,1,1,200,1477
21626,57,589,1197,0,700000
21626,854,1,1,1,69
21626,885,1,1,1,103
21626,917,1,1,1,52
21626,1539,1,1,-1,324297
21626,1867,1,1,2,100583
21626,1872,1,1,2,100583
21626,1875,1,1,2,5030
21626,1881,1,1,2,10059
21626,1914,1,1,1,5652
21626,1915,1,1,1,8863
21626,1916,1,1,1,4281
21626,2355,1,1,2,124
21626,4041,1,1,-1,12690
21626,4041,1,1,2,657
21626,4601,1,1,2,168
21626,4603,1,1,-1,3243
21626,4609,1,1,2,168
21627,57,835,1695,0,700000
21627,854,1,1,1,97
21627,885,1,1,1,146
21627,917,1,1,1,73
21627,1539,1,1,-1,459222
21627,1867,1,1,2,142430
21627,1872,1,1,2,142430
21627,1875,1,1,2,7122
21627,1881,1,1,2,14243
21627,1914,1,1,1,8003
21627,1915,1,1,1,12550
21627,1916,1,1,1,6062
21627,2355,1,1,2,175
21627,4041,1,1,-1,17970
21627,4041,1,1,2,929
21627,4601,1,1,2,238
21627,4603,1,1,-1,4592
21627,4609,1,1,2,238
21628,57,1932,3513,0,700000
21628,162,1,1,1,5
21628,174,1,1,1,5
21628,196,1,1,1,5
21628,197,1,1,1,5
21628,199,1,1,1,5
21628,200,1,1,1,5
21628,201,1,1,1,5
21628,202,1,1,1,5
21628,1539,1,1,-1,838205
21628,1874,1,1,-1,251462
21628,1874,1,1,2,14856
21628,1878,1,1,2,89133
21628,1884,1,1,2,137128
21628,1889,1,1,2,14856
21628,2097,1,1,1,523
21628,2098,1,1,1,523
21628,2099,1,1,1,550
21628,2100,1,1,1,550
21628,2102,1,1,1,530
21628,2103,1,1,1,550
21628,2104,1,1,1,550
21628,2105,1,1,1,523
21628,2356,1,1,2,364
21628,3012,1,1,2,4158
21628,4604,1,1,-1,8382
21628,5220,1,1,2,8914
21629,57,1154,1934,0,700000
21629,75,1,1,1,4
21629,76,1,1,1,4
21629,77,1,1,1,4
21629,84,1,1,1,4
21629,134,1,1,1,4
21629,145,1,1,1,4
21629,1868,1,1,2,164455
21629,1873,1,1,2,32891
21629,1876,1,1,2,16446
21629,1895,1,1,2,23494
21629,2089,1,1,1,374
21629,2090,1,1,1,374
21629,2091,1,1,1,374
21629,2092,1,1,1,374
21629,2095,1,1,1,374
21629,2096,1,1,1,374
21629,2100,1,1,-1,11209
21629,2354,1,1,-1,3244
21629,3017,1,1,2,2297
21629,4042,1,1,-1,33140
21629,4042,1,1,2,1371
21629,4608,1,1,2,183
21629,5155,1,1,2,165
21629,6669,1,1,2,19123
21630,57,1461,2742,0,700000
21630,75,1,1,1,5
21630,76,1,1,1,5
21630,77,1,1,1,5
21630,84,1,1,1,5
21630,134,1,1,1,5
21630,145,1,1,1,5
21630,1868,1,1,2,232877
21630,1873,1,1,2,46576
21630,1876,1,1,2,23288
21630,1895,1,1,2,33269
21630,2089,1,1,1,529
21630,2090,1,1,1,529
21630,2091,1,1,1,529
21630,2092,1,1,1,529
21630,2095,1,1,1,529
21630,2096,1,1,1,529
21630,2100,1,1,-1,15872
21630,2354,1,1,-1,4593
21630,3017,1,1,2,3253
21630,4042,1,1,-1,46928
21630,4042,1,1,2,1941
21630,4608,1,1,2,259
21630,5155,1,1,2,233
21630,6669,1,1,2,27079
21631,57,2300,4439,0,700000
21631,103,1,1,1,185
21631,107,1,1,1,185
21631,517,1,1,1,130
21631,1149,1,1,1,130
21631,1868,1,3,2,142857
21631,1873,1,1,2,140000
21631,1876,1,1,2,62500
21631,1895,1,1,2,38462
21631,1978,1,1,1,15297
21631,1983,1,1,1,10467
21631,2091,1,1,-1,25159
21631,2092,1,1,-1,25159
21631,2353,1,1,-1,7531
21631,2357,1,1,2,445
21631,2957,1,1,1,10467
21631,3012,1,1,2,5089
21631,4042,1,1,2,4546
21631,4055,1,1,1,15297
21631,8725,1,1,200,2202
21632,57,995,1654,0,700000
21632,400,1,1,1,27
21632,401,1,1,1,14
21632,420,1,1,1,42
21632,1865,1,1,2,80941
21632,1870,1,1,2,80941
21632,1874,1,1,2,5396
21632,1918,1,1,-1,75951
21632,1984,1,1,1,2314
21632,1985,1,1,1,3722
21632,1987,1,1,1,1647
21632,2955,1,1,-1,110994
21632,4039,1,1,2,2699
21632,4042,1,1,-1,29228
21632,4043,1,1,2,2699
21632,4133,1,1,2,390
21632,4941,1,1,2,623
21632,4959,1,1,2,1560
21633,57,1003,2037,0,700000
21633,400,1,1,1,38
21633,401,1,1,1,20
21633,420,1,1,1,60
21633,1865,1,1,2,114616
21633,1870,1,1,2,114616
21633,1874,1,1,2,7641
21633,1918,1,1,-1,107551
21633,1984,1,1,1,3276
21633,1985,1,1,1,5270
21633,1987,1,1,1,2332
21633,2955,1,1,-1,157174
21633,4039,1,1,2,3821
21633,4042,1,1,-1,41389
21633,4043,1,1,2,3821
21633,4133,1,1,2,552
21633,4941,1,1,2,882
21633,4959,1,1,2,2209
21634,57,2230,4448,0,700000
21634,135,1,1,1,14
21634,1806,1,1,-1,9066
21634,1806,1,1,2,558
21634,1894,1,1,2,9788
21634,1918,1,1,-1,196309
21634,2115,1,1,1,1918
21634,4039,1,1,-1,151093
21634,4039,1,1,2,9299
21634,4041,1,1,2,2426
21634,4044,1,1,2,9299
21634,4134,1,1,2,2146
21634,5286,1,1,1,14
21634,5530,1,1,1,1920
21634,8726,1,1,200,6667
21635,57,675,1375,0,700000
21635,1806,1,1,-1,3352
21635,1864,1,1,2,154723
21635,1869,1,1,2,77362
21635,1878,1,1,2,30945
21635,1884,1,1,2,47608
21635,1985,1,1,-1,57799
21635,2436,1,1,1,33
21635,2437,1,1,1,25
21635,2438,1,1,1,25
21635,2460,1,1,1,33
21635,2461,1,1,1,25
21635,2462,1,1,1,25
21635,2463,1,1,1,25
21635,2954,1,1,1,2799
21635,2955,1,1,1,2799
21635,2960,1,1,1,2408
21635,2961,1,1,1,2408
21635,2962,1,1,1,2408
21635,2963,1,1,1,2408
21635,2964,1,1,1,2408
21635,4039,1,1,2,2579
21635,4178,1,1,2,1420
21635,4184,1,1,2,90
21635,4937,1,1,-1,27660
21635,5160,1,1,2,155
21636,57,956,1948,0,700000
21636,1806,1,1,-1,4747
21636,1864,1,1,2,219096
21636,1869,1,1,2,109548
21636,1878,1,1,2,43820
21636,1884,1,1,2,67415
21636,1985,1,1,-1,81846
21636,2436,1,1,1,46
21636,2437,1,1,1,35
21636,2438,1,1,1,35
21636,2460,1,1,1,46
21636,2461,1,1,1,35
21636,2462,1,1,1,35
21636,2463,1,1,1,35
21636,2954,1,1,1,3963
21636,2955,1,1,1,3963
21636,2960,1,1,1,3410
21636,2961,1,1,1,3410
21636,2962,1,1,1,3410
21636,2963,1,1,1,3410
21636,2964,1,1,1,3410
21636,4039,1,1,2,3652
21636,4178,1,1,2,2011
21636,4184,1,1,2,127
21636,4937,1,1,-1,39167
21636,5160,1,1,2,219
21637,57,1746,3555,0,700000
21637,135,1,1,1,14
21637,1864,4,12,2,57130
21637,1865,2,6,2,45704
21637,1866,3,9,2,25392
21637,1868,1,3,2,152347
21637,1873,1,1,2,91408
21637,2115,1,1,-1,19848
21637,2115,1,1,1,1833
21637,2116,1,1,-1,20383
21637,4141,1,1,-1,20829
21637,4142,1,1,2,1758
21637,4936,1,1,2,4194
21637,5286,1,1,1,14
21637,5530,1,1,1,1835
21637,8726,1,1,200,2849
21638,57,193,384,0,700000
21638,316,1,1,1,14
21638,317,1,1,1,14
21638,1874,1,1,2,1661
21638,1878,1,1,2,10000
21638,1884,1,1,2,23256
21638,1889,1,1,2,3322
21638,1900,1,2,-1,41596
21638,1935,1,1,-1,21240
21638,2030,1,1,1,789
21638,2153,1,1,2,5814
21638,2203,1,1,-1,82830
21638,2977,1,1,2,1661
21638,5220,1,1,2,4975
21639,57,227,455,0,700000
21639,83,1,1,1,12
21639,124,1,1,1,9
21639,127,1,1,1,9
21639,130,1,1,1,9
21639,144,1,1,1,12
21639,1875,1,1,2,3106
21639,1879,1,1,2,7463
21639,1885,1,1,2,5587
21639,2021,1,1,-1,5670
21639,2026,1,1,1,480
21639,2153,1,1,-1,69838
21639,2184,1,1,-1,47170
21639,2250,1,1,2,12987
21639,5549,1,1,2,3311
21639,5550,1,1,2,207
21640,57,155,308,0,700000
21640,1825,1,1,2,22727
21640,6036,1,1,-1,15233
21640,6667,1,1,2,200000
21641,57,296,590,0,700000
21641,88,1,1,1,5
21641,90,1,1,1,5
21641,158,1,1,1,5
21641,169,1,1,1,5
21641,172,1,1,1,5
21641,1341,10,30,2,142857
21641,1874,1,1,2,2890
21641,1878,1,1,2,19231
21641,1884,1,1,2,27027
21641,1889,1,1,2,3333
21641,1956,1,1,-1,66115
21641,2031,1,1,1,305
21641,2032,1,1,1,279
21641,2035,1,1,1,305
21641,2036,1,1,1,305
21641,2037,1,1,1,305
21641,2154,1,1,-1,62363
21641,2190,1,1,2,1779
21641,2279,1,1,2,269
21641,2302,1,1,-1,2544
21641,5220,1,1,2,1558
21642,57,271,541,0,700000
21642,279,1,1,1,20
21642,1868,1,3,-1,534538
21642,1868,1,1,2,100000
21642,1873,1,1,2,22222
21642,1876,1,1,2,10309
21642,1895,1,1,2,18182
21642,1904,1,1,-1,49887
21642,2040,1,1,1,1599
21642,2145,1,1,-1,38181
21642,2146,1,1,2,6211
21642,2285,1,1,2,256
21643,57,345,686,0,700000
21643,279,1,1,1,26
21643,1868,1,3,-1,679213
21643,1868,1,1,2,142857
21643,1873,1,1,2,38462
21643,1876,1,1,2,13158
21643,1895,1,1,2,22727
21643,1904,1,1,-1,63389
21643,2040,1,1,1,2031
21643,2145,1,1,-1,48515
21643,2146,1,1,2,3759
21643,2285,1,1,2,326
21644,57,166,330,0,700000
21644,395,1,1,1,38
21644,417,1,1,1,61
21644,1875,1,1,2,2198
21644,1879,1,1,2,4878
21644,1885,1,1,2,786
21644,1942,1,1,1,2150
21644,1943,1,1,1,3348
21644,2026,1,1,-1,3925
21644,2155,1,1,-1,52351
21644,2278,1,1,2,157
21644,2286,1,1,2,157
21644,2977,1,1,2,2358
21644,5549,1,1,2,1414
21644,5550,1,1,-1,4349
21644,5550,1,1,2,281
21645,57,301,600,0,700000
21645,850,1,1,1,111
21645,881,1,1,1,166
21645,913,1,1,1,83
21645,1341,10,30,2,142857
21645,1832,1,1,2,45455
21645,1870,1,2,-1,597803
21645,1875,1,1,2,3788
21645,1879,1,1,2,6803
21645,1885,1,1,2,4237
21645,1902,1,1,1,5219
21645,1903,1,1,1,8592
21645,1904,1,1,1,4807
21645,2029,1,1,-1,7131
21645,2188,1,1,2,2020
21645,5473,1,1,2,2174
21645,5549,1,1,-1,59780
21645,5549,1,1,2,3937
21645,5550,1,1,2,1212
21646,57,1701,3463,0,700000
21646,730,1,1,-1,2931
21646,1344,10,30,2,142857
21646,1867,1,1,2,166667
21646,1872,1,1,2,166667
21646,1882,1,1,2,25000
21646,1894,1,1,-1,123396
21646,1894,1,1,2,4785
21646,4042,1,1,2,1675
21646,5277,1,1,2,91
21646,5494,1,1,1,3636
21646,5508,1,1,-1,82457
21646,5525,1,1,1,2677
21646,5526,1,1,1,2677
21646,8731,1,1,200,679
21646,8741,1,1,200,385
21646,12225,1,1,1,793
21646,12226,1,1,1,453
21646,12234,1,1,1,974
21647,57,1435,2921,0,700000
21647,1868,1,1,2,200000
21647,1873,1,1,2,43478
21647,1889,1,1,2,7752
21647,4044,1,1,-1,98893
21647,4044,1,1,2,3534
21647,5282,1,1,2,16
21647,5462,1,1,-1,1099
21647,5509,1,1,-1,69561
21647,5520,1,1,1,942
21647,5521,1,1,1,665
21647,5524,1,1,1,1440
21647,5549,1,1,2,10101
21647,8731,1,1,200,1114
21647,8741,1,1,200,238
21647,12220,1,1,1,652
21647,12227,1,1,1,127
21647,12233,1,1,1,16
21648,57,1566,3192,0,700000
21648,1344,40,120,2,33333
21648,1867,1,3,2,47619
21648,1869,1,1,2,111111
21648,1870,1,1,2,111111
21648,1871,1,1,2,100000
21648,1872,1,3,2,71429
21648,5167,1,1,2,65
21648,5464,1,1,-1,1200
21648,5482,1,1,-1,42777
21648,5485,1,1,-1,27253
21648,5494,1,1,1,3351
21648,5525,1,1,1,2467
21648,5526,1,1,1,2467
21648,8731,1,1,200,682
21648,8741,1,1,200,455
21648,8751,1,1,200,14
21648,12225,1,1,1,926
21648,12226,1,1,1,829
21648,12234,1,1,1,569
21649,57,1853,3776,0,700000
21649,729,1,1,-1,426
21649,1894,1,1,-1,134512
21649,1894,1,1,2,5236
21649,4039,1,1,2,4484
21649,4041,1,1,2,1047
21649,4044,1,1,-1,127787
21649,4044,1,1,2,5102
21649,5272,1,1,2,101
21649,5520,1,1,1,1218
21649,5521,1,1,1,859
21649,5524,1,1,1,1861
21649,8731,1,1,200,1815
21649,8741,1,1,200,313
21649,8751,1,1,200,63
21649,12220,1,1,1,313
21649,12227,1,1,1,63
21649,12233,1,1,1,94
21650,57,1698,3464,0,700000
21650,1344,10,30,2,166667
21650,1895,1,1,2,38462
21650,3957,1,1,2,36
21650,4040,1,1,2,2304
21650,4042,1,1,2,2433
21650,4043,1,1,2,4739
21650,5162,1,1,-1,1562
21650,5167,1,1,-1,1562
21650,5514,1,1,-1,59368
21650,5536,1,1,1,1767
21650,8731,1,1,200,1001
21650,8741,1,1,200,268
21650,11951,1,1,1,143
21651,57,1622,3309,0,700000
21651,1868,1,1,2,250000
21651,1873,1,1,2,50000
21651,1889,1,1,-1,223871
21651,1889,1,1,2,10000
21651,4044,1,1,-1,111935
21651,4044,1,1,2,3663
21651,5157,1,1,2,74
21651,5515,1,1,-1,56714
21651,5532,1,1,1,836
21651,5543,1,1,1,844
21651,5549,1,1,2,10417
21651,8341,1,1,1,351
21651,8346,1,1,1,677
21651,8731,1,1,200,880
21651,8741,1,1,200,123
21651,11946,1,1,1,20
21651,11949,1,1,1,20
21651,11953,1,1,1,20
21651,11958,1,1,1,20
21652,57,5636,11501,0,700000
21652,959,1,1,2,28
21652,1867,4,12,2,71429
21652,1872,1,3,2,200000
21652,1882,1,1,2,111111
21652,1894,1,1,2,19608
21652,4042,1,1,2,8065
21652,5272,1,1,-1,6225
21652,5277,1,1,-1,6225
21652,5541,1,1,1,5673
21652,5545,1,1,-1,38425
21652,8732,1,1,200,4292
21652,8742,1,1,200,1190
21652,11976,1,1,1,238
21653,57,4798,9794,0,700000
21653,960,1,1,2,235
21653,1344,20,60,2,250000
21653,1895,1,1,2,125000
21653,4040,1,1,2,9615
21653,4042,1,1,2,7692
21653,4043,1,1,2,15385
21653,5157,1,1,-1,5300
21653,5538,1,1,1,4832
21653,5544,1,1,-1,32679
21653,5545,1,1,-1,32718
21653,8732,1,1,200,3861
21653,8742,1,1,200,98
21653,11967,1,1,1,527
21654,57,5293,10839,0,700000
21654,960,1,1,2,140
21654,1344,40,120,2,125000
21654,1867,5,15,2,52632
21654,1872,1,3,2,166667
21654,1882,1,1,2,90909
21654,1894,1,1,2,14925
21654,4042,1,1,-1,219733
21654,4042,1,1,2,72463
21654,5167,1,1,-1,5860
21654,5488,1,1,-1,59369
21654,5529,1,1,1,1782
21654,5545,1,1,1,1782
21654,5546,1,1,1,1957
21654,8732,1,1,200,3195
21654,8742,1,1,200,982
21654,8752,1,1,200,112
21654,11964,1,1,1,112
21654,11968,1,1,1,112
21654,11971,1,1,1,168
21655,57,5046,10335,0,700000
21655,960,1,1,2,213
21655,1344,100,300,2,33333
21655,1865,1,3,2,125000
21655,1870,2,6,2,111111
21655,1875,1,1,2,21739
21655,1879,1,1,2,66667
21655,4040,1,1,2,9259
21655,5522,1,1,1,3161
21655,5523,1,1,1,3161
21655,6344,1,1,-1,184250
21655,6346,1,1,-1,409201
21655,6901,1,1,-1,12569
21655,8732,1,1,200,2532
21655,8742,1,1,200,593
21655,12262,1,1,1,19
21655,12263,1,1,1,19
21656,57,7595,15500,0,700000
21656,960,1,1,2,319
21656,1344,40,120,2,166667
21656,1867,9,27,2,45455
21656,1872,5,15,2,66667
21656,1875,1,1,2,45455
21656,1881,1,1,2,71429
21656,4041,1,1,2,2506
21656,5495,1,1,1,14111
21656,5527,1,1,1,11111
21656,5528,1,1,1,11111
21656,6704,1,1,-1,268758
21656,6705,1,1,-1,263248
21656,6706,1,1,-1,306208
21656,8732,1,1,200,3759
21656,8742,1,1,200,1252
21656,8752,1,1,200,1252
21656,12261,1,1,1,834
21656,12268,1,1,1,834
21656,12269,1,1,1,834
21657,57,7076,14446,0,700000
21657,960,1,1,2,297
21657,1344,100,300,2,588249
21657,1865,9,27,2,28571
21657,1870,2,6,2,125000
21657,1875,1,1,2,35714
21657,1879,1,1,2,90909
21657,4040,1,1,2,9709
21657,5480,1,1,1,5830
21657,5481,1,1,1,5830
21657,6688,1,1,-1,38019
21657,6689,1,1,-1,37303
21657,6690,1,1,-1,38092
21657,8732,1,1,200,8000
21657,8742,1,1,200,886
21657,12258,1,1,1,443
21657,12265,1,1,1,886
21658,57,1443,2919,0,700000
21658,1343,10,30,2,125000
21658,1807,1,1,2,165
21658,1876,1,1,-1,594082
21658,1876,1,1,2,17857
21658,1877,1,1,2,3311
21658,1880,1,1,2,8621
21658,1881,1,1,2,11111
21658,1882,1,1,2,20408
21658,4052,1,2,-1,105166
21658,4114,1,1,1,1921
21658,5392,1,1,2,661
21658,8330,1,1,1,714
21658,8336,1,1,1,634
21658,8729,1,1,200,909
21658,8739,1,1,200,165
21658,8759,1,1,200,41
21658,11929,1,1,1,14
21658,11930,1,1,1,14
21658,11943,1,1,1,14
21659,46,1,1,1,1390
21659,57,536,1073,0,700000
21659,627,1,1,1,1986
21659,737,1,1,2,11583
21659,1061,1,1,-1,770744
21659,1864,1,1,2,231650
21659,1869,1,3,-1,635864
21659,1869,1,1,2,115825
21659,1880,1,1,2,11583
21659,1900,1,1,-1,139139
21659,5550,1,1,2,1545
21659,6387,1,1,2,4633
21660,57,749,1495,0,700000
21660,63,1,1,1,531
21660,553,1,1,1,531
21660,1865,1,1,2,235862
21660,1870,1,3,-1,887208
21660,1870,1,3,2,117931
21660,1874,1,1,2,15725
21660,1940,1,1,-1,264838
21660,1940,1,1,1,20116
21660,2190,1,1,-1,126744
21660,2192,1,1,2,30085
21660,2422,1,1,1,531
21660,2423,1,1,1,531
21660,2446,1,1,1,531
21660,2447,1,1,1,531
21661,57,579,1158,0,700000
21661,278,1,1,1,76
21661,1875,1,1,-1,91332
21661,1875,1,1,2,8094
21661,1879,1,1,-1,228329
21661,1879,1,1,2,20234
21661,1885,1,1,2,10117
21661,1901,1,1,-1,189223
21661,2029,1,1,1,4345
21661,2154,1,1,2,12998
21661,5549,1,1,2,12141
21661,5550,1,1,2,1619
21662,57,644,1285,0,700000
21662,849,1,1,1,631
21662,880,1,1,1,947
21662,912,1,1,1,473
21662,1876,1,1,-1,304870
21662,1876,1,1,2,27017
21662,1877,1,1,2,5404
21662,1880,1,1,2,13509
21662,1881,1,1,2,18011
21662,1882,1,1,2,30018
21662,1901,1,1,1,27987
21662,2026,1,1,-1,18347
21662,2191,1,1,-1,204063
21662,2193,1,1,2,18084
21663,57,633,1266,0,700000
21663,849,1,1,1,620
21663,880,1,1,1,931
21663,912,1,1,1,465
21663,1874,1,1,2,8850
21663,1878,1,1,2,53098
21663,1884,1,1,2,81689
21663,1889,1,1,2,8850
21663,1901,1,1,1,27502
21663,1938,1,1,-1,100705
21663,1939,1,1,-1,131576
21663,2154,1,1,-1,160385
21663,2155,1,1,2,21308
21663,5220,1,1,2,5310
21664,57,347,694,0,700000
21664,848,1,1,1,528
21664,879,1,1,1,792
21664,911,1,1,1,396
21664,955,1,1,2,360
21664,1864,1,1,2,179900
21664,1869,1,1,2,89950
21664,1880,1,1,2,8996
21664,1900,1,1,1,12302
21664,1933,1,1,-1,96826
21664,2153,1,1,-1,127997
21664,2183,1,1,-1,54146
21664,5550,1,1,2,1200
21665,57,570,1138,0,700000
21665,436,1,1,1,473
21665,469,1,1,1,754
21665,1341,10,30,2,341801
21665,1875,1,1,2,6836
21665,1879,1,1,2,17090
21665,1885,1,1,2,8546
21665,2027,1,1,-1,17685
21665,2028,1,1,-1,16040
21665,2192,1,1,-1,172191
21665,2269,1,1,2,733
21665,5549,1,1,2,10255
21665,5550,1,1,2,1368
21666,57,436,871,0,700000
21666,69,1,1,1,36
21666,125,1,1,1,36
21666,126,1,1,1,36
21666,128,1,1,1,36
21666,955,1,1,-1,4130
21666,956,1,1,2,3762
21666,1867,1,1,2,150453
21666,1872,1,3,-1,688304
21666,1872,1,1,2,150453
21666,1875,1,1,2,7523
21666,1881,1,1,2,15046
21666,1935,1,1,-1,57679
21666,2021,1,1,1,1425
21667,47,1,1,1,846
21667,57,512,1024,0,700000
21667,628,1,1,1,1209
21667,1874,1,1,-1,80757
21667,1874,1,1,2,7157
21667,1878,1,1,2,42939
21667,1884,1,1,2,66060
21667,1889,1,1,2,7157
21667,1940,1,1,-1,180800
21667,2155,1,1,-1,194440
21667,2156,1,1,2,8588
21667,5220,1,1,2,4294
21668,57,459,917,0,700000
21668,348,1,1,1,224
21668,377,1,1,1,357
21668,1061,1,1,2,59999
21668,1829,1,1,2,39599
21668,1832,1,3,-1,603864
21668,1864,1,5,-1,724636
21668,1864,1,1,2,197994
21668,1869,1,1,2,98997
21668,1880,1,1,2,9900
21668,1935,1,1,1,8296
21668,1936,1,1,-1,88949
21668,1937,1,1,1,12758
21668,5550,1,1,2,1321
21669,57,539,1078,0,700000
21669,316,1,1,1,47
21669,317,1,1,1,47
21669,1341,20,60,2,188394
21669,1864,1,3,2,75358
21669,1869,1,1,2,113036
21669,1880,1,1,2,11304
21669,2026,1,1,-1,15353
21669,2030,1,1,1,2645
21669,2156,1,1,-1,102046
21669,2186,1,1,2,3781
21669,5550,1,1,-1,17008
21669,5550,1,1,2,1508
21670,57,636,1268,0,700000
21670,393,1,1,1,176
21670,394,1,1,1,176
21670,415,1,1,1,281
21670,416,1,1,1,281
21670,1874,1,1,2,8891
21670,1878,1,1,-1,601988
21670,1878,1,1,2,53346
21670,1884,1,1,-1,926136
21670,1884,1,1,2,82070
21670,1889,1,1,2,8891
21670,1938,1,1,1,8967
21670,1939,1,1,1,11715
21670,2029,1,1,-1,17952
21670,2270,1,1,2,953
21670,5220,1,1,2,5335
21671,57,187,373,0,700000
21671,605,1,1,1,726
21671,1123,1,1,1,726
21671,1830,1,1,2,13817
21671,1876,1,1,2,6909
21671,1877,1,1,2,1382
21671,1880,1,1,2,3455
21671,1881,1,1,2,4606
21671,1882,1,1,2,7677
21671,1937,1,1,-1,38014
21671,2184,1,1,-1,46479
21671,2185,1,1,-1,87103
21671,6667,1,1,2,21589
21672,57,1338,2670,0,700000
21672,157,1,1,1,117
21672,186,1,1,1,117
21672,1864,4,12,2,62500
21672,1865,2,6,2,76923
21672,1866,3,9,2,31250
21672,1868,1,3,2,200000
21672,1873,1,1,2,83333
21672,2027,1,1,1,7355
21672,2030,1,1,-1,37052
21672,2193,1,1,-1,424088
21672,2269,1,1,-1,22628
21672,2271,1,1,2,2006
21673,57,1363,2720,0,700000
21673,393,1,1,1,377
21673,394,1,1,1,377
21673,415,1,1,1,601
21673,416,1,1,1,601
21673,1874,1,1,2,20408
21673,1878,1,1,2,100000
21673,1884,1,1,2,200000
21673,1889,1,1,-1,215196
21673,1889,1,1,2,15873
21673,1901,1,1,-1,445848
21673,1938,1,1,1,19232
21673,1939,1,1,1,25127
21673,2272,1,1,2,1447
21673,5220,1,1,-1,129118
21673,5220,1,1,2,7246
21674,57,53,106,0,700000
21674,260,1,1,1,14
21674,1875,1,1,2,638
21674,1879,1,1,2,1594
21674,1885,1,1,2,797
21674,1938,1,1,-1,8463
21674,1939,1,1,-1,11057
21674,2270,1,1,-1,899
21674,2273,1,1,2,69
21674,5549,1,1,2,957
21674,5550,1,1,2,128
21674,6036,1,1,2,319
21675,57,111,222,0,700000
21675,292,1,1,1,45
21675,956,1,1,-1,8761
21675,1864,1,1,2,57452
21675,1869,1,1,2,28726
21675,1880,1,1,-1,26283
21675,1880,1,1,2,2873
21675,2021,1,1,-1,3319
21675,2153,1,1,2,4468
21675,5550,1,1,2,384
21676,57,1227,2454,0,700000
21676,849,1,1,1,1201
21676,880,1,1,1,1805
21676,912,1,1,1,901
21676,1865,1,7,-1,726143
21676,1865,1,3,2,200000
21676,1870,1,6,-1,726143
21676,1870,1,3,2,76923
21676,1875,1,1,2,52632
21676,1879,1,1,2,66667
21676,1901,1,1,1,53326
21676,2029,1,1,-1,34646
21676,2188,1,1,2,31250
21677,57,996,1993,0,700000
21677,1900,1,1,-1,258453
21677,2250,1,1,-1,590566
21677,6667,1,3,-1,738208
21677,6667,3,9,2,570000
21678,57,1191,2381,0,700000
21678,1901,1,1,-1,389212
21678,2154,1,1,-1,301702
21678,6667,1,3,-1,880592
21678,6667,12,36,2,166667
21679,57,982,1965,0,700000
21679,605,1,1,1,3822
21679,955,1,1,-1,9315
21679,955,1,1,2,2546
21679,956,1,1,-1,77629
21679,956,1,1,2,34483
21679,1123,1,1,1,3822
21679,6387,1,1,-1,93155
21680,57,1308,2609,0,700000
21680,316,1,1,1,114
21680,317,1,1,1,114
21680,955,1,1,2,3293
21680,956,1,1,2,50000
21680,1901,1,1,-1,427616
21680,1938,1,1,-1,208130
21680,2030,1,1,1,6418
21680,2154,1,1,-1,331471
21681,47,1,1,1,1875
21681,57,1135,2270,0,700000
21681,628,1,1,1,2681
21681,955,1,1,2,2857
21681,956,1,1,2,9174
21681,1939,1,1,-1,235980
21681,2155,1,1,-1,431241
21681,2156,1,1,-1,214931
21682,57,916,1829,0,700000
21682,437,1,1,1,253
21682,470,1,1,1,404
21682,1867,1,3,2,150594
21682,1872,1,3,2,100396
21682,1882,1,1,2,50198
21682,1894,1,1,2,7927
21682,1944,1,1,-1,111449
21682,1944,1,1,1,14402
21682,1945,1,1,1,22426
21682,2148,1,1,-1,156068
21682,2157,1,1,2,18669
21682,6036,1,1,-1,72832
21683,57,1170,2376,0,700000
21683,263,1,1,1,60
21683,1868,1,3,2,228373
21683,1873,1,1,2,91350
21683,1876,1,1,2,45675
21683,1895,1,1,2,65250
21683,1910,1,1,-1,218318
21683,1954,1,1,-1,154134
21683,2073,1,1,1,5296
21683,2164,1,1,-1,223021
21683,2165,1,1,2,8750
21683,4042,1,1,2,3807
21683,8723,1,1,200,3185
21683,8733,1,1,200,1124
21684,57,919,1865,0,700000
21684,353,1,1,1,147
21684,380,1,1,1,235
21684,1867,1,3,2,76923
21684,1872,1,3,2,166667
21684,1875,1,1,2,15243
21684,1881,1,1,2,30484
21684,1906,1,1,-1,312918
21684,1907,1,1,-1,158364
21684,1950,1,1,1,9276
21684,1951,1,1,1,14427
21684,2160,1,1,-1,146870
21684,2160,1,1,2,14751
21685,57,1005,2042,0,700000
21685,439,1,1,1,156
21685,471,1,1,1,249
21685,1868,1,3,2,196190
21685,1873,1,3,-1,498136
21685,1873,1,1,2,78476
21685,1889,1,1,2,13080
21685,1954,1,1,1,15646
21685,1958,1,1,-1,223881
21685,1962,1,1,1,9418
21685,2165,1,1,-1,95428
21685,2213,1,1,2,3047
21685,4044,1,1,2,6540
21685,5549,1,1,2,19619
21685,8723,1,1,200,2786
21686,57,1004,2040,0,700000
21686,280,1,1,1,70
21686,1864,1,11,-1,829734
21686,1864,3,9,2,83331
21686,1869,1,5,-1,829734
21686,1869,2,6,2,62499
21686,1878,1,1,2,99998
21686,1884,1,1,2,153842
21686,2054,1,1,1,5320
21686,2161,1,1,2,24272
21686,4470,1,1,-1,14224
21687,57,593,1184,0,700000
21687,606,1,1,1,123
21687,1124,1,1,1,123
21687,1867,1,1,2,162433
21687,1872,1,1,2,162433
21687,1875,1,1,2,8122
21687,1881,1,1,2,16244
21687,1945,1,1,-1,112314
21687,1946,1,1,-1,191085
21687,1946,1,1,1,6175
21687,1948,1,1,1,6175
21687,2149,1,1,-1,101002
21687,2158,1,1,2,15078
21687,2424,1,1,1,123
21687,2425,1,1,1,123
21687,2426,1,1,1,123
21687,2448,1,1,1,123
21687,2449,1,1,1,123
21687,2450,1,1,1,123
21687,2923,1,1,1,6175
21687,2924,1,1,1,6175
21687,2925,1,1,1,6175
21687,2926,1,1,1,6175
21687,2927,1,1,1,6175
21687,2928,1,1,1,6175
21687,6036,1,1,2,4061
21688,57,890,1808,0,700000
21688,281,1,1,1,46
21688,1868,1,3,2,173746
21688,1873,1,1,2,69499
21688,1876,1,1,2,34750
21688,1895,1,1,2,49642
21688,1908,1,1,-1,208879
21688,1959,1,1,-1,59414
21688,2074,1,1,1,3692
21688,2214,1,1,2,4312
21688,4042,1,1,-1,36763
21688,4042,1,1,2,2896
21688,8723,1,1,200,3497
21689,57,744,1485,0,700000
21689,352,1,1,1,103
21689,1867,1,5,-1,788384
21689,1867,1,3,2,122260
21689,1872,1,4,-1,788384
21689,1872,1,1,2,244521
21689,1882,1,1,2,40754
21689,1894,1,1,2,6435
21689,1941,1,1,1,6078
21689,2159,1,1,2,11321
21689,2377,1,1,1,164
21689,2378,1,1,1,164
21689,2918,1,1,1,9066
21689,2919,1,1,1,9066
21689,6036,1,1,-1,59129
21690,57,812,1649,0,700000
21690,61,1,1,1,173
21690,607,1,1,1,173
21690,1125,1,1,1,173
21690,1868,1,3,2,202158
21690,1873,1,1,2,80864
21690,1889,1,1,2,13478
21690,1949,1,1,-1,224655
21690,1949,1,1,1,9401
21690,1950,1,1,-1,65333
21690,1957,1,1,1,9401
21690,1963,1,1,1,9401
21690,2161,1,1,-1,195428
21690,2162,1,1,2,9767
21690,2427,1,1,1,173
21690,2428,1,1,1,173
21690,2451,1,1,1,173
21690,2931,1,1,1,9401
21690,2932,1,1,1,9401
21690,2933,1,1,1,9401
21690,5549,1,1,2,20216
21691,57,783,1563,0,700000
21691,279,1,1,1,69
21691,1865,1,1,2,193071
21691,1870,1,1,2,193071
21691,1875,1,1,2,12872
21691,1879,1,1,2,32179
21691,1947,1,1,-1,268898
21691,1948,1,1,-1,252365
21691,2040,1,1,1,5585
21691,2157,1,1,-1,154339
21691,2194,1,1,2,19741
21692,57,855,1737,0,700000
21692,159,1,1,1,12
21692,187,1,1,1,12
21692,188,1,1,1,12
21692,189,1,1,1,12
21692,190,1,1,1,12
21692,1866,1,3,-1,706540
21692,1866,1,1,2,141917
21692,1871,1,1,2,212876
21692,1885,1,1,2,17740
21692,1951,1,1,-1,106997
21692,2048,1,1,1,881
21692,2049,1,1,1,881
21692,2050,1,1,1,934
21692,2051,1,1,1,934
21692,2058,1,1,1,881
21692,2162,1,1,-1,102397
21692,2199,1,1,2,8982
21692,5220,1,1,2,8516
21693,57,992,2016,0,700000
21693,631,1,1,1,292
21693,1868,1,3,2,193696
21693,1873,1,1,2,77478
21693,1876,1,1,2,38739
21693,1895,1,1,2,55342
21693,1960,1,1,-1,134741
21693,1964,1,1,1,15652
21693,2213,1,1,-1,38183
21693,2214,1,1,-1,61018
21693,2215,1,1,2,2468
21693,2413,1,1,1,205
21693,2495,1,1,1,292
21693,2936,1,1,1,14216
21693,2945,1,1,1,15652
21693,4042,1,1,2,3229
21694,57,319,636,0,700000
21694,88,1,1,1,6
21694,90,1,1,1,6
21694,158,1,1,1,6
21694,169,1,1,1,6
21694,172,1,1,1,6
21694,1895,1,1,-1,217208
21694,1895,1,1,2,28070
21694,2031,1,1,-1,7696
21694,2031,1,1,1,398
21694,2032,1,1,1,364
21694,2035,1,1,1,398
21694,2036,1,1,1,398
21694,2037,1,1,1,398
21694,2158,1,1,-1,94088
21694,2195,1,1,2,2513
21694,5473,1,1,2,7018
21694,6668,1,1,2,35088
21695,57,2089,4243,0,700000
21695,96,1,1,1,36
21695,298,1,1,1,36
21695,302,1,1,1,36
21695,1867,1,3,2,111111
21695,1872,2,15,-1,862698
21695,1872,1,3,2,200000
21695,1875,1,1,2,15783
21695,1881,1,1,2,32258
21695,1961,1,1,-1,165638
21695,2062,1,1,1,3198
21695,2075,1,1,1,3198
21695,2076,1,1,1,3198
21695,2216,1,1,2,13889
21695,4041,1,1,-1,45010
21695,4041,1,1,2,1733
21695,8723,1,1,200,6250
21695,8733,1,1,200,5208
21696,57,2128,4323,0,700000
21696,281,1,1,1,109
21696,1894,1,2,-1,185060
21696,1894,1,1,2,10526
21696,1962,1,1,-1,168775
21696,2074,1,1,1,8828
21696,2215,1,1,-1,67188
21696,2217,1,1,2,18519
21696,4039,1,1,2,8197
21696,4041,1,1,2,2632
21696,4044,1,1,2,6250
21696,8723,1,1,200,11494
21696,8733,1,1,200,1645
21696,8743,1,1,200,329
21697,57,83,169,0,700000
21697,263,1,1,1,5
21697,1864,1,1,2,32403
21697,1869,1,1,2,16202
21697,1878,1,1,2,6481
21697,1884,1,1,2,9970
21697,1964,1,1,-1,16621
21697,2059,1,1,-1,1528
21697,2073,1,1,1,376
21697,2216,1,1,-1,8499
21697,2219,1,1,2,1007
21697,4039,1,1,2,541
21697,8733,1,1,200,1372
21698,57,189,378,0,700000
21698,395,1,1,1,53
21698,417,1,1,1,84
21698,1341,10,30,2,155621
21698,1866,1,1,2,31124
21698,1871,1,1,-1,451575
21698,1871,1,1,2,46686
21698,1877,1,1,2,1868
21698,1942,1,1,1,2977
21698,1943,1,1,1,4636
21698,2032,1,1,-1,4173
21698,2196,1,1,2,1914
21698,6036,1,1,-1,15052
21699,57,1947,3955,0,700000
21699,70,1,1,1,68
21699,1864,4,12,2,121183
21699,1869,1,3,2,161577
21699,1880,1,1,2,48473
21699,1953,1,1,-1,154597
21699,2047,1,1,1,5327
21699,2199,1,1,-1,203650
21699,2203,1,3,-1,525763
21699,2204,1,1,2,9599
21699,2499,1,1,1,68
21699,2967,1,1,1,5255
21699,5550,1,1,2,6464
21700,57,1702,3397,0,700000
21700,1902,1,1,-1,411207
21700,6036,1,1,-1,135287
21700,6668,1,3,-1,724752
21700,6668,3,9,2,500000
21701,57,1889,3837,0,700000
21701,1905,1,1,-1,455493
21701,2160,1,1,-1,302095
21701,6668,1,3,-1,836156
21701,6668,3,9,2,500000
21702,57,1678,3349,0,700000
21702,395,1,1,1,462
21702,417,1,1,1,739
21702,951,1,1,2,1236
21702,952,1,1,2,12346
21702,1902,1,1,-1,405393
21702,1903,1,1,-1,667427
21702,1942,1,1,1,26373
21702,1943,1,1,1,41068
21702,2157,1,1,-1,330680
21703,57,2041,4146,0,700000
21703,631,1,1,1,600
21703,951,1,1,-1,9197
21703,951,1,1,2,2024
21703,952,1,1,-1,67447
21703,952,1,1,2,15939
21703,1964,1,1,1,32198
21703,2163,1,1,-1,258089
21703,2413,1,1,1,422
21703,2495,1,1,1,600
21703,2936,1,1,1,29245
21703,2945,1,1,1,32198
21703,8723,1,1,200,11111
21703,8733,1,1,200,2024
21703,8743,1,1,200,1013
21704,57,1801,3658,0,700000
21704,61,1,1,1,383
21704,607,1,1,1,383
21704,951,1,1,-1,8117
21704,951,1,1,2,2564
21704,952,1,1,-1,59525
21704,952,1,1,2,20408
21704,1125,1,1,1,383
21704,1905,1,1,-1,434276
21704,1949,1,1,1,20850
21704,1957,1,1,1,20850
21704,1963,1,1,1,20850
21704,2427,1,1,1,383
21704,2428,1,1,1,383
21704,2451,1,1,1,383
21704,2931,1,1,1,20850
21704,2932,1,1,1,20850
21704,2933,1,1,1,20850
21705,57,1379,2804,0,700000
21705,75,1,1,1,6
21705,76,1,1,1,6
21705,77,1,1,1,6
21705,84,1,1,1,6
21705,134,1,1,1,6
21705,145,1,1,1,6
21705,1867,1,3,2,104732
21705,1872,1,3,2,157097
21705,1875,1,1,2,15710
21705,1881,1,1,2,31420
21705,1914,1,1,-1,192076
21705,1915,1,1,-1,301229
21705,2089,1,1,1,643
21705,2090,1,1,1,643
21705,2091,1,1,1,643
21705,2092,1,1,1,643
21705,2095,1,1,1,643
21705,2096,1,1,1,643
21705,2169,1,1,-1,60512
21705,2170,1,1,2,5558
21705,4041,1,1,2,2050
21705,8725,1,1,200,18182
21706,57,1762,3590,0,700000
21706,135,1,1,1,14
21706,1865,1,1,2,230647
21706,1870,1,9,-1,874534
21706,1870,1,1,2,230647
21706,1874,1,1,2,15377
21706,2115,1,1,1,1850
21706,2117,1,1,-1,20573
21706,4039,1,1,-1,145756
21706,4039,1,1,2,7689
21706,4043,1,1,2,7689
21706,4143,1,1,2,1479
21706,4971,1,1,2,266
21706,5286,1,1,1,14
21706,5530,1,1,1,1852
21706,8736,1,1,200,3067
21707,57,1406,2856,0,700000
21707,286,1,1,1,21
21707,1875,1,1,2,14289
21707,1879,1,1,2,35722
21707,1885,1,1,-1,290240
21707,1885,1,1,2,17861
21707,1920,1,1,-1,119175
21707,2121,1,1,1,2958
21707,3034,1,1,-1,6966
21707,4134,1,1,2,1649
21707,5549,1,1,2,21434
21707,5550,1,1,2,2858
21707,8726,1,1,200,1976
21707,8736,1,1,200,1976
21708,57,1514,3084,0,700000
21708,286,1,1,1,23
21708,1864,3,9,2,66048
21708,1869,1,1,2,198143
21708,1878,1,1,2,79257
21708,1884,1,1,2,121934
21708,2118,1,1,-1,17674
21708,2121,1,1,1,3190
21708,4039,1,1,2,6605
21708,4142,1,1,-1,28896
21708,4143,1,1,-1,24080
21708,4144,1,1,2,2037
21708,4972,1,1,2,228
21708,8736,1,1,200,5556
21709,57,1538,3123,0,700000
21709,203,1,1,1,6
21709,204,1,1,1,5
21709,205,1,1,1,5
21709,206,1,1,1,5
21709,1895,1,1,2,80352
21709,1984,1,1,-1,81636
21709,1985,1,1,-1,131322
21709,2112,1,1,1,682
21709,2116,1,1,1,662
21709,2117,1,1,1,662
21709,2118,1,1,1,662
21709,2503,1,1,1,5
21709,2969,1,1,1,676
21709,3955,1,1,-1,7617
21709,3955,1,1,2,563
21709,4040,1,1,2,5625
21709,4042,1,1,2,4688
21709,4043,1,1,2,9375
21709,8726,1,1,200,4292
21709,8736,1,1,200,8621
21710,57,893,1815,0,700000
21710,64,1,1,1,187
21710,608,1,1,1,187
21710,1539,1,1,2,29049
21710,1866,1,3,-1,737542
21710,1866,1,1,2,87144
21710,1871,1,1,2,130716
21710,1877,1,1,2,5229
21710,1916,1,1,-1,94154
21710,1981,1,1,1,13456
21710,2170,1,1,-1,52185
21710,2231,1,1,2,564
21710,2956,1,1,1,13456
21710,4040,1,1,2,2615
21710,4041,1,1,2,1137
21710,8725,1,1,200,5181
21711,57,1341,2731,0,700000
21711,203,1,1,1,6
21711,204,1,1,1,5
21711,205,1,1,1,5
21711,206,1,1,1,5
21711,1866,1,1,2,116984
21711,1871,1,1,2,175476
21711,1877,1,1,2,7020
21711,2112,1,1,1,595
21711,2116,1,1,1,578
21711,2117,1,1,1,578
21711,2118,1,1,1,578
21711,2119,1,1,-1,15159
21711,2503,1,1,1,5
21711,2969,1,1,1,591
21711,4040,1,1,-1,66534
21711,4040,1,1,2,3510
21711,4041,1,1,-1,28928
21711,4041,1,1,2,1526
21711,4145,1,1,2,770
21711,4972,1,1,2,203
21711,8726,1,1,200,3650
21712,57,1120,2277,0,700000
21712,854,1,1,1,130
21712,885,1,1,1,196
21712,917,1,1,1,98
21712,1539,1,1,-1,616818
21712,1868,1,1,2,382618
21712,1873,1,1,2,76524
21712,1889,1,1,2,12754
21712,1914,1,1,1,10749
21712,1915,1,1,1,16857
21712,1916,1,1,1,8142
21712,2232,1,1,2,1100
21712,4044,1,1,2,6377
21712,4602,1,1,-1,6168
21712,5549,1,1,-1,277568
21712,5549,1,1,2,19132
21712,8725,1,1,200,3690
21713,57,1243,2526,0,700000
21713,135,1,1,1,10
21713,1865,1,1,2,189516
21713,1870,1,1,2,189516
21713,1874,1,1,-1,205309
21713,1874,1,1,2,12635
21713,1986,1,1,-1,32542
21713,2115,1,1,1,1303
21713,4039,1,1,2,6318
21713,4043,1,1,-1,102654
21713,4043,1,1,2,6318
21713,4126,1,1,2,3128
21713,5286,1,1,1,10
21713,5530,1,1,1,1305
21714,57,1179,2397,0,700000
21714,64,1,1,1,247
21714,608,1,1,1,247
21714,1895,1,1,2,57546
21714,1977,1,1,-1,43228
21714,1978,1,1,-1,187320
21714,1981,1,1,1,17771
21714,2231,1,1,-1,12596
21714,2233,1,1,2,1883
21714,2956,1,1,1,17771
21714,2970,1,1,2,7143
21714,4040,1,1,2,4029
21714,4042,1,1,2,3357
21714,4043,1,1,2,6714
21714,8735,1,1,200,3096
21715,57,1309,2660,0,700000
21715,442,1,1,1,56
21715,473,1,1,1,90
21715,1867,1,3,2,133042
21715,1872,1,1,2,266085
21715,1882,1,1,2,44348
21715,1894,1,1,2,7003
21715,1987,1,1,-1,49476
21715,1988,1,1,1,5753
21715,1989,1,1,1,9024
21715,4042,1,1,2,3326
21715,4126,1,1,-1,53513
21715,4127,1,1,-1,80270
21715,4127,1,1,2,4940
21715,8726,1,1,200,7752
21716,57,1495,3045,0,700000
21716,135,1,1,1,12
21716,1874,1,1,2,15216
21716,1878,1,1,2,91291
21716,1884,1,1,2,140448
21716,1889,1,1,2,15216
21716,2115,1,1,1,1569
21716,2120,1,1,-1,17815
21716,2121,1,1,-1,17055
21716,4144,1,1,-1,38116
21716,4146,1,1,2,1464
21716,5220,1,1,2,9130
21716,5286,1,1,1,12
21716,5530,1,1,1,1571
21716,8726,1,1,200,2387
21717,57,480,976,0,700000
21717,103,1,1,1,48
21717,107,1,1,1,48
21717,517,1,1,1,34
21717,1149,1,1,1,34
21717,1342,10,30,2,58824
21717,1866,1,1,2,32258
21717,1871,1,1,2,45455
21717,1877,1,1,-1,47583
21717,1877,1,1,2,5650
21717,1978,1,1,1,3942
21717,1981,1,1,-1,69975
21717,1983,1,1,1,2697
21717,2232,1,1,-1,6837
21717,2234,1,1,2,815
21717,2957,1,1,1,2697
21717,3012,1,1,2,1020
21717,4040,1,1,2,629
21717,4041,1,1,2,476
21717,4055,1,1,1,3942
21717,6669,1,1,2,15625
21717,8725,1,1,200,1259
21717,8735,1,1,200,629
21718,57,3146,6410,0,700000
21718,442,1,1,1,135
21718,473,1,1,1,215
21718,1868,1,3,2,250000
21718,1873,1,1,2,111111
21718,1889,1,1,2,16667
21718,1988,1,1,1,13848
21718,1989,1,1,1,21722
21718,2122,1,1,-1,35632
21718,4044,1,1,-1,260224
21718,4044,1,1,2,8130
21718,4145,1,1,-1,34240
21718,4147,1,1,2,2899
21718,5549,1,1,2,27778
21718,8311,1,1,2,723
21718,8726,1,1,200,6579
21718,8736,1,1,200,2128
21718,8746,1,1,200,387
21719,57,3206,6531,0,700000
21719,1868,3,9,2,100000
21719,1873,1,1,2,125000
21719,1876,1,3,-1,795456
21719,1876,1,1,2,55556
21719,1895,1,1,2,83333
21719,2436,1,1,1,153
21719,2437,1,1,1,118
21719,2438,1,1,1,118
21719,2460,1,1,1,153
21719,2461,1,1,1,118
21719,2462,1,1,1,118
21719,2463,1,1,1,118
21719,2917,1,2,-1,456896
21719,2954,1,1,1,13280
21719,2955,1,1,1,13280
21719,2960,1,1,1,11426
21719,2961,1,1,1,11426
21719,2962,1,1,1,11426
21719,2963,1,1,1,11426
21719,2964,1,1,1,11426
21719,4042,1,1,2,3344
21719,4146,1,1,-1,50991
21719,4148,1,1,2,1672
21719,8726,1,1,200,4464
21719,8736,1,1,200,1859
21720,57,125,255,0,700000
21720,299,1,1,1,1
21720,301,1,1,1,1
21720,303,1,1,1,1
21720,1866,1,1,2,12727
21720,1871,1,1,2,19090
21720,1885,1,1,2,1591
21720,2113,1,1,1,93
21720,2114,1,1,1,93
21720,2122,1,1,1,88
21720,2954,1,1,-1,19633
21720,2955,1,1,-1,19633
21720,4041,1,1,2,166
21720,4147,1,1,-1,3188
21720,4149,1,1,2,246
21720,5220,1,1,2,764
21721,57,285,580,0,700000
21721,231,1,1,1,4
21721,233,1,1,1,4
21721,1539,1,1,-1,157024
21721,1865,1,1,-1,706609
21721,1865,1,1,2,30303
21721,1870,1,1,2,34483
21721,1874,1,1,2,2203
21721,2106,1,1,1,399
21721,2107,1,1,1,399
21721,2353,1,1,2,80
21721,4039,1,1,2,440
21721,4043,1,1,2,1761
21721,4603,1,1,-1,1570
21722,57,2981,6056,0,700000
21722,299,1,1,1,15
21722,301,1,1,1,20
21722,303,1,1,1,20
21722,1865,1,3,2,142857
21722,1870,1,1,2,250000
21722,1875,1,1,2,16393
21722,1879,1,1,2,47619
21722,1989,1,1,-1,222552
21722,2112,1,1,-1,35759
21722,2113,1,1,1,2201
21722,2114,1,1,1,2201
21722,2122,1,1,1,2074
21722,4040,1,1,2,4464
21722,4128,1,1,-1,91389
21722,4133,1,1,2,992
21722,8726,1,1,200,4464
21723,57,2562,5209,0,700000
21723,1539,1,3,-1,705642
21723,4601,1,1,-1,14113
21723,6669,1,3,-1,738462
21723,6669,1,3,2,250000
21723,8725,1,1,200,58824
21723,8735,1,1,200,12821
21723,8745,1,1,200,930
21724,57,2892,5875,0,700000
21724,1984,1,2,-1,153567
21724,4126,1,1,-1,118216
21724,6669,1,3,-1,833012
21724,6669,1,3,2,250000
21724,8726,1,1,200,50000
21724,8736,1,1,200,14286
21724,8746,1,1,200,1456
21724,8756,1,1,200,208
21725,57,2526,5135,0,700000
21725,162,1,1,1,8
21725,174,1,1,1,8
21725,196,1,1,1,8
21725,197,1,1,1,8
21725,199,1,1,1,8
21725,200,1,1,1,8
21725,201,1,1,1,8
21725,202,1,1,1,8
21725,951,1,1,-1,11384
21725,951,1,1,2,909
21725,952,1,1,-1,83480
21725,952,1,1,2,1364
21725,1894,1,1,2,10417
21725,1914,1,1,-1,351741
21725,2097,1,1,1,867
21725,2098,1,1,1,867
21725,2099,1,1,1,913
21725,2100,1,1,1,913
21725,2102,1,1,1,880
21725,2103,1,1,1,913
21725,2104,1,1,1,913
21725,2105,1,1,1,867
21725,4039,1,1,2,9524
21725,4041,1,1,2,1818
21725,4044,1,1,2,10417
21725,8725,1,1,200,5917
21725,8735,1,1,200,1818
21726,57,3075,6264,0,700000
21726,119,1,1,1,167
21726,855,1,1,1,222
21726,886,1,1,1,333
21726,951,1,1,-1,13871
21726,951,1,1,2,2561
21726,952,1,1,-1,101724
21726,952,1,1,2,10101
21726,1918,1,1,1,20332
21726,1920,1,1,1,16064
21726,2917,1,1,1,26965
21726,4127,1,1,-1,188844
21726,8726,1,1,200,8130
21726,8736,1,1,200,811
21726,8756,1,1,200,406
21727,57,2758,5602,0,700000
21727,119,1,1,1,149
21727,855,1,1,1,199
21727,886,1,1,1,299
21727,951,1,1,-1,12419
21727,951,1,1,2,436
21727,952,1,1,-1,91069
21727,952,1,1,2,3484
21727,1918,1,1,1,18202
21727,1920,1,1,1,14381
21727,1984,1,1,-1,146414
21727,2917,1,1,1,24141
21727,8726,1,1,200,6098
21727,8736,1,1,200,6098
21727,8746,1,1,200,436
21728,57,2020,4107,0,700000
21728,357,1,1,1,18
21728,383,1,1,1,29
21728,1867,1,13,-1,834610
21728,1867,1,3,2,109570
21728,1872,1,3,2,164355
21728,1875,1,1,2,16436
21728,1881,1,1,-1,667688
21728,1881,1,1,2,32871
21728,2376,1,1,1,18
21728,2379,1,1,1,29
21728,4041,1,1,2,2144
21728,4056,1,1,1,3347
21728,4057,1,1,1,5172
21728,4064,1,1,1,3347
21728,4065,1,1,1,5172
21728,4129,1,1,2,2668
21728,4614,1,1,-1,6907
21728,8728,1,1,200,2591
21728,8738,1,1,200,2591
21729,57,2526,5122,0,700000
21729,97,1,1,1,15
21729,1807,1,1,-1,8333
21729,1874,1,1,2,20514
21729,1878,1,1,2,123079
21729,1884,1,1,2,189352
21729,1889,1,1,2,20514
21729,3035,1,1,-1,8333
21729,4085,1,1,-1,108621
21729,4115,1,1,1,4028
21729,5220,1,1,2,12308
21729,6337,1,1,2,1578
21729,8729,1,1,200,1001
21730,57,2032,4115,0,700000
21730,287,1,1,1,12
21730,1865,1,1,2,142857
21730,1870,1,1,2,166667
21730,1874,1,1,2,10526
21730,4039,1,1,2,4651
21730,4043,1,1,2,2331
21730,4087,1,1,-1,117875
21730,4088,1,1,-1,189843
21730,4121,1,1,1,3232
21730,5276,1,1,-1,6698
21730,5438,1,1,2,136
21730,8729,1,1,200,5814
21730,8739,1,1,200,1164
21731,57,2170,4400,0,700000
21731,110,1,1,1,63
21731,1343,20,60,2,100000
21731,1867,1,3,2,62500
21731,1872,1,1,2,166667
21731,1882,1,1,2,23810
21731,1894,1,1,-1,188395
21731,1894,1,1,2,5587
21731,2416,1,1,1,44
21731,2417,1,1,1,44
21731,4042,1,1,-1,89488
21731,4042,1,1,2,3777
21731,4077,1,1,1,11890
21731,4086,1,1,-1,125994
21731,4088,1,1,1,9990
21731,4089,1,1,1,9990
21731,6339,1,1,2,1393
21731,8729,1,1,200,2786
21732,57,2222,4499,0,700000
21732,234,1,1,1,13
21732,1343,30,90,2,110370
21732,1864,4,12,2,57945
21732,1869,2,6,2,46356
21732,1878,1,1,2,92711
21732,1884,1,1,2,142633
21732,4039,1,1,-1,183088
21732,4039,1,1,2,7727
21732,4089,1,1,-1,207583
21732,4119,1,1,1,3551
21732,5281,1,1,-1,7324
21732,5444,1,1,2,127
21732,8739,1,1,200,385
21732,8749,1,1,200,385
21733,57,1308,2658,0,700000
21733,91,1,1,1,6
21733,92,1,1,1,6
21733,1343,20,60,2,97682
21733,1867,1,1,2,182340
21733,1872,1,1,2,182340
21733,1875,1,1,2,9117
21733,1881,1,1,2,18235
21733,4041,1,1,2,1190
21733,4056,1,1,-1,58657
21733,4057,1,1,-1,90651
21733,4105,1,1,1,1370
21733,4106,1,1,1,1347
21733,4130,1,1,2,2221
21733,4131,1,1,-1,26348
21733,8738,1,1,200,3125
21734,57,1922,3897,0,700000
21734,729,1,1,2,26
21734,1864,3,9,2,78032
21734,1869,2,6,2,58524
21734,1878,1,1,2,93638
21734,1884,1,1,2,144058
21734,2391,1,1,1,20
21734,2392,1,1,1,20
21734,3956,1,1,-1,6340
21734,4039,1,1,2,7804
21734,4082,1,1,1,3968
21734,4083,1,1,1,3968
21734,4087,1,1,-1,111581
21734,4088,1,1,-1,179707
21734,8739,1,1,200,3559
21735,57,1640,3334,0,700000
21735,300,1,1,1,14
21735,948,1,1,-1,10164
21735,1894,1,1,2,8428
21735,4039,1,1,2,8006
21735,4041,1,1,2,2089
21735,4044,1,1,2,8006
21735,4064,1,1,-1,73583
21735,4113,1,1,1,3090
21735,4131,1,1,2,1953
21735,4154,1,1,-1,48112
21735,8728,1,1,200,7937
21736,57,1797,3638,0,700000
21736,97,1,1,1,11
21736,1866,1,1,2,145778
21736,1871,1,1,2,218667
21736,1885,1,1,2,18223
21736,4041,1,1,2,1902
21736,4090,1,1,-1,199401
21736,4115,1,1,1,2862
21736,5220,1,1,-1,177666
21736,5220,1,1,2,8747
21736,5438,1,1,-1,2427
21736,5446,1,1,2,120
21736,8729,1,1,200,943
21737,57,1727,3510,0,700000
21737,229,1,1,1,8
21737,243,1,1,1,8
21737,1343,30,90,2,86005
21737,1864,1,3,2,180611
21737,1869,1,1,2,180611
21737,1880,1,1,-1,428009
21737,1880,1,1,2,18061
21737,4043,1,1,2,6021
21737,4109,1,1,1,1781
21737,4110,1,1,1,1781
21737,4154,1,1,2,2138
21737,4615,1,1,-1,5904
21737,5550,1,1,-1,57068
21737,5550,1,1,2,2409
21737,8728,1,1,200,2740
21737,8738,1,1,200,1370
21738,57,1892,3831,0,700000
21738,79,1,1,1,11
21738,1343,10,30,2,166667
21738,1865,1,1,2,166667
21738,1870,1,1,2,111111
21738,1875,1,1,2,15385
21738,1879,1,1,2,34483
21738,4040,1,1,2,4202
21738,4091,1,1,-1,209972
21738,4096,1,1,-1,209972
21738,4114,1,1,1,3024
21738,5444,1,1,-1,2556
21738,5452,1,1,2,108
21738,7883,1,1,1,11
21738,7889,1,1,1,11
21738,8330,1,1,1,959
21738,8336,1,1,1,1119
21738,8729,1,1,200,2801
21739,57,2143,4344,0,700000
21739,730,1,1,2,187
21739,864,1,1,1,57
21739,895,1,1,1,85
21739,926,1,1,1,43
21739,1343,10,30,2,166667
21739,1866,1,1,2,111111
21739,1871,1,1,2,142857
21739,1885,1,1,2,12048
21739,4041,1,1,2,1344
21739,4052,1,1,1,9239
21739,4053,1,1,1,11185
21739,4054,1,1,1,5140
21739,4089,1,1,-1,200340
21739,5156,1,1,-1,7068
21739,5220,1,1,-1,212040
21739,5220,1,1,2,13514
21739,8729,1,1,200,1344
21740,57,703,1429,0,700000
21740,357,1,1,1,7
21740,383,1,1,1,10
21740,1895,1,1,2,14286
21740,2376,1,1,1,7
21740,2379,1,1,1,10
21740,4040,1,1,2,3021
21740,4042,1,1,2,864
21740,4043,1,1,2,1297
21740,4056,1,1,1,1165
21740,4057,1,1,1,1800
21740,4064,1,1,1,1165
21740,4065,1,1,-1,48737
21740,4065,1,1,1,1800
21740,4066,1,1,-1,41079
21740,4155,1,1,-1,5411
21740,4155,1,1,2,267
21740,6670,1,1,2,8197
21740,8728,1,1,200,432
21741,57,4510,9145,0,700000
21741,79,1,1,1,26
21741,1866,1,1,2,250000
21741,1871,1,3,2,166667
21741,1877,1,1,2,13889
21741,4040,1,1,-1,223170
21741,4040,1,1,2,7634
21741,4041,1,1,2,3268
21741,4090,1,1,-1,500943
21741,4114,1,1,1,7213
21741,5161,1,1,-1,14878
21741,5434,1,1,2,64
21741,7883,1,1,1,26
21741,7889,1,1,1,26
21741,8330,1,1,1,2057
21741,8336,1,1,1,2272
21741,8729,1,1,200,4854
21741,8739,1,1,200,1919
21741,8749,1,1,200,384
21742,57,4596,9318,0,700000
21742,234,1,1,1,26
21742,1343,100,300,2,43478
21742,1867,1,3,2,142857
21742,1872,2,6,2,111111
21742,1882,1,1,2,66667
21742,1894,1,1,2,11236
21742,4042,1,1,2,6098
21742,4091,1,1,-1,510430
21742,4096,1,1,-1,510430
21742,4119,1,1,1,7350
21742,5166,1,1,-1,15160
21742,5440,1,1,2,129
21742,8729,1,1,200,4049
21742,8739,1,1,200,1285
21742,8749,1,1,200,26
21743,57,179,363,0,700000
21743,358,1,1,1,2
21743,1866,1,1,2,5988
21743,1871,1,1,2,13514
21743,1877,1,1,-1,17736
21743,1877,1,1,2,874
21743,2380,1,1,1,3
21743,2381,1,1,1,1
21743,4040,1,1,2,207
21743,4041,1,1,-1,3856
21743,4041,1,1,2,207
21743,4078,1,1,1,319
21743,4080,1,1,1,449
21743,4081,1,1,1,216
21743,4099,1,1,-1,19905
21743,5442,1,1,2,9
21743,8729,1,1,200,207
21743,8739,1,1,200,103
21744,57,418,849,0,700000
21744,947,1,1,-1,414
21744,1343,10,30,2,41667
21744,1868,1,1,2,66667
21744,1873,1,1,2,8929
21744,1889,1,1,2,1590
21744,2397,1,1,1,7
21744,2402,1,1,1,11
21744,2406,1,1,1,5
21744,4044,1,1,2,1135
21744,4067,1,1,-1,37049
21744,4069,1,1,1,1202
21744,4070,1,1,1,1824
21744,4071,1,1,1,923
21744,4157,1,1,-1,5149
21744,4157,1,1,2,218
21744,5549,1,1,2,3067
21745,57,4309,8724,0,700000
21745,268,1,1,1,25
21745,1343,80,240,2,50000
21745,1866,1,1,2,200000
21745,1871,1,3,2,100000
21745,1877,1,1,2,13158
21745,4040,1,1,2,5076
21745,4041,1,1,2,3802
21745,4114,1,1,-1,46617
21745,4120,1,1,1,6873
21745,5446,1,1,-1,5820
21745,5452,1,1,-1,5820
21745,5460,1,1,2,141
21745,8729,1,1,200,4651
21745,8739,1,1,200,1689
21745,8759,1,1,200,141
21746,57,3753,7629,0,700000
21746,947,1,1,-1,3721
21746,6670,1,3,-1,775155
21746,6670,1,3,2,250000
21746,8728,1,1,200,45455
21746,8738,1,1,200,12658
21746,8748,1,1,200,1965
21747,57,4180,8463,0,700000
21747,1894,1,1,-1,362536
21747,4052,1,1,-1,365809
21747,6670,1,3,-1,861023
21747,6670,1,3,2,250000
21747,8729,1,1,200,45455
21747,8739,1,1,200,10638
21747,8749,1,1,200,1093
21748,57,3700,7521,0,700000
21748,267,1,1,1,32
21748,947,1,1,-1,3668
21748,947,1,1,2,110
21748,948,1,1,-1,22926
21748,948,1,1,2,991
21748,1867,1,3,2,111111
21748,1872,1,3,2,166667
21748,1875,1,1,2,18182
21748,1881,1,1,2,37037
21748,4041,1,1,2,771
21748,4111,1,1,1,7751
21748,4129,1,1,-1,99246
21748,8728,1,1,200,4854
21748,8738,1,1,200,2092
21748,8748,1,1,200,110
21749,57,4408,8937,0,700000
21749,601,1,1,1,101
21749,947,1,1,-1,4362
21749,947,1,1,2,645
21749,948,1,1,-1,27262
21749,948,1,1,2,1563
21749,2439,1,1,1,101
21749,2475,1,1,1,101
21749,2487,1,1,1,101
21749,4053,1,1,-1,467420
21749,4090,1,1,1,18072
21749,4091,1,1,1,18072
21749,4096,1,1,1,18072
21749,4099,1,1,1,18072
21749,8729,1,1,200,6452
21749,8739,1,1,200,1269
21749,8749,1,1,200,293
21750,57,3985,8069,0,700000
21750,110,1,1,1,115
21750,947,1,1,-1,3940
21750,947,1,1,2,115
21750,948,1,1,-1,24627
21750,948,1,1,2,1385
21750,2416,1,1,1,81
21750,2417,1,1,1,81
21750,4077,1,1,1,21815
21750,4088,1,1,1,18328
21750,4089,1,1,1,18328
21750,5230,1,1,-1,13135
21750,8729,1,1,200,6250
21750,8739,1,1,200,1965
21750,8749,1,1,200,577
21750,8759,1,1,200,115
21751,57,2825,5748,0,700000
21751,269,1,1,1,12
21751,729,1,1,-1,778
21751,1343,30,90,2,111111
21751,1868,1,3,2,250000
21751,1873,1,1,2,90909
21751,1876,1,3,-1,700393
21751,1876,1,1,2,40000
21751,1895,1,5,-1,667041
21751,1895,1,1,2,47619
21751,4042,1,1,2,1076
21751,5434,1,1,2,110
21751,5539,1,1,1,3489
21751,8730,1,1,200,2155
21751,8740,1,1,200,171
21752,57,3440,7020,0,700000
21752,269,1,1,1,14
21752,1344,40,120,2,76923
21752,1867,1,3,2,90909
21752,1872,1,3,2,166667
21752,1875,1,1,2,12346
21752,1881,1,1,2,25000
21752,4041,1,1,2,3137
21752,5162,1,1,2,161
21752,5272,1,1,-1,3799
21752,5522,1,1,-1,29108
21752,5523,1,1,-1,29108
21752,5539,1,1,1,4258
21752,8731,1,1,200,953
21753,57,2793,5688,0,700000
21753,1344,30,90,2,83333
21753,1864,1,3,2,200000
21753,1869,1,1,2,200000
21753,1880,1,1,2,17241
21753,4043,1,1,2,9615
21753,5287,1,1,1,15
21753,5288,1,1,1,24
21753,5293,1,1,1,11
21753,5464,1,1,-1,2567
21753,5520,1,1,-1,44699
21753,5520,1,1,1,2201
21753,5521,1,1,-1,31541
21753,5521,1,1,1,1553
21753,5524,1,1,1,3364
21753,5550,1,1,2,3195
21753,6901,1,1,2,293
21753,8731,1,1,200,1502
21753,8741,1,1,200,456
21753,8751,1,1,200,72
21754,57,2956,6030,0,700000
21754,288,1,1,1,12
21754,1868,1,3,2,200000
21754,1873,1,1,2,90909
21754,1876,1,1,2,52632
21754,1895,1,1,2,76923
21754,4042,1,1,-1,122379
21754,4042,1,1,2,3165
21754,5167,1,1,2,160
21754,5277,1,1,-1,3263
21754,5527,1,1,-1,87790
21754,5535,1,1,1,3701
21754,8731,1,1,200,3876
21754,8741,1,1,200,352
21755,57,3054,6219,0,700000
21755,729,1,1,-1,842
21755,1808,1,1,2,166
21755,1865,1,1,2,250000
21755,1870,1,1,2,250000
21755,1874,1,1,-1,505293
21755,1874,1,1,2,14925
21755,4039,1,1,2,8264
21755,4043,1,1,-1,252647
21755,4043,1,1,2,2584
21755,6323,1,1,1,43
21755,6324,1,1,1,57
21755,6325,1,1,1,86
21755,6341,1,1,1,10321
21755,6343,1,1,1,7979
21755,6345,1,1,1,14275
21755,8731,1,1,200,2066
21755,8741,1,1,200,517
21756,57,1828,3720,0,700000
21756,288,1,1,1,8
21756,1868,1,1,2,250000
21756,1873,1,1,2,58824
21756,1876,1,1,2,26316
21756,1895,1,1,2,47619
21756,4042,1,1,2,3311
21756,5440,1,1,2,83
21756,5466,1,1,-1,1679
21756,5524,1,1,-1,44675
21756,5525,1,1,-1,70068
21756,5535,1,1,1,2284
21756,8730,1,1,200,2577
21756,8740,1,1,200,736
21757,57,2617,5341,0,700000
21757,235,1,1,1,11
21757,1344,20,60,2,171502
21757,1866,1,1,2,182935
21757,1871,1,3,2,91468
21757,1877,1,1,2,10977
21757,4040,1,1,2,5488
21757,4041,1,1,-1,56546
21757,4041,1,1,2,2387
21757,5272,1,1,2,122
21757,5282,1,1,-1,2890
21757,5528,1,1,-1,77747
21757,5536,1,1,1,3268
21758,57,2294,4666,0,700000
21758,235,1,1,1,10
21758,730,1,1,-1,4738
21758,1343,20,60,2,171389
21758,1865,1,3,2,79982
21758,1870,2,6,2,59987
21758,1875,1,1,2,15997
21758,1879,1,1,2,39991
21758,4040,1,1,2,4799
21758,5442,1,1,2,89
21758,5526,1,1,-1,87899
21758,5536,1,1,1,2857
21758,6335,1,1,-1,21870
21758,8740,1,1,200,4695
21759,57,2470,5029,0,700000
21759,212,1,1,1,5
21759,1344,20,60,2,161648
21759,1866,1,1,2,172424
21759,1871,1,3,2,86212
21759,1877,1,1,2,10346
21759,2504,1,1,1,5
21759,3036,1,1,2,115
21759,4040,1,1,2,5173
21759,4041,1,1,2,2250
21759,5466,1,1,-1,2270
21759,5524,1,1,-1,60409
21759,5525,1,1,-1,94746
21759,5532,1,1,1,1526
21759,5543,1,1,1,1541
21759,8731,1,1,200,4274
21760,57,2415,4913,0,700000
21760,1866,1,1,2,125000
21760,1871,1,1,2,200000
21760,1885,1,2,-1,498859
21760,1885,1,1,2,10753
21760,4041,1,1,2,5348
21760,5220,1,1,-1,239453
21760,5220,1,1,2,5348
21760,5290,1,1,1,39
21760,5291,1,1,1,39
21760,5295,1,1,1,39
21760,5296,1,1,1,39
21760,5448,1,1,2,110
21760,5496,1,1,1,5183
21760,5497,1,1,1,5183
21760,5508,1,1,1,5183
21760,5509,1,1,1,5183
21760,5532,1,1,-1,20187
21760,8730,1,1,200,5348
21760,8740,1,1,200,2674
21761,57,2601,5296,0,700000
21761,269,1,1,1,11
21761,730,1,1,-1,5378
21761,1867,1,1,2,250000
21761,1872,1,3,2,125000
21761,1875,1,1,2,14493
21761,1881,1,1,2,29412
21761,3957,1,1,2,142
21761,4041,1,1,2,1209
21761,5526,1,1,-1,99769
21761,5539,1,1,1,3215
21761,6335,1,1,-1,24823
21761,8731,1,1,200,2415
21761,8741,1,1,200,1209
21761,8751,1,1,200,196
21762,57,2918,5954,0,700000
21762,269,1,1,1,12
21762,1867,1,3,2,166667
21762,1872,1,1,2,333333
21762,1882,1,1,2,58824
21762,1894,1,1,2,10526
21762,4042,1,1,2,3953
21762,5277,1,1,2,159
21762,5529,1,1,-1,19889
21762,5533,1,1,-1,19885
21762,5539,1,1,1,3612
21762,6901,1,1,-1,7249
21762,8731,1,1,200,807
21763,57,983,2000,0,700000
21763,212,1,1,1,2
21763,1343,10,30,2,83333
21763,1867,1,1,2,83333
21763,1872,1,1,2,83333
21763,1882,1,1,2,14706
21763,1894,1,1,2,3158
21763,2504,1,1,1,2
21763,4042,1,1,2,625
21763,5450,1,1,2,34
21763,5532,1,1,1,607
21763,5535,1,1,-1,8315
21763,5543,1,1,1,613
21763,6337,1,1,-1,12497
21763,6339,1,1,-1,18746
21763,6671,1,1,2,5000
21763,7894,1,1,1,2
21763,7899,1,1,1,2
21763,8341,1,1,1,694
21763,8346,1,1,1,316
21763,8730,1,1,200,1250
21764,57,6142,12533,0,700000
21764,269,1,1,1,25
21764,1344,20,60,2,333333
21764,1895,1,1,2,125000
21764,4040,1,2,-1,305197
21764,4040,1,1,2,8696
21764,4042,1,1,-1,254331
21764,4042,1,1,2,6536
21764,4043,1,1,2,14706
21764,5282,1,1,2,83
21764,5534,1,1,-1,41894
21764,5539,1,1,1,7602
21764,8731,1,1,200,4545
21764,8741,1,1,200,708
21764,8751,1,1,200,83
21765,57,6259,12770,0,700000
21765,288,1,1,1,26
21765,1808,1,1,-1,6911
21765,1868,3,9,2,166667
21765,1873,1,1,2,200000
21765,1889,1,1,2,30303
21765,3036,1,1,-1,6911
21765,4044,1,1,2,15625
21765,5535,1,1,1,7835
21765,5537,1,1,-1,42658
21765,5549,1,1,2,47619
21765,6901,1,1,2,789
21765,8731,1,1,200,4444
21765,8741,1,1,200,1495
21765,8751,1,1,200,124
21766,57,244,498,0,700000
21766,235,1,1,1,1
21766,1344,10,30,2,20408
21766,1808,1,1,2,12
21766,1867,1,1,2,21739
21766,1872,1,1,2,22727
21766,1875,1,1,-1,40424
21766,1875,1,1,2,1178
21766,1881,1,1,2,2494
21766,4041,1,1,-1,5273
21766,4041,1,1,2,277
21766,5536,1,1,1,306
21766,5538,1,1,-1,1663
21766,8731,1,1,200,277
21766,8741,1,1,200,139
21767,57,584,1188,0,700000
21767,269,1,1,1,3
21767,729,1,1,-1,161
21767,1868,1,1,2,83333
21767,1873,1,1,2,17544
21767,1889,1,1,2,2079
21767,4044,1,1,-1,48251
21767,4044,1,1,2,2151
21767,5456,1,1,2,148
21767,5536,1,1,-1,4925
21767,5539,1,1,1,721
21767,5549,1,1,2,4608
21767,8730,1,1,200,445
21767,8740,1,1,200,74
21768,57,5923,12058,0,700000
21768,235,1,1,1,24
21768,1866,1,3,2,90909
21768,1871,1,3,2,200000
21768,1877,1,1,2,18868
21768,4040,1,1,2,8475
21768,4041,1,1,2,3817
21768,5162,1,1,2,356
21768,5535,1,1,-1,50145
21768,5536,1,1,1,7385
21768,6337,1,1,-1,75366
21768,6339,1,1,-1,113048
21768,8731,1,1,200,4878
21768,8741,1,1,200,533
21768,8751,1,1,200,356
21769,57,5248,10676,0,700000
21769,729,1,1,-1,1446
21769,5478,1,1,-1,109401
21769,6671,1,3,-1,722777
21769,6671,1,1,2,500000
21769,8730,1,1,200,45455
21769,8740,1,1,200,7463
21769,8750,1,1,200,365
21770,57,5746,11699,0,700000
21770,1894,1,2,-1,500270
21770,6671,1,3,-1,792095
21770,6671,1,3,2,250000
21770,8731,1,1,200,41667
21770,8741,1,1,200,10870
21770,8751,1,1,200,2801
21771,57,5173,10525,0,700000
21771,235,1,1,1,21
21771,729,1,1,-1,1425
21771,729,1,1,2,133
21771,730,1,1,-1,10688
21771,730,1,1,2,465
21771,5479,1,1,-1,75894
21771,5536,1,1,1,6446
21771,8730,1,1,200,6061
21771,8740,1,1,200,1395
21771,8750,1,1,200,133
21772,57,6003,12248,0,700000
21772,212,1,1,1,13
21772,729,1,1,-1,1657
21772,729,1,1,2,245
21772,730,1,1,-1,12428
21772,730,1,1,2,299
21772,2504,1,1,1,13
21772,5532,1,1,1,3713
21772,5543,1,1,1,3748
21772,6901,1,1,-1,14913
21772,7894,1,1,1,13
21772,8341,1,1,1,1727
21772,8346,1,1,1,1262
21772,8731,1,1,200,5556
21772,8741,1,1,200,1733
21772,8751,1,1,200,120
21772,8761,1,1,200,60
21772,78998,1,1,1,13
21773,57,5478,11154,0,700000
21773,288,1,1,1,22
21773,729,1,1,-1,1510
21773,729,1,1,2,224
21773,730,1,1,-1,11328
21773,730,1,1,2,618
21773,5482,1,1,-1,179418
21773,5535,1,1,1,6851
21773,8731,1,1,200,5495
21773,8741,1,1,200,1992
21773,8751,1,1,200,137
21774,57,3773,7702,0,700000
21774,305,1,1,1,11
21774,959,1,1,2,19
21774,1868,3,9,2,111111
21774,1873,1,1,2,111111
21774,1876,1,3,-1,937757
21774,1876,1,1,2,50000
21774,1895,1,5,-1,893102
21774,1895,1,1,2,90909
21774,4042,1,1,2,5208
21774,5541,1,1,1,3798
21774,5546,1,1,-1,28259
21774,8732,1,1,200,1608
21774,8742,1,1,200,803
21775,57,4493,9173,0,700000
21775,959,1,1,2,22
21775,960,1,1,-1,4468
21775,1866,1,1,2,250000
21775,1871,1,3,2,200000
21775,1885,1,1,2,33333
21775,4041,1,1,-1,97124
21775,4041,1,1,2,3690
21775,5220,1,1,-1,446773
21775,5220,1,1,2,16129
21775,5311,1,1,1,17
21775,5316,1,1,1,17
21775,5522,1,1,1,2809
21775,5523,1,1,1,2809
21775,8732,1,1,200,2874
21775,8742,1,1,200,820
21776,57,3684,7518,0,700000
21776,960,1,1,2,498
21776,1344,40,120,2,90909
21776,1867,1,3,2,200000
21776,1872,1,3,2,125000
21776,1882,1,1,2,66667
21776,1894,1,1,2,12987
21776,4042,1,1,2,3650
21776,5326,1,1,1,18
21776,5329,1,1,1,18
21776,5487,1,1,1,3045
21776,5488,1,1,1,3045
21776,6707,1,1,-1,45354
21776,6708,1,1,-1,130329
21776,6709,1,1,-1,130329
21776,8732,1,1,200,2488
21776,8742,1,1,200,829
21776,8752,1,1,200,166
21777,57,3860,7880,0,700000
21777,960,1,1,2,163
21777,1344,30,90,2,125000
21777,1864,5,15,2,66667
21777,1869,2,6,2,71429
21777,1880,1,1,2,26316
21777,4043,1,1,2,12195
21777,5326,1,1,1,19
21777,5329,1,1,1,19
21777,5487,1,1,1,3192
21777,5488,1,1,1,3192
21777,5550,1,1,2,5051
21777,6691,1,1,-1,20740
21777,6693,1,1,-1,21116
21777,6694,1,1,-1,21116
21777,8732,1,1,200,2890
21778,57,4028,8221,0,700000
21778,959,1,1,2,24
21778,960,1,1,-1,4004
21778,1895,1,1,2,100000
21778,4040,1,1,2,7042
21778,4042,1,1,-1,166816
21778,4042,1,1,2,4348
21778,4043,1,1,-1,333633
21778,4043,1,1,2,19711
21778,6326,1,1,1,38
21778,6327,1,1,1,51
21778,6328,1,1,1,76
21778,6342,1,1,1,11162
21778,6344,1,1,1,7224
21778,6346,1,1,1,16043
21778,8732,1,1,200,3802
21778,8742,1,1,200,1629
21779,57,2441,4984,0,700000
21779,960,1,1,2,120
21779,1344,10,30,2,250000
21779,1894,1,1,2,5952
21779,4039,1,1,2,8772
21779,4041,1,1,2,2809
21779,4044,1,1,2,8403
21779,5162,1,1,-1,2697
21779,5167,1,1,-1,2697
21779,5320,1,1,1,12
21779,5323,1,1,1,12
21779,5480,1,1,1,2012
21779,5481,1,1,1,2012
21779,6342,1,1,-1,137475
21779,8732,1,1,200,3506
21779,8742,1,1,200,351
21780,57,3419,6979,0,700000
21780,959,1,1,-1,340
21780,959,1,1,2,17
21780,1867,1,3,2,200000
21780,1872,1,3,2,111111
21780,1882,1,1,2,76923
21780,1894,1,1,-1,298162
21780,1894,1,1,2,15625
21780,4042,1,1,-1,141627
21780,4042,1,1,2,4348
21780,6326,1,1,1,33
21780,6327,1,1,1,43
21780,6328,1,1,1,65
21780,6342,1,1,1,9477
21780,6344,1,1,1,6133
21780,6346,1,1,1,13620
21780,8732,1,1,200,1739
21781,57,3063,6253,0,700000
21781,959,1,1,2,16
21781,1866,1,1,2,166667
21781,1871,1,1,2,250000
21781,1877,1,1,2,10204
21781,4040,1,1,-1,152264
21781,4040,1,1,2,5988
21781,4041,1,1,-1,66202
21781,4041,1,1,2,3260
21781,5311,1,1,1,11
21781,5316,1,1,1,11
21781,5522,1,1,1,1915
21781,5523,1,1,1,1915
21781,6344,1,1,-1,111606
21781,8732,1,1,200,5988
21781,8752,1,1,200,854
21782,57,3257,6648,0,700000
21782,960,1,1,2,137
21782,1344,30,90,2,111111
21782,1868,4,12,2,76923
21782,1873,1,1,2,90909
21782,1876,1,1,2,66667
21782,1895,1,1,2,71429
21782,4042,1,1,2,898
21782,5313,1,1,1,34
21782,5314,1,1,1,34
21782,5318,1,1,1,34
21782,5319,1,1,1,34
21782,5502,1,1,1,5047
21782,5503,1,1,1,5047
21782,5514,1,1,1,5047
21782,5515,1,1,1,5047
21782,6710,1,1,-1,131297
21782,6711,1,1,-1,40103
21782,6712,1,1,-1,115239
21782,8732,1,1,200,2695
21783,57,3224,6583,0,700000
21783,960,1,1,2,136
21783,1344,20,60,2,142857
21783,1865,1,3,2,90909
21783,1870,2,6,2,62500
21783,1875,1,1,2,15873
21783,1879,1,1,2,34483
21783,4040,1,1,2,6024
21783,5272,1,1,-1,3562
21783,5326,1,1,1,16
21783,5329,1,1,1,16
21783,5480,1,1,-1,35965
21783,5487,1,1,1,2666
21783,5488,1,1,1,2666
21783,6346,1,1,-1,260950
21783,8732,1,1,200,2786
21783,8752,1,1,200,1859
21784,57,3430,7000,0,700000
21784,959,1,1,-1,341
21784,959,1,1,2,21
21784,1894,1,1,2,15385
21784,4039,1,1,2,9174
21784,4041,1,1,-1,74112
21784,4041,1,1,2,1531
21784,4044,1,1,-1,284097
21784,4044,1,1,2,10753
21784,5312,1,1,1,32
21784,5315,1,1,1,46
21784,5317,1,1,1,32
21784,5495,1,1,1,6372
21784,5527,1,1,1,5017
21784,5528,1,1,1,5017
21784,8732,1,1,200,4587
21784,8742,1,1,200,1020
21785,57,3811,7780,0,700000
21785,960,1,1,2,160
21785,1344,30,90,2,125000
21785,1868,4,12,2,71429
21785,1873,1,1,2,111111
21785,1889,1,1,2,23256
21785,4044,1,1,2,7937
21785,5313,1,1,1,40
21785,5314,1,1,1,40
21785,5318,1,1,1,40
21785,5319,1,1,1,40
21785,5502,1,1,1,5908
21785,5503,1,1,1,5908
21785,5514,1,1,1,5908
21785,5515,1,1,1,5908
21785,5549,1,1,2,27778
21785,6695,1,1,-1,20090
21785,6696,1,1,-1,20802
21785,6697,1,1,-1,20090
21785,8732,1,1,200,497
21785,8742,1,1,200,1988
21786,57,1313,2680,0,700000
21786,1866,1,1,2,71429
21786,1871,1,1,2,111111
21786,1885,1,1,2,9174
21786,4041,1,1,2,1397
21786,5220,1,1,-1,130512
21786,5220,1,1,2,5000
21786,5277,1,1,-1,1450
21786,5481,1,1,-1,14641
21786,6326,1,1,1,13
21786,6327,1,1,1,17
21786,6328,1,1,1,25
21786,6342,1,1,1,3639
21786,6344,1,1,1,2355
21786,6346,1,1,1,5230
21786,6672,1,1,2,12346
21786,8732,1,1,200,1919
21787,57,8022,16377,0,700000
21787,959,1,1,-1,798
21787,959,1,1,2,40
21787,960,1,1,-1,7976
21787,1864,4,12,2,166667
21787,1865,2,6,2,125000
21787,1866,3,9,2,76923
21787,1868,10,30,2,62500
21787,1873,4,12,2,31250
21787,5312,1,1,1,75
21787,5315,1,1,1,107
21787,5317,1,1,1,75
21787,5495,1,1,1,14907
21787,5527,1,1,1,11737
21787,5528,1,1,1,11737
21787,6688,1,1,-1,43102
21787,8732,1,1,200,5405
21787,8742,1,1,200,1626
21787,8752,1,1,200,148
21788,57,8174,16687,0,700000
21788,81,1,1,1,8
21788,151,1,1,1,8
21788,960,1,1,2,89
21788,1344,400,1200,2,17544
21788,1867,13,39,2,32258
21788,1869,2,6,2,125000
21788,1870,3,9,2,100000
21788,1871,3,9,2,90909
21788,1872,8,24,2,52632
21788,2500,1,1,1,8
21788,5529,1,1,1,2745
21788,5545,1,1,1,2745
21788,5546,1,1,1,3015
21788,6698,1,1,-1,399111
21788,6699,1,1,-1,442867
21788,6700,1,1,-1,243251
21788,8732,1,1,200,4367
21788,8742,1,1,200,1161
21788,8752,1,1,200,89
21789,57,319,651,0,700000
21789,164,1,1,1,1
21789,213,1,1,1,1
21789,959,1,1,-1,32
21789,959,1,1,2,2
21789,1894,1,1,-1,27802
21789,1894,1,1,2,1205
21789,4039,1,1,-1,26412
21789,4039,1,1,2,1314
21789,4041,1,1,2,110
21789,4044,1,1,2,1534
21789,5533,1,1,1,161
21789,5544,1,1,1,161
21789,7895,1,1,1,1
21789,7902,1,1,1,1
21789,8342,1,1,1,50
21789,8349,1,1,1,50
21789,8732,1,1,200,329
21789,8742,1,1,200,54
21790,57,780,1592,0,700000
21790,960,1,1,2,33
21790,1344,10,30,2,71429
21790,1864,1,1,2,125000
21790,1869,1,1,2,62500
21790,1880,1,1,2,5814
21790,4043,1,1,2,2004
21790,5282,1,1,-1,861
21790,5313,1,1,1,9
21790,5314,1,1,1,9
21790,5318,1,1,1,9
21790,5319,1,1,1,9
21790,5487,1,1,-1,8727
21790,5502,1,1,1,1209
21790,5503,1,1,1,1209
21790,5514,1,1,1,1209
21790,5515,1,1,1,1209
21790,5550,1,1,-1,25841
21790,5550,1,1,2,950
21790,8732,1,1,200,528
21790,8742,1,1,200,317
21791,57,7810,15940,0,700000
21791,164,1,1,1,11
21791,213,1,1,1,11
21791,959,1,1,2,39
21791,960,1,1,-1,7763
21791,1865,4,12,2,90909
21791,1870,1,3,2,200000
21791,1875,1,3,-1,646906
21791,1875,1,1,2,45455
21791,1879,1,1,2,111111
21791,4040,1,1,-1,388144
21791,4040,1,1,2,13158
21791,5533,1,1,1,3932
21791,5544,1,1,1,3928
21791,7895,1,1,1,11
21791,7902,1,1,1,11
21791,8342,1,1,1,2008
21791,8349,1,1,1,2141
21791,8732,1,1,200,4651
21791,8742,1,1,200,903
21791,8752,1,1,200,129
21792,57,7008,14306,0,700000
21792,1894,1,2,-1,611196
21792,6672,1,3,-1,725795
21792,6672,1,3,2,250000
21792,8732,1,1,200,50000
21792,8742,1,1,200,13699
21792,8752,1,1,200,1364
21793,57,7577,15464,0,700000
21793,6672,1,3,-1,784501
21793,6672,1,3,2,333333
21793,6689,1,1,-1,39930
21793,6690,1,1,-1,40774
21793,8732,1,1,200,55556
21793,8742,1,1,200,16949
21793,8752,1,1,200,1206
21794,57,6908,14104,0,700000
21794,81,1,1,1,7
21794,151,1,1,1,7
21794,959,1,1,-1,687
21794,959,1,1,2,102
21794,960,1,1,-1,6869
21794,960,1,1,2,433
21794,1808,1,1,-1,7632
21794,2500,1,1,1,7
21794,5529,1,1,1,2320
21794,5545,1,1,1,2320
21794,5546,1,1,1,2548
21794,8732,1,1,200,9804
21794,8742,1,1,200,2169
21794,8752,1,1,200,433
21795,57,7840,16005,0,700000
21795,289,1,1,1,22
21795,959,1,1,-1,780
21795,959,1,1,2,116
21795,960,1,1,-1,7795
21795,960,1,1,2,432
21795,5534,1,1,1,7902
21795,6691,1,1,-1,42123
21795,8732,1,1,200,8850
21795,8742,1,1,200,2088
21795,8752,1,1,200,504
21796,57,7224,14744,0,700000
21796,289,1,1,1,20
21796,959,1,1,-1,718
21796,959,1,1,2,107
21796,960,1,1,-1,7180
21796,960,1,1,2,269
21796,5534,1,1,1,7279
21796,8732,1,1,200,10638
21796,8742,1,1,200,1795
21797,57,315,642,0,700000
21797,1867,1,3,-1,869731
21797,1867,1,1,2,30303
21797,1869,1,4,-1,652298
21797,1869,1,1,2,26316
21797,1870,1,1,2,22727
21797,1871,1,1,2,25000
21797,1872,1,1,2,38462
21797,2414,1,1,1,23
21797,2497,1,1,1,33
21797,2959,1,1,1,2083
21797,2961,1,1,-1,35519
21797,2966,1,1,1,3295
21797,4175,1,1,2,404
21797,4972,1,1,2,40
21797,8726,1,1,200,807
21798,57,1980,4055,0,700000
21798,1344,10,30,2,166667
21798,1895,1,1,2,45455
21798,4040,1,1,2,3135
21798,4042,1,1,2,2242
21798,4043,1,1,2,4717
21798,5282,1,1,-1,2192
21798,5282,1,1,2,93
21798,5478,1,1,1,2042
21798,5479,1,1,1,1437
21798,5482,1,1,1,3205
21798,5487,1,1,-1,22211
21798,5488,1,1,-1,22211
21798,6672,1,1,2,10753
21798,8732,1,1,200,992
21798,8742,1,1,200,288
21798,8752,1,1,200,224
21798,12222,1,1,1,320
21798,12228,1,1,1,384
21798,12230,1,1,1,160
21799,57,3642,7457,0,700000
21799,1894,1,2,-1,318295
21799,5495,1,1,-1,137748
21799,5532,1,1,1,2259
21799,5543,1,1,1,2280
21799,6901,1,1,-1,9071
21799,6901,1,1,2,974
21799,8341,1,1,1,1001
21799,8346,1,1,1,723
21799,8732,1,1,200,5882
21799,8742,1,1,200,1016
21799,8752,1,1,200,381
21799,11946,1,1,1,116
21799,11949,1,1,1,116
21799,11953,1,1,1,116
21799,11958,1,1,1,116
21800,57,1853,3785,0,700000
21800,1344,10,30,2,166667
21800,1867,1,3,2,90909
21800,1872,1,1,2,200000
21800,1882,1,1,2,28571
21800,1894,1,1,2,4405
21800,4042,1,1,-1,76772
21800,4042,1,1,2,17060
21800,5167,1,1,-1,2047
21800,5272,1,1,2,114
21800,5529,1,1,-1,12637
21800,5532,1,1,1,1147
21800,5543,1,1,1,1158
21800,8341,1,1,1,436
21800,8346,1,1,1,374
21800,8732,1,1,200,1062
21800,8742,1,1,200,228
21800,11946,1,1,1,38
21800,11949,1,1,1,38
21800,11953,1,1,1,38
21800,11958,1,1,1,38
21801,39,1,1,1,753
21801,51,1,1,1,753
21801,57,107,191,0,700000
21801,1864,1,1,-1,469914
21801,1864,1,1,2,69403
21801,1869,1,1,-1,234957
21801,1869,1,1,2,34702
21801,1878,1,1,2,13881
21801,1926,1,1,-1,23733
21801,1930,1,1,1,11864
21801,2151,1,1,2,9667
21802,57,122,225,0,700000
21802,625,1,1,1,1258
21802,1148,1,1,1,882
21802,1865,1,1,2,40558
21802,1870,1,1,2,40558
21802,1879,1,1,2,6760
21802,1928,1,1,-1,40001
21802,2151,1,1,-1,76492
21802,2176,1,1,-1,131391
21802,2176,1,1,2,19406
21803,40,1,1,1,427
21803,57,137,264,0,700000
21803,604,1,1,1,427
21803,1866,1,1,2,23749
21803,1871,1,1,-1,317362
21803,1871,1,1,2,35623
21803,1885,1,1,2,2969
21803,1899,1,1,-1,49588
21803,1931,1,1,1,5821
21803,1934,1,1,1,5821
21803,2152,1,1,2,6272
21803,5220,1,1,-1,12695
21803,5220,1,1,2,1425
21804,46,1,1,1,400
21804,57,154,308,0,700000
21804,627,1,1,1,570
21804,1061,1,1,-1,221263
21804,1867,1,1,2,66502
21804,1872,1,1,2,66502
21804,1882,1,1,2,11084
21804,1900,1,1,-1,39943
21804,2250,1,1,-1,91271
21804,2250,1,1,2,12469
21805,57,184,368,0,700000
21805,63,1,1,1,131
21805,553,1,1,1,131
21805,1868,1,1,2,92622
21805,1873,1,1,2,18525
21805,1889,1,1,2,3088
21805,1901,1,1,-1,60152
21805,1938,1,1,-1,29277
21805,1940,1,1,1,4937
21805,2154,1,1,-1,46627
21805,2154,1,1,2,4959
21805,2422,1,1,1,131
21805,2423,1,1,1,131
21805,2446,1,1,1,131
21805,2447,1,1,1,131
21805,5549,1,1,2,4632
21806,47,1,1,1,358
21806,57,216,433,0,700000
21806,628,1,1,1,512
21806,1864,1,3,-1,512417
21806,1864,1,1,2,108980
21806,1869,1,1,2,54490
21806,1880,1,1,-1,51242
21806,1880,1,1,2,5449
21806,1939,1,1,-1,45008
21806,2155,1,1,2,8747
21806,5550,1,1,2,727
21807,57,253,504,0,700000
21807,606,1,1,1,52
21807,1124,1,1,1,52
21807,1865,1,1,2,77281
21807,1870,1,1,2,77281
21807,1874,1,1,2,5153
21807,1902,1,1,-1,60588
21807,1946,1,1,1,2612
21807,1948,1,1,1,2612
21807,2157,1,1,-1,49421
21807,2157,1,1,2,6387
21807,2158,1,1,-1,74010
21807,2424,1,1,1,52
21807,2425,1,1,1,52
21807,2426,1,1,1,52
21807,2448,1,1,1,52
21807,2449,1,1,1,52
21807,2450,1,1,1,52
21807,2923,1,1,1,2612
21807,2924,1,1,1,2612
21807,2925,1,1,1,2612
21807,2926,1,1,1,2612
21807,2927,1,1,1,2612
21807,2928,1,1,1,2612
21808,57,282,570,0,700000
21808,630,1,1,1,113
21808,1866,1,1,-1,460056
21808,1866,1,1,2,57755
21808,1871,1,1,-1,690083
21808,1871,1,1,2,86632
21808,1877,1,1,2,3466
21808,1905,1,1,-1,67129
21808,1956,1,1,1,6556
21808,2160,1,1,2,5590
21808,2412,1,1,1,79
21808,2494,1,1,1,113
21808,2930,1,1,1,4656
21808,2934,1,1,1,6556
21809,57,320,650,0,700000
21809,62,1,1,1,34
21809,1867,1,1,2,83286
21809,1872,1,1,2,83286
21809,1875,1,1,2,4165
21809,1881,1,1,2,8329
21809,1908,1,1,-1,75095
21809,1958,1,1,1,1872
21809,2163,1,1,-1,40459
21809,2163,1,1,2,3188
21809,2429,1,1,1,34
21809,2430,1,1,1,34
21809,2431,1,1,1,34
21809,2432,1,1,1,34
21809,2433,1,1,1,34
21809,2452,1,1,1,34
21809,2453,1,1,1,34
21809,2454,1,1,1,34
21809,2937,1,1,1,1872
21809,2938,1,1,1,1872
21809,2939,1,1,1,1872
21809,2940,1,1,1,1872
21809,2941,1,1,1,1872
21809,2942,1,1,1,1872
21809,2943,1,1,1,1872
21809,2944,1,1,1,1872
21809,4041,1,1,2,544
21809,4553,1,1,-1,3172
21809,8723,1,1,200,1742
21810,57,364,740,0,700000
21810,500,1,1,1,56
21810,632,1,1,1,79
21810,1868,1,1,2,133280
21810,1873,1,1,2,26656
21810,1876,1,1,2,13328
21810,1895,1,1,2,19040
21810,1966,1,1,-1,32947
21810,1967,1,1,-1,49218
21810,1971,1,1,1,4080
21810,1972,1,1,1,5332
21810,2166,1,1,-1,30590
21810,2166,1,1,2,2260
21810,2496,1,1,1,86
21810,2947,1,1,1,4760
21810,4042,1,1,2,1111
21810,8724,1,1,200,2604
21810,8734,1,1,200,1304
21811,57,413,839,0,700000
21811,64,1,1,1,87
21811,608,1,1,1,87
21811,1864,1,1,2,140971
21811,1869,1,1,2,70486
21811,1878,1,1,-1,409067
21811,1878,1,1,2,28195
21811,1884,1,1,-1,629333
21811,1884,1,1,2,43376
21811,1981,1,1,1,6220
21811,2169,1,1,2,1248
21811,2956,1,1,1,6220
21811,4039,1,1,2,2350
21811,4601,1,1,-1,2273
21811,8725,1,1,200,1305
21812,57,464,945,0,700000
21812,1865,1,1,2,70867
21812,1870,1,1,2,70867
21812,1875,1,1,2,4725
21812,1879,1,1,2,11812
21812,1984,1,1,-1,24686
21812,1985,1,1,-1,39710
21812,2414,1,1,1,40
21812,2497,1,1,1,57
21812,2959,1,1,1,3677
21812,2966,1,1,1,5817
21812,4040,1,1,2,1418
21812,4126,1,1,-1,19003
21812,4126,1,1,2,1170
21812,8726,1,1,200,4000
21813,57,519,1060,0,700000
21813,947,1,1,-1,516
21813,1866,1,1,2,42347
21813,1871,1,1,2,63521
21813,1885,1,1,2,5294
21813,4041,1,1,2,553
21813,4049,1,1,-1,67676
21813,4073,1,1,1,2479
21813,4097,1,1,1,2479
21813,4098,1,1,1,2479
21813,4100,1,1,1,2479
21813,4129,1,1,-1,13964
21813,4129,1,1,2,688
21813,5220,1,1,2,2541
21813,8727,1,1,200,833
21813,8737,1,1,200,833
21813,12146,1,1,1,208
21813,12147,1,1,1,208
21813,12148,1,1,1,208
21813,12149,1,1,1,208
21814,57,580,1179,0,700000
21814,1867,1,5,-1,638926
21814,1867,1,1,2,45455
21814,1872,1,5,-1,638926
21814,1872,1,1,2,66667
21814,1882,1,1,2,10309
21814,1894,1,1,2,1724
21814,4042,1,1,2,287
21814,4072,1,1,1,2385
21814,4101,1,1,1,3078
21814,4102,1,1,1,2385
21814,4130,1,1,2,862
21814,4439,1,1,1,3662
21814,4613,1,1,-1,1983
21814,8728,1,1,200,1149
21814,12159,1,1,1,72
21814,12160,1,1,1,72
21814,12170,1,1,1,72
21814,12171,1,1,1,72
21815,57,646,1308,0,700000
21815,1868,1,1,2,100000
21815,1873,1,1,2,26316
21815,1889,1,1,2,4149
21815,4044,1,1,2,1779
21815,4052,1,1,-1,56535
21815,4053,1,1,-1,68445
21815,4090,1,1,1,2647
21815,4091,1,1,1,2647
21815,4096,1,1,1,2647
21815,4099,1,1,1,2647
21815,5230,1,1,-1,2129
21815,5230,1,1,2,105
21815,5549,1,1,2,6536
21815,8739,1,1,200,1186
21815,12187,1,1,1,593
21815,12188,1,1,1,593
21815,12189,1,1,1,593
21815,12190,1,1,1,593
21816,57,714,1448,0,700000
21816,1864,1,1,2,100000
21816,1869,1,1,2,50000
21816,1880,1,1,2,28571
21816,4043,1,1,2,787
21816,4054,1,1,-1,34802
21816,4077,1,1,1,3913
21816,4088,1,1,1,3288
21816,4089,1,1,1,3288
21816,5434,1,1,2,33
21816,5438,1,1,-1,966
21816,5550,1,1,-1,23559
21816,5550,1,1,2,1160
21816,8729,1,1,200,787
21816,8739,1,1,200,787
21816,12183,1,1,1,262
21816,12185,1,1,1,262
21816,12202,1,1,1,262
21817,57,786,1596,0,700000
21817,1865,1,1,2,58824
21817,1870,1,1,2,62500
21817,1874,1,1,-1,129783
21817,1874,1,1,2,4098
21817,4039,1,1,2,2045
21817,4043,1,1,2,1024
21817,5434,1,1,-1,721
21817,5440,1,1,2,36
21817,5478,1,1,-1,16370
21817,5496,1,1,1,1686
21817,5497,1,1,1,1686
21817,5508,1,1,1,1686
21817,5509,1,1,1,1686
21817,8730,1,1,200,769
21817,8740,1,1,200,769
21817,12221,1,1,1,256
21817,12224,1,1,1,256
21817,12229,1,1,1,256
21817,12231,1,1,1,256
21818,57,860,1756,0,700000
21818,1866,1,1,2,62500
21818,1871,1,1,2,62500
21818,1877,1,1,2,5102
21818,4040,1,1,2,848
21818,4041,1,1,2,424
21818,5440,1,1,-1,792
21818,5479,1,1,-1,12647
21818,5482,1,1,-1,28211
21818,5494,1,1,1,2210
21818,5525,1,1,1,1627
21818,5526,1,1,1,1627
21818,6901,1,1,2,106
21818,8730,1,1,200,329
21818,12225,1,1,1,438
21818,12226,1,1,1,438
21818,12234,1,1,1,438
21819,57,941,1920,0,700000
21819,1808,1,1,2,51
21819,1867,1,1,2,83333
21819,1872,1,1,2,90909
21819,1875,1,1,-1,155856
21819,1875,1,1,2,2770
21819,1881,1,1,2,14925
21819,4041,1,1,-1,20329
21819,4041,1,1,2,693
21819,5480,1,1,-1,10490
21819,5496,1,1,1,2024
21819,5497,1,1,1,2024
21819,5508,1,1,1,2024
21819,5509,1,1,1,2024
21819,8731,1,1,200,1041
21819,12221,1,1,1,607
21819,12224,1,1,1,607
21819,12229,1,1,1,607
21819,12231,1,1,1,607
21820,57,1025,2092,0,700000
21820,1344,10,30,2,100000
21820,1808,1,1,-1,1132
21820,1868,1,1,2,200000
21820,1873,1,1,2,38462
21820,1876,1,1,2,135145
21820,1895,1,1,2,30303
21820,3036,1,1,2,48
21820,4042,1,1,2,1919
21820,5481,1,1,-1,11429
21820,5494,1,1,1,2634
21820,5525,1,1,1,1939
21820,5526,1,1,1,1939
21820,6901,1,1,-1,2547
21820,12225,1,1,1,513
21820,12226,1,1,1,513
21820,12234,1,1,1,513
21821,57,1110,2273,0,700000
21821,959,1,1,2,7
21821,1894,1,1,2,5731
21821,4039,1,1,-1,92156
21821,4039,1,1,2,5445
21821,4041,1,1,-1,24041
21821,4041,1,1,2,1421
21821,4044,1,1,2,5445
21821,5487,1,1,-1,12450
21821,5502,1,1,1,1724
21821,5503,1,1,1,1724
21821,5514,1,1,1,1724
21821,5515,1,1,1,1724
21821,8732,1,1,200,1427
21821,12257,1,1,1,178
21821,12260,1,1,1,178
21821,12264,1,1,1,178
21821,12267,1,1,1,178
21822,57,1200,2449,0,700000
21822,960,1,1,2,71
21822,1895,1,1,2,50341
21822,4040,1,1,2,3524
21822,4042,1,1,2,2937
21822,4043,1,1,2,5874
21822,5495,1,1,1,2230
21822,5527,1,1,1,1756
21822,5528,1,1,1,1756
21822,6688,1,1,-1,6446
21822,6689,1,1,-1,6325
21822,6690,1,1,-1,6459
21822,12261,1,1,1,12
21822,12268,1,1,1,16
21822,12269,1,1,1,12
21823,57,10189,20801,0,700000
21823,959,1,1,2,60
21823,1894,1,1,-1,888656
21823,1894,1,1,2,28571
21823,4039,1,1,-1,844224
21823,4039,1,1,2,25641
21823,4041,1,1,2,5435
21823,4044,1,1,2,38462
21823,5480,1,1,-1,113647
21823,5534,1,1,1,10269
21823,8732,1,1,200,7813
21823,8742,1,1,200,1808
21823,8752,1,1,200,603
21823,11975,1,1,1,3012
22001,57,163,306,0,700000
22001,391,1,1,1,432
22001,413,1,1,1,691
22001,1867,1,1,-1,494275
22001,1867,1,1,2,69351
22001,1872,1,1,2,69351
22001,1882,1,1,2,11558
22001,1899,1,1,-1,57923
22001,2152,1,1,-1,65265
22001,2152,1,1,2,9157
22002,57,170,324,0,700000
22002,258,1,1,1,139
22002,1867,1,1,2,58440
22002,1872,1,1,2,58440
22002,1875,1,1,2,2922
22002,1881,1,1,2,5844
22002,1931,1,1,-1,51043
22002,1932,1,1,-1,61981
22002,2178,1,1,-1,62477
22002,8301,1,1,2,1072
22003,57,208,401,0,700000
22003,274,1,1,1,172
22003,1874,1,1,-1,32142
22003,1874,1,1,2,3007
22003,1878,1,1,-1,192855
22003,1878,1,1,2,18039
22003,1884,1,1,2,27753
22003,1889,1,1,2,3007
22003,1934,1,1,-1,63024
22003,2180,1,1,2,3391
22003,5220,1,1,2,1804
22004,57,247,477,0,700000
22004,123,1,1,1,26
22004,1061,1,1,2,27844
22004,1875,1,1,2,3063
22004,1879,1,1,2,7657
22004,1885,1,1,2,3829
22004,2017,1,1,-1,7615
22004,2017,1,1,2,534
22004,2180,1,1,-1,43085
22004,2181,1,1,-1,57361
22004,2181,1,1,2,4599
22004,5285,1,1,1,26
22004,5531,1,1,2,675
22004,5549,1,1,2,4594
22004,5550,1,1,2,613
22004,7880,1,1,1,26
22004,7885,1,1,1,26
22004,8327,1,1,2,675
22004,8332,1,1,2,668
22005,57,217,425,0,700000
22005,220,1,1,1,181
22005,1876,1,1,-1,101353
22005,1876,1,1,2,9481
22005,1877,1,1,2,1896
22005,1880,1,1,-1,50680
22005,1880,1,1,2,4741
22005,1881,1,1,2,6321
22005,1882,1,1,2,10535
22005,2018,1,1,-1,6735
22005,2182,1,1,2,5691
22006,57,225,445,0,700000
22006,292,1,1,1,117
22006,737,1,1,2,4831
22006,1061,1,1,-1,321463
22006,1874,1,1,2,3221
22006,1878,1,1,2,19323
22006,1884,1,1,2,29728
22006,1889,1,1,2,3221
22006,1900,1,1,-1,58032
22006,2153,1,1,-1,82490
22006,5220,1,1,2,1932
22007,57,245,485,0,700000
22007,86,1,1,1,13
22007,179,1,1,1,13
22007,180,1,1,1,13
22007,181,1,1,1,13
22007,182,1,1,1,13
22007,183,1,1,1,13
22007,184,1,1,1,13
22007,185,1,1,1,13
22007,955,1,1,2,211
22007,1876,1,1,2,10532
22007,1877,1,1,2,2106
22007,1880,1,1,2,5266
22007,1881,1,1,2,7021
22007,1882,1,1,2,11702
22007,1933,1,1,-1,68021
22007,1935,1,1,-1,32300
22007,2022,1,1,2,492
22007,2023,1,1,2,392
22007,2183,1,1,-1,38038
22008,57,234,468,0,700000
22008,348,1,1,1,148
22008,377,1,1,1,236
22008,955,1,1,-1,2219
22008,956,1,1,2,1684
22008,1876,1,1,2,10103
22008,1877,1,1,-1,22185
22008,1877,1,1,2,2021
22008,1880,1,1,2,5051
22008,1881,1,1,-1,73951
22008,1881,1,1,2,6735
22008,1882,1,1,2,11225
22008,1935,1,1,2,4233
22008,1937,1,1,2,6510
22009,57,272,542,0,700000
22009,848,1,1,1,535
22009,879,1,1,1,805
22009,911,1,1,1,402
22009,1829,1,1,2,20055
22009,1832,1,1,-1,713613
22009,1832,1,1,2,55708
22009,1875,1,1,2,3343
22009,1879,1,1,2,8356
22009,1885,1,1,2,4178
22009,1900,1,1,2,9599
22009,1936,1,1,-1,52557
22009,2184,1,1,-1,67463
22009,5549,1,1,2,5014
22009,5550,1,1,2,669
22010,46,1,1,1,968
22010,57,286,575,0,700000
22010,627,1,1,1,1381
22010,1829,1,1,2,29724
22010,1868,1,1,2,148621
22010,1873,1,1,2,29724
22010,1889,1,1,2,4954
22010,1937,1,1,-1,58413
22010,2021,1,1,-1,8585
22010,2185,1,1,-1,133844
22010,5549,1,1,2,7431
22011,57,329,658,0,700000
22011,58,1,1,1,84
22011,59,1,1,1,121
22011,349,1,1,1,84
22011,350,1,1,1,84
22011,351,1,1,1,76
22011,378,1,1,1,121
22011,379,1,1,1,121
22011,1866,1,1,-1,519116
22011,1866,1,1,2,69002
22011,1871,1,1,-1,778674
22011,1871,1,1,2,103504
22011,1877,1,1,2,4140
22011,1901,1,1,-1,107552
22011,2154,1,1,2,11082
22012,57,329,658,0,700000
22012,58,1,1,1,84
22012,59,1,1,1,121
22012,349,1,1,1,84
22012,350,1,1,1,84
22012,351,1,1,1,76
22012,378,1,1,1,121
22012,379,1,1,1,121
22012,1866,1,1,2,69003
22012,1871,1,1,2,103504
22012,1877,1,1,2,4140
22012,1938,1,1,-1,52348
22012,2154,1,1,-1,83370
22012,2155,1,1,-1,124988
22012,2155,1,1,2,16614
22013,57,329,658,0,700000
22013,83,1,1,1,25
22013,124,1,1,1,19
22013,127,1,1,1,19
22013,130,1,1,1,19
22013,144,1,1,1,25
22013,1865,1,1,-1,778674
22013,1865,1,1,2,82803
22013,1870,1,1,-1,778674
22013,1870,1,1,2,82803
22013,1875,1,1,2,5520
22013,1879,1,1,2,13800
22013,1939,1,1,-1,69395
22013,2026,1,1,1,830
22013,2156,1,1,2,6624
22014,57,329,658,0,700000
22014,83,1,1,1,25
22014,124,1,1,1,19
22014,127,1,1,1,19
22014,130,1,1,1,19
22014,144,1,1,1,25
22014,1341,10,30,2,230008
22014,1865,1,1,2,69002
22014,1870,1,1,2,69002
22014,1875,1,1,2,4600
22014,1879,1,1,2,11500
22014,1940,1,1,-1,116220
22014,2026,1,1,-1,9372
22014,2026,1,1,1,830
22014,2156,1,1,-1,62294
22014,2186,1,1,2,5862
22015,57,329,658,0,700000
22015,260,1,1,1,111
22015,1874,1,1,2,4600
22015,1878,1,1,2,27601
22015,1884,1,1,-1,479184
22015,1884,1,1,2,42463
22015,1889,1,1,2,4600
22015,2027,1,1,-1,10201
22015,2186,1,1,-1,26043
22015,2187,1,1,2,3080
22015,5220,1,1,2,2760
22016,57,329,658,0,700000
22016,260,1,1,1,111
22016,1874,1,1,2,4600
22016,1878,1,1,2,27601
22016,1884,1,1,2,42463
22016,1889,1,1,-1,51918
22016,1889,1,1,2,4600
22016,2028,1,1,-1,9252
22016,2187,1,1,-1,34762
22016,2188,1,1,2,4929
22016,5220,1,1,2,2760
22017,57,249,499,0,700000
22017,69,1,1,1,26
22017,125,1,1,1,26
22017,126,1,1,1,26
22017,128,1,1,1,26
22017,737,1,1,2,6464
22017,1864,1,1,2,129279
22017,1869,1,1,2,64639
22017,1880,1,1,2,6464
22017,1900,1,1,-1,64708
22017,1933,1,1,-1,69581
22017,2021,1,1,1,817
22017,2153,1,1,-1,91981
22017,5550,1,1,2,862
22018,57,213,426,0,700000
22018,392,1,1,1,359
22018,414,1,1,1,574
22018,955,1,1,2,276
22018,956,1,1,-1,16825
22018,1867,1,1,2,91942
22018,1872,1,1,-1,672999
22018,1872,1,1,3,91942
22018,1882,1,1,-1,112167
22018,1882,1,1,2,15324
22019,57,289,580,0,700000
22019,433,1,1,1,122
22019,434,1,1,1,195
22019,435,1,1,1,122
22019,466,1,1,1,122
22019,467,1,1,1,195
22019,468,1,1,1,196
22019,956,1,1,2,2085
22019,1061,1,1,2,37911
22019,1834,1,1,-1,763138
22019,1864,1,1,2,125107
22019,1869,1,1,2,62554
22019,1880,1,1,2,6255
22019,1933,1,1,1,5520
22019,1935,1,1,-1,38370
22019,1936,1,1,1,3840
22019,2183,1,1,-1,45186
22019,5550,1,1,2,834
22020,57,239,479,0,700000
22020,58,1,1,1,61
22020,59,1,1,1,88
22020,349,1,1,1,61
22020,350,1,1,1,61
22020,351,1,1,1,55
22020,378,1,1,1,88
22020,379,1,1,1,88
22020,1867,1,1,2,80362
22020,1872,1,1,2,80362
22020,1875,1,1,2,4018
22020,1881,1,1,2,8036
22020,1901,1,1,-1,78285
22020,1938,1,1,-1,38103
22020,2154,1,1,-1,60684
22020,8302,1,1,2,4313
22021,57,291,580,0,700000
22021,157,1,1,1,33
22021,186,1,1,1,33
22021,1341,10,30,2,174450
22021,1874,1,1,-1,45933
22021,1874,1,1,2,3489
22021,1878,1,1,2,20934
22021,1884,1,1,2,32206
22021,1889,1,1,2,3489
22021,1939,1,1,-1,60518
22021,2027,1,1,1,1599
22021,5220,1,1,-1,27560
22021,5220,1,1,2,2093
22021,8295,1,1,2,374
22022,57,344,687,0,700000
22022,223,1,1,1,23
22022,238,1,1,1,23
22022,239,1,1,1,23
22022,241,1,1,1,23
22022,1867,1,1,2,115606
22022,1872,1,1,2,115606
22022,1875,1,1,2,5780
22022,1881,1,1,2,11561
22022,1940,1,2,-1,121696
22022,2028,1,1,1,1030
22022,2155,1,1,-1,130876
22022,2156,1,1,-1,65229
22022,2156,1,1,2,6936
22023,57,392,787,0,700000
22023,83,1,1,1,30
22023,124,1,1,1,22
22023,127,1,1,1,22
22023,130,1,1,1,22
22023,144,1,1,1,30
22023,1868,1,3,-1,930959
22023,1868,1,1,2,197994
22023,1873,1,2,-1,372383
22023,1873,1,1,2,39599
22023,1889,1,1,2,6600
22023,2026,1,1,-1,11205
22023,2026,1,1,1,993
22023,5549,1,1,2,9900
22023,8295,1,1,2,707
22024,57,369,737,0,700000
22024,395,1,1,1,131
22024,417,1,1,1,210
22024,1825,1,1,-1,62428
22024,1825,1,1,2,6454
22024,1867,1,1,2,120476
22024,1872,1,1,2,120476
22024,1875,1,1,2,6024
22024,1881,1,1,2,12048
22024,1902,1,1,-1,88550
22024,1942,1,1,1,5761
22024,1943,1,1,1,8971
22024,6036,1,1,-1,29133
22025,34,1,1,1,105
22025,57,369,736,0,700000
22025,395,1,1,1,65
22025,417,1,1,1,105
22025,1867,1,1,2,120193
22025,1872,1,1,2,120193
22025,1882,1,1,2,20032
22025,1894,1,1,2,3163
22025,1903,1,1,-1,145444
22025,1904,1,1,-1,81375
22025,1941,1,1,1,2988
22025,2145,1,1,-1,62281
22025,2145,1,1,2,6439
22025,2918,1,1,1,4457
22025,2919,1,1,1,4457
22026,57,478,954,0,700000
22026,129,1,1,1,18
22026,1864,1,5,-1,763202
22026,1864,1,1,2,236710
22026,1869,1,3,-1,572402
22026,1869,1,1,2,118355
22026,1878,1,1,2,47342
22026,1884,1,1,2,72834
22026,2034,1,1,1,1042
22026,2146,1,1,2,8454
22026,6036,1,1,-1,38160
22026,7881,1,1,1,18
22026,7886,1,1,1,18
22026,8328,1,1,1,941
22026,8333,1,1,1,972
22027,57,936,1864,0,700000
22027,279,1,1,1,106
22027,1865,1,1,2,228708
22027,1870,1,1,2,228708
22027,1874,1,1,2,15247
22027,1941,1,1,-1,87978
22027,1942,1,1,-1,112839
22027,2040,1,1,1,6616
22027,2146,1,1,-1,158015
22027,2147,1,1,2,16336
22027,6036,1,1,2,7624
22028,57,833,1662,0,700000
22028,129,1,1,1,32
22028,1864,3,9,2,68754
22028,1869,1,1,2,206261
22028,1878,1,1,-1,798035
22028,1878,1,1,2,82504
22028,1884,1,1,2,126930
22028,1943,1,1,-1,158466
22028,2034,1,1,1,1816
22028,2147,1,1,-1,142506
22028,2148,1,1,2,14733
22028,7881,1,1,1,32
22028,7886,1,1,1,32
22028,8328,1,1,1,1641
22028,8333,1,1,1,1693
22029,57,496,990,0,700000
22029,88,1,1,1,8
22029,90,1,1,1,8
22029,158,1,1,1,8
22029,169,1,1,1,8
22029,172,1,1,1,8
22029,1868,1,1,2,245638
22029,1873,1,1,2,49128
22029,1889,1,1,2,8188
22029,1944,1,1,-1,60596
22029,2031,1,1,1,444
22029,2032,1,1,1,405
22029,2035,1,1,1,444
22029,2036,1,1,1,444
22029,2037,1,1,1,444
22029,2149,1,1,1,8773
22029,5549,1,1,-1,118798
22029,5549,1,1,2,12282
22029,6036,1,1,-1,39599
22029,7890,1,1,1,8
22029,7896,1,1,1,8
22029,8337,1,1,1,444
22029,8343,1,1,1,444
22030,57,504,1018,0,700000
22030,438,1,1,1,171
22030,1805,1,1,-1,4171
22030,1805,1,1,2,419
22030,1868,1,1,2,251345
22030,1873,1,1,2,50269
22030,1876,1,1,2,25134
22030,1895,1,1,2,35906
22030,1905,1,1,-1,121725
22030,1953,1,1,1,10064
22030,2160,1,1,-1,80731
22031,57,460,935,0,700000
22031,280,1,1,1,42
22031,1868,1,5,-1,776220
22031,1868,1,1,2,233870
22031,1873,1,1,-1,465732
22031,1873,1,1,2,46774
22031,1876,1,1,2,23387
22031,1895,1,1,2,33410
22031,1906,1,1,-1,160045
22031,2054,1,1,1,2488
22031,8303,1,1,2,511
22032,57,573,1175,0,700000
22032,71,1,1,1,13
22032,72,1,1,1,13
22032,1868,1,1,2,152909
22032,1873,1,1,2,30582
22032,1889,1,1,2,5097
22032,1908,1,1,-1,137871
22032,2059,1,1,1,892
22032,2060,1,1,1,911
22032,2163,1,1,-1,74282
22032,2163,1,1,1,3901
22032,4553,1,1,-1,5824
22032,5549,1,1,2,7645
22032,7887,1,1,1,13
22032,8334,1,1,1,911
22032,8723,1,1,200,3058
22032,8733,1,1,200,765
22032,8743,1,1,200,77
22032,8753,1,1,200,15
22033,57,741,1505,0,700000
22033,439,1,1,1,152
22033,471,1,1,1,243
22033,1867,1,1,2,118016
22033,1872,1,1,2,118016
22033,1875,1,1,2,5901
22033,1881,1,1,2,11802
22033,1909,1,1,-1,252912
22033,1910,1,1,-1,141025
22033,1954,1,1,1,11765
22033,1962,1,1,1,7081
22033,2164,1,1,-1,144063
22033,2164,1,1,2,6809
22033,4041,1,1,2,770
22033,8723,1,1,200,3541
22033,8733,1,1,200,885
22033,8743,1,1,200,89
22033,8753,1,1,200,18
22034,57,481,871,0,700000
22034,439,1,1,1,139
22034,471,1,1,1,223
22034,1867,1,1,2,108227
22034,1872,1,1,2,108227
22034,1875,1,1,2,5411
22034,1881,1,1,2,10823
22034,1909,1,1,-1,231934
22034,1910,1,1,-1,129328
22034,1954,1,1,1,10789
22034,1962,1,1,1,6494
22034,2164,1,1,-1,132113
22034,4041,1,1,2,706
22034,8319,1,1,2,189
22034,8723,1,1,200,3247
22034,8733,1,1,200,812
22034,8743,1,1,200,81
22034,8753,1,1,200,16
22035,57,741,1505,0,700000
22035,439,1,1,1,152
22035,471,1,1,1,243
22035,1867,1,1,2,118016
22035,1872,1,1,2,118016
22035,1875,1,1,2,5901
22035,1881,1,1,2,11802
22035,1909,1,1,-1,252912
22035,1910,1,1,-1,141025
22035,1954,1,1,1,11765
22035,1962,1,1,1,7081
22035,2164,1,1,-1,144063
22035,2213,1,1,2,1374
22035,4041,1,1,2,770
22035,8723,1,1,200,3541
22035,8733,1,1,200,885
22035,8743,1,1,200,89
22035,8753,1,1,200,18
22036,57,689,1193,0,700000
22036,439,1,1,1,107
22036,471,1,1,1,171
22036,1867,1,1,2,83144
22036,1872,1,1,2,83144
22036,1875,1,1,2,4157
22036,1881,1,1,2,8314
22036,1909,1,1,-1,178179
22036,1910,1,1,-1,99354
22036,1954,1,1,1,8289
22036,1962,1,1,1,4989
22036,2164,1,1,-1,101494
22036,2214,1,1,2,1547
22036,4041,1,1,2,542
22036,8723,1,1,200,2494
22036,8733,1,1,200,624
22036,8743,1,1,200,62
22036,8753,1,1,200,12
22037,57,572,1161,0,700000
22037,439,1,1,1,117
22037,471,1,1,1,188
22037,1867,1,1,2,91097
22037,1872,1,1,2,91097
22037,1875,1,1,-1,96375
22037,1875,1,1,2,4555
22037,1881,1,1,2,9110
22037,1954,1,1,1,9081
22037,1960,1,1,-1,79213
22037,1962,1,1,1,5466
22037,2215,1,1,1,870
22037,4041,1,1,2,594
22037,4555,1,1,-1,5783
22037,8723,1,1,200,2733
22037,8733,1,1,200,683
22037,8743,1,1,200,68
22037,8753,1,1,200,14
22038,57,686,1395,0,700000
22038,355,1,1,1,78
22038,382,1,1,1,124
22038,951,1,1,2,140
22038,1866,1,1,2,51269
22038,1871,1,1,2,76903
22038,1877,1,1,2,3076
22038,1911,1,1,-1,129093
22038,1968,1,1,1,4633
22038,1969,1,1,1,7348
22038,2166,1,1,-1,58836
22038,2167,1,1,-1,88554
22038,4040,1,1,2,1538
22038,4041,1,1,2,669
22038,8724,1,1,200,2563
22038,8734,1,1,200,641
22038,8744,1,1,200,64
22038,8754,1,1,200,13
22039,57,715,1457,0,700000
22039,73,1,1,1,9
22039,74,1,1,1,9
22039,131,1,1,1,9
22039,133,1,1,1,9
22039,951,1,1,-1,3292
22039,952,1,1,2,972
22039,1866,1,1,2,48615
22039,1871,1,1,2,72923
22039,1877,1,1,-1,72416
22039,1877,1,1,2,2917
22039,1911,1,1,-1,195087
22039,2077,1,1,1,666
22039,2078,1,1,1,666
22039,2080,1,1,1,666
22039,2081,1,1,1,666
22039,4040,1,1,2,1459
22039,4041,1,1,2,634
22039,8318,1,1,2,119
22039,8724,1,1,200,2431
22039,8734,1,1,200,608
22039,8744,1,1,200,61
22039,8754,1,1,200,12
22040,57,549,1120,0,700000
22040,282,1,1,1,14
22040,285,1,1,1,14
22040,1342,10,30,2,112006
22040,1867,1,1,2,74670
22040,1872,1,1,2,74670
22040,1875,1,1,2,3734
22040,1881,1,1,2,7467
22040,1913,1,1,-1,84545
22040,2085,1,1,1,1066
22040,2086,1,1,1,1066
22040,2166,1,1,2,1898
22040,4041,1,1,-1,12090
22040,4041,1,1,2,487
22040,4589,1,1,-1,4634
22040,8724,1,1,200,1867
22040,8734,1,1,200,467
22040,8744,1,1,200,47
22040,8754,1,1,200,9
22041,57,917,1863,0,700000
22041,162,1,1,1,4
22041,174,1,1,1,4
22041,196,1,1,1,4
22041,197,1,1,1,4
22041,199,1,1,1,4
22041,200,1,1,1,4
22041,201,1,1,1,4
22041,202,1,1,1,4
22041,1867,1,1,2,127785
22041,1872,1,1,2,127785
22041,1875,1,1,2,6389
22041,1881,1,1,2,12778
22041,1913,1,1,-1,140926
22041,2097,1,1,1,321
22041,2098,1,1,1,321
22041,2099,1,1,1,338
22041,2100,1,1,1,338
22041,2102,1,1,1,326
22041,2103,1,1,1,338
22041,2104,1,1,1,338
22041,2105,1,1,1,321
22041,2166,1,1,2,3249
22041,4041,1,1,-1,20152
22041,4041,1,1,2,833
22041,4589,1,1,-1,7725
22041,8725,1,1,200,2662
22041,8735,1,1,200,665
22041,8745,1,1,200,67
22041,8755,1,1,200,13
22042,57,841,1709,0,700000
22042,162,1,1,1,3
22042,174,1,1,1,3
22042,196,1,1,1,3
22042,197,1,1,1,3
22042,199,1,1,1,3
22042,200,1,1,1,3
22042,201,1,1,1,3
22042,202,1,1,1,3
22042,1867,1,1,2,117186
22042,1872,1,1,2,117186
22042,1875,1,1,2,5859
22042,1881,1,1,2,11719
22042,1913,1,1,-1,129237
22042,2097,1,1,1,294
22042,2098,1,1,1,294
22042,2099,1,1,1,310
22042,2100,1,1,1,310
22042,2102,1,1,1,299
22042,2103,1,1,1,310
22042,2104,1,1,1,310
22042,2105,1,1,1,294
22042,2166,1,1,2,2979
22042,4041,1,1,-1,18481
22042,4041,1,1,2,764
22042,4589,1,1,-1,7084
22042,8725,1,1,200,2441
22042,8735,1,1,200,610
22042,8745,1,1,200,61
22042,8755,1,1,200,12
22043,57,917,1863,0,700000
22043,162,1,1,1,4
22043,174,1,1,1,4
22043,196,1,1,1,4
22043,197,1,1,1,4
22043,199,1,1,1,4
22043,200,1,1,1,4
22043,201,1,1,1,4
22043,202,1,1,1,4
22043,1539,1,1,2,19362
22043,1867,1,1,2,116168
22043,1872,1,1,2,116168
22043,1875,1,1,2,5808
22043,1881,1,1,2,11617
22043,1913,1,1,-1,140926
22043,2097,1,1,1,321
22043,2098,1,1,1,321
22043,2099,1,1,1,338
22043,2100,1,1,1,338
22043,2102,1,1,1,326
22043,2103,1,1,1,338
22043,2104,1,1,1,338
22043,2105,1,1,1,321
22043,2166,1,1,2,2953
22043,4041,1,1,-1,20152
22043,4041,1,1,2,758
22043,4589,1,1,-1,7725
22043,8725,1,1,200,2420
22043,8735,1,1,200,605
22043,8745,1,1,200,60
22043,8755,1,1,200,12
22044,57,646,1313,0,700000
22044,162,1,1,1,3
22044,174,1,1,1,3
22044,196,1,1,1,3
22044,197,1,1,1,3
22044,199,1,1,1,3
22044,200,1,1,1,3
22044,201,1,1,1,3
22044,202,1,1,1,3
22044,1867,1,1,2,90026
22044,1872,1,1,2,90026
22044,1875,1,1,2,4501
22044,1881,1,1,2,9003
22044,1913,1,1,-1,99284
22044,2097,1,1,1,226
22044,2098,1,1,1,226
22044,2099,1,1,1,238
22044,2100,1,1,1,238
22044,2102,1,1,1,229
22044,2103,1,1,1,238
22044,2104,1,1,1,238
22044,2105,1,1,1,226
22044,2166,1,1,2,2289
22044,4041,1,1,-1,14198
22044,4041,1,1,2,587
22044,4589,1,1,-1,5442
22044,8725,1,1,200,1876
22044,8735,1,1,200,469
22044,8745,1,1,200,47
22044,8755,1,1,200,9
22045,57,204,407,0,700000
22045,606,1,1,1,55
22045,1124,1,1,1,55
22045,1825,1,1,2,2134
22045,1865,1,1,2,50524
22045,1870,1,1,2,50524
22045,1875,1,1,-1,49514
22045,1875,1,1,2,3368
22045,1879,1,1,-1,81451
22045,1879,1,1,2,8421
22045,1902,1,1,-1,32580
22045,1946,1,1,1,2134
22045,1948,1,1,1,2134
22045,2424,1,1,1,55
22045,2425,1,1,1,55
22045,2426,1,1,1,55
22045,2448,1,1,1,55
22045,2449,1,1,1,55
22045,2450,1,1,1,55
22045,2923,1,1,1,2134
22045,2924,1,1,1,2134
22045,2925,1,1,1,2134
22045,2926,1,1,1,2134
22045,2927,1,1,1,2134
22045,2928,1,1,1,2134
22046,57,216,442,0,700000
22046,96,1,1,1,5
22046,298,1,1,1,5
22046,302,1,1,1,5
22046,1866,1,1,2,17300
22046,1871,1,1,2,25950
22046,1885,1,1,2,2163
22046,1908,1,1,-1,51995
22046,2062,1,1,1,339
22046,2075,1,1,1,339
22046,2076,1,1,1,339
22046,2163,1,1,-1,28014
22046,2163,1,1,2,1324
22046,4041,1,1,2,226
22046,4553,1,1,-1,2196
22046,5220,1,1,2,1038
22046,8723,1,1,200,1038
22046,8733,1,1,200,260
22046,8743,1,1,200,26
22046,8753,1,1,200,5
22047,57,188,386,0,700000
22047,439,1,1,1,39
22047,471,1,1,1,62
22047,1895,1,1,2,10758
22047,1909,1,1,-1,64552
22047,1910,1,1,-1,35994
22047,1954,1,1,1,3003
22047,1962,1,1,1,1807
22047,2166,1,1,-1,36770
22047,2166,1,1,1,2896
22047,8723,1,1,200,1506
22047,8733,1,1,200,377
22047,8743,1,1,200,38
22047,8753,1,1,200,8
22048,57,183,370,0,700000
22048,851,1,1,2,82
22048,882,1,1,1,122
22048,914,1,1,2,61
22048,1805,1,1,2,127
22048,1875,1,1,-1,30323
22048,1875,1,1,2,2538
22048,1879,1,1,-1,75807
22048,1879,1,1,2,6345
22048,1885,1,1,2,3172
22048,1905,1,1,1,3703
22048,1906,1,1,1,5233
22048,1907,1,1,1,2648
22048,4469,1,1,-1,2599
22048,5549,1,1,2,3807
22048,5550,1,1,2,508
22049,57,246,502,0,700000
22049,500,1,1,1,50
22049,632,1,1,1,71
22049,951,1,1,2,50
22049,1867,1,1,2,36844
22049,1872,1,1,2,36844
22049,1875,1,1,2,1842
22049,1881,1,1,2,3684
22049,1911,1,1,-1,46387
22049,1912,1,1,-1,67206
22049,1971,1,1,1,2820
22049,1972,1,1,1,3685
22049,2166,1,1,-1,21141
22049,2496,1,1,1,77
22049,2947,1,1,1,3290
22049,4041,1,1,2,240
22049,8724,1,1,200,921
22049,8734,1,1,200,230
22049,8744,1,1,200,23
22049,8754,1,1,200,5
22050,57,628,1284,0,700000
22050,226,1,1,1,21
22050,232,1,1,1,21
22050,1867,1,1,2,100438
22050,1872,1,1,2,100438
22050,1875,1,1,2,5022
22050,1881,1,1,-1,212515
22050,1881,1,1,2,10044
22050,1908,1,1,-1,150934
22050,2070,1,1,1,1495
22050,2072,1,1,1,1495
22050,2163,1,1,-1,81320
22050,2163,1,1,2,3843
22050,4041,1,1,2,655
22050,8723,1,1,200,3013
22050,8733,1,1,200,753
22050,8743,1,1,200,75
22050,8753,1,1,200,15
22051,57,482,984,0,700000
22051,951,1,1,1,109
22051,1126,1,1,1,73
22051,1894,1,1,-1,42869
22051,1894,1,1,2,2110
22051,1911,1,1,-1,90871
22051,1974,1,1,1,3794
22051,2434,1,1,2,73
22051,2455,1,1,2,79
22051,2456,1,1,2,73
22051,2457,1,1,2,73
22051,2458,1,1,2,73
22051,2946,1,1,1,2521
22051,2948,1,1,1,3794
22051,2949,1,1,1,3794
22051,2950,1,1,1,3794
22051,2951,1,1,1,3794
22051,4039,1,1,2,2005
22051,4041,1,1,2,523
22051,4044,1,1,2,2005
22051,4589,1,1,-1,4073
22051,8724,1,1,200,2005
22051,8734,1,1,200,501
22051,8744,1,1,200,50
22051,8754,1,1,200,10
22052,57,707,1443,0,700000
22052,355,1,1,2,80
22052,382,1,1,2,128
22052,952,1,1,2,962
22052,1342,10,30,2,144321
22052,1873,1,1,2,28864
22052,1876,1,1,2,14432
22052,1895,1,1,2,20617
22052,1912,1,1,-1,193047
22052,1968,1,1,1,4782
22052,1969,1,1,1,7584
22052,2166,1,1,-1,60728
22052,2167,1,1,-1,91402
22052,4042,1,1,2,1203
22052,8296,1,1,2,168
22052,8724,1,1,200,2405
22052,8734,1,1,200,601
22052,8744,1,1,200,50
22052,8754,1,1,200,10
22053,57,696,1415,0,700000
22053,500,1,1,2,140
22053,632,1,1,2,200
22053,952,1,1,-1,23466
22053,1866,1,3,-1,586654
22053,1866,1,1,2,51987
22053,1871,1,1,2,77980
22053,1885,1,1,2,6498
22053,1913,1,1,-1,107021
22053,1971,1,1,1,7957
22053,1972,1,1,1,10398
22053,2166,1,1,2,2643
22053,2496,1,1,2,216
22053,2947,1,1,1,9284
22053,4041,1,1,2,678
22053,5220,1,1,2,3119
22053,8724,1,1,200,2599
22053,8734,1,1,200,650
22053,8744,1,1,200,65
22053,8754,1,1,200,13
22054,57,718,1459,0,700000
22054,1126,1,1,2,108
22054,1864,1,1,2,160855
22054,1869,1,1,2,80428
22054,1878,1,1,2,32171
22054,1884,1,3,-1,558523
22054,1884,1,1,2,49494
22054,1966,1,1,-1,66272
22054,1974,1,1,1,5637
22054,2167,1,1,2,4104
22054,2434,1,1,2,108
22054,2455,1,1,1,117
22054,2456,1,1,2,108
22054,2457,1,1,2,108
22054,2458,1,1,2,108
22054,2946,1,1,1,3746
22054,2948,1,1,1,5637
22054,2949,1,1,1,5637
22054,2950,1,1,1,5637
22054,2951,1,1,1,5637
22054,4039,1,1,2,2681
22054,4590,1,1,-1,6051
22054,8724,1,1,200,2681
22054,8734,1,1,200,670
22054,8744,1,1,200,67
22054,8754,1,1,200,13
22055,57,770,1571,0,700000
22055,500,1,1,2,155
22055,632,1,1,2,221
22055,1539,1,1,2,17464
22055,1865,1,1,2,78585
22055,1870,1,1,2,78585
22055,1875,1,1,2,5239
22055,1879,1,1,2,13098
22055,1967,1,1,-1,106408
22055,1971,1,1,1,8820
22055,1972,1,1,1,11526
22055,2168,1,1,-1,49644
22055,2222,1,1,-1,12194
22055,2496,1,1,2,240
22055,2947,1,1,1,10291
22055,4040,1,1,2,1572
22055,8318,1,1,2,128
22055,8724,1,1,200,2619
22055,8734,1,1,200,655
22055,8744,1,1,200,66
22055,8754,1,1,200,13
22056,57,693,1413,0,700000
22056,355,1,1,2,78
22056,382,1,1,2,126
22056,951,1,1,-1,3191
22056,1873,1,1,2,34562
22056,1876,1,1,-1,351020
22056,1876,1,1,2,17281
22056,1895,1,1,2,24687
22056,1968,1,1,-1,42292
22056,1968,1,1,1,4685
22056,1969,1,1,1,7430
22056,2222,1,1,2,540
22056,4042,1,1,2,1440
22056,8724,1,1,200,2880
22056,8734,1,1,200,720
22056,8744,1,1,200,72
22056,8754,1,1,200,14
22057,57,549,1115,0,700000
22057,854,1,1,2,84
22057,885,1,1,2,127
22057,917,1,1,2,63
22057,1539,1,1,-1,308276
22057,1867,1,1,2,76491
22057,1872,1,1,2,76491
22057,1875,1,1,-1,92483
22057,1875,1,1,2,3825
22057,1881,1,1,2,7649
22057,1914,1,1,1,5371
22057,1915,1,1,1,8423
22057,1916,1,1,1,4068
22057,2169,1,1,2,1015
22057,4041,1,1,2,499
22057,4601,1,1,-1,3083
22057,8725,1,1,200,1594
22057,8735,1,1,200,398
22057,8745,1,1,200,40
22057,8755,1,1,200,8
22058,57,839,1705,0,700000
22058,854,1,1,2,129
22058,885,1,1,2,193
22058,917,1,1,2,97
22058,1342,10,30,2,159313
22058,1864,1,1,2,159312
22058,1869,1,1,2,79656
22058,1880,1,1,2,7965
22058,1914,1,1,-1,119035
22058,1914,1,1,1,8203
22058,1915,1,1,-1,186681
22058,1915,1,1,1,12865
22058,1916,1,1,1,6214
22058,2169,1,1,-1,37501
22058,2170,1,1,2,1878
22058,4043,1,1,2,2655
22058,5550,1,1,2,1062
22058,8725,1,1,200,2213
22058,8735,1,1,200,553
22058,8745,1,1,200,55
22058,8755,1,1,200,11
22059,57,2198,4465,0,700000
22059,265,1,1,1,69
22059,1864,1,3,2,229526
22059,1869,1,11,-1,925052
22059,1869,1,3,2,76509
22059,1880,1,1,2,22953
22059,1916,1,1,-1,236183
22059,2108,1,1,1,6147
22059,2170,1,1,-1,130904
22059,2231,1,1,2,989
22059,4043,1,1,1,7651
22059,5550,1,1,2,3060
22059,8725,1,1,200,6376
22059,8735,1,1,200,1594
22059,8745,1,1,200,159
22059,8755,1,1,200,32
22060,57,1956,3952,0,700000
22060,75,1,1,1,9
22060,76,1,1,1,9
22060,77,1,1,1,9
22060,84,1,1,1,9
22060,134,1,1,1,9
22060,145,1,1,1,9
22060,1539,1,3,-1,547016
22060,1865,1,1,2,203591
22060,1870,1,11,-1,820524
22060,1870,1,1,2,203591
22060,1874,1,1,2,13573
22060,2089,1,1,1,793
22060,2090,1,1,1,793
22060,2091,1,1,1,793
22060,2092,1,1,1,793
22060,2095,1,1,1,793
22060,2096,1,1,1,793
22060,4039,1,1,2,6786
22060,4043,1,1,2,6786
22060,4602,1,1,-1,10940
22060,7882,1,1,1,9
22060,8304,1,1,2,332
22060,8329,1,1,1,757
22060,8725,1,1,200,5655
22060,8735,1,1,200,1414
22060,8745,1,1,200,141
22060,8755,1,1,200,28
22062,57,1813,3664,0,700000
22062,231,1,1,1,29
22062,233,1,1,1,29
22062,1867,1,3,2,125846
22062,1872,1,1,2,251692
22062,1882,1,1,2,41949
22062,1894,1,1,-1,160166
22062,1894,1,1,2,6623
22062,1981,1,1,-1,268514
22062,2106,1,1,1,2572
22062,2107,1,1,1,2572
22062,2232,1,1,-1,26234
22062,2234,1,1,2,2813
22062,4042,1,1,2,3146
22062,8725,1,1,200,5243
22062,8735,1,1,200,1311
22062,8745,1,1,200,131
22062,8755,1,1,200,26
22063,57,2440,4930,0,700000
22063,75,1,1,1,11
22063,76,1,1,1,11
22063,77,1,1,1,11
22063,84,1,1,1,11
22063,134,1,1,1,11
22063,145,1,1,1,11
22063,1539,1,3,-1,682408
22063,1864,1,25,-1,944873
22063,1864,3,9,2,94067
22063,1865,2,6,2,70551
22063,1866,1,1,2,188134
22063,1873,1,1,2,112881
22063,2089,1,1,1,989
22063,2090,1,1,1,989
22063,2091,1,1,1,989
22063,2092,1,1,1,989
22063,2095,1,1,1,989
22063,2096,1,1,1,989
22063,2353,1,1,2,460
22063,4603,1,1,-1,13648
22063,7882,1,1,1,11
22063,8308,1,1,2,354
22063,8329,1,1,1,945
22063,8725,1,1,200,7839
22063,8735,1,1,200,1960
22063,8745,1,1,200,196
22063,8755,1,1,200,39
22064,57,2294,4636,0,700000
22064,265,1,1,1,72
22064,1342,30,90,2,144732
22064,1868,4,12,2,54274
22064,1873,1,1,2,86839
22064,1889,1,1,2,14473
22064,1983,1,1,-1,253278
22064,2089,1,1,-1,31470
22064,2108,1,1,1,6396
22064,2233,1,1,-1,53970
22064,4044,1,1,2,7237
22064,5549,1,1,2,21710
22064,8725,1,1,200,6031
22064,8735,1,1,200,1508
22064,8745,1,1,200,151
22064,8755,1,1,200,30
22065,57,2379,4833,0,700000
22065,266,1,1,1,47
22065,1806,1,1,-1,12020
22065,1806,1,1,2,493
22065,1873,1,1,2,98626
22065,1876,1,1,2,49313
22065,1895,1,3,-1,858579
22065,1895,1,1,2,70447
22065,1918,1,1,-1,260288
22065,2120,1,1,1,5330
22065,4042,1,1,2,4109
22065,8726,1,1,200,5708
22065,8736,1,1,200,1427
22065,8746,1,1,200,143
22065,8756,1,1,200,29
22066,57,1379,2277,0,700000
22066,1864,1,3,1,100000
22066,1869,1,1,1,125000
22066,1880,1,1,1,15873
22066,1920,1,1,-1,97513
22066,4042,1,1,-1,321527
22066,4043,1,1,1,7963
22067,57,1327,2505,0,700000
22067,1864,1,3,1,100000
22067,1869,1,1,1,125000
22067,1880,1,1,1,15873
22067,1920,1,1,-1,97513
22067,4042,1,1,-1,321527
22067,4043,1,1,1,7963
22068,57,1394,2444,0,700000
22068,1864,1,3,1,100000
22068,1869,1,1,1,125000
22068,1880,1,1,1,15873
22068,1920,1,1,-1,97513
22068,4042,1,1,-1,321527
22068,4043,1,1,1,7963
22069,57,1873,2555,0,700000
22069,1864,1,3,1,100000
22069,1869,1,1,1,125000
22069,1880,1,1,1,15873
22069,1920,1,1,-1,97513
22069,4042,1,1,-1,321527
22069,4043,1,1,1,7963
22070,57,1310,2602,0,700000
22070,1864,1,3,1,100000
22070,1869,1,1,1,125000
22070,1880,1,1,1,15873
22070,1920,1,1,-1,97513
22070,4042,1,1,-1,321527
22070,4043,1,1,1,7963
22071,57,1666,2337,0,700000
22071,1864,1,3,1,100000
22071,1869,1,1,1,125000
22071,1880,1,1,1,15873
22071,1920,1,1,-1,97513
22071,4042,1,1,-1,321527
22071,4043,1,1,1,7963
22072,57,1299,2638,0,700000
22072,203,1,1,1,5
22072,204,1,1,1,4
22072,205,1,1,1,4
22072,206,1,1,1,4
22072,1864,1,1,1,242276
22072,1869,1,1,1,121138
22072,1880,1,1,1,12114
22072,1920,1,1,-1,112261
22072,2112,1,1,1,419
22072,2116,1,1,1,407
22072,2117,1,1,1,407
22072,2118,1,1,1,407
22072,2503,1,1,1,4
22072,2969,1,1,1,416
22072,3034,1,1,-1,6562
22072,3034,1,1,2,242
22072,4042,1,1,-1,54680
22072,4043,1,1,1,4038
22072,5550,1,1,2,1615
22072,7891,1,1,1,4
22072,7897,1,1,1,4
22072,8338,1,1,1,416
22072,8344,1,1,1,395
22072,8726,1,1,200,2804
22072,8736,1,1,200,701
22072,8746,1,1,200,70
22072,8756,1,1,200,14
22073,57,2208,2559,0,700000
22073,1864,1,3,1,100000
22073,1869,1,1,1,125000
22073,1880,1,1,1,15873
22073,1920,1,1,-1,97513
22073,4042,1,1,-1,321527
22073,4043,1,1,1,7963
22074,57,2028,4120,0,700000
22074,1868,1,3,2,189185
22074,1873,1,1,2,75674
22074,1876,1,1,2,37837
22074,1895,1,1,2,54053
22074,2115,1,1,-1,23447
22074,2115,1,1,1,1445
22074,2116,1,1,-1,24107
22074,4042,1,1,2,3153
22074,4141,1,1,-1,24633
22074,4142,1,1,2,1455
22074,5530,1,1,1,1446
22074,8335,1,1,1,1437
22074,8726,1,1,200,4379
22074,8736,1,1,200,1095
22074,8746,1,1,200,109
22074,8756,1,1,200,22
22074,11843,1,1,1,13
22074,11850,1,1,1,13
22074,11853,1,1,1,13
22075,57,1299,2624,0,700000
22075,231,1,1,1,20
22075,233,1,1,1,20
22075,1895,1,1,2,42920
22075,2106,1,1,1,1842
22075,2107,1,1,1,1842
22075,2169,1,1,2,2659
22075,4040,1,1,-1,65387
22075,4040,1,1,2,3004
22075,4042,1,1,2,2504
22075,4043,1,1,2,5007
22075,4604,1,1,-1,7265
22075,8308,1,1,-1,5333
22075,8725,1,1,200,4173
22075,8735,1,1,200,1043
22075,8745,1,1,200,104
22075,8755,1,1,200,21
22076,57,2379,4833,0,700000
22076,1866,1,1,2,147940
22076,1871,1,1,2,221909
22076,1885,1,1,2,18492
22076,2115,1,1,1,1694
22076,2117,1,1,-1,28277
22076,2118,1,1,-1,28277
22076,4041,1,1,2,1930
22076,5220,1,1,2,8876
22076,5530,1,1,1,1696
22076,8310,1,1,-1,6924
22076,8321,1,1,2,256
22076,8335,1,1,1,1685
22076,8726,1,1,200,5137
22076,8736,1,1,200,1284
22076,8746,1,1,200,128
22076,8756,1,1,200,26
22076,11843,1,1,1,16
22076,11850,1,1,1,16
22076,11853,1,1,1,16
22077,57,2469,5029,0,700000
22077,203,1,1,1,9
22077,204,1,1,1,7
22077,205,1,1,1,7
22077,206,1,1,1,7
22077,1864,1,3,2,230846
22077,1869,1,13,-1,893152
22077,1869,1,3,2,76949
22077,1880,1,1,2,23085
22077,2112,1,1,1,799
22077,2116,1,1,1,776
22077,2117,1,1,1,776
22077,2118,1,1,1,776
22077,2119,1,1,-1,28489
22077,2503,1,1,1,7
22077,2969,1,1,1,792
22077,4043,1,1,2,7695
22077,5550,1,1,2,3078
22077,7891,1,1,1,7
22077,7897,1,1,1,7
22077,8310,1,1,2,266
22077,8322,1,1,-1,7203
22077,8338,1,1,1,792
22077,8344,1,1,1,753
22077,8726,1,1,200,5344
22077,8736,1,1,200,1336
22077,8746,1,1,200,134
22077,8756,1,1,200,27
22078,57,3630,4907,0,700000
22078,1865,1,1,2,200000
22078,1870,1,1,2,200000
22078,1874,1,1,2,12048
22078,1880,1,1,-1,272544
22078,1986,1,1,1,8333
22078,2120,1,1,-1,75352
22078,4039,1,1,2,4608
22078,4043,1,1,2,5525
22078,4144,1,1,-1,92182
22079,57,559,1135,0,700000
22079,442,1,1,1,32
22079,473,1,1,1,51
22079,1866,1,1,2,34747
22079,1871,1,1,2,52120
22079,1877,1,1,2,2085
22079,1988,1,1,1,2504
22079,1989,1,1,1,3927
22079,2121,1,1,-1,6491
22079,2122,1,1,-1,6443
22079,4040,1,1,2,1042
22079,4041,1,1,2,453
22079,4126,1,1,2,860
22079,4145,1,1,-1,6191
22079,8726,1,1,200,1207
22079,8736,1,1,200,302
22079,8746,1,1,200,30
22079,8756,1,1,200,6
22080,57,613,1249,0,700000
22080,119,1,1,1,44
22080,855,1,1,1,59
22080,886,1,1,1,88
22080,1866,1,1,2,38228
22080,1867,1,5,-1,690227
22080,1871,1,1,2,57342
22080,1872,1,5,-1,690227
22080,1877,1,1,2,2294
22080,1918,1,1,1,4139
22080,1920,1,1,1,3270
22080,2917,1,1,-1,89202
22080,2917,1,1,1,5489
22080,4040,1,1,2,1147
22080,4041,1,1,2,499
22080,4126,1,1,2,946
22080,8726,1,1,200,1327
22080,8736,1,1,200,332
22080,8746,1,1,200,33
22080,8756,1,1,200,7
22081,57,583,1183,0,700000
22081,1868,1,1,2,108675
22081,1873,1,1,2,21735
22081,1889,1,1,2,3622
22081,2436,1,1,1,37
22081,2437,1,1,1,37
22081,2438,1,1,1,28
22081,2460,1,1,1,28
22081,2461,1,1,1,28
22081,2462,1,1,1,28
22081,2463,1,1,1,28
22081,2954,1,1,-1,93142
22081,2954,1,1,1,2457
22081,2955,1,1,1,2457
22081,2960,1,1,1,2114
22081,2961,1,1,1,2114
22081,2962,1,1,1,2114
22081,2963,1,1,1,2114
22081,2964,1,1,1,2114
22081,4044,1,1,2,1811
22081,4128,1,1,2,672
22081,4146,1,1,-1,9434
22081,4147,1,1,-1,15125
22081,5549,1,1,2,5434
22081,8726,1,1,200,1258
22081,8736,1,1,200,314
22081,8746,1,1,200,31
22081,8756,1,1,200,6
22082,57,668,1361,0,700000
22082,1868,1,1,2,124919
22082,1872,1,5,-1,751825
22082,1873,1,1,2,24984
22082,1889,1,1,2,4164
22082,2414,1,1,1,76
22082,2497,1,1,1,108
22082,2955,1,1,-1,107064
22082,2959,1,1,1,5401
22082,2966,1,1,1,8544
22082,4041,1,1,-1,14710
22082,4044,1,1,2,2082
22082,4128,1,1,2,773
22082,5549,1,1,2,6246
22082,8726,1,1,200,1446
22082,8736,1,1,200,361
22082,8746,1,1,200,36
22082,8756,1,1,200,7
22083,57,603,1228,0,700000
22083,119,1,1,1,43
22083,855,1,1,1,58
22083,886,1,1,1,86
22083,1866,1,1,2,37531
22083,1871,1,1,2,56296
22083,1877,1,1,2,2252
22083,1918,1,1,1,4063
22083,1920,1,1,1,3210
22083,2917,1,1,1,5389
22083,2959,1,1,-1,52739
22083,2960,1,1,-1,83021
22083,4040,1,1,2,1126
22083,4041,1,1,2,489
22083,4134,1,1,2,433
22083,4148,1,1,-1,6687
22083,8726,1,1,200,1303
22083,8736,1,1,200,326
22083,8746,1,1,200,33
22083,8756,1,1,200,7
22084,57,625,1276,0,700000
22084,947,1,1,-1,634
22084,1866,1,1,2,31194
22084,1871,1,1,2,46791
22084,1877,1,1,2,1872
22084,4040,1,1,2,936
22084,4041,1,1,2,407
22084,4049,1,1,-1,83088
22084,4069,1,1,1,1839
22084,4070,1,1,1,2792
22084,4071,1,1,1,1413
22084,4134,1,1,2,360
22084,8311,1,1,-1,1209
22084,8726,1,1,200,1083
22084,8736,1,1,200,271
22084,8746,1,1,200,27
22084,8756,1,1,200,5
22084,12166,1,1,1,153
22084,12175,1,1,1,249
22084,12176,1,1,1,399
22085,57,552,1125,0,700000
22085,119,1,1,1,40
22085,855,1,1,1,53
22085,886,1,1,1,79
22085,1806,1,1,1,94
22085,1865,1,1,2,46886
22085,1870,1,1,2,46886
22085,1874,1,1,-1,93121
22085,1874,1,1,2,3126
22085,1918,1,1,-1,60494
22085,1918,1,1,1,3722
22085,1920,1,1,1,2941
22085,2917,1,1,1,4937
22085,4039,1,1,2,1563
22085,4043,1,1,-1,46560
22085,4043,1,1,2,1563
22085,8297,1,1,2,36
22085,8726,1,1,200,1085
22085,8736,1,1,200,271
22085,8746,1,1,200,27
22085,8756,1,1,200,6
22086,57,641,1309,0,700000
22086,1806,1,1,1,87
22086,1865,1,1,2,43625
22086,1870,1,1,2,43625
22086,1874,1,1,2,2908
22086,4039,1,1,2,1454
22086,4043,1,1,2,1454
22086,4049,1,1,-1,85213
22086,4066,1,1,1,1886
22086,4067,1,1,1,2863
22086,4068,1,1,1,1449
22086,4130,1,1,-1,26373
22086,4131,1,1,-1,13208
22086,8297,1,1,2,33
22086,8726,1,1,200,1010
22086,8736,1,1,200,252
22086,8746,1,1,200,25
22086,8756,1,1,200,5
22086,12150,1,1,1,409
22086,12151,1,1,1,256
22086,12165,1,1,1,157
22087,57,1029,2101,0,700000
22087,948,1,1,-1,6518
22087,948,1,1,2,175
22087,1864,1,1,2,140028
22087,1865,1,5,-1,869100
22087,1865,1,1,2,70014
22087,1866,1,1,2,46676
22087,1868,1,1,2,140028
22087,1873,1,1,2,28006
22087,4050,1,1,-1,161543
22087,4109,1,1,1,1085
22087,4110,1,1,1,1085
22087,8298,1,1,2,53
22087,8727,1,1,200,1400
22087,8737,1,1,200,350
22087,8747,1,1,200,35
22087,8757,1,1,200,7
22087,11915,1,1,1,110
22087,11919,1,1,1,110
22088,57,626,1278,0,700000
22088,948,1,1,2,106
22088,1864,1,1,2,85200
22088,1865,1,1,2,42600
22088,1866,1,1,2,28400
22088,1867,1,5,-1,705071
22088,1868,1,1,2,85200
22088,1873,1,1,2,17040
22088,4051,1,1,-1,61524
22088,4104,1,1,1,447
22088,4107,1,1,1,440
22088,4108,1,1,1,440
22088,4613,1,1,-1,2188
22088,8298,1,1,2,32
22088,8727,1,1,200,852
22088,8737,1,1,200,213
22088,8747,1,1,200,21
22088,8757,1,1,200,4
22088,11889,1,1,1,45
22088,11900,1,1,1,45
22088,11916,1,1,1,45
22089,57,719,1469,0,700000
22089,1868,1,1,2,107727
22089,1873,1,1,2,21545
22089,1876,1,1,2,10773
22089,1895,1,1,2,15389
22089,4042,1,1,2,898
22089,4056,1,1,-1,33004
22089,4105,1,1,1,385
22089,4106,1,1,1,379
22089,4154,1,1,-1,21580
22089,4155,1,1,-1,5663
22089,8312,1,1,2,41
22089,8339,1,1,1,385
22089,8347,1,1,1,346
22089,8727,1,1,200,1077
22089,8737,1,1,200,269
22089,8747,1,1,200,27
22089,8757,1,1,200,5
22089,11902,1,1,1,39
22089,11904,1,1,1,39
22089,11908,1,1,1,39
22089,11918,1,1,1,39
22090,57,747,1521,0,700000
22090,947,1,1,-1,756
22090,1866,1,3,-1,630360
22090,1868,1,1,2,111720
22090,1873,1,1,2,22344
22090,1876,1,1,2,11172
22090,1895,1,1,2,15960
22090,4042,1,1,2,931
22090,4057,1,1,-1,52897
22090,4105,1,1,1,400
22090,4106,1,1,1,393
22090,8312,1,1,2,43
22090,8339,1,1,1,400
22090,8347,1,1,1,359
22090,8727,1,1,200,1117
22090,8737,1,1,200,279
22090,8747,1,1,200,28
22090,8757,1,1,200,5
22090,11902,1,1,1,40
22090,11904,1,1,1,40
22090,11908,1,1,1,40
22090,11918,1,1,1,40
22091,57,787,1603,0,700000
22091,1867,1,1,2,78456
22091,1869,1,5,-1,664016
22091,1869,1,1,2,58842
22091,1870,1,1,2,58842
22091,1871,1,1,2,58842
22091,1872,1,1,2,78456
22091,4056,1,1,1,1331
22091,4057,1,1,1,2057
22091,4064,1,1,1,1331
22091,4065,1,1,1,2057
22091,4154,1,1,2,696
22091,4614,1,1,-1,2748
22091,8306,1,1,-1,1521
22091,8727,1,1,200,1177
22091,8737,1,1,200,294
22091,8747,1,1,200,30
22091,8757,1,1,200,6
22091,12152,1,1,1,282
22091,12161,1,1,1,176
22091,12172,1,1,1,282
22091,12173,1,1,1,176
22092,57,816,1662,0,700000
22092,1867,1,1,2,81378
22092,1869,1,1,2,61033
22092,1870,1,1,2,61033
22092,1871,1,1,2,61033
22092,1872,1,1,2,81378
22092,4065,1,1,-1,57797
22092,4104,1,1,1,582
22092,4107,1,1,1,573
22092,4108,1,1,1,573
22092,4154,1,1,2,722
22092,4157,1,1,-1,10280
22092,8314,1,1,-1,1129
22092,8727,1,1,200,1221
22092,8737,1,1,200,305
22092,8747,1,1,200,31
22092,8757,1,1,200,6
22092,11889,1,1,1,58
22092,11900,1,1,1,58
22092,11916,1,1,1,58
22093,57,1193,2426,0,700000
22093,1343,10,30,2,115742
22093,1868,1,1,2,162039
22093,1873,1,1,2,32408
22093,1876,1,1,2,16204
22093,1895,1,1,2,23148
22093,4042,1,1,2,1350
22093,4066,1,1,1,3502
22093,4067,1,1,1,5317
22093,4068,1,1,1,2690
22093,4157,1,1,2,403
22093,4615,1,1,-1,4162
22093,8300,1,1,-1,1649
22093,8316,1,1,-1,1117
22093,8728,1,1,200,1350
22093,8738,1,1,200,337
22093,8748,1,1,200,34
22093,8758,1,1,200,7
22093,12150,1,1,1,760
22093,12151,1,1,1,475
22093,12165,1,1,1,291
22094,57,726,1472,0,700000
22094,948,1,1,-1,4579
22094,1868,1,1,2,108197
22094,1873,1,1,2,21639
22094,1876,1,1,2,10820
22094,1895,1,1,2,15457
22094,4042,1,1,-1,30524
22094,4042,1,1,2,902
22094,4066,1,1,-1,43180
22094,4105,1,1,1,387
22094,4106,1,1,1,381
22094,4157,1,1,2,269
22094,8339,1,1,1,387
22094,8347,1,1,1,348
22094,8728,1,1,200,902
22094,8738,1,1,200,225
22094,8748,1,1,200,22
22094,8758,1,1,200,4
22094,11902,1,1,1,39
22094,11904,1,1,1,39
22094,11908,1,1,1,39
22094,11918,1,1,1,39
22095,57,753,1526,0,700000
22095,1343,10,30,2,66784
22095,1865,1,1,2,46749
22095,1870,1,1,2,46749
22095,1875,1,1,2,3117
22095,1879,1,1,2,7791
22095,4040,1,1,2,935
22095,4068,1,1,-1,34399
22095,4109,1,1,1,790
22095,4110,1,1,1,790
22095,4159,1,1,-1,5380
22095,4159,1,1,2,132
22095,4160,1,1,-1,5380
22095,8306,1,1,2,36
22095,8728,1,1,200,779
22095,8738,1,1,200,195
22095,8748,1,1,200,19
22095,8758,1,1,200,4
22095,11915,1,1,1,80
22095,11919,1,1,1,80
22096,57,780,1580,0,700000
22096,1865,1,1,2,52815
22096,1870,1,1,2,52815
22096,1875,1,1,-1,131122
22096,1875,1,1,2,3521
22096,1879,1,1,2,8803
22096,4040,1,1,2,1056
22096,4041,1,1,-1,17103
22096,4052,1,1,-1,69634
22096,4116,1,1,1,254
22096,4117,1,1,1,254
22096,4118,1,1,1,240
22096,4159,1,1,2,150
22096,8306,1,1,2,40
22096,8340,1,1,1,254
22096,8348,1,1,1,253
22096,8728,1,1,200,880
22096,8738,1,1,200,220
22096,8748,1,1,200,22
22096,8758,1,1,200,4
22096,11934,1,1,1,19
22096,11935,1,1,1,19
22096,11936,1,1,1,19
22096,11938,1,1,1,19
22096,11941,1,1,1,19
22097,57,910,1844,0,700000
22097,1343,10,30,2,74493
22097,1807,1,1,-1,3060
22097,1865,1,1,2,52145
22097,1870,1,1,2,52145
22097,1875,1,1,2,3476
22097,1879,1,1,2,8691
22097,3035,1,1,2,69
22097,4040,1,1,2,1043
22097,4053,1,1,-1,98368
22097,4054,1,1,-1,45202
22097,4084,1,1,1,1473
22097,4085,1,1,1,1473
22097,4086,1,1,1,1988
22097,4087,1,1,1,1988
22097,8305,1,1,2,40
22097,8326,1,1,2,19
22097,8729,1,1,200,695
22097,8739,1,1,200,174
22097,8748,1,1,200,17
22097,8758,1,1,200,3
22097,12192,1,1,1,150
22097,12201,1,1,1,150
22097,12203,1,1,1,241
22097,12205,1,1,1,241
22098,57,942,1908,0,700000
22098,1865,1,1,2,58479
22098,1870,1,1,2,58479
22098,1875,1,1,2,3899
22098,1879,1,1,2,9746
22098,3035,1,1,-1,3168
22098,3035,1,1,2,78
22098,4039,1,1,-1,79190
22098,4040,1,1,2,1170
22098,4077,1,1,-1,106869
22098,4114,1,1,1,512
22098,8305,1,1,2,45
22098,8326,1,1,2,22
22098,8330,1,1,1,511
22098,8336,1,1,1,512
22098,8729,1,1,200,780
22098,8739,1,1,200,195
22098,8748,1,1,200,20
22098,8758,1,1,200,4
22098,11929,1,1,1,38
22098,11930,1,1,1,38
22098,11943,1,1,1,38
22105,57,4141,8456,0,700000
22105,212,1,1,1,5
22105,1867,1,3,2,137819
22105,1872,1,3,2,206729
22105,1875,1,1,-1,559892
22105,1875,1,1,2,20673
22105,1881,1,1,2,41346
22105,2504,1,1,1,5
22105,3957,1,1,1,138
22105,4041,1,1,2,2697
22105,5434,1,1,-1,3111
22105,5478,1,1,-1,70622
22105,5532,1,1,1,1307
22105,5543,1,1,1,1320
22105,7894,1,1,1,5
22105,7899,1,1,1,5
22105,8341,1,1,1,1306
22105,8346,1,1,1,1307
22105,8731,1,1,200,2871
22105,8741,1,1,200,718
22105,8751,1,1,200,72
22105,8761,1,1,200,14
22106,57,4276,8707,0,700000
22106,212,1,1,1,6
22106,1344,40,120,2,90836
22106,1867,1,3,2,129188
22106,1872,1,3,2,193782
22106,1875,1,1,2,19378
22106,1881,1,1,2,38756
22106,2504,1,1,1,6
22106,3957,1,1,1,129
22106,4041,1,1,2,2527
22106,5440,1,1,-1,3207
22106,5479,1,1,-1,51240
22106,5482,1,1,-1,114269
22106,5532,1,1,1,1348
22106,5543,1,1,1,1361
22106,7894,1,1,1,6
22106,7899,1,1,1,6
22106,8341,1,1,1,1346
22106,8346,1,1,1,1348
22106,8731,1,1,200,2691
22106,8741,1,1,200,673
22106,8751,1,1,200,67
22106,8761,1,1,200,13
22107,57,4401,8971,0,700000
22107,98,1,1,1,23
22107,729,1,1,-1,991
22107,1894,1,1,2,12839
22107,3957,1,1,1,163
22107,4039,1,1,-1,297302
22107,4039,1,1,2,12197
22107,4041,1,1,-1,77557
22107,4041,1,1,2,3182
22107,4044,1,1,2,12197
22107,5542,1,1,1,5553
22107,8731,1,1,200,3388
22107,8741,1,1,200,847
22107,8751,1,1,200,85
22107,8761,1,1,200,17
22108,57,6139,12513,0,700000
22108,1344,180,540,2,45567
22108,1864,5,15,2,131231
22108,1869,2,6,2,164038
22108,1880,1,1,2,65615
22108,4043,1,1,2,21872
22108,5297,1,1,1,57
22108,5298,1,1,1,92
22108,5301,1,1,1,35
22108,5442,1,1,-1,4607
22108,5478,1,1,1,6437
22108,5479,1,1,1,4529
22108,5482,1,1,1,10103
22108,5485,1,1,-1,104604
22108,5486,1,1,-1,73607
22108,5550,1,1,2,8749
22108,10302,1,1,2,2625
22109,57,6057,12346,0,700000
22109,730,1,1,-1,10228
22109,1864,21,63,2,35968
22109,1869,2,6,2,188831
22109,1878,3,9,2,50355
22109,1884,2,6,2,92693
22109,4039,1,1,2,25177
22109,5287,1,1,1,42
22109,5288,1,1,1,38
22109,5293,1,1,1,26
22109,5448,1,1,-1,4546
22109,5489,1,1,-1,162002
22109,5520,1,1,1,4871
22109,5521,1,1,1,3437
22109,5524,1,1,1,7445
22109,10302,1,1,2,3021
22110,57,4588,9352,0,700000
22110,1344,100,300,2,61299
22110,1866,2,6,2,81731
22110,1871,1,3,2,163462
22110,1885,1,1,-1,774742
22110,1885,1,1,2,40866
22110,4041,1,1,-1,80843
22110,4041,1,1,2,4264
22110,5220,1,1,2,19615
22110,5287,1,1,1,32
22110,5288,1,1,1,51
22110,5293,1,1,1,20
22110,5494,1,1,-1,195252
22110,5520,1,1,1,3690
22110,5521,1,1,1,2604
22110,5524,1,1,1,5639
22110,10302,1,1,2,1962
22111,57,4417,9013,0,700000
22111,212,1,1,1,6
22111,1808,1,1,-1,3980
22111,1865,1,3,2,110218
22111,1870,1,3,2,165327
22111,1874,1,1,2,22043
22111,2504,1,1,1,6
22111,3036,1,1,-1,3980
22111,4039,1,1,2,11022
22111,4043,1,1,2,11022
22111,5272,1,1,1,147
22111,5480,1,1,-1,40184
22111,5532,1,1,1,1394
22111,5543,1,1,1,1407
22111,7894,1,1,1,6
22111,7899,1,1,1,6
22111,8341,1,1,1,1392
22111,8346,1,1,1,1394
22111,8731,1,1,200,3062
22111,8741,1,1,200,766
22111,8751,1,1,200,76
22111,8761,1,1,200,15
22112,57,5608,11431,0,700000
22112,729,1,1,-1,1263
22112,1867,7,21,2,62161
22112,1872,4,12,2,116552
22112,1875,1,1,2,46621
22112,1881,1,1,2,93242
22112,4041,1,1,-1,98816
22112,4041,1,1,2,6081
22112,5289,1,1,1,105
22112,5292,1,1,1,150
22112,5294,1,1,1,105
22112,5478,1,1,-1,95559
22112,5494,1,1,1,14688
22112,5525,1,1,1,10811
22112,5526,1,1,1,10811
22112,10302,1,1,2,2797
22113,57,7035,14354,0,700000
22113,80,1,1,1,12
22113,150,1,1,1,12
22113,1344,40,120,2,149594
22113,1867,9,27,2,35459
22113,1872,5,15,2,63826
22113,1875,1,3,-1,475374
22113,1875,1,1,2,31913
22113,1881,1,1,2,63826
22113,3957,1,1,-1,6338
22113,4041,1,1,2,4163
22113,5277,1,1,2,213
22113,5522,1,1,-1,63993
22113,5547,1,1,1,2985
22113,5548,1,1,1,2985
22113,7884,1,1,1,12
22113,8331,1,1,1,2994
22113,8731,1,1,200,4432
22113,8741,1,1,200,1108
22113,8751,1,1,200,111
22113,8761,1,1,200,22
22114,57,4723,9638,0,700000
22114,80,1,1,1,8
22114,150,1,1,1,8
22114,1808,1,1,2,157
22114,1868,3,9,2,117853
22114,1873,1,1,2,141423
22114,1876,1,1,2,70712
22114,1895,1,1,2,101017
22114,4042,1,1,2,5893
22114,5157,1,1,-1,4256
22114,5481,1,1,-1,42968
22114,5487,1,1,-1,43119
22114,5547,1,1,1,2005
22114,5548,1,1,1,2005
22114,7884,1,1,1,8
22114,8331,1,1,1,2011
22114,8731,1,1,200,3274
22114,8741,1,1,200,819
22114,8751,1,1,200,82
22114,8761,1,1,200,16
22115,57,3877,7938,0,700000
22115,80,1,1,1,7
22115,150,1,1,1,7
22115,1344,40,120,2,90918
22115,1867,1,3,2,129306
22115,1872,1,3,2,193960
22115,1875,1,1,-1,525307
22115,1875,1,1,2,19396
22115,1881,1,1,2,38792
22115,3036,1,1,2,129
22115,4041,1,1,-1,68518
22115,4041,1,1,2,2530
22115,5488,1,1,-1,35483
22115,5547,1,1,1,1650
22115,5548,1,1,1,1650
22115,7884,1,1,1,7
22115,8331,1,1,1,1654
22115,8732,1,1,200,2425
22115,8742,1,1,200,606
22115,8752,1,1,200,61
22116,57,3997,8166,0,700000
22116,269,1,1,1,21
22116,1866,1,1,2,221783
22116,1871,1,3,2,166337
22116,1885,1,1,2,27723
22116,3957,1,1,1,148
22116,4041,1,1,2,2893
22116,5167,1,1,-1,3604
22116,5220,1,1,2,13307
22116,5277,1,1,-1,3604
22116,5495,1,2,-1,123133
22116,5539,1,1,1,5049
22116,8732,1,1,200,2772
22116,8742,1,1,200,693
22116,8752,1,1,200,69
22117,57,4113,8395,0,700000
22117,98,1,1,1,22
22117,1344,30,90,2,128304
22117,1864,5,15,2,61583
22117,1869,2,6,2,76983
22117,1880,1,1,2,30793
22117,4043,1,1,-1,277993
22117,4043,1,1,2,10264
22117,5157,1,1,2,137
22117,5502,1,1,-1,140851
22117,5542,1,1,1,5192
22117,5550,1,1,-1,111197
22117,5550,1,1,2,4106
22117,8732,1,1,200,2566
22117,8742,1,1,200,642
22117,8752,1,1,200,64
22118,57,5754,11742,0,700000
22118,959,1,1,1,19
22118,1867,4,12,2,79791
22118,1872,1,3,2,212775
22118,1882,1,1,2,106387
22118,1894,1,1,2,16798
22118,4042,1,1,2,7979
22118,5272,1,1,-1,5186
22118,5503,1,1,-1,197084
22118,5514,1,1,-1,197084
22118,6326,1,1,2,72
22118,6327,1,1,2,96
22118,6328,1,1,2,144
22118,6342,1,1,1,16265
22118,6344,1,1,1,10526
22118,6346,1,1,1,23377
22118,8732,1,1,200,3989
22118,8742,1,1,200,997
22118,8752,1,1,200,100
22119,57,4258,8689,0,700000
22119,960,1,1,2,128
22119,1344,150,450,2,26571
22119,1868,4,12,2,79711
22119,1873,1,1,2,127538
22119,1876,1,1,2,63769
22119,1895,1,1,2,91098
22119,4042,1,1,-1,143923
22119,4042,1,1,2,5314
22119,5277,1,1,-1,3838
22119,5515,1,1,-1,145843
22119,6326,1,1,2,53
22119,6327,1,1,2,71
22119,6328,1,1,2,106
22119,6342,1,1,1,12036
22119,6344,1,1,1,7789
22119,6346,1,1,1,17299
22119,8732,1,1,200,2657
22119,8742,1,1,200,664
22119,8752,1,1,200,66
22120,57,5463,11149,0,700000
22120,1867,12,36,2,25253
22120,1869,2,6,2,113640
22120,1870,2,6,2,90912
22120,1871,3,9,2,75760
22120,1872,7,21,2,43291
22120,5282,1,1,-1,7387
22120,5313,1,1,1,75
22120,5314,1,1,1,75
22120,5318,1,1,1,75
22120,5319,1,1,1,75
22120,5502,1,1,1,8367
22120,5503,1,1,1,8367
22120,5514,1,1,1,8367
22120,5515,1,1,1,8367
22120,5522,1,1,-1,56599
22120,6901,1,1,2,455
22120,8732,1,1,200,3788
22120,8742,1,1,200,947
22120,8752,1,1,200,95
22121,57,4237,8649,0,700000
22121,959,1,1,2,18
22121,1344,210,630,2,26984
22121,1808,1,1,-1,3820
22121,1864,4,12,2,113331
22121,1869,2,6,2,90664
22121,1878,1,1,2,181329
22121,1884,3,9,2,46495
22121,4039,1,1,2,15111
22121,5326,1,1,1,24
22121,5329,1,1,1,24
22121,5487,1,1,1,3572
22121,5488,1,1,1,3572
22121,5523,1,1,-1,29268
22121,5527,1,1,-1,102753
22122,57,5688,11612,0,700000
22122,960,1,1,2,284
22122,1865,4,12,2,88756
22122,1870,7,21,2,47337
22122,1875,1,1,2,47337
22122,1879,1,1,2,118341
22122,4040,1,1,-1,230766
22122,4040,1,1,2,14201
22122,5313,1,1,1,79
22122,5314,1,1,1,79
22122,5318,1,1,1,79
22122,5319,1,1,1,79
22122,5502,1,1,1,8994
22122,5503,1,1,1,8994
22122,5514,1,1,1,8994
22122,5515,1,1,1,8994
22122,6346,1,1,-1,375658
22122,6901,1,1,-1,11538
22123,57,5741,11756,0,700000
22123,1895,1,1,2,153871
22123,4040,1,1,2,10771
22123,4042,1,1,2,8976
22123,4043,1,1,2,17592
22123,5282,1,1,-1,5186
22123,5312,1,1,1,71
22123,5315,1,1,1,101
22123,5317,1,1,1,71
22123,5495,1,1,1,10904
22123,5527,1,1,1,8585
22123,5528,1,1,1,8585
22123,6342,1,1,-1,264323
22123,6344,1,1,-1,171056
22123,6901,1,1,2,538
22123,8732,1,1,200,4488
22123,8742,1,1,200,1122
22123,8752,1,1,200,112
22124,57,4553,9324,0,700000
22124,959,1,1,2,15
22124,1808,1,1,-1,4113
22124,1868,3,9,2,126558
22124,1873,1,1,2,151870
22124,1876,1,1,2,75938
22124,1895,1,1,2,108478
22124,4040,1,1,-1,185092
22124,4042,1,1,2,6328
22124,5480,1,1,-1,41527
22124,6326,1,1,1,57
22124,6327,1,1,1,76
22124,6328,1,1,1,114
22124,6342,1,1,1,12899
22124,6344,1,1,1,8348
22124,6346,1,1,1,18540
22124,8732,1,1,200,3164
22124,8742,1,1,200,791
22124,8752,1,1,200,79
22125,57,4561,9343,0,700000
22125,305,1,1,1,17
22125,960,1,1,2,274
22125,1895,1,1,2,195619
22125,3036,1,1,-1,4121
22125,4040,1,1,2,13693
22125,4042,1,1,2,11411
22125,4043,1,1,2,22822
22125,5481,1,1,-1,41603
22125,5487,1,1,-1,41751
22125,5541,1,1,1,4693
22126,57,4672,9570,0,700000
22126,1868,3,9,2,129877
22126,1873,1,1,2,155853
22126,1889,1,1,2,25976
22126,4043,1,1,-1,316576
22126,4044,1,1,2,12988
22126,5311,1,1,1,20
22126,5316,1,1,1,20
22126,5488,1,1,-1,42767
22126,5522,1,1,1,2986
22126,5523,1,1,1,2986
22126,5549,1,1,2,38963
22126,5550,1,1,-1,126630
22126,6901,1,1,2,390
22126,8732,1,1,200,3247
22126,8742,1,1,200,812
22126,8752,1,1,200,81
22127,57,4689,9571,0,700000
22127,164,1,1,1,4
22127,213,1,1,1,4
22127,959,1,1,2,24
22127,1867,1,3,2,260060
22127,1872,4,12,2,97522
22127,1875,1,1,2,39009
22127,1881,1,1,2,78018
22127,4041,1,1,-1,82682
22127,4041,1,1,2,5088
22127,5533,1,1,1,1204
22127,5544,1,1,1,1203
22127,6688,1,1,-1,20552
22127,6901,1,1,-1,9508
22127,7895,1,1,1,4
22127,7902,1,1,1,4
22127,8342,1,1,1,1204
22127,8349,1,1,1,1204
22128,57,1380,2816,0,700000
22128,289,1,1,1,5
22128,960,1,1,2,69
22128,1864,1,3,2,172163
22128,1869,1,1,2,172163
22128,1875,1,1,-1,186510
22128,1880,1,1,2,17216
22128,4041,1,1,-1,24327
22128,4043,1,1,2,5739
22128,5534,1,1,1,1418
22128,5550,1,1,2,2296
22128,6695,1,1,-1,5933
22129,57,4923,10046,0,700000
22129,1895,1,1,2,210655
22129,4040,1,1,2,14746
22129,4042,1,1,2,12288
22129,4043,1,1,2,34576
22129,5320,1,1,1,28
22129,5323,1,1,1,28
22129,5480,1,1,1,4136
22129,5481,1,1,1,4136
22129,6698,1,1,-1,196115
22129,6699,1,1,-1,217615
22129,6700,1,1,-1,119528
22129,6901,1,1,2,737
22129,8056,1,1,3,32258
22130,57,7234,14769,0,700000
22130,236,1,1,1,26
22130,959,1,1,-1,587
22130,959,1,1,2,24
22130,1868,3,9,2,200683
22130,1873,2,6,2,60205
22130,1889,1,1,2,40137
22130,1894,1,1,-1,514911
22130,4039,1,1,-1,489165
22130,4044,1,1,2,20068
22130,5537,1,1,1,7434
22130,5549,1,1,2,60205
22130,8056,1,1,3,32258
22130,8732,1,1,200,5017
22130,8742,1,1,200,1254
22130,8752,1,1,200,125
22131,57,7789,15902,0,700000
22131,960,1,1,2,467
22131,1894,1,1,2,40942
22131,4039,1,1,2,38895
22131,4041,1,1,2,10146
22131,4044,1,1,2,38895
22131,5326,1,1,1,44
22131,5329,1,1,1,44
22131,5487,1,1,1,6567
22131,5488,1,1,1,6567
22131,6704,1,1,-1,224973
22131,6705,1,1,-1,220361
22131,6706,1,1,-1,256322
22131,8056,1,1,3,31250
22132,57,5056,10350,0,700000
22132,81,1,1,1,6
22132,151,1,1,1,6
22132,1867,1,3,2,187342
22132,1872,4,12,2,70253
22132,1875,1,1,2,28101
22132,1881,1,1,2,56203
22132,2500,1,1,1,6
22132,4041,1,1,2,3666
22132,5529,1,1,1,1734
22132,5545,1,1,1,1734
22132,5546,1,1,1,1905
22132,6701,1,1,-1,54702
22132,6702,1,1,-1,70417
22132,6901,1,1,2,422
22132,8056,1,1,2,33333
22132,8732,1,1,200,3513
22132,8742,1,1,200,878
22132,8752,1,1,200,88
22132,13099,1,1,-1,143288
22133,57,1966,4024,0,700000
22133,236,1,1,1,7
22133,959,1,1,2,10
22133,1867,1,3,2,109244
22133,1872,1,3,2,163866
22133,1875,1,1,2,16387
22133,1881,1,1,2,32773
22133,4041,1,1,2,2137
22133,5537,1,1,1,2023
22133,6688,1,1,-1,8634
22133,6689,1,1,-1,8471
22133,6690,1,1,-1,8650
22133,8056,1,1,3,12821
22134,57,5142,10540,0,700000
22134,81,1,1,1,6
22134,151,1,1,1,6
22134,960,1,1,2,309
22134,1894,1,1,2,27097
22134,2500,1,1,1,6
22134,4039,1,1,2,25742
22134,4041,1,1,2,6715
22134,4044,1,1,2,25742
22134,5529,1,1,1,1765
22134,5545,1,1,1,1765
22134,5546,1,1,1,1939
22134,6707,1,1,-1,51815
22134,6708,1,1,-1,148895
22134,6709,1,1,-1,148895
22134,8056,1,1,3,33333
22135,57,8288,16989,0,700000
22135,1895,1,1,2,222272
22135,4040,1,1,2,15559
22135,4042,1,1,2,12966
22135,4043,1,1,2,25932
22135,6326,1,1,1,104
22135,6327,1,1,1,138
22135,6328,1,1,1,208
22135,6342,1,1,1,23494
22135,6344,1,1,1,15204
22135,6346,1,1,1,33767
22135,6691,1,1,-1,36433
22135,6693,1,1,-1,37093
22135,6694,1,1,-1,37093
22135,6901,1,1,2,778
22135,8056,1,1,3,32258
22135,8732,1,1,200,6483
22135,8742,1,1,200,1621
22135,8752,1,1,200,162
22137,57,492,1008,0,700000
22137,960,1,1,2,21
22137,1344,10,30,2,65985
22137,1866,1,1,2,35192
22137,1871,1,1,2,52788
22137,1877,1,1,2,2112
22137,4040,1,1,-1,20015
22137,4040,1,1,2,1056
22137,4041,1,1,-1,8702
22137,4041,1,1,2,459
22137,5480,1,1,-1,4491
22137,5541,1,1,1,507
22137,11976,1,1,1,33
22138,57,545,1113,0,700000
22138,1344,10,30,2,51042
22138,1868,1,1,2,81688
22138,1873,1,1,2,16333
22138,1876,1,1,2,8167
22138,1895,1,1,2,11667
22138,4042,1,1,2,681
22138,5522,1,1,1,348
22138,5523,1,1,1,348
22138,6688,1,1,-1,2390
22138,6901,1,1,-1,1106
22138,6901,1,1,2,41
22138,8732,1,1,200,340
22138,8742,1,1,200,85
22138,8752,1,1,200,9
22138,12262,1,1,1,43
22138,12263,1,1,1,43
22139,57,4525,9265,0,700000
22139,305,1,1,1,16
22139,959,1,1,2,22
22139,1344,20,60,2,353700
22139,1894,1,1,2,19857
22139,3957,1,1,-1,4087
22139,4039,1,1,2,18864
22139,4041,1,1,2,4921
22139,4044,1,1,2,18864
22139,5515,1,1,-1,155316
22139,5522,1,1,-1,31318
22139,5541,1,1,1,4656
22140,57,4415,9013,0,700000
22140,730,1,1,-1,7463
22140,960,1,1,2,189
22140,1344,100,300,2,59045
22140,1866,2,6,2,78727
22140,1871,1,3,2,157453
22140,1877,1,1,2,18894
22140,4040,1,1,2,9447
22140,4041,1,1,2,4107
22140,5313,1,1,1,61
22140,5314,1,1,1,61
22140,5318,1,1,1,61
22140,5319,1,1,1,61
22140,5488,1,1,-1,40326
22140,5495,1,1,-1,135982
22140,5502,1,1,1,6080
22140,5503,1,1,1,6980
22140,5514,1,1,1,6980
22140,5515,1,1,1,6980
22140,8273,6,6,3,1000000
22141,57,4566,9322,0,700000
22141,730,1,1,-1,7719
22141,1344,100,300,2,42751
22141,1865,1,3,2,114002
22141,1870,2,6,2,85502
22141,1875,1,1,2,22800
22141,1879,1,1,2,57001
22141,4040,1,1,2,6840
22141,5312,1,1,1,56
22141,5315,1,1,1,80
22141,5317,1,1,1,56
22141,5480,1,1,-1,41564
22141,5488,1,1,-1,41711
22141,5495,1,1,1,8655
22141,5527,1,1,1,6815
22141,5528,1,1,1,6815
22141,6901,1,1,2,342
22141,8732,1,1,200,2850
22141,8742,1,1,200,713
22141,8752,1,1,200,71
22142,57,4584,9387,0,700000
22142,959,1,1,2,23
22142,1866,1,3,2,127419
22142,1871,1,3,2,286692
22142,1885,1,1,2,47782
22142,3957,1,1,-1,4141
22142,4041,1,1,2,4986
22142,5220,1,1,-1,372700
22142,5220,1,1,2,22935
22142,5312,1,1,1,56
22142,5315,1,1,1,81
22142,5317,1,1,1,56
22142,5495,1,1,-1,141485
22142,5495,1,1,1,8706
22142,5527,1,1,1,6855
22142,5528,1,1,1,6855
22142,8274,1,1,3,1000000
22143,57,5331,10918,0,700000
22143,960,1,1,1,267
22143,1864,4,12,2,166695
22143,1869,1,3,2,222260
22143,1880,1,1,2,66678
22143,4043,1,1,2,22226
22143,5157,1,1,-1,4816
22143,5313,1,1,1,74
22143,5314,1,1,1,74
22143,5318,1,1,1,74
22143,5319,1,1,1,74
22143,5502,1,1,-1,182996
22143,5502,1,1,1,8446
22143,5503,1,1,-1,182996
22143,5503,1,1,1,8446
22143,5514,1,1,1,8446
22143,5515,1,1,1,8446
22143,5550,1,1,2,8890
22143,8274,1,1,3,990000
22144,57,4643,9510,0,700000
22144,81,1,1,1,6
22144,151,1,1,1,6
22144,1344,40,120,2,108894
22144,1867,5,15,2,46461
22144,1872,1,3,2,154871
22144,1882,1,1,1,77436
22144,1894,1,1,-1,331138
22144,1894,1,1,2,12227
22144,2500,1,1,1,6
22144,4042,1,1,-1,157290
22144,4042,1,1,2,5808
22144,5514,1,1,-1,159389
22144,5529,1,1,1,1593
22144,5545,1,1,1,1593
22144,5546,1,1,1,1750
22144,6901,1,1,2,348
22144,8732,1,1,200,2904
22144,8742,1,1,200,726
22144,8752,1,1,200,73
22145,57,4457,9126,0,700000
22145,959,1,1,2,19
22145,1344,150,450,2,39816
22145,1868,4,12,2,119450
22145,1873,1,1,2,191120
22145,1889,1,1,2,31854
22145,4044,1,1,2,15927
22145,5162,1,1,-1,4026
22145,5167,1,1,-1,4026
22145,5515,1,1,-1,152986
22145,5549,1,1,2,47780
22145,6326,1,1,1,56
22145,6327,1,1,1,74
22145,6328,1,1,1,112
22145,6342,1,1,1,12626
22145,6344,1,1,1,8171
22145,6346,1,1,2,18146
22146,57,4956,10114,0,700000
22146,960,1,1,-1,4021
22146,960,1,1,1,248
22146,1864,4,12,2,154647
22146,1865,2,6,2,123718
22146,1866,3,9,2,68732
22146,1868,10,30,2,58913
22146,1873,4,12,2,30929
22146,5326,1,1,1,28
22146,5329,1,1,1,28
22146,5487,1,1,1,4178
22146,5488,1,1,1,4178
22146,6688,1,1,-1,21727
22146,8275,1,1,2,83333
22147,57,4937,10077,0,700000
22147,1344,40,120,2,115511
22147,1867,13,39,2,18254
22147,1869,2,6,2,73927
22147,1870,3,9,2,61606
22147,1871,3,9,2,52805
22147,1872,8,24,2,30803
22147,6326,1,1,1,62
22147,6327,1,1,1,82
22147,6328,1,1,1,123
22147,6342,1,1,1,13954
22147,6344,1,1,1,9030
22147,6346,1,1,1,20055
22147,6689,1,1,-1,21231
22147,6901,1,1,-1,10011
22147,6901,1,1,2,370
22147,8732,1,1,200,3080
22147,8742,1,1,200,770
22147,8752,1,1,200,77
22148,57,3873,7932,0,700000
22148,270,1,1,1,14
22148,959,1,1,2,19
22148,1808,1,1,-1,3499
22148,1867,12,36,2,26912
22148,1869,2,6,2,121104
22148,1870,2,6,2,96883
22148,1871,3,9,2,80736
22148,1872,7,21,2,46135
22148,5480,1,1,-1,35322
22148,5481,1,1,-1,35322
22148,5538,1,1,1,3986
22149,57,4643,9510,0,700000
22149,81,1,1,1,6
22149,151,1,1,1,6
22149,960,1,1,2,139
22149,1344,150,450,2,29039
22149,1868,4,12,2,87115
22149,1873,1,1,2,139383
22149,1876,1,3,-1,943743
22149,1876,1,1,2,69692
22149,1895,1,1,2,99559
22149,2500,1,1,1,6
22149,4042,1,1,-1,157290
22149,4042,1,1,2,5808
22149,5487,1,1,-1,42498
22149,5529,1,1,1,1593
22149,5545,1,1,1,1593
22149,5546,1,1,1,1750
22149,8273,6,6,3,1000000
22149,8732,1,1,200,2904
22149,8742,1,1,200,726
22149,8752,1,1,200,73
22150,57,4087,8341,0,700000
22150,81,1,1,1,5
22150,151,1,1,1,5
22150,1868,3,9,2,169981
22150,1873,2,6,2,50994
22150,1876,1,1,2,101988
22150,1895,1,1,2,145698
22150,2500,1,1,1,5
22150,4042,1,1,2,8499
22150,5529,1,1,1,1399
22150,5545,1,1,1,1399
22150,5546,1,1,1,1536
22150,6688,1,1,-1,17911
22150,6901,1,1,-1,8287
22150,6901,1,1,2,510
22151,57,5752,11742,0,700000
22151,81,1,1,1,7
22151,151,1,1,1,7
22151,959,1,1,-1,467
22151,959,1,1,2,28
22151,1868,3,9,2,239335
22151,1873,2,6,2,71801
22151,1889,1,1,2,47867
22151,2500,1,1,1,7
22151,4044,1,1,2,23933
22151,5529,1,1,1,1969
22151,5545,1,1,1,1969
22151,5546,1,1,1,2163
22151,5549,1,3,-1,583380
22151,5549,1,1,2,71801
22151,6689,1,1,-1,24744
22151,8275,1,1,3,41667
22152,57,5060,10326,0,700000
22152,236,1,1,1,18
22152,960,1,1,2,152
22152,1344,30,90,2,157878
22152,1868,4,12,2,94727
22152,1873,1,1,2,151563
22152,1889,1,1,-1,684135
22152,1889,1,1,2,25260
22152,4044,1,1,2,12630
22152,5537,1,1,1,5199
22152,5549,1,1,2,37891
22152,6690,1,1,-1,22223
22152,6901,1,1,-1,10262
22152,8732,1,1,200,3157
22152,8742,1,1,200,790
22152,8752,1,1,200,79
22153,57,4892,9983,0,700000
22153,81,1,1,1,6
22153,151,1,1,1,6
22153,1344,30,90,2,152635
22153,1868,4,12,2,91581
22153,1873,1,1,2,146529
22153,1889,1,1,2,24422
22153,2500,1,1,1,6
22153,4044,1,1,2,12211
22153,5529,1,1,1,1674
22153,5545,1,1,1,1674
22153,5546,1,1,1,1839
22153,5549,1,1,2,36632
22153,6691,1,1,-1,21445
22153,6693,1,1,-1,21833
22153,6901,1,1,-1,9921
22153,6901,1,1,2,366
22153,8732,1,1,200,3053
22153,8742,1,1,200,763
22153,8752,1,1,200,76
22154,57,4935,10074,0,700000
22154,959,1,1,2,21
22154,960,1,1,-1,4004
22154,1344,150,450,2,44000
22154,1868,4,12,2,132001
22154,1873,3,9,2,35200
22154,1876,1,1,2,105601
22154,1895,1,7,-1,715000
22154,1895,1,1,2,150858
22154,4042,1,1,-1,166833
22154,4042,1,1,2,8800
22154,6326,1,1,1,62
22154,6327,1,1,1,82
22154,6328,1,1,1,123
22154,6342,1,1,1,13952
22154,6344,1,1,1,9029
22154,6346,1,1,1,20053
22155,57,7054,14402,0,700000
22155,960,1,1,2,352
22155,1868,15,45,2,58709
22155,1873,2,6,2,88063
22155,1889,1,1,2,58709
22155,4044,1,1,2,29354
22155,5326,1,1,1,40
22155,5329,1,1,1,40
22155,5487,1,1,1,5948
22155,5488,1,1,1,5948
22155,5549,1,1,2,88063
22155,6704,1,1,-1,203748
22155,6705,1,1,-1,199571
22155,6706,1,1,-1,232140
22156,57,6418,13138,0,700000
22156,1868,3,9,2,178351
22156,1873,2,6,2,53505
22156,1889,1,1,2,35670
22156,4044,1,1,2,17835
22156,5549,1,1,2,53505
22156,6326,1,1,1,80
22156,6327,1,1,1,107
22156,6328,1,1,1,161
22156,6342,1,1,1,18178
22156,6344,1,1,1,11764
22156,6346,1,1,1,26127
22156,6688,1,1,-1,28190
22156,6689,1,1,-1,27659
22156,6901,1,1,2,535
22156,8732,1,1,200,4459
22156,8742,1,1,200,1115
22156,8752,1,1,200,111
22156,13099,1,1,-1,181883
22157,57,6157,12570,0,700000
22157,959,1,1,-1,500
22157,959,1,1,2,31
22157,1868,15,45,2,51242
22157,1873,2,6,2,76863
22157,1876,1,1,2,153727
22157,1894,1,1,-1,438256
22157,1895,3,9,2,36602
22157,4039,1,1,-1,416344
22157,4042,1,1,2,12810
22157,6326,1,1,1,77
22157,6327,1,1,1,103
22157,6328,1,1,1,154
22157,6342,1,1,1,17409
22157,6344,1,1,1,11266
22157,6346,1,1,1,25022
22158,57,6280,12821,0,700000
22158,960,1,1,-1,5096
22158,960,1,1,2,209
22158,1866,1,3,2,116145
22158,1871,1,3,2,261325
22158,1877,1,1,-1,509585
22158,1877,1,1,2,20906
22158,4040,1,1,-1,254792
22158,4040,1,1,2,10453
22158,4041,1,1,2,4545
22158,5313,1,1,1,87
22158,5314,1,1,1,87
22158,5318,1,1,1,87
22158,5319,1,1,1,87
22158,5502,1,1,1,9930
22158,5503,1,1,1,9930
22158,5514,1,1,1,9930
22158,5515,1,1,1,9930
22158,8732,1,1,200,4355
22158,8742,1,1,200,1089
22158,8752,1,1,200,109
22159,57,7209,14758,0,700000
22159,1867,4,12,2,100170
22159,1872,7,21,2,53424
22159,1882,1,1,2,133560
22159,1894,1,1,2,21088
22159,4042,1,1,2,10017
22159,5326,1,1,1,41
22159,5329,1,1,1,41
22159,5487,1,1,1,6089
22159,5488,1,1,1,6089
22159,6701,1,1,-1,77997
22159,6702,1,1,-1,100403
22159,6703,1,1,-1,208583
22159,6901,1,1,2,601
22159,8732,1,1,200,5008
22159,8742,1,1,200,1252
22159,8752,1,1,200,125
22160,57,6418,13138,0,700000
22160,959,1,1,2,38
22160,1895,1,1,2,275170
22160,4040,1,1,2,19262
22160,4042,1,1,2,16052
22160,4043,1,1,2,32103
22160,6326,1,1,1,80
22160,6327,1,1,1,107
22160,6328,1,1,1,161
22160,6342,1,1,1,18178
22160,6344,1,1,1,11764
22160,6346,1,1,1,26127
22160,6691,1,1,-1,28190
22160,6693,1,1,-1,28701
22160,6694,1,1,-1,28701
22161,57,7282,14866,0,700000
22161,959,1,1,-1,591
22161,960,1,1,2,218
22161,1344,150,450,2,45451
22161,1868,4,12,2,136355
22161,1873,3,9,2,36361
22161,1876,1,1,2,109084
22161,1894,1,1,-1,518308
22161,1895,1,1,2,155834
22161,4039,1,1,-1,492392
22161,4042,1,1,2,9090
22161,5312,1,1,1,89
22161,5315,1,1,1,128
22161,5317,1,1,1,89
22161,5495,1,1,1,13803
22161,5527,1,1,1,10868
22161,5528,1,1,1,10868
22161,8732,1,1,200,4545
22161,8742,1,1,200,1136
22161,8752,1,1,200,114
22162,57,6280,12821,0,700000
22162,81,1,1,1,8
22162,151,1,1,1,8
22162,960,1,1,-1,5096
22162,1877,1,1,-1,509585
22162,1894,1,1,2,33010
22162,2500,1,1,1,8
22162,4039,1,1,2,31359
22162,4040,1,1,-1,254792
22162,4041,1,1,2,8181
22162,4044,1,1,2,31359
22162,5529,1,1,1,2150
22162,5545,1,1,1,2150
22162,5546,1,1,1,2361
22162,6901,1,1,2,941
22163,57,8351,17094,0,700000
22163,236,1,1,1,30
22163,959,1,1,2,28
22163,1866,1,3,2,154701
22163,1871,4,12,2,87019
22163,1877,1,1,2,27846
22163,4040,1,1,2,13923
22163,4041,1,1,2,6053
22163,5537,1,1,1,8596
22163,6707,1,1,-1,84077
22163,6708,1,1,-1,241600
22163,6709,1,1,-1,241600
22163,8732,1,1,200,5801
22163,8742,1,1,200,1450
22163,8752,1,1,200,145
22164,57,6418,13138,0,700000
22164,960,1,1,2,321
22164,1865,4,12,2,100323
22164,1870,7,21,2,53505
22164,1875,1,1,2,53505
22164,1879,1,1,2,133763
22164,4040,1,1,2,16051
22164,6326,1,1,1,80
22164,6327,1,1,1,107
22164,6328,1,1,1,161
22164,6342,1,1,1,18178
22164,6344,1,1,1,11764
22164,6346,1,1,1,26127
22164,6695,1,1,-1,27659
22164,6696,1,1,-1,28638
22164,6697,1,1,-1,27659
22165,57,6157,12570,0,700000
22165,959,1,1,-1,500
22165,1866,1,3,2,113872
22165,1871,1,3,2,256212
22165,1885,1,1,2,42702
22165,1894,1,1,-1,438256
22165,4039,1,1,-1,416344
22165,4041,1,1,2,4456
22165,5220,1,1,2,20497
22165,5313,1,1,1,85
22165,5314,1,1,1,85
22165,5318,1,1,1,85
22165,5319,1,1,1,85
22165,5502,1,1,1,9736
22165,5503,1,1,1,9736
22165,5514,1,1,1,9736
22165,5515,1,1,1,9736
22165,6901,1,1,2,512
22165,8732,1,1,200,4270
22165,8742,1,1,200,1068
22165,8752,1,1,200,106
22166,57,6157,12570,0,700000
22166,959,1,1,2,31
22166,960,1,1,-1,4996
22166,1864,4,12,2,192159
22166,1869,7,21,2,51242
22166,1877,1,1,-1,499612
22166,1880,1,1,2,76864
22166,4040,1,1,-1,249806
22166,4043,1,1,2,25621
22166,5550,1,1,2,10248
22166,6326,1,1,1,77
22166,6327,1,1,1,103
22166,6328,1,1,1,154
22166,6342,1,1,1,17409
22166,6344,1,1,1,11266
22166,6346,1,1,1,25022
22167,57,7370,15108,0,700000
22167,960,1,1,2,443
22167,1894,1,1,2,38839
22167,4039,1,1,2,36897
22167,4041,1,1,2,9625
22167,4044,1,1,2,36897
22167,5326,1,1,1,42
22167,5329,1,1,1,42
22167,5487,1,1,1,6230
22167,5488,1,1,1,6230
22167,6710,1,1,-1,243157
22167,6711,1,1,-1,74269
22167,6712,1,1,-1,213418
22168,57,6433,13186,0,700000
22168,1867,12,36,2,44729
22168,1869,18,54,2,22364
22168,1870,2,6,2,161023
22168,1871,3,9,2,134185
22168,1872,7,21,2,76677
22168,5320,1,1,1,37
22168,5323,1,1,1,37
22168,5480,1,1,1,5420
22168,5481,1,1,1,5420
22168,6698,1,1,-1,256985
22168,6699,1,1,-1,156628
22168,6700,1,1,-1,285159
22168,6901,1,1,2,805
22169,57,7442,15233,0,700000
22169,959,1,1,2,22
22169,1344,400,1200,2,17449
22169,1864,5,15,2,111673
22169,1865,3,9,2,93061
22169,1866,3,9,2,53177
22169,1868,12,36,2,46530
22169,1873,4,12,2,24816
22169,1894,1,1,-1,530607
22169,4039,1,1,-1,504077
22169,5311,1,1,1,32
22169,5316,1,1,1,32
22169,5522,1,1,1,4754
22169,5523,1,1,1,4754
22169,8732,1,1,200,4653
22169,8742,1,1,200,1163
22169,8752,1,1,200,116
22169,13099,1,1,-1,210896
22170,57,6418,13138,0,700000
22170,960,1,1,-1,5217
22170,960,1,1,2,385
22170,1877,1,1,-1,521677
22170,1894,1,1,2,33793
22170,4039,1,1,2,32103
22170,4040,1,1,-1,260839
22170,4041,1,1,2,8375
22170,4044,1,1,2,32103
22170,5326,1,1,1,36
22170,5329,1,1,1,36
22170,5487,1,1,1,5421
22170,5488,1,1,1,5421
22171,57,8537,17499,0,700000
22171,164,1,1,1,8
22171,213,1,1,1,8
22171,1868,15,45,2,71229
22171,1873,2,6,2,106844
22171,1876,1,1,2,213688
22171,1895,3,9,2,50878
22171,4042,1,1,2,17808
22171,5533,1,1,1,2198
22171,5544,1,1,1,2196
22171,6713,1,1,-1,247201
22171,6714,1,1,-1,281647
22171,6901,1,1,2,1068
22171,7579,1,1,-1,37962
22171,7895,1,1,1,8
22171,7902,1,1,1,8
22171,8342,1,1,1,2198
22171,8349,1,1,1,2198
22172,57,7442,15233,0,700000
22172,959,1,1,-1,605
22172,959,1,1,2,22
22172,1344,40,120,2,174487
22172,1867,9,27,2,41360
22172,1872,5,15,2,74448
22172,1875,1,1,2,37224
22172,1881,1,1,2,74448
22172,4041,1,1,2,4856
22172,5312,1,1,1,92
22172,5315,1,1,1,131
22172,5317,1,1,1,92
22172,5495,1,1,1,14131
22172,5527,1,1,1,11126
22172,5528,1,1,1,11126
22172,6714,1,1,-1,245313
22172,6901,1,1,-1,15122
22172,8732,1,1,200,4653
22172,8742,1,1,200,1163
22172,8752,1,1,200,116
22173,57,6293,12881,0,700000
22173,959,1,1,-1,511
22173,960,1,1,2,315
22173,1868,3,9,2,262291
22173,1873,2,6,2,78687
22173,1889,1,1,2,52458
22173,1894,1,1,-1,448656
22173,4039,1,1,-1,426223
22173,4044,1,1,2,26229
22173,5326,1,1,1,36
22173,5329,1,1,1,36
22173,5487,1,1,1,5315
22173,5488,1,1,1,5315
22173,5549,1,1,2,78687
22174,57,6280,12821,0,700000
22174,960,1,1,-1,5096
22174,1344,40,120,2,209993
22174,1867,9,27,2,49776
22174,1872,5,15,2,89597
22174,1875,1,1,2,44799
22174,1877,1,1,-1,509585
22174,1881,1,1,2,89597
22174,4040,1,1,-1,254792
22174,4041,1,1,2,5843
22174,5326,1,1,1,36
22174,5329,1,1,1,36
22174,5487,1,1,1,5295
22174,5488,1,1,1,5295
22174,6901,1,1,2,672
22175,57,250,511,0,700000
22175,959,1,1,2,1
22175,960,1,1,-1,203
22175,1868,1,1,2,62538
22175,1873,1,1,2,12508
22175,1876,1,1,2,6254
22175,1895,1,1,2,8934
22175,4042,1,1,-1,8469
22175,4042,1,1,2,521
22175,5311,1,1,1,1
22175,5316,1,1,1,1
22175,5522,1,1,1,160
22175,5523,1,1,1,160
22175,6689,1,1,-1,1078
22176,57,250,511,0,700000
22176,960,1,1,2,11
22176,1344,10,30,2,33502
22176,1866,1,1,2,17868
22176,1871,1,1,2,26802
22176,1877,1,1,-1,20325
22176,1877,1,1,2,1072
22176,4040,1,1,2,536
22176,4041,1,1,2,233
22176,5320,1,1,1,1
22176,5323,1,1,1,1
22176,5480,1,1,1,211
22176,5481,1,1,1,211
22176,6690,1,1,-1,1100
22176,6901,1,1,-1,508
22188,57,5136,10528,0,700000
22188,81,1,1,1,6
22188,151,1,1,1,6
22188,959,1,1,2,19
22188,1894,1,1,-1,366512
22188,1894,1,1,2,16916
22188,2500,1,1,1,6
22188,4039,1,1,2,16070
22188,4041,1,1,2,4192
22188,4044,1,1,2,16070
22188,5529,1,1,1,1763
22188,5545,1,1,1,1763
22188,5546,1,1,1,1936
22188,6688,1,1,-1,22578
22188,6901,1,1,-1,10446
22188,8732,1,1,200,4018
22188,8742,1,1,200,1004
22188,8752,1,1,200,100
22189,57,4145,8484,0,700000
22189,164,1,1,1,4
22189,213,1,1,1,4
22189,960,1,1,2,249
22189,1894,1,1,2,21823
22189,4039,1,1,2,20732
22189,4041,1,1,2,5408
22189,4044,1,1,2,20732
22189,5533,1,1,1,1066
22189,5544,1,1,1,1065
22189,6689,1,1,-1,17862
22189,6690,1,1,-1,18240
22189,6901,1,1,-1,8422
22189,7895,1,1,1,4
22189,7902,1,1,1,4
22189,8342,1,1,1,1066
22189,8349,1,1,1,1066
22190,57,7411,7610,0,700000
22190,1895,1,1,2,350000
22196,57,13330,27213,0,700000
22196,81,1,1,1,16
22196,151,1,1,1,16
22196,1879,1,1,2,184884
22196,1885,1,1,2,92442
22196,2500,1,1,1,16
22196,5529,1,1,1,4563
22196,5545,1,1,1,4563
22196,5546,1,1,1,5012
22196,6688,1,1,-1,58445
22196,6901,1,1,-1,27039
22196,9573,1,1,200,7704
22196,9574,1,1,200,1926
22196,9575,1,1,200,193
22196,9576,1,1,200,39
22196,9628,1,1,2,8700
22196,9629,1,1,2,4823
22196,9630,1,1,2,5839
22196,13099,1,1,-1,377090
22197,57,5813,11868,0,700000
22197,81,1,1,1,7
22197,151,1,1,1,7
22197,1879,1,1,2,80628
22197,1885,1,1,2,40314
22197,2500,1,1,1,7
22197,5529,1,1,1,1990
22197,5545,1,1,1,1990
22197,5546,1,1,1,2186
22197,6689,1,1,-1,25008
22197,6690,1,1,-1,25536
22197,6901,1,1,-1,11792
22197,9573,1,1,200,3360
22197,9574,1,1,200,840
22197,9575,1,1,200,84
22197,9576,1,1,200,17
22197,9628,1,1,2,3794
22197,9629,1,1,2,2103
22197,9630,1,1,2,2546
22198,57,13330,27213,0,700000
22198,81,1,1,1,16
22198,151,1,1,1,16
22198,959,1,1,-1,1622
22198,1879,1,1,2,184884
22198,1885,1,1,2,92442
22198,2500,1,1,1,16
22198,5529,1,1,1,4563
22198,5545,1,1,1,4563
22198,5546,1,1,1,5012
22198,9573,1,1,200,7704
22198,9574,1,1,200,1926
22198,9575,1,1,200,193
22198,9576,1,1,200,39
22198,9628,1,1,2,8700
22198,9629,1,1,2,4823
22198,9630,1,1,2,5839
22198,13099,1,1,-1,565534
22199,57,22768,46483,0,700000
22199,1879,1,3,2,157901
22199,1885,1,1,2,157901
22199,6326,1,1,1,285
22199,6327,1,1,1,379
22199,6328,1,1,1,569
22199,6342,1,1,1,64376
22199,6344,1,1,1,41661
22199,6346,1,1,1,92524
22199,6691,1,1,-1,99831
22199,6693,1,1,-1,101640
22199,6901,1,1,-1,46186
22199,9573,1,1,200,13159
22199,9574,1,1,200,3290
22199,9575,1,1,200,329
22199,9576,1,1,200,66
22199,9628,1,1,2,14861
22199,9629,1,1,2,8238
22199,9630,1,1,2,9973
22200,57,6033,12317,0,700000
22200,164,1,1,1,5
22200,213,1,1,1,5
22200,960,1,1,-1,4895
22200,1879,1,1,2,83682
22200,1885,1,1,2,41841
22200,5533,1,1,1,1550
22200,5544,1,1,1,1548
22200,6694,1,1,-1,26933
22200,6901,1,1,-1,12238
22200,7895,1,1,1,5
22200,7902,1,1,1,5
22200,8342,1,1,1,1550
22200,8349,1,1,1,1549
22200,9573,1,1,200,3487
22200,9574,1,1,200,872
22200,9575,1,1,200,87
22200,9576,1,1,200,17
22200,9628,1,1,2,3938
22200,9629,1,1,2,2183
22200,9630,1,1,2,2643
22201,57,6033,12317,0,700000
22201,164,1,1,1,5
22201,213,1,1,1,5
22201,1879,1,1,2,83682
22201,1885,1,1,2,41841
22201,1895,1,7,-1,874174
22201,4040,1,1,-1,244769
22201,5533,1,1,1,1550
22201,5544,1,1,1,1548
22201,7895,1,1,1,5
22201,7902,1,1,1,5
22201,8342,1,1,1,1550
22201,8349,1,1,1,1549
22201,9573,1,1,200,3487
22201,9574,1,1,200,872
22201,9575,1,1,200,87
22201,9576,1,1,200,17
22201,9628,1,1,2,3938
22201,9629,1,1,2,2183
22201,9630,1,1,2,2643
22201,13099,1,1,-1,170678
22202,57,6033,12317,0,700000
22202,164,1,1,1,5
22202,213,1,1,1,5
22202,1879,1,1,2,83682
22202,1885,1,1,2,41841
22202,5533,1,1,1,1550
22202,5544,1,1,1,1548
22202,6696,1,1,-1,26873
22202,6901,1,1,-1,12238
22202,7895,1,1,1,5
22202,7902,1,1,1,5
22202,8342,1,1,1,1550
22202,8349,1,1,1,1549
22202,9573,1,1,200,3487
22202,9574,1,1,200,872
22202,9575,1,1,200,87
22202,9576,1,1,200,17
22202,9628,1,1,2,3938
22202,9629,1,1,2,2183
22202,9630,1,1,2,2643
22203,57,5934,12114,0,700000
22203,289,1,1,1,21
22203,959,1,1,-1,481
22203,1875,1,1,-1,802440
22203,1879,1,1,2,82302
22203,1885,1,1,2,41151
22203,5534,1,1,1,6101
22203,6697,1,1,-1,25527
22203,9573,1,1,200,3429
22203,9574,1,1,200,857
22203,9575,1,1,200,86
22203,9576,1,1,200,17
22203,9628,1,1,2,3873
22203,9629,1,1,2,2147
22203,9630,1,1,2,2599
22204,57,5786,11812,0,700000
22204,289,1,1,1,21
22204,1879,1,1,2,80251
22204,1885,1,3,-1,489029
22204,1885,1,1,2,40126
22204,5534,1,1,1,5949
22204,6698,1,1,-1,230538
22204,6901,1,1,-1,11737
22204,9573,1,1,200,3344
22204,9574,1,1,200,836
22204,9575,1,1,200,84
22204,9576,1,1,200,17
22204,9628,1,1,2,3777
22204,9629,1,1,2,2093
22204,9630,1,1,2,2534
22205,57,5934,12114,0,700000
22205,289,1,1,1,21
22205,1879,1,1,2,82302
22205,1885,1,1,2,41151
22205,5534,1,1,1,6101
22205,6699,1,1,-1,262349
22205,6901,1,1,-1,12037
22205,9573,1,1,200,3429
22205,9574,1,1,200,857
22205,9575,1,1,200,86
22205,9576,1,1,200,17
22205,9628,1,1,2,3873
22205,9629,1,1,2,2147
22205,9630,1,1,2,2599
22205,13099,1,1,-1,167863
22208,57,6577,13427,0,700000
22208,236,1,1,1,24
22208,959,1,1,-1,534
22208,959,1,1,2,28
22208,960,1,1,2,282
22208,5537,1,1,1,6758
22208,6703,1,1,-1,189953
22208,6901,1,1,-1,13341
22208,8752,1,1,200,147
22208,8762,1,1,200,29
22208,8954,1,1,2,2815
22208,8955,1,1,2,1408
22208,8956,1,1,2,704
22209,57,6047,12344,0,700000
22209,236,1,1,1,22
22209,959,1,1,2,26
22209,960,1,1,2,259
22209,1894,1,1,-1,430376
22209,4042,1,1,-1,204429
22209,5537,1,1,1,6213
22209,6704,1,1,-1,174638
22209,8752,1,1,200,135
22209,8762,1,1,200,27
22209,8954,1,1,2,2588
22209,8955,1,1,2,1294
22209,8956,1,1,2,647
22210,57,6577,13427,0,700000
22210,236,1,1,1,24
22210,959,1,1,2,28
22210,960,1,1,2,282
22210,5537,1,1,1,6758
22210,6705,1,1,-1,186058
22210,6901,1,1,-1,13341
22210,8752,1,1,200,147
22210,8762,1,1,200,29
22210,8954,1,1,2,2815
22210,8955,1,1,2,1408
22210,8956,1,1,2,704
22211,57,6191,12640,0,700000
22211,270,1,1,1,22
22211,959,1,1,2,37
22211,960,1,1,-1,5024
22211,960,1,1,2,371
22211,5538,1,1,1,6361
22211,6706,1,1,-1,203741
22211,8954,1,1,2,3710
22211,8955,1,1,2,1855
22211,8956,1,1,2,927
22211,13099,1,1,-1,175157
22212,57,5939,12126,0,700000
22212,270,1,1,1,21
22212,959,1,1,2,36
22212,960,1,1,2,356
22212,4041,1,1,-1,104767
22212,5538,1,1,1,6102
22212,6707,1,1,-1,59697
22212,6901,1,1,-1,12048
22212,8954,1,1,2,3559
22212,8955,1,1,2,1779
22212,8956,1,1,2,890
22213,57,6191,12640,0,700000
22213,270,1,1,1,22
22213,959,1,1,2,37
22213,960,1,1,2,371
22213,5538,1,1,1,6361
22213,6708,1,1,-1,178823
22213,6709,1,1,-1,178823
22213,6901,1,1,-1,12560
22213,8954,1,1,2,3710
22213,8955,1,1,2,1855
22213,8956,1,1,2,927
22214,57,5863,11970,0,700000
22214,959,1,1,-1,476
22214,959,1,1,2,35
22214,960,1,1,2,351
22214,5313,1,1,1,81
22214,5314,1,1,1,81
22214,5318,1,1,1,81
22214,5319,1,1,1,81
22214,5502,1,1,1,9271
22214,5503,1,1,1,9271
22214,5514,1,1,1,9271
22214,5515,1,1,1,9271
22214,5549,1,3,-1,594682
22214,8954,1,1,2,3513
22214,8955,1,1,2,1757
22214,8956,1,1,2,878
22214,13099,1,1,-1,165689
22215,57,68305,139448,0,700000
22215,305,1,1,1,247
22215,1879,3,9,2,157901
22215,1885,2,6,2,118426
22215,5541,1,1,1,70147
22215,6710,1,5,-1,749227
22215,6711,1,1,-1,686527
22215,6901,1,1,-1,138558
22215,9573,1,1,200,39475
22215,9574,1,1,200,9869
22215,9575,1,1,200,987
22215,9576,1,1,200,198
22215,9628,1,1,2,44584
22215,9629,1,1,2,24715
22215,9630,1,1,2,29918
22216,57,68305,139448,0,700000
22216,305,1,1,1,247
22216,960,1,1,-1,55423
22216,1879,3,9,2,157901
22216,1885,2,6,2,118426
22216,5541,1,1,1,70147
22216,6712,1,5,-1,657594
22216,6901,1,1,-1,138558
22216,9573,1,1,200,39475
22216,9574,1,1,200,9869
22216,9575,1,1,200,987
22216,9576,1,1,200,198
22216,9628,1,1,2,44584
22216,9629,1,1,2,24715
22216,9630,1,1,2,29918
22217,57,68305,139448,0,700000
22217,305,1,1,1,247
22217,1879,3,9,2,157901
22217,1885,2,6,2,118426
22217,4042,1,5,-1,769768
22217,4043,1,9,-1,923722
22217,5541,1,1,1,70147
22217,6713,1,5,-1,657594
22217,9573,1,1,200,39475
22217,9574,1,1,200,9869
22217,9575,1,1,200,987
22217,9576,1,1,200,198
22217,9628,1,1,2,44584
22217,9629,1,1,2,24715
22217,9630,1,1,2,29918
22218,57,5469,11164,0,700000
22218,81,1,1,1,7
22218,151,1,1,1,7
22218,1879,1,1,2,75850
22218,1885,1,1,2,37925
22218,2500,1,1,1,7
22218,5529,1,1,1,1872
22218,5545,1,1,1,1872
22218,5546,1,1,1,2056
22218,6688,1,1,-1,23977
22218,6901,1,1,-1,11093
22218,9573,1,1,200,3160
22218,9574,1,1,200,790
22218,9575,1,1,200,79
22218,9576,1,1,200,16
22218,9628,1,1,2,3569
22218,9629,1,1,2,1979
22218,9630,1,1,2,2395
22218,13099,1,1,-1,154703
22219,57,5492,11212,0,700000
22219,164,1,1,1,5
22219,213,1,1,1,5
22219,960,1,1,-1,4456
22219,1879,1,1,2,76173
22219,1885,1,1,2,38087
22219,5533,1,1,1,1410
22219,5544,1,1,1,1409
22219,6694,1,1,-1,24516
22219,6901,1,1,-1,11140
22219,7895,1,1,1,5
22219,7902,1,1,1,5
22219,8342,1,1,1,1410
22219,8349,1,1,1,1410
22219,9573,1,1,200,3174
22219,9574,1,1,200,793
22219,9575,1,1,200,79
22219,9576,1,1,200,16
22219,9628,1,1,2,3585
22219,9629,1,1,2,1987
22219,9630,1,1,2,2406
22220,57,4894,9982,0,700000
22220,289,1,1,1,18
22220,959,1,1,-1,397
22220,1875,1,1,-1,661693
22220,1879,1,1,2,67866
22220,1885,1,1,2,33933
22220,5534,1,1,1,5030
22220,6697,1,1,-1,21049
22220,9573,1,1,200,2828
22220,9574,1,1,200,707
22220,9575,1,1,200,71
22220,9576,1,1,200,14
22220,9628,1,1,2,3194
22220,9629,1,1,2,1770
22220,9630,1,1,2,2143
22221,57,5310,10842,0,700000
22221,236,1,1,1,19
22221,959,1,1,-1,431
22221,1879,1,1,2,73657
22221,1885,1,1,2,36829
22221,5537,1,1,1,5457
22221,6703,1,1,-1,153376
22221,6901,1,1,-1,10772
22221,9573,1,1,200,3069
22221,9574,1,1,200,767
22221,9575,1,1,200,77
22221,9576,1,1,200,15
22221,9628,1,1,2,3466
22221,9629,1,1,2,1921
22221,9630,1,1,2,2326
22222,57,5157,10528,0,700000
22222,270,1,1,1,19
22222,959,1,1,2,22
22222,960,1,1,-1,4185
22222,960,1,1,2,221
22222,1875,1,1,-1,697420
22222,5538,1,1,1,5297
22222,6706,1,1,-1,169702
22222,8752,1,1,200,115
22222,8762,1,1,200,23
22222,8954,1,1,2,2207
22222,8955,1,1,2,1104
22222,8956,1,1,2,552
22223,57,5707,11651,0,700000
22223,81,1,1,1,7
22223,151,1,1,1,7
22223,2500,1,1,1,7
22223,5529,1,1,1,1872
22223,5545,1,1,1,1872
22223,5546,1,1,1,2056
22223,6688,1,1,-1,25022
22223,6901,1,1,-1,11576
22223,13099,1,1,-1,161444
22224,57,5638,11511,0,700000
22224,164,1,1,1,5
22224,213,1,1,1,5
22224,959,1,1,2,34
22224,960,1,1,-1,4575
22224,960,1,1,1,338
22224,5533,1,1,1,1448
22224,5544,1,1,1,1447
22224,6694,1,1,-1,25169
22224,6901,1,1,-1,11437
22224,7895,1,1,1,5
22224,7902,1,1,1,5
22224,8342,1,1,1,1448
22224,8349,1,1,1,1448
22224,8954,1,1,2,3378
22224,8955,1,1,2,1689
22224,8956,1,1,2,845
22225,57,5357,10937,0,700000
22225,289,1,1,1,19
22225,959,1,1,-1,435
22225,1875,1,1,-1,724469
22225,1879,1,1,2,74304
22225,1885,1,1,2,37152
22225,5534,1,1,1,5508
22225,6697,1,1,-1,23046
22225,9573,1,1,200,3096
22225,9574,1,1,200,774
22225,9575,1,1,200,77
22225,9576,1,1,200,16
22225,9628,1,1,2,3497
22225,9629,1,1,2,1938
22225,9630,1,1,2,2346
22226,57,5881,12007,0,700000
22226,236,1,1,1,21
22226,959,1,1,-1,477
22226,959,1,1,2,25
22226,960,1,1,2,252
22226,5537,1,1,1,6044
22226,6703,1,1,-1,169868
22226,6901,1,1,-1,11931
22226,8752,1,1,200,131
22226,8762,1,1,200,26
22226,8954,1,1,2,2517
22226,8955,1,1,2,1259
22226,8956,1,1,2,629
22227,57,5800,11842,0,700000
22227,270,1,1,1,21
22227,959,1,1,2,35
22227,960,1,1,-1,4706
22227,960,1,1,2,348
22227,1875,1,1,-1,784408
22227,5538,1,1,1,5958
22227,6706,1,1,-1,190869
22227,8954,1,1,2,3475
22227,8955,1,1,2,1738
22227,8956,1,1,2,869
22228,57,8,12,0,700000
22228,112,1,1,1,23255
22228,116,1,1,1,27027
22228,118,1,1,1,15384
22228,1666,1,1,2,3984
22228,1864,1,1,2,6993
22228,1865,1,1,2,2994
22228,1866,1,1,2,1996
22228,1868,1,1,2,3984
22228,1873,1,1,2,997
22229,17,10,30,2,20000
22229,21,1,1,1,9708
22229,28,1,1,1,19230
22229,57,8,12,0,700000
22229,1786,1,1,2,3194
22229,1866,1,1,2,3267
22229,1871,1,1,2,2544
22230,18,1,1,1,50000
22230,41,1,1,1,34482
22230,57,8,13,0,700000
22230,1787,1,1,2,5181
22230,1865,1,1,2,5988
22230,1870,1,1,2,6536
22231,13,1,1,1,9174
22231,57,13,20,0,700000
22231,1060,1,1,2,14285
22231,1788,1,1,2,5154
22231,1866,1,1,2,4608
22231,1871,1,1,2,6622
22232,21,1,1,1,28571
22232,28,1,1,1,45454
22232,57,19,29,0,700000
22232,1666,1,1,2,3333
22232,1864,1,1,2,25000
22232,1869,1,1,2,11494
22233,13,1,1,1,15873
22233,57,30,42,0,700000
22233,1786,1,1,2,18518
22233,1865,1,1,2,19607
22233,1870,1,1,2,18867
22234,22,1,1,1,1603
22234,29,1,1,1,2506
22234,57,41,58,0,700000
22234,1789,1,1,2,3105
22234,1866,1,1,2,9804
22234,1871,1,1,2,16129
22234,2005,1,1,-1,5553
22235,14,1,1,1,482
22235,17,10,30,2,71428
22235,57,51,71,0,700000
22235,1060,1,1,-1,36285
22235,1790,1,1,2,2631
22235,1866,1,1,2,9615
22235,1871,1,1,2,15151
22235,1877,1,1,-1,5414
22235,2007,1,1,1,2114
22236,14,1,1,1,433
22236,57,66,90,0,700000
22236,1790,1,1,-1,12631
22236,1791,1,1,2,4762
22236,1867,1,1,2,31250
22236,1872,1,1,2,33333
22236,2005,1,1,-1,15553
22236,2007,1,1,-1,12114
22236,2007,1,1,1,3247
22237,3,1,1,1,958
22237,57,79,107,0,700000
22237,1060,1,1,2,45454
22237,1795,1,1,2,83333
22237,1865,1,1,-1,129607
22237,1865,1,1,2,23255
22237,1870,1,1,2,19607
22237,2005,1,1,1,1915
22238,5,1,1,1,197
22238,8,1,1,1,786
22238,57,95,129,0,700000
22238,152,1,1,1,589
22238,1060,1,1,-1,101285
22238,1796,1,1,2,41666
22238,1865,1,1,2,31250
22238,1870,1,1,2,35714
22238,2006,1,1,2,2164
22238,2007,1,1,-1,12114
22238,4039,1,1,-1,3441
22239,57,108,145,0,700000
22239,736,1,1,2,16666
22239,1333,1,1,1,1106
22239,1867,1,1,2,52631
22239,1872,1,1,2,55555
22239,1896,1,1,-1,92812
22239,2010,1,1,1,1658
22240,9,1,1,1,241
22240,57,110,152,0,700000
22240,154,1,1,1,161
22240,1792,1,1,2,3003
22240,1864,1,1,2,76923
22240,1869,1,2,-1,11494
22240,1869,1,1,2,38461
22240,1878,1,1,-1,33261
22240,1921,1,1,-1,53911
22240,2008,1,1,1,1689
22241,57,138,196,0,700000
22241,271,1,1,1,441
22241,1793,1,1,1,3448
22241,1794,1,1,-1,17030
22241,1831,1,1,-1,668170
22241,1866,1,1,2,35714
22241,1871,1,1,2,52631
22241,1922,1,1,-1,59085
22242,57,112,166,0,700000
22242,66,1,1,1,207
22242,1333,1,1,1,118
22242,1794,1,1,2,2427
22242,1798,1,1,-1,30882
22242,1831,1,1,2,90909
22242,1865,1,1,2,33333
22242,1870,1,1,2,31250
22242,1923,1,1,-1,12202
22242,2008,1,1,-1,9411
22242,2010,1,1,1,1567
22243,23,1,1,1,789
22243,30,1,1,1,1368
22243,57,115,175,0,700000
22243,1798,1,1,2,47619
22243,1833,1,2,-1,502269
22243,1868,1,2,-1,371441
22243,1868,1,1,2,90909
22243,1873,1,1,-1,84381
22243,1873,1,1,2,18867
22243,2386,1,1,1,1788
22244,38,1,1,1,704
22244,50,1,1,1,1056
22244,57,116,181,0,700000
22244,1800,1,1,-1,76634
22244,1800,1,1,2,13888
22244,1865,1,1,2,43478
22244,1870,1,1,2,45454
22244,1897,1,1,-1,91243
22244,1924,1,1,-1,76634
22244,1925,1,1,1,28571
22245,57,119,190,0,700000
22245,1801,1,1,-1,119680
22245,1801,1,1,2,24390
22245,1865,1,1,2,50000
22245,1870,1,1,-1,135721
22245,1870,1,1,2,43478
22245,1925,1,1,-1,91252
22245,2501,1,1,1,105
22246,44,1,1,1,316
22246,57,120,198,0,700000
22246,102,1,1,1,1579
22246,734,1,1,-1,43053
22246,945,1,1,1,1897
22246,1817,1,1,2,7575
22246,1865,1,2,-1,253000
22246,1865,1,1,2,47619
22246,1870,1,1,2,50000
22246,1924,1,1,1,9174
22257,57,1771,3615,0,700000
22257,1808,1,1,-1,1565
22257,1808,1,1,2,52
22257,1868,1,1,2,236365
22257,1873,1,1,2,47273
22257,1876,1,1,2,23637
22257,1885,1,1,-1,15799
22257,1895,1,1,2,33766
22257,4042,1,1,2,1970
22257,5496,1,1,1,3810
22257,5497,1,1,1,3810
22257,5503,1,1,-1,15799
22257,5508,1,1,1,3810
22257,5509,1,1,1,3810
22257,9546,1,1,200,945
22257,9573,1,1,200,821
22257,9574,1,1,200,205
22257,9575,1,1,200,20
22257,9576,1,1,200,4
22257,9593,1,1,100,200000
22257,12221,1,1,1,708
22257,12224,1,1,1,708
22257,12229,1,1,1,708
22257,12231,1,1,1,708
22258,57,1821,3717,0,700000
22258,959,1,1,2,9
22258,1894,1,1,-1,95236
22258,1894,1,1,2,7428
22258,3036,1,1,-1,1206
22258,4039,1,1,2,7819
22258,4041,1,1,2,1938
22258,4044,1,1,2,7428
22258,5487,1,1,-1,12222
22258,5529,1,1,1,611
22258,5545,1,1,1,611
22258,5546,1,1,1,671
22258,9546,1,1,200,1783
22258,9593,1,1,100,200000
22258,11964,1,1,1,40
22258,11968,1,1,1,40
22258,11971,1,1,1,40
22259,57,1988,4059,0,700000
22259,960,1,1,2,73
22259,1344,20,60,2,114062
22259,1866,1,1,2,121666
22259,1871,1,1,2,182499
22259,1877,1,1,2,7300
22259,3957,1,1,-1,1317
22259,4040,1,1,-1,59275
22259,4040,1,1,2,3650
22259,4041,1,1,2,1587
22259,5488,1,1,-1,13346
22259,5533,1,1,1,501
22259,5544,1,1,1,500
22259,8342,1,1,1,501
22259,8349,1,1,1,501
22259,9546,1,1,200,1460
22259,9593,1,1,100,250000
22259,11966,1,1,1,32
22259,11969,1,1,1,32
22259,11970,1,1,1,32
22259,11974,1,1,1,32
22260,57,1647,3363,0,700000
22260,5157,1,1,-1,1091
22260,5495,1,1,-1,37283
22260,5502,1,1,-1,41467
22260,5522,1,1,1,1030
22260,5523,1,1,1,1030
22260,9593,1,1,100,250000
22260,10557,1,1,2,20853
22260,12262,1,1,1,127
22260,12263,1,1,1,127
22261,57,1696,3473,0,700000
22261,1885,1,1,-1,211091
22261,4041,1,1,-1,22027
22261,5503,1,1,-1,42781
22261,5534,1,1,1,1713
22261,9594,1,1,100,125000
22261,10558,1,1,2,21514
22261,11975,1,1,1,111
22262,57,1717,3516,0,700000
22262,960,1,1,2,51
22262,1895,1,1,2,36095
22262,4040,1,1,2,2527
22262,5162,1,1,-1,1140
22262,5167,1,1,-1,1140
22262,5514,1,1,-1,43313
22262,5533,1,1,1,433
22262,5544,1,1,1,433
22262,8342,1,1,1,433
22262,8349,1,1,1,433
22262,9546,1,1,200,1011
22262,9573,1,1,200,877
22262,9574,1,1,200,219
22262,9575,1,1,200,22
22262,9576,1,1,200,4
22262,9594,1,1,100,111111
22262,9628,1,1,2,991
22262,9630,1,1,2,665
22262,11966,1,1,1,28
22262,11969,1,1,1,28
22262,11970,1,1,1,28
22262,11974,1,1,1,28
22263,57,1978,4052,0,700000
22263,960,1,1,2,58
22263,1895,1,1,-1,844332
22263,1895,1,1,2,41593
22263,4040,1,1,-1,49910
22263,4040,1,1,2,2911
22263,5515,1,1,-1,59103
22263,5538,1,1,1,1997
22263,9546,1,1,200,1165
22263,9573,1,1,200,1011
22263,9574,1,1,200,253
22263,9575,1,1,200,25
22263,9576,1,1,200,5
22263,9594,1,1,100,142857
22263,9628,1,1,2,1142
22263,9630,1,1,2,766
22263,11967,1,1,1,129
22264,57,1759,3602,0,700000
22264,959,1,1,2,7
22264,1868,1,1,2,369713
22264,1873,1,1,2,73943
22264,1889,1,1,2,12324
22264,4044,1,1,2,6162
22264,5272,1,1,-1,1167
22264,5522,1,1,-1,8946
22264,5523,1,1,-1,8946
22264,5534,1,1,1,1776
22264,5549,1,1,2,18486
22264,9546,1,1,200,1479
22264,9594,1,1,100,125000
22264,11975,1,1,1,115
22265,57,1778,3566,0,700000
22265,959,1,1,-1,122
22265,960,1,1,2,60
22265,1895,1,1,2,42755
22265,4040,1,1,2,2993
22265,5537,1,1,1,2053
22265,6688,1,1,-1,6566
22265,6901,1,1,-1,3038
22265,9546,1,1,200,1197
22265,9573,1,1,200,1039
22265,9574,1,1,200,260
22265,9575,1,1,200,26
22265,9576,1,1,200,5
22265,9596,1,1,100,58824
22265,9628,1,1,2,1174
22265,9630,1,1,2,788
22265,11973,1,1,1,133
22266,57,1584,3176,0,700000
22266,1344,10,30,2,238056
22266,1895,1,1,-1,773207
22266,1895,1,1,2,54413
22266,4040,1,1,-1,54124
22266,4040,1,1,2,3809
22266,5537,1,1,1,1829
22266,6689,1,1,-1,5739
22266,6901,1,1,2,191
22266,9546,1,1,200,1523
22266,9596,1,1,100,50000
22266,9628,1,1,2,1494
22266,9630,1,1,2,1002
22266,11973,1,1,1,118
22267,57,24706,49558,0,700000
22267,959,1,1,2,166
22267,1895,3,9,2,198804
22267,4040,1,1,2,83195
22267,5541,1,1,1,28519
22267,6690,1,1,-1,91435
22267,6901,1,1,-1,42222
22267,9596,1,1,100,800000
22267,9628,1,1,2,32625
22267,9630,1,1,2,21893
22267,11976,1,1,1,1846
22268,57,1377,2821,0,700000
22268,960,1,1,2,51
22268,1344,10,30,2,158318
22268,1868,1,3,2,126665
22268,1873,1,1,2,50662
22268,1876,1,1,-1,411375
22268,1876,1,1,2,253319
22268,1895,1,1,-1,587678
22268,1895,1,1,2,36187
22268,4042,1,1,2,2111
22268,5480,1,1,-1,9230
22268,5480,1,1,1,1137
22268,5481,1,1,1,1137
22268,9548,1,1,200,1013
22268,9595,1,1,100,100000
22268,12258,1,1,1,141
22268,12265,1,1,1,141
22269,57,1391,2849,0,700000
22269,1808,1,1,-1,923
22269,1867,1,1,2,194914
22269,1872,1,1,2,194914
22269,1875,1,1,2,9746
22269,1881,1,1,2,19491
22269,4041,1,1,2,1271
22269,5481,1,1,-1,9321
22269,5487,1,1,-1,9354
22269,5522,1,1,1,871
22269,5523,1,1,1,871
22269,6901,1,1,2,146
22269,9548,1,1,200,1169
22269,9595,1,1,100,100000
22269,12261,1,1,1,107
22269,12262,1,1,1,107
22270,57,1537,3147,0,700000
22270,959,1,1,2,4
22270,1344,10,30,2,117768
22270,1868,1,1,2,188428
22270,1873,1,1,2,37686
22270,1889,1,1,2,6281
22270,3036,1,1,-1,1020
22270,4044,1,1,-1,76502
22270,4044,1,1,2,3140
22270,5487,1,1,1,1273
22270,5488,1,1,-1,10335
22270,5488,1,1,1,1273
22270,5549,1,1,2,9421
22270,9549,1,1,200,754
22270,9573,1,1,200,654
22270,9574,1,1,200,164
22270,9575,1,1,200,16
22270,9576,1,1,200,3
22270,9595,1,1,100,100000
22270,9689,1,1,101,1000000
22270,12259,1,1,1,158
22270,12266,1,1,1,158
22271,57,1537,3147,0,700000
22271,960,1,1,2,75
22271,1895,1,1,-1,655731
22271,1895,1,1,2,53837
22271,3957,1,1,-1,1020
22271,4040,1,1,2,3769
22271,5495,1,1,-1,34850
22271,6342,1,1,1,4268
22271,6344,1,1,1,2762
22271,6346,1,1,1,6135
22271,9549,1,1,200,1507
22271,9595,1,1,100,100000
22271,9628,1,1,2,1478
22271,9630,1,1,2,992
22271,9689,1,1,101,1000000
22271,12350,1,1,1,348
22271,12351,1,1,1,695
22271,12352,1,1,1,464
22272,57,2190,4484,0,700000
22272,1344,30,90,2,90909
22272,1868,4,12,2,66667
22272,1873,1,1,2,100000
22272,1876,1,1,2,40000
22272,1895,1,1,2,62500
22272,4042,1,1,2,3731
22272,5157,1,1,-1,10000
22272,5502,1,1,-1,90000
22272,5503,1,1,-1,130000
22272,6342,1,1,1,7194
22272,6344,1,1,1,3448
22272,6346,1,1,1,7463
22272,6901,1,1,2,287
22272,12351,1,1,1,287
22273,57,2117,4336,0,700000
22273,1895,1,3,-1,390000
22273,4040,1,1,-1,40000
22273,4040,1,1,2,3774
22273,5495,1,1,1,4049
22273,5514,1,1,-1,60000
22273,5527,1,1,1,3774
22273,5528,1,1,1,1618
22273,9573,1,1,200,539
22273,9628,1,1,2,1350
22273,9630,1,1,2,1079
22273,12268,1,1,1,270
22274,57,2161,4425,0,700000
22274,960,1,1,2,272
22274,1344,20,60,2,142857
22274,1866,1,1,2,166667
22274,1871,1,3,2,76923
22274,1877,1,1,2,7092
22274,4040,1,1,2,4082
22274,4041,1,1,2,1631
22274,5167,1,1,-1,10000
22274,5495,1,1,1,4630
22274,5515,1,1,-1,110000
22274,5527,1,1,1,2174
22274,5528,1,1,1,2717
22275,57,12348,25286,0,700000
22275,164,1,1,1,11
22275,213,1,1,1,11
22275,1895,1,11,-1,878191
22275,1895,1,3,2,216303
22275,4040,1,1,-1,368840
22275,4040,1,1,2,30282
22275,4042,1,1,2,25235
22275,4043,1,1,2,50471
22275,5522,1,1,-1,62805
22275,5533,1,1,1,3115
22275,5544,1,1,1,3112
22275,6901,1,1,2,1514
22275,7895,1,1,1,11
22275,7902,1,1,1,11
22275,8342,1,1,1,3115
22275,8349,1,1,1,3114
22275,9546,1,1,200,12113
22276,57,3787,7755,0,700000
22276,164,1,1,1,3
22276,213,1,1,1,3
22276,959,1,1,2,10
22276,1344,10,30,2,316635
22276,1895,1,1,2,72373
22276,4040,1,1,2,5066
22276,5272,1,1,-1,2514
22276,5523,1,1,-1,19263
22276,5527,1,1,-1,67627
22276,5533,1,1,1,955
22276,5544,1,1,1,954
22276,7895,1,1,1,3
22276,7902,1,1,1,3
22276,8342,1,1,1,955
22276,8349,1,1,1,955
22276,9546,1,1,200,2026
22276,9573,1,1,200,1759
22276,9574,1,1,200,440
22276,9575,1,1,200,44
22276,9576,1,1,200,9
22276,9628,1,1,2,1987
22276,9630,1,1,2,1333
22277,57,12348,25286,0,700000
22277,289,1,1,1,44
22277,960,1,1,2,519
22277,1868,15,45,2,86521
22277,1873,2,6,2,129782
22277,1876,3,9,2,37081
22277,1895,3,9,2,61801
22277,4042,1,1,-1,307367
22277,4042,1,1,2,21630
22277,5277,1,1,-1,8196
22277,5528,1,1,-1,220493
22277,5534,1,1,1,12471
22277,9547,1,1,200,10382
22278,57,3787,7755,0,700000
22278,289,1,1,1,13
22278,1344,20,60,2,248786
22278,1894,1,1,2,13967
22278,4039,1,1,-1,188545
22278,4039,1,1,2,13269
22278,4041,1,1,2,3461
22278,4044,1,1,2,13269
22278,5282,1,1,-1,2514
22278,5529,1,1,-1,15518
22278,5534,1,1,1,3825
22278,6901,1,1,2,398
22278,9547,1,1,200,3184
22279,57,3707,7592,0,700000
22279,81,1,1,1,4
22279,151,1,1,1,4
22279,959,1,1,2,16
22279,1808,1,1,-1,2461
22279,1866,1,1,2,259769
22279,1871,1,3,2,194827
22279,1877,1,1,2,15586
22279,2500,1,1,1,4
22279,4040,1,1,2,7793
22279,4041,1,1,2,3388
22279,5529,1,1,1,1247
22279,5533,1,1,-1,15188
22279,5534,1,1,-1,15201
22279,5545,1,1,1,1247
22279,5546,1,1,1,1369
22279,9546,1,1,200,3118
22280,57,2109,4321,0,700000
22280,960,1,1,2,62
22280,1894,1,1,2,5446
22280,4039,1,1,2,5174
22280,4041,1,1,-1,27398
22280,4041,1,1,2,1350
22280,4044,1,1,-1,105027
22280,4044,1,1,2,5174
22280,5502,1,1,1,3277
22280,5503,1,1,1,3277
22280,5514,1,1,1,3277
22280,5515,1,1,1,3277
22280,5537,1,1,-1,8644
22280,9546,1,1,200,1242
22280,9573,1,1,200,1078
22280,9574,1,1,200,269
22280,9575,1,1,200,27
22280,9576,1,1,200,5
22280,12257,1,1,1,528
22280,12260,1,1,1,528
22280,12264,1,1,1,528
22280,12267,1,1,1,528
22281,57,1266,2593,0,700000
22281,1895,1,1,2,44360
22281,3036,1,1,-1,840
22281,3957,1,1,-1,840
22281,4040,1,1,2,3105
22281,5538,1,1,-1,5187
22281,5541,1,1,1,1277
22281,6901,1,1,2,155
22281,9546,1,1,200,1242
22281,9628,1,1,2,1218
22281,9630,1,1,2,817
22281,11976,1,1,1,83
22282,57,3707,7592,0,700000
22282,959,1,1,2,16
22282,1864,4,12,2,97413
22282,1869,1,3,2,129885
22282,1880,1,1,2,38965
22282,4043,1,1,-1,184566
22282,4043,1,1,2,12989
22282,5320,1,1,1,21
22282,5323,1,1,1,21
22282,5480,1,1,1,3060
22282,5481,1,1,1,3060
22282,5541,1,1,-1,15185
22282,5550,1,1,-1,73826
22282,5550,1,1,2,5195
22282,9546,1,1,200,3117
22283,57,1266,2593,0,700000
22283,960,1,1,2,62
22283,1895,1,1,2,44360
22283,4040,1,1,2,3105
22283,5157,1,1,-1,840
22283,5522,1,1,1,793
22283,5523,1,1,1,793
22283,5544,1,1,-1,5182
22283,5545,1,1,-1,5188
22283,9546,1,1,200,1242
22283,9628,1,1,2,1218
22283,9630,1,1,2,817
22283,12262,1,1,1,98
22283,12263,1,1,1,98
22284,57,3552,7274,0,700000
22284,1868,1,3,2,237568
22284,1873,1,1,2,95027
22284,1889,1,1,2,15838
22284,4044,1,1,2,7919
22284,5162,1,1,-1,2358
22284,5326,1,1,1,20
22284,5329,1,1,1,20
22284,5487,1,1,1,2942
22284,5488,1,1,1,2942
22284,5546,1,1,-1,15986
22284,5549,1,1,-1,530489
22284,5549,1,1,2,23757
22284,6901,1,1,2,238
22284,9547,1,1,200,1901
22284,9573,1,1,200,1650
22284,9574,1,1,200,412
22284,9575,1,1,200,41
22284,9576,1,1,200,8
22285,57,3835,7853,0,700000
22285,959,1,1,2,16
22285,1864,4,12,2,100767
22285,1865,2,6,2,80614
22285,1866,3,9,2,44786
22285,1868,10,30,2,38388
22285,1873,1,1,2,161228
22285,5167,1,1,-1,3818
22285,6326,1,1,1,47
22285,6327,1,1,1,63
22285,6328,1,1,1,94
22285,6342,1,1,-1,194619
22285,6342,1,1,1,10651
22285,6344,1,1,1,6893
22285,6346,1,1,1,15308
22285,9547,1,1,200,3225
22286,57,1266,2593,0,700000
22286,960,1,1,2,53
22286,1867,1,3,2,59146
22286,1869,2,6,2,33270
22286,1870,1,1,2,133078
22286,1871,1,1,2,133078
22286,1872,1,3,2,88719
22286,5272,1,1,-1,840
22286,5502,1,1,1,1967
22286,5503,1,1,1,1967
22286,5514,1,1,1,1967
22286,5515,1,1,1,1967
22286,6344,1,1,-1,27722
22286,6346,1,1,-1,61568
22286,9546,1,1,200,1064
22286,12257,1,1,1,317
22286,12260,1,1,1,317
22286,12264,1,1,1,317
22286,12267,1,1,1,317
22287,57,4398,9008,0,700000
22287,1894,1,1,-1,230482
22287,1894,1,1,2,18923
22287,4039,1,1,-1,218958
22287,4039,1,1,2,17977
22287,4041,1,1,2,4690
22287,4044,1,1,2,17977
22287,5495,1,1,1,8189
22287,5527,1,1,1,6448
22287,5528,1,1,1,6448
22287,6901,1,1,2,539
22287,8342,1,1,-1,18018
22287,9546,1,1,200,4314
22287,12261,1,1,1,979
22287,12268,1,1,1,1399
22287,12269,1,1,1,979
22288,57,4830,9894,0,700000
22288,959,1,1,2,20
22288,1868,3,9,2,169252
22288,1873,2,6,2,50776
22288,1876,1,1,2,101551
22288,1895,1,1,2,145073
22288,4042,1,1,2,8463
22288,5277,1,1,-1,3207
22288,5282,1,1,-1,3207
22288,5495,1,1,1,8995
22288,5527,1,1,1,7082
22288,5528,1,1,1,7083
22288,8349,1,1,-1,19787
22288,9546,1,1,200,4062
22288,12261,1,1,1,1075
22288,12268,1,1,1,1537
22288,12269,1,1,1,1075
22289,57,4706,9640,0,700000
22289,960,1,1,2,126
22289,1868,3,9,2,104938
22289,1873,1,1,2,125925
22289,1876,1,3,-1,702978
22289,1876,1,1,2,62963
22289,1895,1,5,-1,669503
22289,1895,1,1,2,89947
22289,4042,1,1,2,5247
22289,5480,1,1,-1,31544
22289,5533,1,1,1,1187
22289,5544,1,1,1,1186
22289,8342,1,1,1,1187
22289,8349,1,1,1,1187
22289,9546,1,1,200,2518
22289,9573,1,1,200,2186
22289,9574,1,1,200,547
22289,9575,1,1,200,55
22289,9576,1,1,200,11
22289,11966,1,1,1,77
22289,11969,1,1,1,77
22289,11970,1,1,1,77
22289,11974,1,1,1,77
22290,57,14094,28869,0,700000
22290,1808,1,1,-1,9356
22290,1868,15,45,2,98766
22290,1873,12,36,2,24692
22290,1889,1,1,2,98766
22290,4044,1,1,2,49383
22290,5481,1,1,-1,94465
22290,5487,1,1,-1,94799
22290,5533,1,1,1,3556
22290,5544,1,1,1,3552
22290,5549,1,1,2,148149
22290,6901,1,1,2,1482
22290,8342,1,1,1,3556
22290,8349,1,1,1,3555
22290,9546,1,1,200,11852
22290,11966,1,1,1,230
22290,11969,1,1,1,230
22290,11970,1,1,1,230
22290,11974,1,1,1,230
22291,57,12128,24842,0,700000
22291,959,1,1,2,51
22291,1868,15,45,2,84990
22291,1873,2,6,2,127485
22291,1889,1,3,-1,603856
22291,1889,1,1,2,84990
22291,3036,1,1,-1,8051
22291,4044,1,1,2,42495
22291,5488,1,1,-1,81576
22291,5534,1,1,1,12250
22291,5549,1,1,2,127485
22291,9546,1,1,200,10199
22291,11975,1,1,1,793
22292,57,3458,7082,0,700000
22292,960,1,1,2,102
22292,1895,1,1,2,72687
22292,3957,1,1,-1,2295
22292,4040,1,1,-1,103289
22292,4040,1,1,2,5088
22292,5495,1,1,-1,78421
22292,5534,1,1,1,3492
22292,9546,1,1,200,2035
22292,9573,1,1,200,1767
22292,9574,1,1,200,442
22292,9575,1,1,200,44
22292,9576,1,1,200,9
22292,9628,1,1,2,1995
22292,9630,1,1,2,1339
22292,11975,1,1,1,226
22293,57,4030,8254,0,700000
22293,1866,1,3,2,94131
22293,1871,1,3,2,211795
22293,1877,1,1,2,16944
22293,4040,1,1,2,8472
22293,4041,1,1,2,3683
22293,5157,1,1,-1,2675
22293,5502,1,1,-1,101659
22293,5503,1,1,-1,101659
22293,5541,1,1,1,4065
22293,6901,1,1,2,424
22293,9546,1,1,200,3389
22293,11976,1,1,1,264
22294,57,3458,7082,0,700000
22294,959,1,1,2,17
22294,1895,1,3,-1,737778
22294,1895,1,1,2,121146
22294,4040,1,1,-1,103289
22294,4040,1,1,2,8480
22294,5514,1,1,-1,87223
22294,5541,1,1,1,3489
22294,9546,1,1,200,3392
22294,9628,1,1,2,3326
22294,9630,1,1,2,2232
22294,11976,1,1,1,226
22295,57,10074,20633,0,700000
22295,960,1,1,2,494
22295,1895,1,1,2,352959
22295,4040,1,1,2,24707
22295,4042,1,1,2,20589
22295,4043,1,1,2,41178
22295,5162,1,1,-1,6687
22295,5167,1,1,-1,6687
22295,5480,1,1,1,8315
22295,5481,1,1,1,8315
22295,5515,1,1,-1,254123
22295,9546,1,1,200,9883
22295,12258,1,1,1,1035
22295,12265,1,1,1,1035
22296,57,10596,21703,0,700000
22296,1344,100,300,2,121816
22296,1866,2,6,2,162422
22296,1871,9,27,2,54140
22296,1877,1,1,-1,633054
22296,1877,1,1,2,38981
22296,4040,1,1,2,19491
22296,4041,1,1,-1,137620
22296,4041,1,1,2,8474
22296,5522,1,1,-1,53897
22296,5522,1,1,1,6638
22296,5523,1,1,1,6638
22296,6901,1,1,2,974
22296,9546,1,1,200,7796
22296,12262,1,1,1,817
22296,12263,1,1,1,817
22297,57,10429,21361,0,700000
22297,959,1,1,2,44
22297,1866,1,3,2,243607
22297,1871,4,12,2,137029
22297,1877,1,1,2,43849
22297,4040,1,1,2,21924
22297,4041,1,1,2,9533
22297,5272,1,1,-1,6923
22297,5487,1,1,1,8639
22297,5488,1,1,1,8639
22297,5523,1,1,-1,53050
22297,5527,1,1,-1,186245
22297,9546,1,1,200,8770
22297,12259,1,1,1,1072
22297,12266,1,1,1,1072
22298,57,23997,49152,0,700000
22298,960,1,1,2,589
22298,1344,150,450,2,122616
22298,1868,32,96,2,45981
22298,1873,3,9,2,98094
22298,1876,4,12,2,32698
22298,1895,3,9,2,60057
22298,4042,1,1,-1,597389
22298,4042,1,1,2,24523
22298,5277,1,1,-1,15930
22298,5528,1,1,-1,428543
22298,6342,1,1,1,66661
22298,6344,1,1,1,43139
22298,6346,1,1,1,95808
22298,9546,1,1,200,11771
22298,9573,1,1,200,10218
22298,9574,1,1,200,2555
22298,9575,1,1,200,255
22298,9576,1,1,200,51
22298,12350,1,1,1,5435
22298,12351,1,1,1,10859
22298,12352,1,1,1,7239
22299,57,34465,70594,0,700000
22299,1894,1,3,2,88980
22299,4039,1,1,2,169062
22299,4041,1,1,-1,447646
22299,4041,1,1,2,44103
22299,4044,1,1,2,169062
22299,5282,1,1,-1,22880
22299,5502,1,1,1,53536
22299,5503,1,1,1,53536
22299,5514,1,1,1,53536
22299,5515,1,1,1,53536
22299,5529,1,1,-1,141233
22299,6901,1,1,2,5072
22299,12257,1,1,1,8626
22299,12260,1,1,1,8626
22299,12264,1,1,1,8626
22299,12267,1,1,1,8626
22300,57,5597,11465,0,700000
22300,959,1,1,2,27
22300,1808,1,1,-1,3716
22300,1866,1,3,2,152535
22300,1871,4,12,2,85801
22300,1877,1,1,2,27456
22300,4040,1,1,2,13728
22300,4041,1,1,2,5969
22300,5495,1,1,1,10423
22300,5527,1,1,1,8207
22300,5528,1,1,1,8207
22300,5533,1,1,-1,22932
22300,5534,1,1,-1,22952
22300,12261,1,1,1,1246
22300,12268,1,1,1,1781
22300,12269,1,1,1,1246
22301,57,29719,60872,0,700000
22301,960,1,1,2,1250
22301,1865,28,84,2,55783
22301,1870,60,180,2,26032
22301,1875,1,7,-1,739835
22301,1875,1,1,2,208257
22301,1879,3,9,2,86773
22301,4040,1,1,-1,887802
22301,4040,1,1,2,62477
22301,5529,1,1,1,9999
22301,5537,1,1,-1,121784
22301,5545,1,1,1,9999
22301,5546,1,1,1,10983
22301,9546,1,1,200,24991
22301,11964,1,1,1,648
22301,11968,1,1,1,648
22301,11971,1,1,1,648
22302,57,17859,36581,0,700000
22302,1895,1,3,2,375453
22302,3036,1,1,-1,11856
22302,3957,1,1,-1,11856
22302,4040,1,1,2,52564
22302,5533,1,1,1,4506
22302,5538,1,1,-1,73171
22302,5544,1,1,1,4501
22302,6901,1,1,2,2628
22302,8342,1,1,1,4506
22302,8349,1,1,1,4505
22302,9628,1,1,2,20613
22302,9630,1,1,2,13832
22302,11966,1,1,1,292
22302,11969,1,1,1,292
22302,11970,1,1,1,292
22302,11974,1,1,1,292
22303,57,18630,38159,0,700000
22303,959,1,1,2,91
22303,1864,24,72,2,95194
22303,1869,7,21,2,152311
22303,1880,3,9,2,32638
22303,4043,1,1,-1,927572
22303,4043,1,1,2,76155
22303,5538,1,1,1,18801
22303,5541,1,1,-1,76313
22303,5550,1,1,-1,371029
22303,5550,1,1,2,30462
22303,11967,1,1,1,1218
22304,57,18705,38313,0,700000
22304,960,1,1,2,550
22304,1867,4,12,2,229388
22304,1872,7,21,2,122340
22304,1882,3,9,2,50975
22304,1894,1,1,2,48292
22304,4042,1,1,2,22939
22304,5157,1,1,-1,12418
22304,5534,1,1,1,18893
22304,5544,1,1,-1,76561
22304,5545,1,1,-1,76652
22304,9573,1,1,200,9558
22304,9574,1,1,200,2389
22304,9575,1,1,200,239
22304,9576,1,1,200,48
22304,11975,1,1,1,1223
22305,57,4339,8887,0,700000
22305,1895,1,3,-1,925777
22305,1895,1,1,2,152016
22305,4040,1,1,2,10641
22305,5162,1,1,-1,2880
22305,5534,1,1,1,4382
22305,5546,1,1,-1,19529
22305,6901,1,1,2,532
22305,9547,1,1,200,4257
22305,9628,1,1,2,4173
22305,9630,1,1,2,2800
22305,11975,1,1,1,284
22306,57,9969,20420,0,700000
22306,959,1,1,2,42
22306,1864,36,108,2,29108
22306,1865,25,75,2,20958
22306,1866,3,9,2,116433
22306,1868,10,30,2,99799
22306,1873,4,12,2,52395
22306,5167,1,1,-1,9927
22306,5537,1,1,1,10062
22306,6342,1,1,-1,505968
22306,9547,1,1,200,8383
22306,11973,1,1,1,652
22307,57,24123,49411,0,700000
22307,960,1,1,2,646
22307,1879,1,1,2,268938
22307,1885,1,1,2,134469
22307,5272,1,1,-1,16014
22307,5537,1,1,1,24348
22307,6344,1,1,-1,528217
22307,6346,1,3,-1,586559
22307,9547,1,1,200,12909
22307,9573,1,1,200,11206
22307,9574,1,1,200,2801
22307,9575,1,1,200,280
22307,9576,1,1,200,56
22307,9628,1,1,2,12656
22307,9629,1,1,2,7016
22307,9630,1,1,2,8493
22307,11973,1,1,1,1578
22308,57,3967,8126,0,700000
22308,1879,1,1,2,69501
22308,1885,1,1,2,34750
22308,5480,1,1,1,3275
22308,5481,1,1,1,3275
22308,6901,1,1,2,417
22308,8342,1,1,-1,48761
22308,9547,1,1,200,3336
22308,9628,1,1,2,3271
22308,9629,1,1,2,1813
22308,9630,1,1,2,2195
22308,12258,1,1,1,408
22308,12265,1,1,1,408
22309,57,5443,11149,0,700000
22309,959,1,1,2,27
22309,1895,1,1,2,190723
22309,4040,1,1,2,13351
22309,5277,1,1,-1,3614
22309,5282,1,1,-1,3614
22309,5480,1,1,1,4493
22309,5481,1,1,1,4493
22309,8349,1,1,-1,22297
22309,9547,1,1,200,5340
22309,9628,1,1,2,5235
22309,9630,1,1,2,3513
22309,12258,1,1,1,559
22309,12265,1,1,1,559
22310,57,5119,10485,0,700000
22310,960,1,1,2,215
22310,1344,60,180,2,112093
22310,1876,1,3,-1,764565
22310,1895,1,5,-1,728157
22310,1895,1,1,2,153728
22310,4040,1,1,2,10761
22310,5480,1,1,-1,34308
22310,5487,1,1,1,4240
22310,5488,1,1,1,4240
22310,9547,1,1,200,4304
22310,9628,1,1,2,4220
22310,9630,1,1,2,2832
22310,12259,1,1,1,526
22310,12266,1,1,1,526
22311,57,15512,31115,0,700000
22311,1868,15,45,2,79142
22311,1873,2,6,2,118713
22311,1889,1,1,2,79142
22311,4044,1,1,2,39571
22311,5549,1,1,2,118713
22311,6342,1,1,1,49301
22311,6344,1,1,1,31905
22311,6346,1,1,1,70857
22311,6688,1,1,-1,57298
22311,6689,1,1,-1,56218
22311,6901,1,1,-1,26509
22311,6901,1,1,2,1187
22311,9546,1,1,200,9498
22311,10483,1,1,200,8244
22311,10484,1,1,200,2061
22311,10485,1,1,200,206
22311,10486,1,1,200,41
22311,12350,1,1,1,4019
22311,12351,1,1,1,8031
22311,12352,1,1,1,5354
22312,57,19156,38424,0,700000
22312,959,1,1,2,107
22312,960,1,1,-1,13094
22312,1895,1,3,2,383952
22312,4040,1,1,2,53754
22312,5502,1,1,1,34044
22312,5503,1,1,1,34044
22312,5514,1,1,1,34044
22312,5515,1,1,1,34044
22312,6690,1,1,-1,70893
22312,6901,1,1,-1,32736
22312,9546,1,1,200,21501
22312,9628,1,1,2,21080
22312,9630,1,1,2,14146
22312,12257,1,1,1,5485
22312,12260,1,1,1,5485
22312,12264,1,1,1,5485
22312,12267,1,1,1,5485
22313,57,5245,10520,0,700000
22313,960,1,1,2,221
22313,1344,150,450,2,45992
22313,1868,4,12,2,137975
22313,1873,3,9,2,36793
22313,1876,1,3,-1,896287
22313,1876,1,1,2,110380
22313,1895,3,9,2,22527
22313,4042,1,1,-1,149381
22313,4042,1,1,2,9198
22313,5495,1,1,1,11174
22313,5527,1,1,1,8798
22313,5528,1,1,1,8798
22313,6691,1,1,-1,19373
22313,9546,1,1,200,4415
22313,12261,1,1,1,1336
22313,12268,1,1,1,1909
22313,12269,1,1,1,1336
22314,57,5131,10293,0,700000
22314,1895,1,1,2,205703
22314,4040,1,1,2,14399
22314,5533,1,1,1,1481
22314,5544,1,1,1,1480
22314,6693,1,1,-1,19298
22314,6901,1,1,-1,8769
22314,6901,1,1,2,720
22314,8342,1,1,1,1481
22314,8349,1,1,1,1481
22314,9546,1,1,200,5760
22314,9628,1,1,2,5647
22314,9630,1,1,2,3789
22314,11966,1,1,1,96
22314,11969,1,1,1,96
22314,11970,1,1,1,96
22314,11974,1,1,1,96
22315,57,3052,6121,0,700000
22315,959,1,1,-1,209
22315,959,1,1,2,9
22315,1344,10,30,2,291926
22315,1895,1,1,2,66726
22315,4040,1,1,-1,104299
22315,4040,1,1,2,4671
22315,5534,1,1,1,3527
22315,6694,1,1,-1,11476
22315,9546,1,1,200,1868
22315,9628,1,1,2,1832
22315,9630,1,1,2,1229
22315,10483,1,1,200,1622
22315,10484,1,1,200,406
22315,10485,1,1,200,40
22315,10486,1,1,200,8
22315,11975,1,1,1,228
22316,57,8835,17721,0,700000
22316,960,1,1,2,496
22316,1895,1,1,2,354164
22316,4040,1,1,2,24792
22316,4042,1,1,-1,251633
22316,4042,1,1,2,20659
22316,4043,1,1,2,41319
22316,5537,1,1,1,10202
22316,6695,1,1,-1,32019
22316,6901,1,1,-1,15098
22316,9546,1,1,200,9917
22316,11973,1,1,1,661
22317,57,1260,2528,0,700000
22317,1344,10,30,2,110505
22317,1868,1,1,2,176808
22317,1873,1,1,2,35362
22317,1876,1,1,2,17681
22317,1895,1,1,2,25258
22317,4042,1,1,2,1474
22317,5495,1,1,1,2685
22317,5527,1,1,1,2114
22317,5528,1,1,1,2114
22317,6696,1,1,-1,4729
22317,6697,1,1,-1,4567
22317,6901,1,1,-1,2154
22317,6901,1,1,2,88
22317,9546,1,1,200,707
22317,10483,1,1,200,614
22317,10484,1,1,200,153
22317,10485,1,1,200,15
22317,10486,1,1,200,3
22317,12261,1,1,1,321
22317,12268,1,1,1,459
22317,12269,1,1,1,321
22320,57,16445,32986,0,700000
22320,959,1,1,2,79
22320,960,1,1,-1,11241
22320,1895,1,17,-1,892165
22320,1895,1,3,2,188353
22320,4040,1,1,-1,562064
22320,4040,1,1,2,39554
22320,5311,1,1,1,79
22320,5316,1,1,1,79
22320,5522,1,1,1,11787
22320,5523,1,1,1,11787
22320,9551,1,1,200,15822
22320,9599,1,3,100,721000
22320,9628,1,1,2,15511
22320,9630,1,1,2,10409
22320,9674,4,12,101,98885
22321,57,15784,31661,0,700000
22321,960,1,1,2,591
22321,1344,900,2700,2,20506
22321,1866,16,48,2,30758
22321,1871,10,30,2,70304
22321,1885,1,1,2,123033
22321,4041,1,1,2,12838
22321,5220,1,1,2,59056
22321,5326,1,1,1,101
22321,5329,1,1,1,101
22321,5487,1,1,1,14957
22321,5488,1,1,1,14957
22321,6698,1,1,-1,529832
22321,6699,1,2,-1,587920
22321,6901,1,1,-1,26974
22321,9551,1,1,200,11811
22321,9599,1,3,100,721000
22321,9674,3,9,101,98426
22324,57,3249,6517,0,700000
22324,960,1,1,2,137
22324,1864,4,12,2,85468
22324,1865,2,6,2,68375
22324,1866,3,9,2,37986
22324,1868,10,30,2,32560
22324,1873,4,12,2,17094
22324,5312,1,1,1,45
22324,5315,1,1,1,64
22324,5317,1,1,1,45
22324,5495,1,1,1,6922
22324,5527,1,1,1,5450
22324,5528,1,1,1,5450
22324,6702,1,1,-1,38051
22324,6901,1,1,-1,5552
22324,9551,1,1,200,2734
22324,9599,1,1,100,284900
22324,9674,1,1,101,136749
22325,57,2913,5843,0,700000
22325,960,1,1,-1,2987
22325,1344,40,120,2,85146
22325,1867,1,3,2,121096
22325,1869,2,6,2,54494
22325,1870,3,9,2,45411
22325,1871,3,9,2,38924
22325,1872,8,24,2,22706
22325,5312,1,1,1,40
22325,5315,1,1,1,57
22325,5317,1,1,1,40
22325,5495,1,1,1,6206
22325,5527,1,1,1,4886
22325,5528,1,1,1,4886
22325,6703,1,1,-1,106314
22325,6901,1,1,2,273
22325,9551,1,1,200,2180
22325,9599,1,1,100,255400
22325,9674,1,1,101,108987
22326,57,287985,576519,0,700000
22326,81,1,1,1,389
22326,151,1,1,1,389
22326,959,1,1,2,1614
22326,1894,5,15,2,141569
22326,2500,1,1,1,389
22326,4039,1,35,-1,910052
22326,4039,9,27,2,74717
22326,4041,3,9,2,50121
22326,4044,16,48,2,42028
22326,5529,1,1,1,110646
22326,5545,1,1,1,110646
22326,5546,1,1,1,121534
22326,6704,1,15,-1,874614
22326,6901,1,1,-1,491428
22326,9551,4,12,200,35864
22326,9599,14,44,100,869600
22327,57,32178,64546,0,700000
22327,164,1,1,1,33
22327,213,1,1,1,33
22327,960,1,1,2,1354
22327,1868,198,594,2,17102
22327,1873,18,54,2,37624
22327,1876,4,12,2,84653
22327,1895,3,9,2,138209
22327,4042,1,1,2,56435
22327,5533,1,1,1,9288
22327,5544,1,1,1,9279
22327,6705,1,1,-1,766903
22327,6706,1,1,-1,892056
22327,6901,1,1,-1,54991
22327,7895,1,1,1,33
22327,7902,1,1,1,33
22327,8342,1,1,1,9288
22327,8349,1,1,1,9286
22327,9551,1,1,200,27089
22327,9599,2,6,100,705400
22327,9674,25,75,101,27089
22328,57,13003,26083,0,700000
22328,270,1,1,1,53
22328,959,1,1,-1,889
22328,1879,1,1,2,152038
22328,1885,1,3,-1,925910
22328,1885,1,1,2,76019
22328,5538,1,1,1,15014
22328,6901,1,1,1,912
22328,9551,1,1,200,7298
22328,9599,1,3,100,570100
22328,9628,1,1,2,7155
22328,9629,1,1,2,3966
22328,9630,1,1,2,4801
22328,9674,1,3,101,182446
22328,10483,1,1,200,6335
22328,10484,1,1,200,1584
22328,10485,1,1,200,159
22328,10486,1,1,200,32
22328,13099,1,1,-1,309907
22329,57,33226,66648,0,700000
22329,289,1,1,1,135
22329,959,1,1,2,140
22329,1344,360,1080,2,121403
22329,1895,20,60,2,24974
22329,4040,1,1,2,69928
22329,5534,1,1,1,38396
22329,6707,1,1,-1,281342
22329,6708,1,1,-1,808455
22329,6901,1,1,-1,56782
22329,9551,1,1,200,27971
22329,9599,2,6,100,728400
22329,9628,1,1,2,27423
22329,9630,1,1,2,18402
22329,9674,14,42,101,49949
22330,57,2044,4100,0,700000
22330,236,1,1,1,8
22330,960,1,1,-1,1397
22330,960,1,1,2,69
22330,1879,1,1,2,28679
22330,1885,1,1,2,14340
22330,5537,1,1,1,2361
22330,6709,1,1,-1,49735
22330,6901,1,1,-1,3493
22330,9573,1,1,200,1195
22330,9574,1,1,200,299
22330,9575,1,1,200,30
22330,9576,1,1,200,6
22330,9599,1,1,100,179200
22330,9628,1,1,2,1350
22330,9629,1,1,2,748
22330,9630,1,1,2,906
22335,57,13117,26259,0,700000
22335,959,1,1,2,55
22335,1868,15,45,2,91887
22335,1873,2,6,2,137830
22335,1876,3,9,2,39380
22335,1895,3,9,2,65633
22335,4042,1,1,2,22972
22335,5326,1,1,1,83
22335,5329,1,1,1,83
22335,5487,1,1,1,12412
22335,5488,1,1,1,12412
22335,6714,1,1,-1,363104
22335,6901,1,1,-1,22384
22335,7579,1,1,-1,48941
22335,9549,1,1,200,11026
22335,9599,2,6,100,574300
22335,10012,4,12,101,34457
22337,57,4080,8167,0,700000
22337,1866,1,3,2,108871
22337,1871,1,3,2,244959
22337,1877,1,1,2,19597
22337,4040,1,1,2,9799
22337,4041,1,1,2,4260
22337,5313,1,1,1,63
22337,5314,1,1,1,63
22337,5318,1,1,1,63
22337,5319,1,1,1,63
22337,5502,1,1,1,7240
22337,5503,1,1,1,7240
22337,5514,1,1,1,7240
22337,5515,1,1,1,7240
22337,6901,1,1,-1,6962
22337,6901,1,1,1,490
22337,8712,1,1,-1,16897
22337,8713,1,1,-1,16897
22337,9549,1,1,200,3919
22337,9599,1,1,100,357200
22339,57,2112,4227,0,700000
22339,81,1,1,1,3
22339,151,1,1,1,3
22339,960,1,1,2,118
22339,1885,1,1,-1,450440
22339,1895,1,1,2,84530
22339,2500,1,1,1,3
22339,4040,1,1,2,5917
22339,5529,1,1,1,811
22339,5545,1,1,1,811
22339,5546,1,1,1,891
22339,8715,1,1,-1,13120
22339,9599,1,1,100,184900
22339,9628,1,1,2,2320
22339,9630,1,1,2,1557
22339,9676,1,1,101,19724
22340,57,12708,25440,0,700000
22340,164,1,1,1,13
22340,213,1,1,1,13
22340,1895,1,3,2,254341
22340,4040,1,1,2,35608
22340,5533,1,1,1,3663
22340,5544,1,1,1,3659
22340,6901,1,1,-1,21685
22340,6901,1,1,2,1780
22340,7895,1,1,1,13
22340,7902,1,1,1,13
22340,8342,1,1,1,3663
22340,8349,1,1,1,3662
22340,8716,1,1,-1,52634
22340,9549,1,1,200,14244
22340,9599,1,3,100,556400
22340,9628,1,1,2,13964
22340,9630,1,1,2,9370
22341,57,64685,129494,0,700000
22341,289,1,1,1,262
22341,959,1,1,2,181
22341,960,1,1,-1,44153
22341,1867,28,84,2,107887
22341,1872,60,180,2,50348
22341,1882,27,81,2,18647
22341,1894,5,15,2,15899
22341,4042,1,3,-1,919845
22341,4042,1,1,2,75521
22341,5534,1,1,1,74642
22341,8717,1,1,-1,267916
22341,9551,1,1,200,36251
22341,9599,4,12,100,708000
22341,9684,1,1,101,45313
22341,10483,1,1,200,31467
22341,10484,1,1,200,7867
22341,10485,1,1,200,787
22341,10486,1,1,200,157
22349,57,28003,56059,0,700000
22349,960,1,1,2,1345
22349,1344,300,900,2,140117
22349,1895,12,36,2,40033
22349,4040,1,1,2,67259
22349,5320,1,1,1,178
22349,5323,1,1,1,178
22349,5480,1,1,1,26410
22349,5481,1,1,1,26410
22349,6690,1,1,-1,103484
22349,6901,1,1,-1,47785
22349,9549,1,1,200,26902
22349,9599,2,6,100,613000
22349,9628,1,1,2,26375
22349,9630,1,1,2,17699
22349,9680,1,1,101,13699
22349,9681,1,1,101,3012
22350,57,29112,58280,0,700000
22350,959,1,1,-1,1987
22350,1879,3,9,2,97111
22350,1885,1,1,2,291334
22350,5320,1,1,1,185
22350,5323,1,1,1,185
22350,5480,1,1,1,27456
22350,5481,1,1,1,27456
22350,6691,1,1,-1,107379
22350,6901,1,1,2,3496
22350,9551,1,1,200,27968
22350,9599,2,6,100,637300
22350,9628,1,1,2,27420
22350,9629,1,1,2,15200
22350,9630,1,1,2,18400
22350,9680,1,1,101,25641
22350,9681,1,1,101,6803
22350,13099,1,1,-1,692815
22351,57,29112,58280,0,700000
22351,81,1,1,1,39
22351,151,1,1,1,39
22351,959,1,1,2,89
22351,1868,15,45,2,148316
22351,1873,16,48,2,27809
22351,1876,3,9,2,63564
22351,1895,1,29,-1,946253
22351,1895,3,9,2,105940
22351,2500,1,1,1,39
22351,4042,1,1,2,37079
22351,5529,1,1,1,11185
22351,5545,1,1,1,11185
22351,5546,1,1,1,12286
22351,6693,1,1,-1,109325
22351,6901,1,1,-1,49678
22351,9548,1,1,200,17798
22351,9599,2,6,100,637300
22351,9680,1,1,101,55556
22351,9681,1,1,101,9174
22351,10483,1,1,200,15449
22351,10484,1,1,200,3862
22351,10485,1,1,200,386
22351,10486,1,1,200,77
22352,57,28120,56293,0,700000
22352,81,1,1,1,38
22352,151,1,1,1,38
22352,960,1,1,2,1351
22352,1868,135,405,2,25014
22352,1873,16,48,2,42210
22352,1876,3,9,2,96481
22352,1895,3,9,2,160802
22352,2500,1,1,1,38
22352,4042,1,1,2,56281
22352,5529,1,1,1,10804
22352,5545,1,1,1,10804
22352,5546,1,1,1,11867
22352,6694,1,1,-1,105598
22352,6695,1,1,-1,101764
22352,6901,1,1,-1,47985
22352,9546,1,1,200,27015
22352,9599,2,6,100,615600
22352,9680,1,1,101,520000
22352,9681,1,1,101,125000
22353,57,121177,242584,0,700000
22353,289,1,1,1,491
22353,960,1,1,-1,82712
22353,1867,308,924,2,31497
22353,1872,60,180,2,161686
22353,1882,27,81,2,59884
22353,1894,1,15,-1,906932
22353,1894,5,15,2,51059
22353,4042,1,7,-1,861586
22353,4042,6,18,2,20211
22353,5534,1,1,1,139828
22353,6901,1,1,2,14552
22353,9551,1,1,200,116413
22353,9599,6,18,100,884200
22353,9682,1,1,101,1000000
22359,57,4226,8463,0,700000
22359,289,1,1,1,17
22359,960,1,1,-1,2886
22359,960,1,1,2,237
22359,1895,1,5,-1,687097
22359,1895,1,1,2,169236
22359,4040,1,1,2,11847
22359,5534,1,1,1,4879
22359,6701,1,1,-1,38411
22359,9551,1,1,200,4739
22359,9599,1,1,100,370200
22359,9628,1,1,2,4646
22359,9630,1,1,2,3117
22360,57,12288,24611,0,700000
22360,289,1,1,1,50
22360,1345,50,150,0,114829
22360,1864,28,84,2,30758
22360,1869,9,27,2,47845
22360,1880,1,1,2,86122
22360,4043,1,1,2,28707
22360,5534,1,1,1,14186
22360,5550,1,1,-1,279723
22360,5550,1,1,2,11483
22360,6702,1,2,-1,143782
22360,6901,1,1,-1,20979
22360,6901,1,1,2,861
22360,9551,1,1,200,6890
22360,9599,1,3,100,538300
22360,14166,1,1,200,4161
22360,14167,1,1,200,1039
22360,14168,1,1,200,104
22360,14169,1,1,200,21
22361,57,46478,93087,0,700000
22361,959,1,1,2,223
22361,1867,28,84,2,132954
22361,1872,60,180,2,62045
22361,1882,27,81,2,22980
22361,1894,5,15,2,19593
22361,4042,1,1,2,93068
22361,5311,1,1,1,222
22361,5316,1,1,1,222
22361,5522,1,1,1,33282
22361,5523,1,1,1,33282
22361,6703,1,3,-1,564888
22361,6704,1,3,-1,564888
22361,6901,1,1,-1,79350
22361,9551,1,1,200,44672
22361,9599,3,9,100,678600
22361,9714,1,1,101,500000
22362,57,119181,238696,0,700000
22362,164,1,1,1,121
22362,213,1,1,1,121
22362,959,1,1,-1,8139
22362,960,1,1,2,4455
22362,1345,2100,6300,0,35356
22362,1895,1,123,-1,937658
22362,1895,12,36,2,132583
22362,4040,1,9,-1,813887
22362,4040,4,12,2,27842
22362,5533,1,1,1,34368
22362,5544,1,1,1,34334
22362,6897,1,1,2,1141
22362,7895,1,1,1,121
22362,7902,1,1,1,121
22362,8342,1,1,1,34368
22362,8349,1,1,1,34361
22362,8702,1,1,2,1577
22362,9551,1,1,200,89095
22362,9599,6,20,100,803100
22362,9628,1,1,2,87349
22362,9630,1,1,2,58615
22363,57,34159,68413,0,700000
22363,81,1,1,1,46
22363,151,1,1,1,46
22363,959,1,1,2,144
22363,1879,3,9,2,99749
22363,1885,1,1,2,299247
22363,2500,1,1,1,46
22363,5529,1,1,1,13130
22363,5545,1,1,1,13130
22363,5546,1,1,1,14422
22363,6705,1,1,-1,813293
22363,6706,1,1,-1,946016
22363,6861,1,1,2,6367
22363,6901,1,1,-1,58317
22363,9551,1,1,200,28727
22363,9628,1,1,2,28164
22363,9629,1,1,2,15613
22363,9630,1,1,2,18900
22363,9685,1,1,101,200000
22364,57,9939,19905,0,700000
22364,164,1,1,1,10
22364,213,1,1,1,10
22364,959,1,1,2,42
22364,960,1,1,-1,6787
22364,1879,1,1,2,174135
22364,1885,1,1,2,87067
22364,5533,1,1,1,2866
22364,5544,1,1,1,2863
22364,6707,1,1,-1,84071
22364,6901,1,1,-1,16968
22364,7895,1,1,1,10
22364,7902,1,1,1,10
22364,8342,1,1,1,2866
22364,8349,1,1,1,2865
22364,9551,1,1,200,8359
22364,9628,1,1,2,8194
22364,9629,1,1,2,4543
22364,9630,1,1,2,5499
22364,9685,1,1,101,30000
22364,13100,1,1,2,1853
22365,57,21314,42688,0,700000
22365,289,1,1,1,86
22365,960,1,1,2,717
22365,1894,1,3,-1,638392
22365,1894,1,1,2,62896
22365,4039,1,1,2,59751
22365,4041,1,1,2,15587
22365,4044,1,3,-1,606472
22365,4044,1,1,2,59751
22365,5534,1,1,1,24607
22365,6708,1,1,-1,518094
22365,6893,1,1,2,184
22365,9685,1,1,101,100000
22365,14166,1,1,200,8660
22365,14167,1,1,200,2162
22365,14168,1,1,200,216
22365,14169,1,1,200,43
22367,57,7242,14504,0,700000
22367,959,1,1,-1,495
22367,959,1,1,2,19
22367,1345,10,30,0,312342
22367,1879,1,1,2,78085
22367,1885,1,1,2,39043
22367,4042,1,1,-1,206067
22367,5320,1,1,1,46
22367,5323,1,1,1,46
22367,5480,1,1,1,6833
22367,5481,1,1,1,6833
22367,6710,1,1,-1,200569
22367,8690,1,1,2,66
22367,9551,1,1,200,3748
22367,9628,1,1,2,3675
22367,9629,1,1,2,2037
22367,9630,1,1,2,2466
22367,14166,1,1,200,2263
22367,14167,1,1,200,565
22367,14168,1,1,200,56
22367,14169,1,1,200,11
22368,57,81028,162283,0,700000
22368,960,1,1,2,3894
22368,1895,12,36,2,115893
22368,4040,1,5,-1,922230
22368,4040,2,6,2,38940
22368,5313,1,1,1,1257
22368,5314,1,1,1,1257
22368,5318,1,1,1,1257
22368,5319,1,1,1,1257
22368,5502,1,1,1,143859
22368,5503,1,1,1,143859
22368,5514,1,1,1,143859
22368,5515,1,1,1,143859
22368,6711,1,1,-1,685418
22368,6883,1,1,2,997
22368,6901,1,1,-1,138334
22368,9551,1,1,200,77880
22368,9628,1,1,2,76353
22368,9630,1,1,2,51237
22369,57,8024,16070,0,700000
22369,164,1,1,1,8
22369,213,1,1,1,8
22369,1868,15,45,2,56234
22369,1873,2,6,2,84350
22369,1889,1,1,2,56234
22369,4044,1,1,2,28117
22369,5533,1,1,1,2314
22369,5544,1,1,1,2312
22369,5549,1,1,2,84350
22369,6712,1,1,-1,195038
22369,6713,1,1,-1,195038
22369,6901,1,1,-1,13698
22369,6901,1,1,2,844
22369,7895,1,1,1,8
22369,7902,1,1,1,8
22369,8342,1,1,1,2314
22369,8349,1,1,1,2313
22369,8692,1,1,2,120
22369,9551,1,1,200,6748
22369,9687,1,1,101,500000
22370,57,29949,59981,0,700000
22370,959,1,1,2,126
22370,960,1,1,-1,20452
22370,1879,3,9,2,87455
22370,1885,1,9,-1,852162
22370,1885,1,1,2,262365
22370,5312,1,1,1,413
22370,5315,1,1,1,590
22370,5317,1,1,1,413
22370,5495,1,1,1,63742
22370,5527,1,1,1,50188
22370,5528,1,1,1,50188
22370,6861,1,1,2,5582
22370,9551,1,1,200,25187
22370,9628,1,1,2,24693
22370,9629,1,1,2,13689
22370,9630,1,1,2,16571
22370,9686,1,1,101,200000
22370,9849,1,1,102,980000
22370,13099,1,1,-1,713056
22371,57,9801,19630,0,700000
22371,960,1,1,2,275
22371,1345,20,60,0,228966
22371,1879,1,1,2,114483
22371,1885,1,1,2,57241
22371,5320,1,1,1,62
22371,5323,1,1,1,62
22371,5480,1,1,1,9248
22371,5481,1,1,1,9248
22371,6714,1,1,-1,271438
22371,6901,1,1,-1,16733
22371,7579,1,1,-1,36586
22371,9551,1,1,200,5495
22371,9628,1,1,2,5387
22371,9629,1,1,2,2986
22371,9630,1,1,2,3615
22371,14166,1,1,200,3318
22371,14167,1,1,200,828
22371,14168,1,1,200,83
22371,14169,1,1,200,16
22372,57,24979,50028,0,700000
22372,81,1,1,1,34
22372,151,1,1,1,34
22372,959,1,1,-1,1706
22372,1344,240,720,2,136769
22372,1894,1,1,2,92139
22372,2500,1,1,1,34
22372,4039,1,1,2,87532
22372,4041,1,1,2,22834
22372,4044,1,1,2,87532
22372,5529,1,1,1,9602
22372,5545,1,1,1,9602
22372,5546,1,1,1,10546
22372,6881,1,1,2,269
22372,6901,1,1,-1,42646
22372,6901,1,1,2,2626
22372,8712,1,1,-1,103509
22372,9551,1,1,200,21008
22372,9849,1,1,102,1000000
22373,57,7603,15210,0,700000
22373,1895,1,7,-1,226000
22373,1895,1,1,2,250000
22373,4040,1,1,-1,56000
22373,4040,1,1,2,11905
22373,5480,1,1,1,8000
22373,5481,1,1,1,8000
22373,6849,1,1,2,1996
22373,6853,1,1,2,1996
22373,8713,1,1,-1,10000
22373,9551,1,1,200,8000
22373,9599,1,2,100,333333
22373,9628,1,1,2,8000
22373,9630,1,1,2,15625
22374,57,21260,42000,0,700000
22374,960,1,1,2,979
22374,1344,296,812,2,71429
22374,1867,9,27,2,142857
22374,1872,84,96,2,31250
22374,1875,1,1,2,71429
22374,1881,5,8,2,52632
22374,4041,1,1,2,31250
22374,5502,1,1,1,31250
22374,5503,1,1,1,31250
22374,5514,1,1,1,31250
22374,5515,1,1,1,31250
22374,6847,1,1,2,2941
22374,6865,1,1,2,979
22374,8714,1,1,-1,300000
22374,9551,1,1,200,20408
22374,9599,2,6,100,500000
22375,57,45040,89930,0,700000
22375,1868,126,351,2,35714
22375,1873,12,36,2,66667
22375,1889,4,10,2,30303
22375,4044,1,5,-1,700000
22375,4044,1,1,2,142857
22375,5533,1,1,1,10000
22375,5544,1,1,1,10000
22375,5549,3,9,2,50000
22375,6851,1,1,2,1464
22375,6901,1,1,2,5848
22375,8342,1,1,1,10000
22375,8349,1,1,1,10000
22375,8715,1,1,-1,150000
22375,9551,1,1,200,35714
22375,9599,3,9,100,680000
22376,57,121720,237530,0,700000
22376,1867,997,1689,2,18868
22376,1872,249,706,2,76923
22376,1875,1,29,-1,600000
22376,1875,5,11,2,142857
22376,1881,43,102,2,25641
22376,4041,1,1,2,111111
22376,6342,1,1,1,333333
22376,6344,1,1,1,200000
22376,6346,1,1,1,570000
22376,6855,1,1,2,16949
22376,8716,1,1,-1,500000
22376,9551,1,1,200,90909
22376,9599,7,21,100,780000
22418,57,3655,7487,0,700000
22418,959,1,1,2,15
22418,1868,3,9,2,128067
22418,1873,1,1,2,153680
22418,1889,1,1,-1,363965
22418,1889,1,1,2,25613
22418,3957,1,1,-1,2426
22418,4044,1,1,2,12807
22418,5313,1,1,1,50
22418,5314,1,1,1,50
22418,5318,1,1,1,50
22418,5319,1,1,1,50
22418,5488,1,1,-1,24584
22418,5502,1,1,1,5678
22418,5503,1,1,1,5678
22418,5514,1,1,1,5678
22418,5515,1,1,1,5678
22418,5549,1,1,2,38420
22418,9547,1,1,200,3074
22419,57,1718,3492,0,700000
22419,1895,1,1,1,4545
22419,9630,1,1,1,15150
22420,57,3748,7678,0,700000
22420,164,1,1,1,3
22420,213,1,1,1,3
22420,1345,40,120,2,57461
22420,1868,3,9,2,114922
22420,1873,1,1,2,137906
22420,1876,1,1,2,68953
22420,1895,1,3,-1,799855
22420,1895,1,1,2,98505
22420,4042,1,1,-1,93316
22420,4042,1,1,2,5746
22420,5503,1,1,-1,94561
22420,5533,1,1,1,946
22420,5544,1,1,1,945
22420,6901,1,1,2,345
22420,7895,1,1,1,3
22420,7902,1,1,1,3
22420,8342,1,1,1,946
22420,8349,1,1,1,946
22420,9547,1,1,200,2758
22449,57,20620,41297,0,700000
22449,270,1,1,1,84
22449,1895,3,9,2,137570
22449,4040,1,1,2,57779
22449,6689,1,1,-1,74624
22449,6690,1,1,-1,76202
22449,6901,1,1,-1,35188
22449,6901,1,1,2,2889
22449,9551,1,1,200,23112
22449,9599,2,4,100,601900
22449,9628,1,1,2,22659
22449,9630,1,1,2,15205
22449,55382,1,1,1,23773
22450,57,987,1976,0,700000
22450,959,1,1,2,6
22450,960,1,1,-1,674
22450,1868,1,1,2,276536
22450,1873,1,1,2,55307
22450,1876,1,1,2,27654
22450,1895,1,1,-1,481173
22450,1895,1,1,2,39505
22450,4042,1,1,-1,28068
22450,4042,1,1,2,2304
22450,5534,1,1,1,1139
22450,9599,1,1,100,86400
22450,11975,1,1,1,74
25001,69,1,1,1,67692
25001,125,1,1,1,67692
25001,126,1,1,1,67692
25001,128,1,1,1,67692
25001,348,1,1,0,272694
25001,377,4,12,0,54507
25001,956,12,36,2,251620
25001,1935,53,157,0,74358
25001,1937,24,72,0,250135
25001,2021,3,9,1,352920
25001,6575,1,1,2,40259
25001,6576,1,1,2,362332
25002,17,10,30,2,919333
25003,1060,1,1,2,408593
25004,224,1,1,1,69232
25004,352,1,1,0,143869
25004,1660,1,1,1,69232
25004,1941,140,420,0,23469
25004,2038,24,72,1,81836
25004,2044,8,22,1,261874
25004,2377,6,16,0,20921
25004,2378,1,1,0,230131
25004,2918,40,120,0,122541
25004,2919,81,243,0,60514
25004,6387,60,180,2,321287
25005,6036,1,1,2,8594
25006,1341,10,30,2,859422
25007,282,1,1,1,52558
25007,285,1,1,1,52558
25007,398,1,1,0,115013
25007,399,1,1,0,106046
25007,418,7,10,0,14147
25007,419,1,1,0,169820
25007,952,12,36,2,852299
25007,1966,192,576,0,18753
25007,1967,116,346,0,46571
25007,1975,23,67,0,143973
25007,1976,60,180,0,99952
25007,2085,24,72,1,85282
25007,2086,8,22,1,272902
25007,8176,1,2,101,250000
25007,9816,1,5,100,250000
25008,6036,1,1,2,16213
25009,1341,20,60,2,810667
25010,300,1,1,1,52171
25010,2397,1,1,0,64704
25010,2402,1,1,0,103503
25010,2406,1,1,0,39800
25010,4069,81,243,0,56359
25010,4070,40,120,0,173285
25010,4071,14,42,0,250509
25010,4113,12,36,1,373636
25010,4622,1,3,2,389481
25010,4623,2,4,2,259654
25010,4624,2,6,2,194740
25010,6572,1,1,2,150599
25010,8171,2,7,100,250000
25010,8176,1,3,101,250000
25011,1539,1,1,2,188978
25012,1342,20,60,2,850400
25013,300,1,1,1,43795
25013,952,21,63,2,150500
25013,2384,1,1,0,54316
25013,2388,1,1,0,86886
25013,2390,1,1,0,33411
25013,4066,81,243,0,47311
25013,4067,40,120,0,145465
25013,4068,14,42,0,210290
25013,4113,12,36,1,313650
25013,4604,2,6,2,263377
25013,4605,3,7,2,210701
25013,4606,3,9,2,175584
25013,8176,1,3,101,250000
25013,9814,2,5,100,250000
25014,1539,1,1,2,154489
25015,1342,20,60,2,695200
25016,268,1,1,1,35597
25016,601,1,1,0,96753
25016,947,1,1,2,232830
25016,2439,1,1,0,96753
25016,2475,1,1,0,96753
25016,2487,1,1,0,96753
25016,4090,116,346,0,58177
25016,4091,192,576,0,34997
25016,4096,293,877,0,22974
25016,4099,60,180,0,111992
25016,4120,12,36,1,327029
25016,4619,5,15,2,80287
25016,4620,2,4,2,267621
25016,4621,2,6,2,200716
25016,8176,1,3,101,250000
25016,9817,2,7,100,250000
25017,1539,1,1,2,227733
25018,1342,60,180,2,341600
25019,316,1,1,1,79024
25019,317,1,1,1,79024
25019,393,1,1,0,167392
25019,394,1,1,0,167392
25019,415,4,12,0,33444
25019,416,5,13,0,29728
25019,956,12,36,2,793367
25019,1938,53,157,0,62696
25019,1939,24,72,0,179171
25019,2030,3,9,1,572656
25020,159,1,1,1,16695
25020,187,1,1,1,16695
25020,188,1,1,1,16695
25020,189,1,1,1,16695
25020,190,1,1,1,16695
25020,396,1,1,0,210544
25020,1952,12,36,0,515065
25020,2048,2,6,1,239325
25020,2049,3,7,1,191461
25020,2050,7,21,1,72504
25020,2051,12,36,1,42294
25020,2058,3,9,1,159548
25020,6574,1,1,2,428808
25021,6036,1,1,2,10720
25022,1341,20,60,2,536000
25023,262,1,1,1,123047
25023,353,1,1,0,189125
25023,380,4,12,0,37825
25023,951,3,9,2,335203
25023,1950,53,157,0,87926
25023,1951,24,72,0,299138
25023,2053,12,36,1,293992
25024,6036,1,1,2,10720
25025,1341,20,60,2,536000
25026,119,1,1,0,96888
25026,286,1,1,1,40182
25026,855,1,1,0,129184
25026,886,1,1,0,193777
25026,1918,81,243,0,56259
25026,1920,140,420,0,25717
25026,2121,3,9,1,725814
25026,2917,40,120,0,151092
25026,4607,1,3,2,340993
25026,4608,2,4,2,227328
25026,4609,2,6,2,170496
25026,6573,1,1,2,20459
25026,8176,1,1,101,250000
25026,9814,1,3,100,250000
25027,1342,20,60,2,666400
25028,1539,1,1,2,148089
25029,284,1,1,1,51495
25029,503,1,1,0,95783
25029,633,1,1,0,136840
25029,673,1,1,0,136840
25029,947,1,1,2,222972
25029,2415,1,1,0,95783
25029,4072,293,877,0,22010
25029,4101,116,346,0,71944
25029,4102,192,576,0,33531
25029,4112,12,36,1,405775
25029,4439,60,180,0,164759
25029,4613,5,15,2,76887
25029,4614,2,4,2,256290
25029,4615,2,6,2,192217
25029,8176,1,3,101,250000
25029,9817,2,6,100,250000
25030,1539,1,1,2,174578
25031,1342,20,60,2,785600
25032,288,1,1,1,32142
25032,729,1,1,2,163170
25032,5297,1,1,0,37701
25032,5298,1,1,0,60299
25032,5301,1,1,0,23197
25032,5478,9,27,0,235217
25032,5479,20,60,0,74482
25032,5482,28,84,0,118670
25032,5535,12,36,1,332119
25032,6570,1,1,2,163170
25032,8176,1,3,101,250000
25032,9814,2,6,100,250000
25033,1343,20,60,2,871429
25034,1343,20,60,2,871429
25035,305,1,1,1,21287
25035,959,1,1,2,38156
25035,960,1,1,2,381565
25035,5313,1,1,0,54308
25035,5314,1,1,0,54308
25035,5318,1,1,0,54308
25035,5319,1,1,0,54308
25035,5502,116,346,0,26901
25035,5503,23,67,0,138092
25035,5514,60,180,0,51784
25035,5515,16,48,0,194191
25035,5541,12,36,1,252257
25035,6577,1,1,2,6360
25035,8176,2,3,101,250000
25035,8619,1,1,102,250000
25035,9814,3,8,100,250000
25036,1344,20,60,2,898500
25037,1344,20,60,2,898500
25038,83,1,1,1,58466
25038,124,1,1,1,43313
25038,127,1,1,1,43313
25038,130,1,1,1,43313
25038,144,1,1,1,58466
25038,849,4,10,0,93126
25038,880,3,7,0,195168
25038,912,4,12,0,61083
25038,955,3,9,2,417444
25038,1901,72,216,0,154441
25038,2026,3,9,1,322992
25039,6036,1,1,2,7812
25040,1341,10,30,2,781200
25041,61,9,25,0,10511
25041,262,1,1,1,87193
25041,607,9,27,0,9927
25041,1125,10,28,0,9405
25041,1949,112,336,0,33477
25041,1957,320,960,0,11717
25041,1963,203,607,0,18516
25041,2053,12,36,1,208326
25041,2427,10,30,0,8935
25041,2428,1,1,0,178695
25041,2451,1,1,0,178695
25041,2931,28,82,0,136342
25041,2932,36,108,0,104150
25041,2933,46,136,0,82406
25041,6574,1,1,2,447912
25042,1341,20,60,2,565333
25043,6036,1,1,2,11307
25044,228,1,1,1,37332
25044,952,21,63,2,90517
25044,2119,3,9,1,668197
25044,2436,1,1,0,79200
25044,2437,1,1,0,60919
25044,2438,1,1,0,60919
25044,2460,1,1,0,79200
25044,2461,1,1,0,60919
25044,2462,1,1,0,60919
25044,2463,1,1,0,60919
25044,2954,144,432,0,18415
25044,2955,255,765,0,10399
25044,2960,396,1188,0,5761
25044,2961,30,90,0,76045
25044,2962,39,117,0,58496
25044,2963,49,147,0,46558
25044,2964,60,180,0,38023
25044,4604,2,6,2,158406
25044,4605,3,7,2,126724
25044,4606,3,9,2,105604
25044,8176,1,1,101,250000
25044,9814,1,3,100,250000
25045,1342,20,60,2,612000
25046,1539,1,1,2,136000
25047,228,1,1,1,40182
25047,2119,3,9,1,719198
25047,2436,1,1,0,85245
25047,2437,1,1,0,65568
25047,2438,1,1,0,65568
25047,2460,1,1,0,85245
25047,2461,1,1,0,65568
25047,2462,1,1,0,65568
25047,2463,1,1,0,65568
25047,2954,144,432,0,19820
25047,2955,255,765,0,11193
25047,2960,395,1188,0,6200
25047,2961,30,90,0,81849
25047,2962,39,117,0,62961
25047,2963,49,147,0,50113
25047,2964,60,180,0,40925
25047,4610,1,3,2,340993
25047,4611,2,4,2,227329
25047,4612,2,6,2,170496
25047,6574,1,1,2,175367
25047,8176,1,1,101,250000
25047,9814,1,3,100,250000
25048,1342,20,60,2,666400
25049,1539,1,1,2,148089
25050,300,1,1,1,27701
25050,2384,1,1,0,34356
25050,2388,1,1,0,54956
25050,2390,1,1,0,21132
25050,4066,9,27,0,269319
25050,4067,40,120,0,92007
25050,4068,14,42,0,133009
25050,4113,12,36,1,198387
25050,4610,1,3,2,333178
25050,4611,2,4,2,222119
25050,4612,2,6,2,166589
25050,6574,1,1,2,171348
25050,8176,1,1,101,250000
25050,9814,1,3,100,250000
25051,235,1,1,1,30660
25051,729,1,1,2,103763
25051,730,1,1,2,778226
25051,5287,1,1,0,26967
25051,5288,1,1,0,43151
25051,5293,1,1,0,16595
25051,5520,9,27,0,172957
25051,5521,3,7,0,437076
25051,5524,28,84,0,84529
25051,5536,12,36,1,306377
25051,6569,1,1,2,12452
25051,8176,2,3,101,250000
25051,9814,3,7,100,250000
25052,1343,20,60,2,871429
25053,1343,20,60,2,871429
25054,959,1,1,2,39110
25054,960,1,1,2,391104
25054,6371,1,1,1,10584
25054,6577,1,1,2,6519
25054,6676,1,1,0,15739
25054,6677,1,1,0,15739
25054,6681,1,1,0,15739
25054,6682,1,1,0,15739
25054,6685,1,1,0,15739
25054,6686,1,1,0,15739
25054,6695,12,36,1,199953
25054,6703,8,24,0,223739
25054,6704,14,40,0,132586
25054,6708,20,60,0,89496
25054,6709,28,82,0,65087
25054,6712,36,108,0,49720
25054,6713,46,136,0,39340
25055,1344,60,180,2,349167
25056,1344,60,180,2,349167
25057,64,1,1,0,286396
25057,231,1,1,1,24546
25057,233,1,1,1,24546
25057,608,1,1,0,286396
25057,952,3,9,2,584108
25057,1981,53,157,0,151462
25057,2106,4,12,1,276250
25057,2107,8,22,1,147333
25057,2956,192,576,0,41415
25057,4604,2,6,2,146027
25057,4605,3,7,2,116821
25057,4606,3,9,2,97351
25057,8176,1,1,101,250000
25057,9816,1,3,100,250000
25058,1342,20,60,2,559200
25059,1539,1,1,2,124267
25060,275,1,1,1,115232
25060,276,1,1,1,115232
25060,605,4,12,0,278795
25060,955,4,10,2,105736
25060,956,8,22,2,411195
25060,1123,8,22,0,148691
25060,2024,12,36,1,169448
25060,6387,24,72,2,154198
25061,1061,1,1,2,116364
25062,1832,1,1,2,213333
25063,297,1,1,1,87193
25063,630,6,16,0,30926
25063,951,1,3,2,712587
25063,1956,40,120,0,190655
25063,2055,12,36,1,208326
25063,2412,1,1,0,238251
25063,2494,6,18,0,28349
25063,2930,140,420,0,38686
25063,2934,81,243,0,94151
25064,89,1,1,1,9846
25064,160,1,1,1,9846
25064,161,1,1,1,9846
25064,173,1,1,1,9846
25064,191,1,1,1,9846
25064,192,1,1,1,9846
25064,193,1,1,1,9846
25064,194,1,1,1,9846
25064,852,1,1,0,258667
25064,883,6,16,0,35288
25064,915,1,1,0,194081
25064,951,3,7,2,81822
25064,1908,81,243,0,90193
25064,1909,480,1440,0,21705
25064,1910,140,420,0,41495
25064,2061,2,6,1,167705
25064,2063,3,7,1,134164
25064,2064,3,9,1,111803
25064,2065,4,10,1,95832
25064,2066,10,30,1,34035
25064,2067,4,12,1,78187
25064,2068,5,13,1,69499
25064,2069,17,49,1,20623
25064,4591,1,3,2,375022
25064,4592,2,4,2,250015
25064,4593,2,6,2,187511
25064,8170,1,3,100,250000
25064,8176,1,1,101,250000
25065,1341,20,60,2,736000
25066,6036,1,1,2,14720
25067,78,1,1,1,16997
25067,142,1,1,1,16997
25067,148,1,1,1,16997
25067,952,21,63,2,175229
25067,2397,1,1,0,63241
25067,2402,1,1,0,101162
25067,2406,1,1,0,38900
25067,4069,81,243,0,55084
25067,4070,40,120,0,169366
25067,4071,14,42,0,244843
25067,4104,5,15,1,324888
25067,4107,9,27,1,197697
25067,4108,14,42,1,114234
25067,4604,2,6,2,306653
25067,4605,3,7,2,245322
25067,4606,3,9,2,204435
25067,8176,1,3,101,250000
25067,9816,2,6,100,250000
25068,1539,1,1,2,167822
25069,1342,20,60,2,755200
25070,78,1,1,1,10111
25070,142,1,1,1,10111
25070,148,1,1,1,10111
25070,856,1,1,0,96655
25070,887,1,1,0,144983
25070,918,1,1,0,72492
25070,947,1,1,2,175123
25070,948,1,3,2,547259
25070,4049,81,243,0,72901
25070,4050,40,120,0,174379
25070,4051,140,420,0,31186
25070,4104,5,15,1,193268
25070,4107,9,27,1,105707
25070,4108,14,42,1,67955
25070,6571,1,1,2,12509
25070,8171,1,4,100,250000
25070,8176,1,1,101,250000
25071,1539,1,1,2,188978
25072,1342,20,60,2,850400
25073,289,1,1,1,21193
25073,959,1,1,2,37986
25073,960,1,1,2,379865
25073,5326,1,1,0,22190
25073,5329,1,1,0,22190
25073,5487,4,12,0,412731
25073,5488,8,22,0,219932
25073,5534,12,36,1,251406
25073,6577,1,1,2,6331
25073,8176,1,4,101,250000
25073,8619,1,1,102,250000
25073,9814,2,8,100,250000
25074,1344,20,60,2,870500
25075,1344,20,60,2,870500
25076,58,1,1,0,118972
25076,59,1,3,0,85999
25076,293,1,1,1,118535
25076,296,1,1,1,118535
25076,349,1,1,0,118972
25076,350,1,1,0,118972
25076,351,1,1,0,107471
25076,378,2,4,0,57333
25076,379,1,1,0,171998
25076,6575,1,1,2,126939
25077,1834,1,1,2,225319
25078,17,20,60,2,506967
25079,318,1,1,1,138464
25079,437,1,1,0,288198
25079,470,4,12,0,57533
25079,955,3,9,2,642575
25079,1944,53,157,0,120402
25079,1945,216,648,0,44557
25079,2042,12,36,1,286294
25080,6036,1,1,2,8594
25081,1341,10,30,2,859422
25082,71,1,1,1,38351
25082,72,1,1,1,38351
25082,439,1,1,0,154890
25082,471,1,1,0,247518
25082,1954,24,72,0,249607
25082,1962,53,157,0,68682
25082,2059,8,22,1,167403
25082,2060,4,12,1,335526
25082,4589,1,3,2,486900
25082,4590,2,4,2,324600
25082,6574,1,1,2,166937
25083,1341,20,60,2,698667
25084,6036,1,1,2,13973
25085,854,7,19,0,45880
25085,885,6,16,0,81315
25085,917,7,21,0,31956
25085,951,3,7,2,143345
25085,1914,81,243,0,234348
25085,1915,280,840,0,106320
25085,1916,240,720,0,59908
25085,4601,6,18,2,73000
25085,4602,2,4,2,292000
25085,4603,2,6,2,219000
25085,8176,1,2,101,250000
25085,9816,2,4,100,250000
25086,6036,1,1,2,17813
25087,1341,20,60,2,890667
25088,227,1,1,1,54318
25088,242,1,1,1,54318
25088,355,1,1,0,161490
25088,382,1,1,0,258374
25088,1968,53,157,0,91817
25088,1969,192,576,0,39281
25088,2083,24,72,1,83075
25088,2084,8,22,1,265841
25088,6573,1,1,2,103727
25088,8176,1,2,101,250000
25088,9817,2,4,100,250000
25089,171,1,1,1,7534
25089,175,1,1,1,7534
25089,210,1,1,1,7534
25089,864,1,1,0,71286
25089,895,1,1,0,106929
25089,926,1,1,0,53465
25089,4052,81,243,0,55386
25089,4053,28,84,0,193973
25089,4054,20,60,0,124789
25089,4116,5,15,1,166115
25089,4117,9,27,1,92286
25089,4118,2,6,1,393462
25089,4616,1,3,2,254878
25089,4617,2,4,2,169919
25089,4618,2,6,2,127439
25089,6572,1,1,2,98553
25089,8176,1,2,101,250000
25089,9816,1,4,100,250000
25090,1539,1,1,2,219556
25091,1342,20,60,2,988000
25092,305,1,1,1,21287
25092,730,1,3,2,596190
25092,5312,1,1,0,48286
25092,5315,1,1,0,68999
25092,5317,1,1,0,48286
25092,5495,40,120,0,93119
25092,5527,9,27,0,325858
25092,5528,14,42,0,209480
25092,5541,12,36,1,252257
25092,6578,1,1,2,63594
25092,8176,1,4,101,250000
25092,8619,1,1,102,250000
25092,9814,3,7,100,250000
25093,1344,20,60,2,898500
25094,1344,20,60,2,898500
25095,279,1,1,1,92827
25095,395,1,1,0,193209
25095,417,4,12,0,38570
25095,1942,53,157,0,80718
25095,1943,24,72,0,274954
25095,2040,12,36,1,240310
25095,6576,1,3,2,646178
25096,6036,1,1,2,8212
25097,1341,10,30,2,821156
25098,70,1,1,1,43596
25098,396,1,1,0,219924
25098,952,3,9,2,580626
25098,1952,12,36,0,538011
25098,2047,4,12,1,332241
25098,2499,1,1,1,43576
25098,2967,8,22,1,174797
25098,4589,2,6,2,217735
25098,4590,3,7,2,174187
25099,64,1,1,0,275300
25099,75,1,1,1,7865
25099,76,1,1,1,7865
25099,77,1,1,1,7865
25099,84,1,1,1,7865
25099,134,1,1,1,7865
25099,145,1,1,1,7865
25099,608,1,1,0,275300
25099,952,3,9,2,561477
25099,1981,53,157,0,145593
25099,2089,8,24,1,44258
25099,2090,14,40,1,26228
25099,2091,2,6,1,177035
25099,2092,3,7,1,141628
25099,2095,3,9,1,118024
25099,2096,4,10,1,101163
25099,2956,192,576,0,39810
25099,4604,2,6,2,140396
25099,4605,3,7,2,112295
25099,4606,3,9,2,93580
25099,8176,1,2,101,250000
25099,9816,1,3,100,250000
25100,6036,1,1,2,17813
25101,1341,20,60,2,890667
25102,326,1,1,1,49092
25102,854,1,1,0,159081
25102,885,1,1,0,238568
25102,917,1,1,0,119323
25102,1914,81,243,0,62505
25102,1915,280,840,0,28357
25102,1916,20,60,0,191744
25102,2110,12,36,1,190501
25102,4607,1,3,2,292053
25102,4608,2,4,2,194702
25102,4609,2,6,2,146027
25102,6573,1,1,2,17523
25102,8176,1,1,101,250000
25102,9816,1,3,100,250000
25103,91,1,1,1,15167
25103,92,1,1,1,15167
25103,554,1,1,0,84625
25103,600,1,1,0,84625
25103,612,1,1,0,84625
25103,948,1,3,2,820891
25103,2464,1,1,0,84625
25103,4073,23,67,0,195295
25103,4097,60,180,0,73236
25103,4098,116,346,0,38045
25103,4100,192,576,0,22886
25103,4105,4,12,1,362385
25103,4106,8,22,1,190101
25103,6572,1,1,2,175123
25103,8176,1,1,101,250000
25103,9816,2,3,100,250000
25104,1539,1,1,2,188978
25105,1342,20,60,2,850400
25106,212,1,1,1,9219
25106,2504,1,1,1,9219
25106,5290,1,1,0,48676
25106,5291,1,1,0,48676
25106,5295,1,1,0,48676
25106,5296,1,1,0,48676
25106,5496,11,31,0,241845
25106,5497,23,67,0,112862
25106,5508,60,180,0,42323
25106,5509,16,48,0,158711
25106,5532,8,22,1,146088
25106,5543,4,12,1,276498
25106,6570,1,1,2,93596
25106,6571,1,1,2,24068
25106,8176,1,2,101,250000
25106,9814,1,4,100,250000
25107,1343,20,60,2,813714
25108,1343,20,60,2,813714
25109,305,1,1,1,21711
25109,5311,1,1,0,17049
25109,5316,1,1,0,17049
25109,5522,4,12,0,319488
25109,5523,8,22,0,170394
25109,5541,12,36,1,257274
25109,6570,1,1,2,162147
25109,6578,1,1,2,64859
25109,8176,1,4,101,250000
25109,8619,1,1,102,250000
25109,9814,3,7,100,250000
25110,1344,60,180,2,339000
25111,1344,60,180,2,339000
25112,93,1,1,1,47918
25112,294,1,1,1,47918
25112,850,6,18,0,26510
25112,881,5,15,0,47752
25112,913,1,1,0,238758
25112,956,12,36,2,926570
25112,1902,81,243,0,71526
25112,1903,40,120,0,238459
25112,1904,154,462,0,34653
25112,2033,4,12,1,358808
25112,2041,8,22,1,191365
25113,6036,1,1,2,8594
25114,1341,10,30,2,859422
25115,62,11,33,0,7593
25115,263,1,1,1,124211
25115,952,21,63,2,112639
25115,1958,220,660,0,16567
25115,2073,12,36,0,352609
25115,2429,12,34,0,7263
25115,2430,12,36,0,6960
25115,2431,13,37,0,6682
25115,2432,13,39,0,6424
25115,2433,14,40,0,6187
25115,2452,14,42,0,5966
25115,2453,15,43,0,5760
25115,2454,1,1,0,167038
25115,2937,378,1134,0,9643
25115,2938,26,78,0,140186
25115,2939,35,105,0,104137
25115,2940,45,135,0,80996
25115,2941,56,168,0,65086
25115,2942,68,204,0,53600
25115,2943,81,243,0,44998
25115,2944,95,285,0,38366
25115,4594,2,6,2,295679
25115,4595,3,7,2,236542
25115,4596,3,9,2,197119
25115,8176,1,2,101,250000
25115,9817,1,4,100,250000
25116,1341,20,60,2,736000
25117,6036,1,1,2,14720
25118,159,1,1,1,17439
25118,187,1,1,1,17439
25118,188,1,1,1,17439
25118,189,1,1,1,17439
25118,190,1,1,1,17439
25118,353,1,1,0,134016
25118,380,1,1,0,214426
25118,1950,53,157,0,62305
25118,1951,24,72,0,211973
25118,2048,18,54,1,27777
25118,2049,3,7,1,199993
25118,2050,7,21,1,75735
25118,2051,12,36,1,44179
25118,2058,3,9,1,166660
25118,4591,1,3,2,326602
25118,4592,2,4,2,217735
25118,4593,2,6,2,163301
25118,6573,1,1,2,13064
25119,78,1,1,1,14598
25119,142,1,1,1,14598
25119,148,1,1,1,14598
25119,357,1,1,0,30553
25119,383,1,1,0,48876
25119,2376,1,1,0,30553
25119,2379,1,1,0,48876
25119,4056,16,48,0,137903
25119,4057,60,180,0,56833
25119,4064,23,67,0,98065
25119,4065,11,31,0,324760
25119,4104,5,15,1,279039
25119,4107,9,27,1,152620
25119,4108,14,42,1,98112
25119,4607,5,15,2,105351
25119,4608,2,4,2,351169
25119,4609,2,6,2,263376
25119,6573,1,1,2,31605
25119,8172,2,5,100,250000
25119,8176,1,2,101,250000
25120,1539,1,1,2,154489
25121,1342,20,60,2,695200
25122,268,1,1,1,20716
25122,948,1,3,2,423425
25122,2391,1,1,0,23097
25122,2392,1,1,0,23097
25122,4082,24,72,0,82019
25122,4083,8,22,0,262459
25122,4120,3,9,1,761244
25122,4616,2,4,2,155742
25122,4617,2,6,2,116806
25122,4618,3,7,2,93445
25122,8176,1,2,101,250000
25122,9816,1,4,100,250000
25123,1539,1,1,2,196267
25124,1342,20,60,2,883200
25125,212,1,1,1,15330
25125,2504,1,1,1,15330
25125,5304,1,1,0,35962
25125,5305,1,1,0,57518
25125,5308,1,1,0,22127
25125,5485,9,27,0,224370
25125,5486,20,60,0,71047
25125,5489,28,84,0,113198
25125,5532,8,22,1,242934
25125,5543,4,12,1,459799
25125,6569,1,1,2,18677
25125,6570,1,1,2,155645
25125,8176,1,4,101,250000
25125,9816,3,7,100,250000
25126,3936,1,3,2,491603
25126,6365,1,1,1,3548
25126,6366,1,1,1,3548
25126,6369,1,1,1,3548
25126,6578,1,1,2,87396
25126,6579,1,1,1,3548
25126,6678,1,1,0,30143
25126,6679,1,1,0,21099
25126,6683,1,1,0,21099
25126,6687,1,1,0,21099
25126,6689,16,48,1,50264
25126,6690,11,31,1,78212
25126,6693,6,18,1,139086
25126,6697,3,7,1,321688
25126,6705,23,67,0,156706
25126,6706,60,180,0,68355
25126,6710,116,346,0,35509
25126,6714,16,48,0,256330
25127,46,2,4,0,495636
25127,222,1,1,1,345695
25127,627,4,12,0,265321
25127,955,1,3,2,370072
25127,6575,1,1,2,41119
25127,6576,1,1,2,370072
25128,159,1,1,1,16016
25128,187,1,1,1,16016
25128,188,1,1,1,16016
25128,189,1,1,1,16016
25128,190,1,1,1,16016
25128,851,6,18,0,22046
25128,882,5,15,0,39682
25128,914,1,1,0,198411
25128,951,1,1,2,436305
25128,952,3,9,2,533261
25128,1905,81,243,0,74105
25128,1906,40,120,0,212048
25128,1907,154,462,0,27874
25128,2048,2,6,1,229594
25128,2049,3,7,1,183676
25128,2050,7,21,1,69556
25128,2051,12,36,1,40574
25128,2058,3,9,1,153061
25128,6573,1,1,2,15998
25129,6036,1,1,2,10107
25130,1341,20,60,2,505333
25131,91,1,1,1,13814
25131,92,1,1,1,13814
25131,2397,1,1,0,34264
25131,2402,1,1,0,54810
25131,2406,1,1,0,21076
25131,4069,9,27,0,268604
25131,4070,40,120,0,91763
25131,4071,14,42,0,132656
25131,4105,4,12,1,330058
25131,4106,8,22,1,173149
25131,4610,1,3,2,332294
25131,4611,2,4,2,221529
25131,4612,2,6,2,166147
25131,6574,1,1,2,170893
25131,8176,1,1,101,250000
25131,9814,1,3,100,250000
25132,1539,1,1,2,154489
25133,1342,20,60,2,695200
25134,281,1,1,1,78771
25134,631,6,16,0,27504
25134,1964,40,120,0,155854
25134,2074,12,36,1,204903
25134,2413,1,1,0,211799
25134,2495,6,18,0,25212
25134,2936,140,420,0,40445
25134,2945,81,243,0,76965
25134,4597,1,3,2,375022
25134,4598,2,4,2,250015
25134,4599,2,6,2,187511
25134,6573,1,1,2,15001
25134,8176,1,1,101,250000
25134,9816,1,2,100,250000
25135,1341,20,60,2,736000
25136,6036,1,1,2,14720
25137,267,1,1,1,30333
25137,503,1,1,0,56421
25137,633,1,1,0,80606
25137,673,1,1,0,80606
25137,2415,1,1,0,56421
25137,4072,23,67,0,168546
25137,4101,116,346,0,42379
25137,4102,192,576,0,19751
25137,4111,12,36,1,241586
25137,4439,60,180,0,97051
25137,4613,1,3,2,226452
25137,4614,2,4,2,150968
25137,4615,1,1,2,452204
25137,6571,1,1,2,9382
25137,8176,1,4,101,250000
25137,9814,1,4,100,250000
25138,1539,1,1,2,188978
25139,1342,20,60,2,850400
25140,98,1,1,1,30660
25140,729,1,1,2,103763
25140,730,1,1,2,778226
25140,5542,12,36,1,303675
25140,6323,1,1,0,71683
25140,6324,1,1,0,95578
25140,6325,1,1,0,143366
25140,6341,81,243,0,81999
25140,6343,140,420,0,36675
25140,6345,40,120,0,229665
25140,6569,1,1,2,12452
25140,8176,1,4,101,250000
25140,9817,3,7,100,250000
25141,1343,20,60,2,871429
25142,1343,20,60,2,871429
25143,959,1,1,2,53915
25143,960,1,1,2,539155
25143,6371,1,1,1,14590
25143,6577,1,1,2,8986
25143,6680,1,1,0,26701
25143,6695,12,36,1,275646
25143,6707,12,36,0,429334
25144,1344,60,180,2,391833
25145,1344,60,180,2,391833
25146,275,1,1,1,106040
25146,276,1,1,1,106040
25146,848,3,9,0,133493
25146,879,3,7,0,241022
25146,911,4,10,0,85882
25146,1900,96,288,0,74853
25146,2024,12,36,1,155932
25146,6575,1,1,2,56759
25146,6576,1,1,2,510833
25147,735,1,1,2,13720
25148,6035,1,1,2,13720
25149,83,1,1,1,53336
25149,124,1,1,1,39512
25149,127,1,1,1,39512
25149,130,1,1,1,39512
25149,144,1,1,1,53336
25149,436,2,4,0,167392
25149,469,1,3,0,401327
25149,2026,3,9,1,294651
25149,6576,1,3,2,571224
25150,1060,1,1,2,450637
25151,1831,1,1,2,540764
25152,262,1,1,1,87193
25152,438,1,1,0,219924
25152,1953,12,36,0,538011
25152,2053,12,36,1,208326
25152,4594,1,3,2,326603
25152,4595,2,4,2,217735
25152,4596,2,6,2,163301
25152,6574,1,1,2,111978
25153,1341,20,60,2,565333
25154,6036,1,1,2,11307
25155,226,1,1,1,62105
25155,232,1,1,1,62105
25155,397,1,1,0,250826
25155,1961,53,157,0,111224
25155,2070,24,72,1,90557
25155,2072,8,22,1,289781
25155,2387,5,13,0,44536
25155,2935,192,576,0,50526
25155,4600,3,9,2,394238
25155,6574,1,1,2,405502
25155,8176,1,2,101,250000
25155,9814,1,4,100,250000
25156,1341,20,60,2,736000
25157,6036,1,1,2,14720
25158,135,1,1,1,26834
25158,400,1,1,0,88525
25158,401,1,1,0,41919
25158,420,1,1,0,141703
25158,1984,81,243,0,37192
25158,1985,28,84,0,173071
25158,1987,20,60,0,107203
25158,2115,8,22,1,193453
25158,4610,5,15,2,91087
25158,4611,2,4,2,303622
25158,4612,2,6,2,227717
25158,5286,1,1,1,26834
25158,5530,4,12,1,362619
25158,6574,1,1,2,234223
25158,8176,1,2,101,250000
25158,9817,2,4,100,250000
25159,284,1,1,1,29401
25159,357,1,1,0,20511
25159,383,1,1,0,32812
25159,2376,1,1,0,20511
25159,2379,1,1,0,32812
25159,4056,16,48,0,92580
25159,4057,60,180,0,38154
25159,4064,23,67,0,65835
25159,4065,11,31,0,218024
25159,4112,12,36,1,234678
25159,4619,1,3,2,219494
25159,4620,2,4,2,146330
25159,4621,1,1,2,438988
25159,6571,1,1,2,9094
25159,8171,1,3,100,250000
25159,8176,1,1,101,250000
25160,1539,1,1,2,181689
25161,1342,20,60,2,817600
25162,110,1,1,0,12285
25162,287,1,1,1,35597
25162,948,6,18,2,121265
25162,2416,1,1,0,85994
25162,2417,1,1,0,85994
25162,4077,40,120,0,224438
25162,4088,81,243,0,93115
25162,4089,140,420,0,53873
25162,4121,12,36,1,325231
25162,4622,2,4,2,267622
25162,4623,2,6,2,200717
25162,4624,3,7,2,160573
25162,8176,1,3,101,250000
25162,9817,2,6,100,250000
25163,81,1,1,1,7096
25163,151,1,1,1,7096
25163,959,1,1,2,38156
25163,960,1,1,2,381565
25163,2500,1,1,1,7096
25163,5320,1,1,0,22289
25163,5323,1,1,0,22289
25163,5480,4,12,0,412748
25163,5481,8,22,0,220132
25163,5529,9,27,1,112160
25163,5545,14,42,1,72103
25163,5546,5,15,1,221755
25163,6577,1,1,2,6360
25163,8176,1,4,101,250000
25163,8619,1,1,102,250000
25163,9815,3,7,100,250000
25166,157,1,1,1,123685
25166,186,1,1,1,123685
25166,849,4,10,0,132967
25166,880,3,7,0,278665
25166,912,4,12,0,87215
25166,1901,72,216,0,220513
25166,2027,12,36,1,250976
25166,6387,60,180,2,298017
25167,1833,1,1,2,540764
25168,734,1,1,2,33798
25169,129,1,1,1,138464
25169,606,10,30,0,10795
25169,1124,11,31,0,10281
25169,1946,180,540,0,23260
25169,1948,314,940,0,13355
25169,2034,12,36,1,327341
25169,2424,11,33,0,9814
25169,2425,12,34,0,9387
25169,2426,12,36,0,8996
25169,2448,13,37,0,8636
25169,2449,13,39,0,8303
25169,2450,14,40,0,7997
25169,2923,24,72,0,174446
25169,2924,33,97,0,128821
25169,2925,42,126,0,99683
25169,2926,53,157,0,79746
25169,2927,64,192,0,65417
25169,2928,77,229,0,54727
25169,4553,5,15,2,96386
25169,4554,2,4,2,321288
25169,4555,2,6,2,240966
25169,6575,1,1,2,53548
25170,226,1,1,1,36743
25170,232,1,1,1,36743
25170,631,6,16,0,25658
25170,951,1,3,2,763333
25170,1964,40,120,0,145399
25170,2070,4,12,1,321455
25170,2072,8,22,1,171443
25170,2413,1,1,0,197590
25170,2495,1,1,0,282245
25170,2936,140,420,0,37732
25170,2945,81,243,0,71802
25171,1341,20,60,2,664000
25172,6036,1,1,2,13280
25173,64,1,1,0,286396
25173,326,1,1,1,49092
25173,608,1,1,0,286396
25173,1981,53,157,0,151462
25173,2110,12,36,1,190501
25173,2956,192,576,0,41415
25173,4610,1,3,2,292053
25173,4611,2,4,2,194702
25173,4612,2,6,2,146027
25173,6574,1,1,2,150198
25173,8176,1,1,101,250000
25173,9816,1,3,100,250000
25174,1342,20,60,2,559200
25175,1539,1,1,2,124267
25176,284,1,1,1,30333
25176,2384,1,1,0,37620
25176,2388,1,1,0,60178
25176,2390,1,1,0,23140
25176,4066,9,27,0,294912
25176,4067,40,120,0,100750
25176,4068,14,42,0,145649
25176,4112,12,36,1,239022
25176,4616,1,3,2,226452
25176,4617,2,4,2,150968
25176,4618,1,1,2,452904
25176,6572,1,1,2,87561
25176,8176,1,1,101,250000
25176,9814,1,4,100,250000
25177,1539,1,1,2,188978
25178,1342,20,60,2,850400
25179,234,1,1,1,23489
25179,947,1,1,2,202229
25179,948,1,3,2,631966
25179,2391,1,1,0,25854
25179,2392,1,1,0,25854
25179,4082,24,72,0,91811
25179,4083,8,22,0,293793
25179,4119,12,36,1,213393
25179,6571,1,1,2,14445
25179,8176,1,1,101,250000
25179,9817,1,4,100,250000
25180,1539,1,1,2,227733
25181,1342,60,180,2,341600
25182,80,1,1,1,9965
25182,150,1,1,1,9965
25182,729,1,1,2,101169
25182,5290,1,1,0,52614
25182,5291,1,1,0,52614
25182,5295,1,1,0,52614
25182,5296,1,1,0,52614
25182,5496,116,346,0,23765
25182,5497,23,67,0,121994
25182,5508,60,180,0,45747
25182,5509,16,48,0,171552
25182,5547,8,22,1,159315
25182,5548,4,12,1,298716
25182,6570,1,1,2,101169
25182,8176,1,2,101,250000
25182,9814,1,4,100,250000
25183,1343,20,60,2,871429
25184,1343,20,60,2,871429
25185,280,1,1,1,87193
25185,851,6,18,0,24004
25185,882,5,15,0,43207
25185,914,1,1,0,216035
25185,951,3,7,2,71258
25185,1905,81,243,0,80688
25185,1906,40,120,0,230882
25185,1907,154,462,0,30350
25185,2054,12,36,1,214425
25185,4597,1,3,2,326602
25185,4598,2,4,2,217735
25185,4599,2,6,2,163301
25186,1341,20,60,2,565333
25187,6036,1,1,2,11307
25188,88,1,1,1,19167
25188,90,1,1,1,19167
25188,158,1,1,1,19167
25188,169,1,1,1,19167
25188,172,1,1,1,19167
25188,629,5,15,0,37932
25188,1947,336,1008,0,24505
25188,2031,7,21,1,74424
25188,2032,3,9,1,158525
25188,2035,12,36,1,43415
25188,2036,18,54,1,28943
25188,2037,3,7,1,208389
25188,2411,1,1,0,265656
25188,2493,6,16,0,34483
25188,2922,27,81,0,81566
25188,2929,60,180,0,137227
25188,4556,5,15,2,66713
25188,4557,2,4,2,222377
25188,4558,2,6,2,166783
25188,6576,1,1,2,333565
25189,280,1,1,1,83474
25189,438,1,1,0,210544
25189,952,12,36,2,416897
25189,1953,12,36,0,515065
25189,2054,12,36,1,205280
25190,6036,1,1,2,10720
25191,1341,20,60,2,536000
25192,325,1,1,1,67881
25192,440,1,1,0,165586
25192,1970,12,36,0,465225
25192,2088,12,36,1,220235
25192,6574,1,1,2,555541
25192,8176,1,1,101,250000
25192,9816,1,2,100,250000
25193,6036,1,1,2,16987
25194,1341,20,60,2,849333
25198,164,1,1,1,7096
25198,213,1,1,1,7096
25198,5311,1,1,0,16717
25198,5316,1,1,0,16717
25198,5522,6,18,0,313255
25198,5523,11,31,0,179003
25198,5533,16,48,1,94616
25198,5544,23,67,1,67215
25198,6569,1,1,2,19078
25198,6578,1,1,2,63594
25198,8176,1,4,101,250000
25198,8619,1,1,102,250000
25198,9815,3,7,100,250000
25199,270,1,1,1,7171
25199,5538,5,13,1,339970
25199,6326,1,1,0,74440
25199,6327,1,1,0,99287
25199,6328,1,1,0,148880
25199,6342,90,270,0,140381
25199,6344,240,720,0,4068
25199,6346,308,924,0,58957
25199,6570,1,1,2,160666
25199,6578,1,1,2,64267
25199,8176,1,4,101,250000
25199,8619,1,1,102,250000
25199,9816,3,7,100,250000
25200,1344,20,60,2,957000
25201,1344,20,60,2,957000
25202,81,1,1,1,5790
25202,151,1,1,1,5790
25202,959,1,1,2,38915
25202,960,1,1,2,389154
25202,2500,1,1,1,5790
25202,5326,1,1,0,18186
25202,5329,1,1,0,18186
25202,5487,7,21,0,289680
25202,5488,12,36,0,168980
25202,5529,25,75,1,49416
25202,5545,33,99,1,37437
25202,5546,18,54,1,75387
25202,6577,1,1,2,6486
25202,8176,1,4,101,250000
25202,8619,1,1,102,250000
25202,9816,3,7,100,250000
25203,1344,60,180,2,339000
25204,1344,60,180,2,339000
25205,3936,1,3,2,491699
25205,6371,1,1,1,3785
25205,6578,1,1,2,87413
25205,6678,1,1,0,48238
25205,6679,1,1,0,33766
25205,6683,1,1,0,33766
25205,6687,1,1,0,33766
25205,6695,5,15,1,257418
25205,6705,315,945,0,26869
25205,6706,66,198,0,149168
25205,6710,126,378,0,78136
25205,6714,208,624,0,47332
25206,1344,60,180,2,359667
25207,1344,60,180,2,359667
25208,354,1,1,0,119116
25208,381,1,1,0,190566
25208,439,1,1,0,238600
25208,471,1,1,0,381288
25208,951,1,1,2,545486
25208,952,12,36,2,166676
25208,1954,192,576,0,48063
25208,1959,12,36,0,259755
25208,1960,105,315,0,60389
25208,1962,53,157,0,105802
25208,6573,1,1,2,20001
25208,8176,1,1,101,250000
25208,9816,1,2,100,250000
25209,1341,20,60,2,736000
25210,6036,1,1,2,14720
25211,262,1,1,1,91090
25211,851,6,18,0,25077
25211,882,5,15,0,45138
25211,914,1,1,0,225691
25211,1905,81,243,0,84294
25211,1906,40,120,0,241203
25211,1907,154,462,0,31707
25211,2053,12,36,1,217639
25211,6573,1,1,2,42938
25212,1341,20,60,2,597333
25213,6036,1,1,2,11947
25214,96,1,1,1,26257
25214,298,1,1,1,26257
25214,302,1,1,1,26257
25214,439,1,1,0,159067
25214,471,1,1,0,254192
25214,1954,24,72,0,256338
25214,1962,53,157,0,70534
25214,2062,5,15,1,181525
25214,2075,9,27,1,100847
25214,2076,14,42,1,64831
25214,6574,1,1,2,514316
25214,8176,1,1,101,250000
25214,9817,1,2,100,250000
25215,1341,20,60,2,736000
25216,6036,1,1,2,14720
25217,267,1,1,1,27627
25217,856,1,1,0,88033
25217,887,1,1,0,132049
25217,918,1,1,0,66024
25217,951,3,7,2,108751
25217,4049,81,243,0,66398
25217,4050,40,120,0,158823
25217,4051,14,42,0,284041
25217,4111,12,36,1,220035
25217,4601,1,3,2,332294
25217,4602,2,4,2,221530
25217,4603,2,6,2,166147
25217,8176,1,1,101,250000
25217,9816,1,3,100,250000
25218,1539,1,1,2,154489
25219,1342,20,60,2,695200
25220,289,1,1,1,21611
25220,959,1,1,2,38735
25220,960,1,1,2,387355
25220,5320,1,1,0,22627
25220,5323,1,1,0,22627
25220,5480,4,12,0,419012
25220,5481,8,22,0,223473
25220,5534,12,36,1,256363
25220,6577,1,1,2,6456
25220,8176,1,4,101,250000
25220,8619,1,1,102,250000
25220,9814,3,7,100,250000
25221,1344,20,60,2,986500
25222,1344,20,60,2,986500
25223,61,9,25,0,10511
25223,225,1,1,1,87193
25223,607,9,27,0,9927
25223,952,15,45,2,174188
25223,1125,10,28,0,9405
25223,1949,112,336,0,33477
25223,1957,320,960,0,11717
25223,1963,203,607,0,18516
25223,2052,12,36,1,218498
25223,2427,10,30,0,8935
25223,2428,1,1,0,178695
25223,2451,1,1,0,178695
25223,2931,28,82,0,136342
25223,2932,36,108,0,104150
25223,2933,46,136,0,82406
25223,4600,2,6,2,326602
25224,1341,20,60,2,565333
25225,6036,1,1,2,11307
25226,80,1,1,1,15123
25226,150,1,1,1,15123
25226,729,1,1,2,102359
25226,730,1,1,2,767967
25226,5547,8,22,1,241786
25226,5548,4,12,1,453348
25226,6323,1,1,0,70713
25226,6324,1,1,0,94285
25226,6325,1,1,0,141426
25226,6341,81,243,0,80890
25226,6343,140,420,0,36179
25226,6345,40,120,0,226558
25226,6569,1,1,2,12283
25226,8176,1,4,101,250000
25226,9816,3,7,100,250000
25227,1539,1,1,2,244444
25228,1342,60,180,2,366667
25229,3936,1,1,2,733315
25229,6578,1,1,2,65184
25229,6678,1,1,0,22482
25229,6679,1,1,0,15737
25229,6683,1,1,0,15737
25229,6687,1,1,0,15737
25229,6705,23,67,0,116879
25229,6706,60,180,0,50982
25229,6710,11,31,0,291329
25229,6714,16,48,0,191185
25229,7575,1,1,1,10584
25229,7579,12,36,1,206149
25230,97,1,1,1,21351
25230,358,1,1,0,19346
25230,948,3,9,2,290942
25230,2380,1,1,0,30949
25230,2381,1,1,0,11905
25230,4078,9,27,0,194279
25230,4080,28,84,0,87938
25230,4081,20,60,0,58991
25230,4115,12,36,1,195823
25230,6572,1,1,2,186203
25230,8176,1,2,101,250000
25230,9816,1,4,100,250000
25231,1539,1,1,2,203911
25232,1342,20,60,2,917600
25233,236,1,1,1,12893
25233,5537,3,9,1,611370
25233,6326,1,1,0,29742
25233,6327,1,1,0,39670
25233,6328,1,1,0,59485
25233,6342,9,27,0,373928
25233,6344,20,60,0,108894
25233,6346,28,84,0,172744
25233,6569,1,1,2,11555
25233,6578,1,1,2,38516
25233,8176,1,2,101,250000
25233,8619,1,1,102,250000
25233,9814,2,4,100,250000
25234,212,1,1,1,9869
25234,729,1,1,2,66800
25234,730,1,1,2,501003
25234,2504,1,1,1,9869
25234,5289,1,1,0,46286
25234,5292,1,1,0,66137
25234,5294,1,1,0,46286
25234,5494,40,120,0,81170
25234,5525,9,27,0,265532
25234,5526,14,42,0,170700
25234,5532,8,22,1,156395
25234,5543,4,12,1,296007
25234,6569,1,1,2,8016
25234,8176,1,2,101,250000
25234,9815,1,4,100,250000
25235,289,1,1,1,21513
25235,959,1,1,2,38560
25235,960,1,1,2,385601
25235,5313,1,1,0,54882
25235,5314,1,1,0,54882
25235,5318,1,1,0,54882
25235,5319,1,1,0,54882
25235,5502,116,346,0,27185
25235,5503,23,67,0,139553
25235,5514,60,180,0,52332
25235,5515,16,48,0,196246
25235,5534,12,36,1,255202
25235,6577,1,1,2,6427
25235,8176,1,4,101,250000
25235,8619,1,1,102,250000
25235,9814,3,7,100,250000
25236,1344,20,60,2,957000
25237,1344,20,60,2,957000
25238,80,1,1,1,10640
25238,150,1,1,1,10640
25238,729,1,1,2,72019
25238,730,1,1,2,540144
25238,5289,1,1,0,49902
25238,5292,1,1,0,71304
25238,5294,1,1,0,49902
25238,5494,40,120,0,87511
25238,5525,9,27,0,286277
25238,5526,14,42,0,184036
25238,5547,8,22,1,170118
25238,5548,4,12,1,318971
25238,6569,1,1,2,8642
25238,8176,1,2,101,250000
25238,9815,1,4,100,250000
25239,1343,20,60,2,932000
25240,1343,20,60,2,932000
25241,229,1,1,1,26086
25241,243,1,1,1,26086
25241,357,1,1,0,36396
25241,383,1,1,0,58222
25241,947,1,1,2,225898
25241,2376,1,1,0,36396
25241,2379,1,1,0,58222
25241,4056,16,48,0,164277
25241,4057,60,180,0,67702
25241,4064,23,67,0,116819
25241,4065,116,346,0,35170
25241,4109,24,72,1,102267
25241,4110,8,22,1,327255
25241,4619,5,15,2,77896
25241,4620,2,4,2,259653
25241,4621,2,6,2,194740
25241,8176,1,3,101,250000
25241,9815,2,6,100,250000
25242,1539,1,1,2,188978
25243,1342,20,60,2,850400
25244,959,1,1,2,39110
25244,960,1,1,2,391104
25244,6367,1,1,1,10584
25244,6577,1,1,2,6519
25244,6680,1,1,0,19369
25244,6691,12,36,1,203791
25244,6707,12,36,0,311439
25245,959,1,1,2,52421
25245,960,1,1,2,524215
25245,6577,1,1,2,8737
25245,6680,1,1,0,25961
25245,6707,12,36,0,417437
25245,7575,1,1,1,14186
25245,7579,12,36,1,276311
25246,1344,60,180,2,381000
25247,1344,60,180,2,381000
25248,236,1,1,1,21513
25248,730,1,3,2,602496
25248,5312,1,1,0,48796
25248,5315,1,1,0,69729
25248,5317,1,1,0,48796
25248,5495,40,120,0,94103
25248,5527,81,243,0,36589
25248,5528,14,42,0,211964
25248,5537,12,36,1,255028
25248,6578,1,1,2,64267
25248,8176,1,4,101,250000
25248,8619,1,1,102,250000
25248,9814,3,7,100,250000
25249,3936,1,1,2,733315
25249,6578,1,1,2,65184
25249,6674,1,1,0,29507
25249,6675,1,1,0,47213
25249,6701,53,157,0,95615
25249,6702,24,72,0,269241
25250,1344,60,180,2,349167
25251,1344,60,180,2,349167
25252,270,1,1,1,21287
25252,959,1,1,2,38156
25252,960,1,1,2,381565
25252,5326,1,1,0,22289
25252,5329,1,1,0,22289
25252,5487,4,12,0,414216
25252,5488,8,22,0,220916
25252,5538,12,36,1,252310
25252,6577,1,1,2,6360
25252,8176,1,4,101,250000
25252,8619,1,1,102,250000
25252,9816,3,7,100,250000
25253,1344,20,60,2,898500
25254,1344,20,60,2,898500
25255,269,1,1,1,30660
25255,5297,1,1,0,35962
25255,5298,1,1,0,57518
25255,5301,1,1,0,22127
25255,5478,9,27,0,224370
25255,5479,20,60,0,71047
25255,5482,28,84,0,113198
25255,5539,12,36,1,303675
25255,6569,1,1,2,18677
25255,6570,1,1,2,155645
25255,8176,1,4,101,250000
25255,9817,3,7,100,250000
25256,358,1,1,0,21011
25256,2380,1,1,0,33613
25256,2381,1,1,0,12930
25256,4078,9,27,0,211000
25256,4080,28,84,0,95506
25256,4081,20,60,0,64068
25256,6323,1,1,1,58211
25256,6324,1,1,1,77615
25256,6325,1,1,1,116422
25256,6341,81,243,1,665880
25256,6343,140,420,1,29782
25256,6345,40,120,1,186503
25256,6571,1,1,2,21667
25256,6572,1,1,2,202230
25256,8176,1,2,101,250000
25256,9814,1,4,100,250000
25257,1539,1,1,2,227733
25258,1342,60,180,2,341600
25259,97,1,1,1,34637
25259,948,6,18,2,117655
25259,2397,1,1,0,64704
25259,2402,1,1,0,103503
25259,2406,1,1,0,39800
25259,4069,81,243,0,56359
25259,4070,40,120,0,173285
25259,4071,14,42,0,250509
25259,4115,12,36,1,316759
25259,4622,2,4,2,259654
25259,4623,2,6,2,194740
25259,4624,3,7,2,155792
25259,8176,1,3,101,250000
25259,9817,2,6,100,250000
25260,75,1,1,1,12437
25260,76,1,1,1,12437
25260,77,1,1,1,12437
25260,84,1,1,1,12437
25260,103,7,19,0,15941
25260,107,7,21,0,14802
25260,134,1,1,1,12437
25260,145,1,1,1,12437
25260,517,1,1,0,145109
25260,951,3,7,2,145286
25260,1149,1,1,0,145109
25260,1978,60,180,0,109762
25260,1983,23,67,0,200267
25260,2089,8,24,1,69984
25260,2090,14,40,1,41472
25260,2091,20,60,1,27994
25260,2092,3,7,1,223950
25260,2095,3,9,1,186625
25260,2096,4,10,1,159964
25260,2957,192,576,0,23469
25260,4055,116,346,0,57019
25260,4601,6,18,2,73988
25260,4602,2,4,2,295953
25260,4603,2,6,2,221965
25260,8176,1,2,101,250000
25260,9817,2,4,100,250000
25261,1342,20,60,2,559200
25262,1539,1,1,2,124267
25263,212,1,1,1,15454
25263,729,1,1,2,156899
25263,2504,1,1,1,15454
25263,5297,1,1,0,36252
25263,5298,1,1,0,57982
25263,5301,1,1,0,22306
25263,5478,9,27,0,226178
25263,5479,20,60,0,71620
25263,5482,28,84,0,114109
25263,5532,8,22,1,244891
25263,5543,4,12,1,463503
25263,6570,1,1,2,156899
25263,8176,1,4,101,250000
25263,9816,3,7,100,250000
25264,1343,20,60,2,932000
25265,1343,20,60,2,932000
25266,959,1,1,2,39110
25266,960,1,1,2,391104
25266,6370,1,1,1,10584
25266,6577,1,1,2,6519
25266,6684,1,1,0,19369
25266,6694,12,36,1,207484
25266,6711,12,36,0,311439
25267,1344,60,180,2,349167
25268,1344,60,180,2,349167
25269,289,1,1,1,21288
25269,730,1,3,2,596190
25269,5534,12,36,1,252231
25269,6326,1,1,0,49107
25269,6327,1,1,0,65498
25269,6328,1,1,0,98215
25269,6342,81,243,0,68599
25269,6344,20,60,0,179792
25269,6346,28,84,0,285214
25269,6578,1,1,2,63594
25269,8176,1,4,101,250000
25269,8619,1,1,102,250000
25269,9817,3,7,100,250000
25270,1344,20,60,2,898500
25271,1344,20,60,2,898500
25272,63,3,9,0,78438
25272,157,1,1,1,86625
25272,186,1,1,1,86625
25272,553,4,10,0,64233
25272,956,12,36,2,869675
25272,1940,60,180,0,114437
25272,2027,12,36,1,175775
25272,2422,4,12,0,58829
25272,2423,5,13,0,52292
25272,2446,5,15,0,47063
25272,2447,6,16,0,42784
25273,8176,1,3,101,250000
25273,9817,2,5,100,250000
25276,3936,1,1,2,733315
25276,6364,1,1,1,5292
25276,6372,1,1,1,5292
25276,6578,1,1,2,65184
25276,6688,8,22,1,163036
25276,6696,4,12,1,310549
25276,6698,81,243,0,60970
25276,6699,40,120,0,137001
25276,6700,14,42,0,214999
25276,6724,1,1,0,30755
25276,6725,1,1,0,46133
25276,6726,1,1,0,23061
25277,284,1,1,1,43795
25277,554,1,1,0,122181
25277,600,1,1,0,122181
25277,612,1,1,0,122181
25277,952,21,63,2,150500
25277,2464,1,1,0,122181
25277,4073,293,877,0,21689
25277,4097,60,180,0,105738
25277,4098,116,346,0,54929
25277,4100,192,576,0,33043
25277,4112,12,36,1,345098
25277,4604,2,6,2,263377
25277,4605,3,7,2,210701
25277,4606,3,9,2,175584
25277,8176,1,3,101,250000
25277,9814,2,5,100,250000
25278,1539,1,1,2,154489
25279,1342,20,60,2,695200
25280,300,1,1,1,52171
25280,856,1,1,0,166240
25280,887,1,1,0,249359
25280,918,1,1,0,124680
25280,947,1,1,2,301198
25280,948,3,9,2,313749
25280,4049,81,243,0,125385
25280,4050,440,1320,0,27265
25280,4051,140,420,0,53638
25280,4113,12,36,1,373636
25280,6571,1,1,2,21514
25280,8171,2,6,100,250000
25280,8176,1,3,101,250000
25281,236,1,1,1,21287
25281,959,1,1,2,38156
25281,960,1,1,2,381565
25281,5313,1,1,0,54308
25281,5314,1,1,0,54308
25281,5318,1,1,0,54308
25281,5319,1,1,0,54308
25281,5502,116,346,0,26901
25281,5503,23,67,0,138092
25281,5514,60,180,0,51784
25281,5515,16,48,0,194191
25281,5537,12,36,1,252359
25281,6577,1,1,2,6360
25281,8176,1,4,101,250000
25281,9814,3,7,100,250000
25282,959,1,1,2,39110
25282,960,1,1,2,391104
25282,6365,1,1,1,2646
25282,6366,1,1,1,2646
25282,6369,1,1,1,2646
25282,6577,1,1,2,6519
25282,6579,1,1,1,2646
25282,6676,1,1,0,15739
25282,6677,1,1,0,15739
25282,6681,1,1,0,15739
25282,6682,1,1,0,15739
25282,6685,1,1,0,15739
25282,6686,1,1,0,15739
25282,6689,2,6,1,299966
25282,6690,11,31,1,58345
25282,6693,6,18,1,103756
25282,6697,3,7,1,239975
25282,6703,8,24,0,223739
25282,6704,14,40,0,132586
25282,6708,20,60,0,89496
25282,6709,28,82,0,65807
25282,6712,36,108,0,49720
25282,6713,46,136,0,39340
25283,3936,1,3,2,653164
25283,6364,1,1,1,6285
25283,6372,1,1,1,6285
25283,6578,1,1,2,116118
25283,6688,8,22,1,193620
25283,6696,4,12,1,368805
25283,7575,1,1,1,18854
25283,7579,12,36,1,367231
25284,1344,60,180,2,403000
25285,1344,60,180,2,403000
25286,959,1,1,2,69671
25286,960,1,1,2,696707
25286,6365,1,1,1,3142
25286,6366,1,1,1,3142
25286,6367,1,1,1,18854
25286,6369,1,1,1,3142
25286,6577,1,1,2,11612
25286,6579,1,1,1,3142
25286,6689,16,48,1,44521
25286,6690,11,31,1,69277
25286,6691,12,36,1,363031
25286,6693,6,18,1,123197
25286,6697,3,7,1,284938
25286,10296,1,1,3,50000
25287,1344,60,180,2,403000
25288,1344,60,180,2,403000
25289,1344,60,180,2,403000
25290,3936,1,3,2,491453
25290,6367,1,1,1,14186
25290,6578,1,1,2,87369
25290,6674,1,1,0,15820
25290,6675,1,1,0,25313
25290,6691,12,36,1,273152
25290,6701,8,22,0,358823
25290,6702,24,72,0,144350
25291,1344,60,180,2,381000
25292,1344,60,180,2,381000
25293,959,1,1,2,52421
25293,960,1,1,2,524215
25293,6577,1,1,2,8737
25293,6674,1,1,0,23730
25293,6675,1,1,0,37696
25293,6684,1,1,0,25961
25293,6701,53,157,0,76894
25293,6702,24,72,0,216526
25293,6711,12,36,0,417437
25294,1344,60,180,2,381000
25295,1344,60,180,2,381000
25296,164,1,1,1,10855
25296,213,1,1,1,10855
25296,730,1,3,2,608047
25296,5533,4,12,1,385997
25296,5544,8,22,1,205662
25296,6326,1,1,0,50084
25296,6327,1,1,0,66801
25296,6328,1,1,0,100168
25296,6342,81,243,0,69963
25296,6344,20,60,0,183368
25296,6346,28,84,0,290887
25296,6578,1,1,2,64859
25296,8176,1,4,101,250000
25296,8619,1,1,102,250000
25296,9817,3,7,100,250000
25297,1344,60,180,2,339000
25298,1344,60,180,2,339000
25299,3936,1,1,2,509091
25299,6367,1,1,1,7348
25299,6578,1,1,2,45253
25299,6680,1,1,0,13446
25299,6691,3,9,1,565930
25299,6707,12,36,0,216212
25300,1344,60,180,2,403000
25301,1344,60,180,2,403000
25302,3936,1,1,2,563996
25302,6370,1,1,1,8140
25302,6578,1,1,2,50133
25302,6684,1,1,0,14897
25302,6694,3,9,1,638313
25302,6711,12,36,0,239529
25303,1344,60,180,2,447667
25304,1344,60,180,2,447667
25305,959,1,1,2,32276
25305,960,1,1,2,322761
25305,6370,1,1,1,8734
25305,6577,1,1,2,5380
25305,6694,3,9,1,684917
25305,6698,81,243,0,50316
25305,6699,40,120,0,113061
25305,6700,14,42,0,177429
25305,6724,1,1,0,25381
25305,6725,1,1,0,38072
25305,6726,1,1,0,19032
25306,3936,1,1,2,423622
25306,6364,1,1,1,3057
25306,6372,1,1,1,3057
25306,6578,1,1,2,37655
25306,6676,1,1,0,9092
25306,6677,1,1,0,9092
25306,6681,1,1,0,9092
25306,6682,1,1,0,9092
25306,6685,1,1,0,9092
25306,6686,1,1,0,9092
25306,6688,2,4,1,470926
25306,6696,4,12,1,179404
25306,6703,8,24,0,129405
25306,6704,14,40,0,76590
25306,6708,20,60,0,51698
25306,6709,28,82,0,37598
25306,6712,36,108,0,28721
25306,6713,4,10,0,295417
25307,1344,60,180,2,481167
25308,1344,60,180,2,481167
25309,959,1,1,2,27152
25309,960,1,1,2,271517
25309,6367,1,1,1,7348
25309,6577,1,1,2,4525
25309,6674,1,1,0,8194
25309,6675,1,1,0,13111
25309,6691,3,9,1,565930
25309,6701,8,22,0,185867
25309,6702,4,12,0,448612
25310,1344,60,180,2,403000
25311,1344,60,180,2,403000
25312,959,1,1,2,30080
25312,960,1,1,2,300800
25312,6364,1,1,1,4070
25312,6372,1,1,1,4070
25312,6577,1,1,2,5014
25312,6688,8,22,1,125392
25312,6696,4,12,1,238844
25312,6698,9,27,0,422035
25312,6699,40,120,0,105368
25312,6700,14,42,0,165359
25312,6724,1,1,0,23654
25312,6725,1,1,0,35481
25312,6726,1,1,0,17736
25313,1344,60,180,2,447667
25314,1344,60,180,2,447667
25315,959,1,1,2,32276
25315,960,1,1,2,322761
25315,6365,1,1,1,2184
25315,6366,1,1,1,2184
25315,6369,1,1,1,2184
25315,6577,1,1,2,5380
25315,6579,1,1,1,2184
25315,6678,1,1,0,18553
25315,6679,1,1,0,12987
25315,6683,1,1,0,12987
25315,6687,1,1,0,12987
25315,6689,2,6,1,247550
25315,6690,11,31,1,48150
25315,6693,6,18,1,85626
25315,6697,3,7,1,198041
25315,6705,23,67,0,96456
25315,6706,60,180,0,42074
25315,6710,11,31,0,240421
25315,6714,16,48,0,157777
25316,3936,1,1,2,423622
25316,6371,1,1,1,6114
25316,6578,1,1,2,37655
25316,6680,1,1,0,11189
25316,6695,3,9,1,462042
25316,6707,3,9,0,719639
25317,1344,60,180,2,481167
25318,1344,60,180,2,481167
25319,3936,1,3,2,558313
25319,6365,1,1,1,4029
25319,6366,1,1,1,4029
25319,6369,1,1,1,4029
25319,6578,1,1,2,99255
25319,6579,1,1,1,4029
25319,6676,1,1,0,23965
25319,6677,1,1,0,23965
25319,6681,1,1,0,23965
25319,6682,1,1,0,23965
25319,6685,1,1,0,23965
25319,6686,1,1,0,23965
25319,6689,16,48,1,57084
25319,6690,11,31,1,88825
25319,6693,6,18,1,157960
25319,6697,3,7,1,365340
25319,6703,112,336,0,24334
25319,6704,14,40,0,201883
25319,6708,20,60,0,136271
25319,6709,28,82,0,99106
25319,6712,36,108,0,75706
25319,6713,46,136,0,59899
25320,1344,60,180,2,458833
25321,1344,60,180,2,458833
25322,212,1,1,1,15392
25322,729,1,1,2,104185
25322,730,1,1,2,781387
25322,2504,1,1,1,15392
25322,5532,8,22,1,243921
25322,5543,4,12,1,461666
25322,6323,1,1,0,71974
25322,6324,1,1,0,95966
25322,6325,1,1,0,143948
25322,6341,81,243,0,82332
25322,6343,140,420,0,36284
25322,6345,40,120,0,230598
25322,6569,1,1,2,12502
25322,8176,1,4,101,250000
25322,9814,3,7,100,250000
25323,1343,20,60,2,901714
25324,1343,20,60,2,901714
25325,5311,1,1,1,25075
25325,5312,1,1,0,48286
25325,5315,1,1,0,68999
25325,5316,1,1,1,25075
25325,5317,1,1,0,48286
25325,5495,40,120,0,93119
25325,5522,4,12,1,469886
25325,5523,8,22,1,250606
25325,5527,9,27,0,325858
25325,5528,14,42,0,209480
25325,6570,1,1,2,158985
25325,6578,1,1,2,63594
25325,8172,3,7,100,250000
25325,8176,1,4,101,250000
25325,8619,1,1,102,250000
25326,1344,20,60,2,898500
25327,1344,20,60,2,898500
25328,81,1,1,1,7140
25328,151,1,1,1,7140
25328,730,1,3,2,599942
25328,2500,1,1,1,7140
25328,5311,1,1,0,16822
25328,5316,1,1,0,16822
25328,5522,4,12,0,315229
25328,5523,8,22,0,168122
25328,5529,9,27,1,112866
25328,5545,14,42,1,72557
25328,5546,5,15,1,223150
25328,6578,1,1,2,63994
25328,8176,1,4,101,250000
25328,8619,1,1,102,250000
25328,9814,3,7,100,250000
25329,1344,20,60,2,928000
25330,1344,20,60,2,928000
25331,1344,20,60,2,928000
25332,1344,20,60,2,928000
25333,47,2,4,0,256450
25333,260,1,1,1,181912
25333,628,4,12,0,137451
25333,6575,1,1,2,97404
25334,397,1,1,0,103876
25334,439,1,1,0,155814
25334,471,1,1,0,248995
25334,952,12,36,2,326537
25334,1954,24,72,0,251097
25334,1961,8,22,0,322432
25334,1962,53,157,0,69092
25334,2387,1,1,0,165996
25334,2935,24,72,0,167397
25335,203,1,1,1,6950
25335,204,1,1,1,5422
25335,205,1,1,1,5422
25335,206,1,1,1,5422
25335,356,1,1,0,47648
25335,951,1,1,2,376489
25335,1986,3,9,0,750202
25335,2112,7,21,1,44202
25335,2116,2,6,1,150309
25335,2117,3,7,1,120246
25335,2118,3,9,1,100205
25335,2503,1,1,1,5422
25335,2969,2,4,1,204613
25335,4601,1,3,2,230076
25335,4602,2,4,2,153385
25335,4603,2,6,2,115038
25335,8176,1,1,101,250000
25335,9814,1,2,100,250000
25336,79,1,1,1,15380
25336,2398,1,1,0,13930
25336,2399,1,1,0,13930
25336,2403,1,1,0,22294
25336,2404,1,1,0,22294
25336,4084,16,48,0,70244
25336,4085,23,67,0,49951
25336,4086,6,18,0,252921
25336,4087,11,31,0,144527
25336,4114,3,9,1,566134
25336,4613,1,3,2,173441
25336,4614,1,1,2,346882
25336,4615,1,1,2,346882
25336,6571,1,1,2,7186
25336,8176,1,1,101,250000
25336,9814,1,3,100,250000
25337,270,1,1,1,8856
25337,5311,1,1,0,6954
25337,5316,1,1,0,6954
25337,5522,4,12,0,130321
25337,5523,2,4,0,347523
25337,5538,3,9,1,419852
25337,6577,1,1,2,3968
25337,6578,1,1,2,26456
25337,8176,1,1,101,250000
25337,8619,1,1,102,250000
25337,9814,1,3,100,250000
25338,3936,1,1,2,344793
25338,6370,1,1,1,4976
25338,6578,1,1,2,30648
25338,6694,3,9,1,390226
25338,6698,9,27,0,258007
25338,6699,40,120,0,64416
25338,6700,14,42,0,101090
25338,6724,1,1,0,14461
25338,6725,1,1,0,21691
25338,6726,1,1,0,10843
25339,959,1,1,2,19519
25339,960,1,1,2,195186
25339,6371,1,1,1,5282
25339,6577,1,1,2,3253
25339,6678,1,1,0,11220
25339,6679,1,1,0,7854
25339,6683,1,1,0,7854
25339,6687,1,1,0,7854
25339,6695,3,9,1,399164
25339,6705,23,67,0,58331
25339,6706,6,18,0,254438
25339,6710,11,31,0,145393
25339,6714,16,48,0,95414
25340,1344,60,180,2,414167
25341,1344,60,180,2,414167
25342,3936,1,1,2,365972
25342,6578,1,1,2,32531
25342,6680,1,1,0,9666
25342,6707,3,9,0,621706
25342,7575,1,1,1,5282
25342,7579,3,9,1,411515
25343,1344,60,180,2,414167
25344,1344,60,180,2,414167
25345,1344,60,180,2,414167
25346,959,1,1,2,19519
25346,960,1,1,2,195186
25346,6367,1,1,1,5282
25346,6577,1,1,2,3253
25346,6674,1,1,0,5890
25346,6675,1,1,0,9425
25346,6691,3,9,1,406832
25346,6701,8,22,0,133615
25346,6702,4,12,0,322495
25347,1344,60,180,2,414167
25348,1344,60,180,2,414167
25349,3936,1,1,3,365972
25349,6578,1,1,2,32351
25349,6678,1,1,0,16830
25349,6679,1,1,0,11781
25349,6683,1,1,0,11871
25349,6684,1,1,1,9666
25349,6687,1,1,0,11871
25349,6705,23,67,0,87496
25349,6706,60,180,0,38165
25349,6710,11,31,0,218088
25349,6711,3,9,1,621706
25349,6714,16,48,0,143121
25350,1344,60,180,2,414167
25351,1344,60,180,2,414167
25352,261,1,1,1,95837
25352,395,1,1,0,199474
25352,417,4,12,0,39821
25352,1942,53,157,0,83336
25352,1943,24,72,0,283869
25352,2039,12,36,1,217072
25352,4559,3,7,2,133426
25352,4560,3,9,2,111189
25352,4561,4,10,2,95305
25352,6387,12,36,2,277791
25353,6036,1,1,2,8594
25354,397,1,1,1,207794
25354,630,6,16,0,30926
25354,951,1,1,2,475085
25354,952,12,36,2,154157
25354,1956,40,120,0,190655
25354,1961,53,157,1,92142
25354,2387,1,1,1,332060
25354,2412,1,1,0,238251
25354,2494,6,18,0,28349
25354,2930,140,420,0,38686
25354,2934,81,243,0,94151
25354,2935,192,576,1,41858
25354,6573,1,1,2,17419
25355,1341,20,60,2,565333
25356,6036,1,1,2,11307
25357,222,1,1,1,318120
25357,605,4,12,0,256557
25357,955,4,10,2,97301
25357,956,8,22,2,378396
25357,1123,8,22,0,136830
25357,6387,24,72,2,141898
25358,1061,1,1,2,99782
25359,1832,1,1,2,182933
25360,58,1,1,0,122830
25360,59,1,3,0,88788
25360,316,1,1,1,81587
25360,317,1,1,1,81587
25360,349,1,1,0,122830
25360,350,1,1,0,122830
25360,351,1,1,0,110956
25360,378,2,4,0,59192
25360,379,2,6,0,44393
25360,2030,3,9,1,591224
25360,6576,1,3,2,589746
25361,1341,10,30,2,710311
25362,86,1,1,1,33846
25362,179,1,1,1,33846
25362,180,1,1,1,33846
25362,181,1,1,1,33846
25362,182,1,1,1,33846
25362,183,1,1,1,33846
25362,184,1,1,1,33846
25362,185,1,1,1,33846
25362,433,6,16,0,16522
25362,434,1,1,0,181736
25362,435,1,1,0,181736
25362,466,4,12,0,36394
25362,467,5,13,0,32351
25362,468,5,15,0,29116
25362,955,4,10,2,103523
25362,956,8,22,2,402589
25362,1933,24,72,0,171268
25362,1936,53,157,0,54460
25362,2022,4,12,1,163267
25362,2023,2,4,1,346365
25362,6387,24,72,2,150971
25363,1831,1,1,2,490311
25364,1833,1,1,2,490311
25365,293,1,1,1,122380
25365,296,1,1,1,122380
25365,436,2,4,0,172819
25365,469,1,3,0,414341
25365,6387,12,36,2,98291
25366,259,1,1,1,338459
25366,848,3,9,0,142028
25366,879,3,7,0,256432
25366,911,4,10,0,91373
25366,1900,96,288,0,79638
25366,6575,1,1,2,60388
25366,6576,1,1,2,543494
25367,734,1,1,2,30644
25368,735,1,1,2,15322
25369,63,3,9,0,71556
25369,260,1,1,1,237073
25369,553,4,10,0,61334
25369,955,3,9,2,380816
25369,1940,60,180,0,104396
25369,2422,4,12,0,53667
25369,2423,5,13,0,47704
25369,2446,5,15,0,42934
25369,2447,6,16,0,39030
25370,735,1,1,2,16899
25371,6035,1,1,2,16899
25372,123,1,1,1,128884
25372,391,2,4,0,374353
25372,413,4,12,0,224798
25372,955,4,10,2,100243
25372,956,8,22,2,389836
25372,2017,8,22,1,179838
25372,5285,1,1,1,128884
25372,5531,24,72,1,71005
25372,6387,24,72,2,146188
25373,46,2,4,0,456101
25373,315,1,1,1,318120
25373,627,4,12,0,244158
25373,6387,12,36,2,283795
25373,6575,1,1,2,37839
25373,6576,1,1,2,340555
25374,1834,1,1,2,182933
25375,156,1,1,1,171845
25375,167,1,1,1,171845
25375,178,1,1,1,171846
25375,347,2,4,0,281012
25375,376,4,12,0,168739
25375,955,1,3,2,350848
25375,6575,1,1,2,38983
25375,6576,1,1,2,350848
25376,17,10,30,2,795667
25377,1060,1,1,2,353630
25378,258,1,1,1,515537
25378,432,2,4,0,374353
25378,465,4,12,0,224798
25378,955,4,10,2,100243
25378,956,8,22,2,389836
25378,6387,24,72,2,146188
25379,1831,1,1,2,424356
25380,292,1,1,1,318120
25380,392,2,4,0,227754
25380,414,1,3,0,547320
25380,955,4,10,2,97301
25380,956,8,22,2,378396
25380,6387,24,72,2,141898
25381,1833,1,1,2,424356
25382,734,1,1,2,26522
25383,225,1,1,1,83474
25383,851,6,18,0,22980
25383,882,5,15,0,41364
25383,914,1,1,0,206821
25383,1905,81,243,0,77246
25383,1906,40,120,0,221035
25383,1907,154,462,0,29055
25383,2052,12,36,1,209179
25383,6573,1,1,2,50028
25384,6036,1,1,2,10720
25385,61,9,25,0,10981
25385,280,1,1,1,91090
25385,607,9,27,0,10371
25385,1125,10,28,0,9825
25385,1949,112,336,0,34972
25385,1957,320,960,0,12240
25385,1963,203,607,0,19342
25385,2054,12,36,1,224010
25385,2427,10,30,0,9334
25385,2428,11,31,0,8890
25385,2451,1,1,0,186677
25385,2931,28,82,0,142432
25385,2932,36,108,0,108802
25385,2933,46,136,0,86085
25385,6574,1,1,2,467933
25386,1341,20,60,2,597333
25387,6036,1,1,2,11947
25388,297,1,1,1,87193
25388,396,1,1,0,219924
25388,1952,12,36,0,538011
25388,2055,12,36,1,208326
25388,6574,1,1,2,447912
25389,1341,20,60,2,565333
25390,6036,1,1,2,11307
25391,61,9,25,0,9654
25391,297,1,1,1,80080
25391,607,9,27,0,9117
25391,1125,10,28,0,8638
25391,1949,112,336,0,30746
25391,1957,320,960,0,10761
25391,1963,203,607,0,17005
25391,2055,12,36,1,191332
25391,2427,10,30,0,8206
25391,2428,1,1,0,164117
25391,2451,1,1,0,164117
25391,2931,28,82,0,125220
25391,2932,36,108,0,95653
25391,2933,46,136,0,756838
25391,6574,1,1,2,411373
25392,279,1,1,1,98899
25392,352,1,1,0,102760
25392,955,3,7,2,137691
25392,1941,14,42,0,167627
25392,2040,12,36,1,256030
25392,2377,1,1,0,164373
25392,2378,1,1,0,164373
25392,2918,40,120,0,87526
25392,2919,81,243,0,43222
25392,4562,1,3,2,344224
25392,4563,2,4,2,229483
25392,4564,2,6,2,172112
25393,1341,10,30,2,954667
25394,96,1,1,1,10519
25394,298,1,1,1,10519
25394,302,1,1,1,10519
25394,354,1,1,0,47697
25394,381,1,1,0,76225
25394,1959,12,36,0,135168
25394,1960,15,45,0,219971
25394,2062,5,15,1,94459
25394,2075,2,4,1,314863
25394,2076,2,6,1,236147
25394,6573,1,1,2,31224
25395,103,1,1,0,136338
25395,107,1,1,0,136338
25395,162,1,1,1,6137
25395,174,1,1,1,6137
25395,196,1,1,1,6137
25395,197,1,1,1,6137
25395,199,1,1,1,6137
25395,200,1,1,1,6137
25395,201,1,1,1,6137
25395,202,1,1,1,6137
25395,517,1,1,0,95466
25395,952,3,9,2,584108
25395,1149,1,1,0,95466
25395,1978,60,180,0,72211
25395,1983,23,67,0,131752
25395,2097,4,10,1,77575
25395,2098,4,12,1,67878
25395,2099,10,30,1,28575
25395,2100,17,49,1,17318
25395,2102,3,9,1,91832
25395,2103,2,6,1,142873
25395,2104,3,7,1,114299
25395,2105,5,13,1,60336
25395,2957,192,576,0,15440
25395,4055,116,346,0,37512
25395,4604,2,6,2,146027
25395,4605,3,7,2,116821
25395,4606,3,9,2,97351
25395,8176,1,1,101,250000
25395,9817,1,3,100,250000
25396,1342,20,60,2,559200
25397,1539,1,1,2,124267
25398,70,1,1,1,43596
25398,353,1,1,0,134016
25398,380,1,1,0,214426
25398,951,1,3,2,712587
25398,1950,53,157,0,62305
25398,1951,24,72,0,211973
25398,2047,4,12,1,332241
25398,2499,1,1,1,43596
25398,2967,8,22,1,174797
25399,1341,20,60,2,565333
25400,6036,1,1,2,11307
25401,224,1,1,1,49450
25401,437,1,1,0,205848
25401,470,4,12,0,41093
25401,956,12,36,2,956178
25401,1660,1,1,1,49450
25401,1944,53,157,0,85998
25401,1945,24,72,0,292940
25401,2038,4,12,1,350710
25401,2044,8,22,1,187045
25402,6036,1,1,2,9547
25403,1341,10,30,2,954667
25404,70,1,1,1,40040
25404,630,6,16,0,28403
25404,1956,40,120,0,175102
25404,2047,4,12,1,305138
25404,2412,1,1,0,218815
25404,2494,6,18,0,26036
25404,2499,1,1,1,40040
25404,2930,140,420,0,35530
25404,2934,81,243,0,86470
25404,2967,8,22,1,160538
25404,6573,1,1,2,47994
25405,6036,1,1,2,10107
25406,1341,20,60,2,505333
25407,97,1,1,1,23189
25407,947,1,1,2,151672
25407,2398,1,1,0,21002
25407,2399,1,1,0,21002
25407,2403,1,1,0,33613
25407,2404,1,1,0,33613
25407,4084,16,48,0,105909
25407,4085,23,67,0,75313
25407,4086,60,180,0,38134
25407,4087,11,31,0,217908
25407,4115,12,36,1,212676
25407,4613,1,3,2,261503
25407,4614,2,4,2,174335
25407,4615,2,6,2,130752
25407,8176,1,2,101,250000
25407,9814,1,4,100,250000
25408,1539,1,1,2,227733
25409,1342,60,180,2,341600
25410,71,1,1,1,39385
25410,72,1,1,1,39385
25410,852,1,1,0,258667
25410,883,6,16,0,35288
25410,915,1,1,0,194081
25410,1908,81,243,0,90193
25410,1909,480,1440,0,21705
25410,1910,140,420,0,41495
25410,2059,8,22,1,171917
25410,2060,4,12,1,344573
25410,6573,1,1,2,60004
25410,8176,1,1,101,250000
25410,9814,1,2,100,250000
25411,1341,20,60,2,736000
25412,299,1,1,1,15949
25412,301,1,1,1,15949
25412,303,1,1,1,15949
25412,2113,5,15,1,142023
25412,2114,9,27,1,78902
25412,2122,2,6,1,334655
25412,2414,1,1,0,142161
25412,2497,1,1,0,203101
25412,2959,53,157,0,96614
25412,2966,24,72,0,334335
25412,4607,1,3,2,316811
25412,4608,2,4,2,211207
25412,4609,2,6,2,158406
25412,6573,1,1,2,19009
25412,8176,1,1,101,250000
25412,9814,1,3,100,250000
25413,1342,20,60,2,612000
25414,1539,1,1,2,136000
25415,159,1,1,1,15493
25415,187,1,1,1,15493
25415,188,1,1,1,15493
25415,189,1,1,1,15493
25415,190,1,1,1,15493
25415,438,1,1,0,195393
25415,952,12,36,2,386987
25415,1953,12,36,0,478000
25415,2048,2,6,1,222103
25415,2049,3,7,1,177603
25415,2050,7,21,1,67286
25415,2051,12,36,1,39250
25415,2058,3,9,1,148067
25415,8176,1,1,101,250000
25415,9815,1,2,100,250000
25416,1341,20,60,2,565333
25417,6036,1,1,2,11307
25418,103,1,1,0,131056
25418,107,1,1,0,131056
25418,162,1,1,1,5899
25418,174,1,1,1,5899
25418,196,1,1,1,5899
25418,197,1,1,1,5899
25418,199,1,1,1,5899
25418,200,1,1,1,5899
25418,201,1,1,1,5899
25418,202,1,1,1,5899
25418,517,1,1,0,91767
25418,1149,1,1,0,91767
25418,1978,60,180,0,69413
25418,1983,23,67,0,126648
25418,2097,4,10,1,74566
25418,2098,4,12,1,65245
25418,2099,10,30,1,27466
25418,2100,2,4,1,183108
25418,2102,3,9,1,88270
25418,2103,2,6,1,137332
25418,2104,3,7,1,109895
25418,2105,5,13,1,57992
25418,2957,192,576,0,14842
25418,4055,116,346,0,36058
25418,4607,1,3,2,280738
25418,4608,2,4,2,187159
25418,4609,2,6,2,140369
25418,6573,1,1,2,16844
25418,8176,1,1,101,250000
25418,9814,1,3,100,250000
25419,6036,1,1,2,17813
25420,266,1,1,1,38731
25420,442,1,1,0,73761
25420,473,1,1,0,117977
25420,952,21,63,2,93908
25420,1988,8,22,0,389745
25420,1989,24,72,0,191045
25420,2120,3,9,1,730779
25420,4604,2,6,2,164340
25420,4605,3,7,2,131472
25420,4606,3,9,2,109560
25420,8176,1,1,101,250000
25420,9816,1,3,100,250000
25421,1342,20,60,2,638400
25422,1539,1,1,2,141867
25423,234,1,1,1,18530
25423,2398,1,1,0,16783
25423,2399,1,1,0,16783
25423,2403,1,1,0,26861
25423,2404,1,1,0,26861
25423,4084,16,48,0,84631
25423,4085,23,67,0,60182
25423,4086,6,18,0,304725
25423,4087,11,31,0,174129
25423,4119,3,9,1,682092
25423,4622,1,3,2,208965
25423,4623,1,1,2,417930
25423,4624,2,4,2,139310
25423,6572,1,1,2,80799
25423,8172,1,4,100,250000
25423,8176,1,2,101,250000
25424,1539,1,1,2,196267
25425,1342,20,60,2,883200
25426,47,2,4,0,334212
25426,278,1,1,1,118536
25426,628,4,12,0,179130
25426,956,12,36,2,793367
25426,2029,12,36,1,219011
25427,1061,1,1,2,122901
25428,1832,1,1,2,225319
25429,223,1,1,1,19756
25429,238,1,1,1,19756
25429,239,1,1,1,19756
25429,241,1,1,1,19756
25429,393,1,1,0,125544
25429,394,1,1,0,125544
25429,415,1,1,0,200664
25429,416,1,1,0,200664
25429,1938,60,180,0,164579
25429,1939,28,84,0,460777
25429,2028,27,81,1,64638
25429,6575,1,1,2,126939
25430,6035,1,1,2,15322
25431,60,1,1,0,84722
25431,265,1,1,1,31460
25431,1977,15,45,0,384443
25431,2108,12,36,1,173998
25431,4610,1,3,2,280738
25431,4611,2,4,2,187156
25431,4612,2,6,2,140369
25431,6574,1,1,2,144379
25431,8176,1,1,101,250000
25431,9817,1,3,100,250000
25432,1341,20,60,2,890667
25433,6036,1,1,2,17813
25434,78,1,1,1,10111
25434,142,1,1,1,10111
25434,148,1,1,1,10111
25434,554,1,1,0,84625
25434,600,1,1,0,84625
25434,612,1,1,0,84625
25434,948,1,3,2,547258
25434,2464,1,1,0,84625
25434,4073,23,67,0,195295
25434,4097,60,180,0,73236
25434,4098,116,346,0,38045
25434,4100,192,576,0,22886
25434,4104,5,15,1,193268
25434,4107,9,27,1,105707
25434,4108,14,42,1,67955
25434,6572,1,1,2,116749
25434,8176,1,2,101,250000
25434,9814,1,4,100,250000
25435,1539,1,1,2,188978
25436,1342,20,60,2,850400
25437,60,1,1,0,88136
25437,265,1,1,1,49092
25437,1977,12,36,0,333282
25437,2108,3,9,1,724049
25437,4607,1,3,2,292053
25437,4608,2,4,2,194702
25437,4609,2,6,2,146027
25437,6573,1,1,2,17523
25437,8176,1,1,101,250000
25437,9814,1,3,100,250000
25438,60,1,1,0,84722
25438,283,1,1,1,47190
25438,951,3,7,2,91878
25438,1977,12,36,0,320369
25438,2109,3,9,1,728579
25438,4601,1,3,2,280738
25438,4602,2,4,2,187159
25438,4603,2,6,2,140369
25438,8176,1,1,101,250000
25438,9814,1,3,100,250000
25439,1341,20,60,2,890667
25440,6036,1,1,2,17813
25441,283,1,1,1,49092
25441,854,1,1,0,159081
25441,885,1,1,0,238568
25441,917,1,1,0,119323
25441,1914,81,243,0,62505
25441,1915,280,840,0,28357
25441,1916,20,60,0,191744
25441,2109,12,36,1,189485
25441,4610,1,3,2,292053
25441,4611,2,4,2,194702
25441,4612,2,6,2,146027
25441,6574,1,1,2,150198
25441,8176,1,1,101,250000
25441,9815,1,3,100,250000
25442,1342,20,60,2,559200
25443,1539,1,1,2,124267
25444,288,1,1,1,17488
25444,729,1,1,2,59184
25444,730,1,1,2,443880
25444,5287,1,1,0,15381
25444,5288,1,1,0,24612
25444,5293,1,1,0,9466
25444,5520,9,27,0,98138
25444,5521,3,7,0,249300
25444,5524,4,12,0,337493
25444,5535,3,9,1,71021
25444,6569,1,1,2,7102
25444,8176,1,2,101,250000
25444,9814,1,4,100,250000
25445,1343,20,60,2,871429
25446,1343,20,60,2,871429
25447,164,1,1,1,6687
25447,213,1,1,1,6687
25447,959,1,1,2,23971
25447,960,1,1,2,239707
25447,5326,1,1,0,14002
25447,5329,1,1,0,14002
25447,5487,4,12,0,260220
25447,5488,8,22,0,138784
25447,5533,4,12,1,237763
25447,5544,8,22,1,126682
25447,6577,1,1,2,3995
25447,8176,1,2,101,250000
25447,8619,1,1,102,250000
25447,9814,2,4,100,250000
25448,1344,20,60,2,928000
25449,1344,20,60,2,928000
25450,959,1,1,2,50985
25450,960,1,1,2,509847
25450,6364,1,1,1,6899
25450,6372,1,1,1,6899
25450,6577,1,1,2,8498
25450,6676,1,1,0,20517
25450,6677,1,1,0,20517
25450,6681,1,1,0,20517
25450,6682,1,1,0,20517
25450,6685,1,1,0,20517
25450,6686,1,1,0,20517
25450,6688,8,22,1,212535
25450,6696,4,12,1,404834
25450,6703,112,336,0,20833
25450,6704,14,40,0,172836
25450,6708,20,60,0,116664
25450,6709,28,82,0,84846
25450,6712,36,108,0,64813
25450,6713,46,136,0,51280
25451,1344,60,180,2,381000
25452,1344,60,180,2,381000
25453,305,1,1,1,21287
25453,959,1,1,2,38156
25453,960,1,1,2,381565
25453,5320,1,1,0,22289
25453,5323,1,1,0,22289
25453,5480,4,12,0,412748
25453,5481,8,22,0,220132
25453,5541,12,36,1,252257
25453,6577,1,1,2,6360
25453,8176,1,4,101,250000
25453,8619,1,1,102,250000
25453,9815,3,7,100,250000
25454,1344,20,60,2,898500
25455,1344,20,60,2,898500
25456,266,1,1,1,40182
25456,951,3,7,2,111598
25456,2120,3,9,1,758154
25456,2414,1,1,0,153011
25456,2497,1,1,0,218603
25456,2959,53,157,0,103989
25456,2966,192,576,0,44982
25456,4601,1,3,2,340993
25456,4602,2,4,2,227329
25456,4603,1,1,2,170497
25456,8172,1,4,100,250000
25456,8176,1,2,101,250000
25457,1342,20,60,2,666400
25458,1539,1,1,2,148089
25459,1342,20,60,2,666400
25460,300,1,1,1,27701
25460,357,1,1,0,19325
25460,383,1,1,0,30914
25460,951,3,7,2,109040
25460,2376,1,1,0,19325
25460,2379,1,1,0,30914
25460,4056,16,48,0,87226
25460,4057,60,180,0,35948
25460,4064,23,67,0,62027
25460,4065,11,31,0,205415
25460,4113,12,36,1,198387
25460,4601,1,3,2,33178
25460,4602,2,4,2,222119
25460,4603,2,6,2,166589
25460,8176,1,1,101,250000
25460,9814,1,3,100,250000
25461,1539,1,1,2,161067
25462,1342,20,60,2,724800
25463,234,1,1,1,20716
25463,947,1,1,2,180661
25463,948,1,3,2,564564
25463,2391,1,1,0,23097
25463,2392,1,1,0,23097
25463,4082,24,72,0,82019
25463,4083,8,22,0,262459
25463,4119,3,9,1,762545
25463,6571,1,1,2,12904
25463,8176,1,2,101,250000
25463,9816,1,4,100,250000
25464,1539,1,1,2,196267
25465,1342,20,60,2,883200
25466,1539,1,1,2,196267
25467,269,1,1,1,17093
25467,729,1,1,2,57847
25467,730,1,1,2,433857
25467,5289,1,1,0,40082
25467,5292,1,1,0,57273
25467,5294,1,1,0,40082
25467,5494,40,120,0,70291
25467,5525,9,27,0,229945
25467,5526,14,42,0,147822
25467,5539,3,9,1,677176
25467,6569,1,1,2,6942
25467,8176,1,2,101,250000
25467,9817,1,2,100,250000
25468,1343,20,60,2,842286
25469,1343,20,60,2,842286
25470,98,1,1,1,17866
25470,5290,1,1,0,47169
25470,5291,1,1,0,47169
25470,5295,1,1,0,47169
25470,5296,1,1,0,47169
25470,5496,11,31,0,234357
25470,5497,23,67,0,109367
25470,5508,60,180,0,41012
25470,5509,16,48,0,153796
25470,5542,3,9,1,707824
25470,6569,1,1,2,10884
25470,6570,1,1,2,90698
25470,8176,1,2,101,250000
25470,8619,1,1,102,250000
25470,9817,1,5,100,250000
25471,1343,20,60,2,901714
25472,1343,20,60,2,901714
25473,91,1,1,1,13771
25473,92,1,1,1,13771
25473,856,1,1,0,87763
25473,887,1,1,0,131644
25473,918,1,1,0,65822
25473,4049,81,243,0,66195
25473,4050,40,120,0,158336
25473,4051,14,42,0,283171
25473,4105,4,12,1,329047
25473,4106,8,22,1,172612
25473,4607,1,3,2,331276
25473,4608,2,4,2,220850
25473,4609,2,6,2,165638
25473,6573,1,1,2,19876
25473,8176,1,1,101,250000
25473,9816,1,3,100,250000
25474,1539,1,1,2,167822
25475,78,1,1,1,10111
25475,142,1,1,1,10111
25475,148,1,1,1,10111
25475,357,1,1,0,21162
25475,383,1,1,0,33852
25475,947,1,1,2,175123
25475,948,1,3,2,547260
25475,2376,1,1,0,21162
25475,2379,1,1,0,33852
25475,4056,16,48,0,95515
25475,4057,60,180,0,39364
25475,4064,23,67,0,67922
25475,4065,11,31,0,224936
25475,4104,5,15,1,193268
25475,4107,9,27,1,105707
25475,4108,14,42,1,67955
25475,4617,2,4,2,201291
25475,8176,1,1,101,250000
25475,9814,1,4,100,250000
25476,1539,1,1,2,188978
25477,1342,20,60,2,850400
25478,235,1,1,1,17488
25478,729,1,1,2,88776
25478,5304,1,1,0,20512
25478,5305,1,1,0,32807
25478,5308,1,1,0,12621
25478,5485,9,27,0,127973
25478,5486,3,7,0,324182
25478,5489,28,84,0,64564
25478,5536,3,9,1,698990
25478,6570,1,1,2,88776
25478,8176,1,2,101,250000
25478,9816,1,5,100,250000
25479,1343,20,60,2,871429
25480,1343,20,60,2,871429
25481,229,1,1,1,14226
25481,243,1,1,1,14226
25481,948,1,3,2,384995
25481,2384,1,1,0,35288
25481,2388,1,1,0,56446
25481,2390,1,1,0,21705
25481,4066,9,27,0,276625
25481,4067,40,120,0,94503
25481,4068,14,42,0,136618
25481,4109,4,12,1,334649
25481,4110,8,22,1,178480
25481,4616,2,4,2,141607
25481,4617,2,6,2,106205
25481,4618,3,7,2,84694
25481,8176,1,1,101,250000
25481,9814,1,3,100,250000
25482,1539,1,1,0,174578
25483,1342,20,60,2,785600
25484,229,1,1,1,13814
25484,243,1,1,1,13814
25484,503,1,1,0,51388
25484,633,1,1,0,73415
25484,673,1,1,0,73415
25484,2415,1,1,0,51388
25484,4072,23,67,0,153509
25484,4101,116,346,0,38598
25484,4102,16,48,0,215872
25484,4109,4,12,1,324945
25484,4110,8,22,1,173304
25484,4439,60,180,0,88393
25484,4607,1,3,2,332294
25484,4608,2,4,2,221529
25484,4609,2,6,2,166147
25484,6573,1,1,2,19938
25484,8176,1,1,101,250000
25484,9814,1,3,100,250000
25485,1539,1,1,2,154489
25486,1342,20,60,2,695200
25487,62,11,33,0,4815
25487,89,1,1,1,9846
25487,160,1,1,1,9846
25487,161,1,1,1,9846
25487,173,1,1,1,9846
25487,191,1,1,1,9846
25487,192,1,1,1,9846
25487,193,1,1,1,9846
25487,194,1,1,1,9846
25487,1958,220,660,0,10507
25487,2061,2,6,1,167705
25487,2063,3,7,1,134164
25487,2064,3,9,1,111803
25487,2065,4,10,1,95832
25487,2066,10,30,1,34035
25487,2067,4,12,1,78187
25487,2068,5,13,1,69499
25487,2069,17,49,1,20623
25487,2429,12,34,0,4606
25487,2430,12,36,0,4414
25487,2431,13,37,0,4237
25487,2432,13,39,0,4074
25487,2433,1,1,0,105934
25487,2452,1,1,0,105934
25487,2453,1,1,0,105934
25487,2454,1,1,0,105934
25487,2937,378,1134,0,6115
25487,2938,26,78,0,88904
25487,2939,35,105,0,66043
25487,2940,45,135,0,51367
25487,2941,56,168,0,41277
25487,2942,68,204,0,33993
25487,2943,81,243,0,28538
25487,2944,95,285,0,24333
25487,6574,1,1,2,514316
25487,8170,1,2,100,250000
25487,8176,1,1,101,250000
25488,6036,1,1,2,14720
25489,1341,20,60,2,736000
25490,263,1,1,1,78771
25490,631,6,16,0,27504
25490,951,1,3,2,818230
25490,1964,40,120,0,155854
25490,2073,12,36,1,223615
25490,2413,1,1,0,211799
25490,2495,6,18,0,25212
25490,2936,140,420,0,40445
25490,2945,81,243,0,76965
25490,8176,1,1,101,250000
25490,9816,1,2,100,250000
25491,6036,1,1,2,14720
25492,1341,20,60,2,736000
25493,91,1,1,1,15167
25493,92,1,1,1,15167
25493,503,1,1,0,56421
25493,633,1,1,0,80606
25493,673,1,1,0,80606
25493,947,1,1,2,131342
25493,2415,1,1,0,56421
25493,4072,23,67,0,168546
25493,4101,116,346,0,42379
25493,4102,192,576,0,19751
25493,4105,4,12,1,362385
25493,4106,8,22,1,190101
25493,4439,60,180,0,97051
25493,4613,1,3,2,226452
25493,4614,2,4,2,150968
25493,4615,1,1,2,452905
25493,8176,1,2,101,250000
25493,9816,1,4,100,250000
25494,1539,1,1,2,188978
25495,1342,20,60,2,850400
25496,267,1,1,1,27543
25496,554,1,1,0,76839
25496,600,1,1,0,76839
25496,612,1,1,0,76839
25496,2464,1,1,0,76839
25496,4073,23,67,0,177329
25496,4097,60,180,0,66498
25496,4098,116,346,0,34545
25496,4100,192,576,0,20781
25496,4111,12,36,1,219361
25496,4610,1,3,2,331275
25496,4611,2,4,2,220850
25496,4612,2,6,2,165638
25496,6574,1,1,2,170370
25496,8176,1,1,101,250000
25496,9816,1,3,100,250000
25497,1342,20,60,2,755200
25498,231,1,1,1,24546
25498,233,1,1,1,24546
25498,854,1,1,0,159081
25498,885,1,1,0,238568
25498,917,1,1,0,119323
25498,951,3,7,2,95581
25498,1914,81,243,0,62505
25498,1915,280,840,0,28357
25498,1916,20,60,0,191744
25498,2106,4,12,1,276250
25498,2107,8,22,1,147333
25498,4601,1,3,2,292054
25498,4602,2,4,2,194703
25498,4603,2,6,2,146027
25498,8176,1,1,101,250000
25498,9816,1,3,100,250000
25499,1342,20,60,2,559200
25500,1539,1,1,2,124267
25501,224,1,1,1,47918
25501,395,1,1,2,199474
25501,417,4,12,2,39821
25501,1660,1,1,1,47918
25501,1942,53,157,2,83336
25501,1943,24,72,2,283869
25501,2038,4,12,1,339851
25501,2044,8,22,1,181254
25501,4553,1,3,3,333565
25501,4554,2,4,3,222377
25501,4555,2,6,3,166783
25501,6575,1,1,4,37063
25504,62,11,33,2,4689
25504,96,1,1,1,25568
25504,298,1,1,1,25568
25504,302,1,1,1,25568
25504,951,1,1,3,531163
25504,952,12,36,3,162300
25504,1958,220,660,2,10231
25504,2062,5,15,1,176758
25504,2075,9,27,1,98199
25504,2076,2,6,1,441895
25504,2429,12,34,2,4485
25504,2430,12,36,2,4298
25504,2431,13,37,2,4126
25504,2432,13,39,2,3967
25504,2433,1,1,2,103153
25504,2452,1,1,2,103153
25504,2453,1,1,2,103153
25504,2454,1,1,2,103153
25504,2937,378,1134,2,5955
25504,2938,26,78,2,86570
25504,2939,35,105,2,64309
25504,2940,45,135,2,50019
25504,2941,56,168,2,40193
25504,2942,68,204,2,33100
25504,2943,81,243,2,27788
25504,2944,95,285,2,23694
25504,6573,1,1,3,19476
25506,281,1,1,1,70504
25506,397,1,1,2,142372
25506,1961,53,157,2,63132
25506,2074,12,36,2,183398
25506,2387,1,1,2,227514
25506,2935,24,72,2,229435
25506,6574,1,1,3,460338
25509,91,1,1,1,7113
25509,92,1,1,1,7113
25509,947,1,1,3,123197
25509,2397,1,1,2,35288
25509,2402,1,1,2,56446
25509,2406,1,1,2,21705
25509,4069,9,27,2,276625
25509,4070,40,120,2,94503
25509,4071,14,42,2,136618
25509,4105,6,18,1,113306
25509,4106,2,6,1,334340
25509,4613,1,3,4,212410
25509,4614,2,4,4,141607
25509,4615,1,1,4,424821
25509,7892,1,1,1,7113
25509,7900,1,1,1,7113
25509,8339,11,31,1,64746
25509,8347,3,7,1,244529
25512,78,1,1,1,9181
25512,142,1,1,1,9181
25512,148,1,1,1,9181
25512,357,1,1,2,19215
25512,383,1,1,2,30738
25512,952,21,63,4,94650
25512,2376,1,1,2,19215
25512,2379,1,1,2,30738
25512,4056,16,48,2,86728
25512,4057,60,180,2,35742
25512,4064,23,67,2,61673
25512,4065,11,31,2,204242
25512,4104,5,15,1,175496
25512,4107,9,27,1,95987
25512,4108,2,6,1,431942
25512,4604,2,6,3,165638
25512,4605,3,7,3,132510
25512,4606,3,9,3,110425
25514,3936,1,1,3,509091
25514,6367,1,1,1,7348
25514,6578,1,1,3,45253
25514,6678,1,1,2,15608
25514,6679,1,1,2,10925
25514,6683,1,1,2,10925
25514,6687,1,1,2,10925
25514,6691,3,9,1,565930
25514,6705,23,67,2,81141
25514,6706,60,180,2,35394
25514,6710,11,31,2,202250
25514,6714,16,48,2,132727
25515,1344,20,60,2,403000
25516,1344,20,60,2,403000
25523,6367,1,1,1,10483
25523,6570,1,1,3,161398
25523,6578,1,1,3,64559
25523,6678,1,1,2,22267
25523,6679,1,1,2,15586
25523,6683,1,1,2,15586
25523,6687,1,1,2,15586
25523,6691,12,36,1,201838
25523,6705,23,67,2,115759
25523,6706,60,180,2,50494
25523,6710,11,31,2,288537
25523,6714,16,48,2,189352
25523,8176,1,4,101,250000
25523,9817,3,7,100,250000
25524,81,1,1,1,9754
25524,151,1,1,1,9754
25524,959,1,1,3,52448
25524,960,1,1,3,524479
25524,2500,1,1,1,9754
25524,5311,1,1,2,22978
25524,5316,1,1,2,22978
25524,5522,4,12,2,430587
25524,5523,8,22,2,229647
25524,5529,9,27,1,154169
25524,5545,14,42,1,99109
25524,5546,5,15,1,304812
25524,6577,1,1,3,8742
25525,1344,60,180,2,359667
25526,1344,60,180,2,359667
25527,6365,1,1,1,2551
25527,6366,1,1,1,2551
25527,6369,1,1,1,2551
25527,6579,1,1,1,2551
25527,6689,2,6,1,289231
25527,6690,11,31,1,56257
25527,6693,6,18,1,100043
25527,6697,3,7,1,231387
25527,6698,81,243,2,58788
25527,6699,40,120,2,132098
25527,6700,14,42,2,207304
25527,6724,1,1,2,29654
25527,6725,1,1,2,44482
25527,6726,1,1,2,22236
25531,6578,1,1,3,23074
25531,6678,1,1,2,15917
25531,6679,1,1,2,11141
25531,6683,1,1,2,11141
25531,6687,1,1,2,11141
25531,6705,23,67,2,82748
25531,6706,60,180,2,36094
25531,6710,11,31,2,206253
25531,6714,16,48,2,135354
25531,7575,1,1,1,7493
25531,7579,3,9,1,583776
25531,9468,1,1,3,6671
25531,9474,1,1,3,6671
25531,9477,1,1,3,6671
25532,6365,1,1,1,1503
25532,6366,1,1,1,1503
25532,6369,1,1,1,1503
25532,6578,1,1,3,14813
25532,6579,1,1,1,1503
25532,6676,1,1,2,8942
25532,6677,1,1,2,8942
25532,6681,1,1,2,8942
25532,6682,1,1,2,8942
25532,6685,1,1,2,8942
25532,6686,1,1,2,8942
25532,6689,2,6,1,170414
25532,6690,2,4,1,232024
25532,6693,6,18,1,58945
25532,6697,3,7,1,136331
25532,6703,8,24,2,127110
25532,6704,14,40,2,75325
25532,6708,20,60,2,50844
25532,6709,28,82,2,36977
25532,6712,36,108,2,28246
25532,6713,4,10,2,290537
25532,9459,1,1,3,4283
25532,9462,1,1,3,4283
25532,9465,1,1,3,4283
25532,9471,1,1,3,4283
25532,10300,1,1,0,50000
25534,6680,1,1,2,21952
25534,6707,12,36,2,352969
25534,7575,1,1,1,11995
25534,7579,12,36,1,233638
29001,57,140000,170000,5,1000000
29001,57,140000,170000,6,1000000
29001,57,140000,170000,7,1000000
29001,57,140000,170000,8,1000000
29001,57,140000,170000,9,1000000
29001,57,140000,170000,10,1000000
29001,57,120000,150000,11,1000000
29001,70,1,1,0,60000
29001,159,1,1,0,55000
29001,188,1,1,0,55000
29001,189,1,1,0,55000
29001,225,1,1,0,55000
29001,262,1,1,0,50000
29001,280,1,1,0,55000
29001,297,1,1,0,55000
29001,353,1,2,2,375000
29001,380,1,2,2,375000
29001,396,1,2,3,425000
29001,438,1,2,3,425000
29001,607,1,3,4,200000
29001,630,1,3,4,200000
29001,851,1,2,1,350000
29001,882,1,2,1,350000
29001,914,1,2,1,300000
29001,955,1,3,4,200000
29001,1125,1,3,4,200000
29001,2412,1,3,4,200000
29001,2499,1,1,0,60000
29001,6660,1,1,12,300000
29006,57,100000,150000,3,1000000
29006,57,100000,150000,4,1000000
29006,57,100000,150000,5,1000000
29006,57,100000,150000,6,1000000
29006,57,100000,150000,7,1000000
29006,60,1,1,1,120000
29006,75,1,1,0,48000
29006,84,1,1,0,40000
29006,107,1,1,2,140000
29006,162,1,1,0,48000
29006,174,1,1,0,40000
29006,200,1,1,0,40000
29006,233,1,1,0,48000
29006,265,1,1,0,40000
29006,283,1,1,0,48000
29006,301,1,1,0,48000
29006,400,1,1,1,120000
29006,420,1,1,1,120000
29006,441,1,1,1,120000
29006,472,1,1,1,120000
29006,517,1,1,2,140000
29006,951,1,1,2,140000
29006,2435,1,1,2,140000
29006,2459,1,1,2,140000
29006,6662,1,1,8,300000
29006,8744,2,4,200,450000
29006,8745,2,4,200,400000
29006,8754,1,2,200,100000
29006,8755,1,2,200,50000
29014,57,110000,150000,4,1000000
29014,57,110000,150000,5,1000000
29014,57,110000,150000,6,1000000
29014,57,110000,150000,7,1000000
29014,57,110000,150000,8,1000000
29014,60,1,1,2,100000
29014,64,1,2,3,100000
29014,76,1,1,0,42000
29014,103,1,2,3,100000
29014,145,1,1,0,35000
29014,162,1,1,0,42000
29014,199,1,1,0,35000
29014,201,1,1,0,35000
29014,231,1,1,0,42000
29014,265,1,1,0,35000
29014,283,1,1,0,42000
29014,303,1,1,0,42000
29014,400,1,1,2,100000
29014,420,1,1,2,100000
29014,441,1,1,2,100000
29014,472,1,1,2,100000
29014,517,1,2,3,100000
29014,608,1,2,3,100000
29014,854,1,2,1,350000
29014,885,1,2,1,350000
29014,917,1,2,1,300000
29014,951,1,2,3,100000
29014,6661,1,1,9,300000
29014,8744,2,4,200,450000
29014,8745,2,4,200,400000
29014,8754,1,2,200,100000
29014,8755,1,2,200,50000
29019,57,14000000,18000000,24,1000000
29019,57,14000000,18000000,25,1000000
29019,57,14000000,18000000,26,1000000
29019,57,14000000,18000000,27,1000000
29019,57,14000000,18000000,28,1000000
29019,57,14000000,18000000,29,1000000
29019,57,9000000,13000000,30,1000000
29019,80,1,2,0,250000
29019,81,1,2,2,250000
29019,98,1,2,0,250000
29019,150,1,2,1,250000
29019,151,1,2,2,250000
29019,164,1,2,2,250000
29019,212,1,2,1,250000
29019,213,1,2,3,200000
29019,235,1,2,1,250000
29019,236,1,2,3,200000
29019,269,1,2,0,250000
29019,270,1,2,3,200000
29019,288,1,2,1,250000
29019,289,1,2,3,200000
29019,305,1,2,3,200000
29019,729,1,19,21,1000000
29019,1538,1,59,22,1000000
29019,2500,1,2,2,250000
29019,2504,1,2,0,250000
29019,3936,1,39,23,1000000
29019,5287,1,3,9,500000
29019,5288,1,3,12,350000
29019,5289,1,3,14,250000
29019,5290,1,3,16,250000
29019,5291,1,3,15,250000
29019,5292,1,3,17,400000
29019,5293,1,3,11,250000
29019,5294,1,3,14,250000
29019,5295,1,3,16,250000
29019,5296,1,3,15,250000
29019,5297,1,3,9,250000
29019,5298,1,3,12,350000
29019,5301,1,3,11,250000
29019,5304,1,3,9,250000
29019,5305,1,3,12,300000
29019,5308,1,3,11,250000
29019,5311,1,3,10,350000
29019,5312,1,3,14,250000
29019,5313,1,3,16,250000
29019,5314,1,3,15,250000
29019,5315,1,3,17,400000
29019,5316,1,3,11,80000
29019,5317,1,3,14,250000
29019,5318,1,3,16,250000
29019,5319,1,3,15,250000
29019,5320,1,3,10,350000
29019,5323,1,3,11,80000
29019,5326,1,3,10,300000
29019,5329,1,3,11,90000
29019,6323,1,5,7,300000
29019,6324,1,5,7,350000
29019,6325,1,5,7,350000
29019,6326,1,5,6,300000
29019,6327,1,5,6,350000
29019,6328,1,5,6,350000
29019,6364,1,1,4,170000
29019,6365,1,1,4,170000
29019,6366,1,1,5,200000
29019,6367,1,1,5,200000
29019,6369,1,1,4,170000
29019,6370,1,1,4,170000
29019,6371,1,1,5,200000
29019,6372,1,1,4,160000
29019,6579,1,1,5,200000
29019,6580,1,1,4,160000
29019,6656,1,1,31,1000000
29019,6674,1,1,13,150000
29019,6675,1,1,13,150000
29019,6676,1,1,18,340000
29019,6677,1,1,19,340000
29019,6678,1,1,17,200000
29019,6679,1,1,20,340000
29019,6680,1,1,13,350000
29019,6681,1,1,18,330000
29019,6682,1,1,19,330000
29019,6683,1,1,20,330000
29019,6684,1,1,13,350000
29019,6685,1,1,18,330000
29019,6686,1,1,19,330000
29019,6687,1,1,20,330000
29019,6724,1,1,8,350000
29019,6725,1,1,8,350000
29019,6726,1,1,8,300000
29019,7575,1,1,5,200000
29019,8751,2,4,200,166666
29019,8752,3,4,200,540000
29020,80,1,1,0,60000
29020,98,1,1,0,60000
29020,150,1,1,0,60000
29020,212,1,1,1,60000
29020,235,1,1,1,60000
29020,269,1,1,1,60000
29020,288,1,1,0,60000
29020,2504,1,1,1,60000
29020,6364,1,1,0,12000
29020,6365,1,1,0,12000
29020,6366,1,1,1,12000
29020,6367,1,1,0,9000
29020,6369,1,1,0,9000
29020,6370,1,1,0,9000
29020,6371,1,1,1,12000
29020,6372,1,1,1,12000
29020,6579,1,1,1,12000
29020,6580,1,1,0,9000
29020,6658,1,1,2,1000000
29020,7575,1,1,1,12000
29020,8620,5,15,102,800000
29020,8751,1,2,200,450000
29020,8752,1,2,200,400000
29020,8761,1,1,200,100000
29020,8762,1,1,200,50000
29022,57,180000,220000,6,1000000
29022,57,180000,220000,7,1000000
29022,57,180000,220000,8,1000000
29022,57,180000,220000,9,1000000
29022,57,180000,220000,10,1000000
29022,57,180000,220000,11,1000000
29022,57,180000,220000,12,1000000
29022,78,1,1,1,10000
29022,91,1,1,1,12000
29022,92,1,1,1,13000
29022,135,1,1,0,48000
29022,142,1,1,1,8000
29022,148,1,1,1,8000
29022,204,1,1,0,12000
29022,205,1,1,0,12000
29022,206,1,1,0,15000
29022,228,1,1,0,48000
29022,229,1,1,1,8000
29022,243,1,1,1,8000
29022,266,1,1,0,30000
29022,267,1,1,1,10000
29022,284,1,1,1,13000
29022,286,1,1,0,39000
29022,299,1,1,0,30000
29022,300,1,1,1,10000
29022,357,1,1,2,50000
29022,383,1,1,3,50000
29022,503,1,1,5,30000
29022,554,1,1,5,30000
29022,600,1,1,5,30000
29022,612,1,1,5,30000
29022,633,1,1,5,30000
29022,673,1,1,5,30000
29022,947,1,1,5,60000
29022,2376,1,1,2,50000
29022,2379,1,1,3,50000
29022,2384,1,1,2,50000
29022,2388,1,1,3,50000
29022,2390,1,1,4,100000
29022,2397,1,1,2,50000
29022,2402,1,1,3,50000
29022,2406,1,1,4,100000
29022,2415,1,1,5,30000
29022,2464,1,1,5,30000
29022,2503,1,1,0,36000
29022,5286,1,1,0,30000
29022,6659,1,1,13,1000000
29022,8747,2,4,200,450000
29022,8748,2,4,200,400000
29022,8757,1,2,200,100000
29022,8758,1,2,200,50000
29022,8922,1,1,14,100000
29022,10295,1,1,15,50000
29023,1061,4,8,2,200000
29024,1061,4,8,2,200000
29026,1061,4,8,2,200000
29027,1061,4,8,2,200000
29028,57,14000000,18000000,24,1000000
29028,57,14000000,18000000,25,1000000
29028,57,14000000,18000000,26,1000000
29028,57,14000000,18000000,27,1000000
29028,57,14000000,18000000,28,1000000
29028,57,14000000,18000000,29,1000000
29028,57,14000000,18000000,30,1000000
29028,57,14000000,18000000,31,1000000
29028,57,14000000,18000000,32,1000000
29028,57,2000000,6000000,33,1000000
29028,80,1,2,0,250000
29028,81,1,2,2,250000
29028,98,1,2,0,250000
29028,150,1,2,1,250000
29028,151,1,2,2,250000
29028,164,1,2,2,250000
29028,212,1,2,1,250000
29028,213,1,2,3,200000
29028,235,1,2,1,250000
29028,236,1,2,3,200000
29028,269,1,2,0,250000
29028,270,1,2,3,200000
29028,288,1,2,1,250000
29028,289,1,2,3,200000
29028,305,1,2,3,200000
29028,729,1,19,21,1000000
29028,1538,1,59,22,1000000
29028,2500,1,2,2,250000
29028,2504,1,2,0,250000
29028,3936,1,39,23,1000000
29028,5287,1,3,9,500000
29028,5288,1,3,12,350000
29028,5289,1,3,14,250000
29028,5290,1,3,16,250000
29028,5291,1,3,15,250000
29028,5292,1,3,17,400000
29028,5293,1,3,11,250000
29028,5294,1,3,14,250000
29028,5295,1,3,16,250000
29028,5296,1,3,15,250000
29028,5297,1,3,9,250000
29028,5298,1,3,12,350000
29028,5301,1,3,11,250000
29028,5304,1,3,9,250000
29028,5305,1,3,12,300000
29028,5308,1,3,11,250000
29028,5311,1,3,10,350000
29028,5312,1,3,14,250000
29028,5313,1,3,16,250000
29028,5314,1,3,15,250000
29028,5315,1,3,17,400000
29028,5316,1,3,11,80000
29028,5317,1,3,14,250000
29028,5318,1,3,16,250000
29028,5319,1,3,15,250000
29028,5320,1,3,10,350000
29028,5323,1,3,11,80000
29028,5326,1,3,10,300000
29028,5329,1,3,11,90000
29028,6323,1,5,7,300000
29028,6324,1,5,7,350000
29028,6325,1,5,7,350000
29028,6326,1,5,6,300000
29028,6327,1,5,6,350000
29028,6328,1,5,6,350000
29028,6364,1,1,4,170000
29028,6365,1,1,4,170000
29028,6366,1,1,5,200000
29028,6367,1,1,5,200000
29028,6369,1,1,4,170000
29028,6370,1,1,4,170000
29028,6371,1,1,5,200000
29028,6372,1,1,4,160000
29028,6579,1,1,5,200000
29028,6580,1,1,4,160000
29028,6657,1,1,34,1000000
29028,6674,1,1,13,150000
29028,6675,1,1,13,150000
29028,6676,1,1,18,340000
29028,6677,1,1,19,340000
29028,6678,1,1,17,200000
29028,6679,1,1,20,340000
29028,6680,1,1,13,350000
29028,6681,1,1,18,330000
29028,6682,1,1,19,330000
29028,6683,1,1,20,330000
29028,6684,1,1,13,350000
29028,6685,1,1,18,330000
29028,6686,1,1,19,330000
29028,6687,1,1,20,330000
29028,6724,1,1,8,350000
29028,6725,1,1,8,350000
29028,6726,1,1,8,300000
29028,7575,1,1,5,200000
29028,8620,12,19,102,1000000
29028,8751,2,4,200,450000
29028,8752,2,4,200,400000
29028,8761,1,2,200,100000
29028,8762,1,2,200,50000
29028,10549,1,1,35,333334
29028,10550,1,1,35,333333
29028,10551,1,1,35,333333
29028,13893,1,2,36,1000000
29030,6652,2,6,2,186739
29030,6654,18,54,2,64840
29030,6655,14,42,2,41683
29033,6652,2,6,2,189407
29033,6654,18,54,2,65766
29033,6655,14,42,2,42279
29036,6652,2,6,2,192247
29036,6654,18,54,2,66752
29036,6655,14,42,2,42912
29037,6652,2,6,2,194987
29037,6654,18,54,2,67704
29037,6655,14,42,2,43524
29040,6652,2,6,2,197626
29040,6654,18,54,2,68620
29040,6655,14,42,2,44113
29047,57,9000000,11000000,0,1000000
29047,57,9000000,11000000,19,1000000
29047,80,1,1,4,100000
29047,81,1,1,5,75000
29047,98,1,1,4,100000
29047,150,1,1,4,100000
29047,151,1,1,5,75000
29047,164,1,1,5,75000
29047,212,1,1,4,100000
29047,213,1,1,5,60000
29047,235,1,1,4,100000
29047,236,1,1,5,60000
29047,269,1,1,4,100000
29047,270,1,1,5,60000
29047,288,1,1,4,100000
29047,289,1,1,5,60000
29047,305,1,1,5,60000
29047,1538,1,30,14,1000000
29047,2500,1,1,5,75000
29047,2504,1,1,4,100000
29047,3936,1,10,13,1000000
29047,5287,1,1,10,210000
29047,5288,1,1,10,150000
29047,5289,1,1,10,150000
29047,5290,1,1,10,150000
29047,5291,1,1,10,150000
29047,5292,1,1,8,250000
29047,5293,1,1,9,120000
29047,5294,1,1,9,150000
29047,5295,1,1,9,150000
29047,5296,1,1,9,150000
29047,5297,1,1,10,180000
29047,5298,1,1,10,175000
29047,5301,1,1,9,108000
29047,5304,1,1,9,210000
29047,5305,1,1,9,175000
29047,5308,1,1,10,108000
29047,5311,1,1,7,150000
29047,5312,1,1,7,100000
29047,5313,1,1,7,100000
29047,5314,1,1,7,100000
29047,5315,1,1,8,150000
29047,5316,1,1,15,60000
29047,5317,1,1,15,100000
29047,5318,1,1,15,100000
29047,5319,1,1,15,100000
29047,5320,1,1,7,175000
29047,5323,1,1,15,102000
29047,5326,1,1,7,175000
29047,5329,1,1,15,102000
29047,6323,1,1,11,175000
29047,6324,1,1,11,150000
29047,6325,1,1,11,175000
29047,6326,1,1,11,210000
29047,6327,1,1,11,180000
29047,6328,1,1,11,210000
29047,6364,1,1,6,36000
29047,6365,1,1,6,36000
29047,6366,1,1,6,40000
29047,6367,1,1,6,40000
29047,6369,1,1,6,36000
29047,6370,1,1,6,36000
29047,6371,1,1,6,40000
29047,6372,1,1,6,36000
29047,6579,1,1,6,40000
29047,6580,1,1,6,20000
29047,6674,1,1,16,100000
29047,6675,1,1,16,100000
29047,6676,1,1,16,132000
29047,6677,1,1,16,132000
29047,6678,1,1,8,100000
29047,6679,1,1,16,132000
29047,6680,1,1,1,100000
29047,6681,1,1,1,132000
29047,6682,1,1,1,132000
29047,6683,1,1,1,132000
29047,6684,1,1,17,100000
29047,6685,1,1,17,136000
29047,6686,1,1,17,136000
29047,6687,1,1,17,136000
29047,6724,1,1,18,140000
29047,6725,1,1,18,120000
29047,6726,1,1,18,140000
29047,7575,1,1,6,40000
29047,8191,1,1,12,1000000
29047,8620,6,25,102,1000000
29047,8751,2,4,200,450000
29047,8752,2,4,200,400000
29047,8761,1,2,200,100000
29047,8762,1,2,200,50000
29047,10549,1,1,20,333334
29047,10550,1,1,20,333333
29047,10551,1,1,20,333333
29047,13893,1,2,21,700000
29066,57,14000000,18000000,24,1000000
29066,57,14000000,18000000,25,1000000
29066,57,14000000,18000000,26,1000000
29066,57,14000000,18000000,27,1000000
29066,57,14000000,18000000,28,1000000
29066,57,14000000,18000000,29,1000000
29066,57,9000000,13000000,30,1000000
29066,80,1,2,0,250000
29066,81,1,2,2,250000
29066,98,1,2,0,250000
29066,150,1,2,1,250000
29066,151,1,2,2,250000
29066,164,1,2,2,250000
29066,212,1,2,1,250000
29066,213,1,2,3,200000
29066,235,1,2,1,250000
29066,236,1,2,3,200000
29066,269,1,2,0,250000
29066,270,1,2,3,200000
29066,288,1,2,1,250000
29066,289,1,2,3,200000
29066,305,1,2,3,200000
29066,729,1,19,21,1000000
29066,1538,1,59,22,1000000
29066,2500,1,2,2,250000
29066,2504,1,2,0,250000
29066,3936,1,39,23,1000000
29066,5287,1,3,9,500000
29066,5288,1,3,12,350000
29066,5289,1,3,14,250000
29066,5290,1,3,16,250000
29066,5291,1,3,15,250000
29066,5292,1,3,17,400000
29066,5293,1,3,11,250000
29066,5294,1,3,14,250000
29066,5295,1,3,16,250000
29066,5296,1,3,15,250000
29066,5297,1,3,9,250000
29066,5298,1,3,12,350000
29066,5301,1,3,11,250000
29066,5304,1,3,9,250000
29066,5305,1,3,12,300000
29066,5308,1,3,11,250000
29066,5311,1,3,10,350000
29066,5312,1,3,14,250000
29066,5313,1,3,16,250000
29066,5314,1,3,15,250000
29066,5315,1,3,17,400000
29066,5316,1,3,11,80000
29066,5317,1,3,14,250000
29066,5318,1,3,16,250000
29066,5319,1,3,15,250000
29066,5320,1,3,10,350000
29066,5323,1,3,11,80000
29066,5326,1,3,10,300000
29066,5329,1,3,11,90000
29066,6323,1,5,7,300000
29066,6324,1,5,7,350000
29066,6325,1,5,7,350000
29066,6326,1,5,6,300000
29066,6327,1,5,6,350000
29066,6328,1,5,6,350000
29066,6364,1,1,4,170000
29066,6365,1,1,4,170000
29066,6366,1,1,5,200000
29066,6367,1,1,5,200000
29066,6369,1,1,4,170000
29066,6370,1,1,4,170000
29066,6371,1,1,5,200000
29066,6372,1,1,4,160000
29066,6579,1,1,5,200000
29066,6580,1,1,4,160000
29066,6656,1,1,31,1000000
29066,6674,1,1,13,150000
29066,6675,1,1,13,150000
29066,6676,1,1,18,340000
29066,6677,1,1,19,340000
29066,6678,1,1,17,200000
29066,6679,1,1,20,340000
29066,6680,1,1,13,350000
29066,6681,1,1,18,330000
29066,6682,1,1,19,330000
29066,6683,1,1,20,330000
29066,6684,1,1,13,350000
29066,6685,1,1,18,330000
29066,6686,1,1,19,330000
29066,6687,1,1,20,330000
29066,6724,1,1,8,350000
29066,6725,1,1,8,350000
29066,6726,1,1,8,300000
29066,7575,1,1,5,200000
29066,8751,2,4,200,166666
29066,8752,3,4,200,540000
29067,57,14000000,18000000,24,1000000
29067,57,14000000,18000000,25,1000000
29067,57,14000000,18000000,26,1000000
29067,57,14000000,18000000,27,1000000
29067,57,14000000,18000000,28,1000000
29067,57,14000000,18000000,29,1000000
29067,57,9000000,13000000,30,1000000
29067,80,1,2,0,250000
29067,81,1,2,2,250000
29067,98,1,2,0,250000
29067,150,1,2,1,250000
29067,151,1,2,2,250000
29067,164,1,2,2,250000
29067,212,1,2,1,250000
29067,213,1,2,3,200000
29067,235,1,2,1,250000
29067,236,1,2,3,200000
29067,269,1,2,0,250000
29067,270,1,2,3,200000
29067,288,1,2,1,250000
29067,289,1,2,3,200000
29067,305,1,2,3,200000
29067,729,1,19,21,1000000
29067,1538,1,59,22,1000000
29067,2500,1,2,2,250000
29067,2504,1,2,0,250000
29067,3936,1,39,23,1000000
29067,5287,1,3,9,500000
29067,5288,1,3,12,350000
29067,5289,1,3,14,250000
29067,5290,1,3,16,250000
29067,5291,1,3,15,250000
29067,5292,1,3,17,400000
29067,5293,1,3,11,250000
29067,5294,1,3,14,250000
29067,5295,1,3,16,250000
29067,5296,1,3,15,250000
29067,5297,1,3,9,250000
29067,5298,1,3,12,350000
29067,5301,1,3,11,250000
29067,5304,1,3,9,250000
29067,5305,1,3,12,300000
29067,5308,1,3,11,250000
29067,5311,1,3,10,350000
29067,5312,1,3,14,250000
29067,5313,1,3,16,250000
29067,5314,1,3,15,250000
29067,5315,1,3,17,400000
29067,5316,1,3,11,80000
29067,5317,1,3,14,250000
29067,5318,1,3,16,250000
29067,5319,1,3,15,250000
29067,5320,1,3,10,350000
29067,5323,1,3,11,80000
29067,5326,1,3,10,300000
29067,5329,1,3,11,90000
29067,6323,1,5,7,300000
29067,6324,1,5,7,350000
29067,6325,1,5,7,350000
29067,6326,1,5,6,300000
29067,6327,1,5,6,350000
29067,6328,1,5,6,350000
29067,6364,1,1,4,170000
29067,6365,1,1,4,170000
29067,6366,1,1,5,200000
29067,6367,1,1,5,200000
29067,6369,1,1,4,170000
29067,6370,1,1,4,170000
29067,6371,1,1,5,200000
29067,6372,1,1,4,160000
29067,6579,1,1,5,200000
29067,6580,1,1,4,160000
29067,6656,1,1,31,1000000
29067,6674,1,1,13,150000
29067,6675,1,1,13,150000
29067,6676,1,1,18,340000
29067,6677,1,1,19,340000
29067,6678,1,1,17,200000
29067,6679,1,1,20,340000
29067,6680,1,1,13,350000
29067,6681,1,1,18,330000
29067,6682,1,1,19,330000
29067,6683,1,1,20,330000
29067,6684,1,1,13,350000
29067,6685,1,1,18,330000
29067,6686,1,1,19,330000
29067,6687,1,1,20,330000
29067,6724,1,1,8,350000
29067,6725,1,1,8,350000
29067,6726,1,1,8,300000
29067,7575,1,1,5,200000
29067,8751,2,4,200,166666
29067,8752,3,4,200,540000
29068,57,14000000,18000000,24,1000000
29068,57,14000000,18000000,25,1000000
29068,57,14000000,18000000,26,1000000
29068,57,14000000,18000000,27,1000000
29068,57,14000000,18000000,28,1000000
29068,57,14000000,18000000,29,1000000
29068,57,9000000,13000000,30,1000000
29068,80,1,2,0,250000
29068,81,1,2,2,250000
29068,98,1,2,0,250000
29068,150,1,2,1,250000
29068,151,1,2,2,250000
29068,164,1,2,2,250000
29068,212,1,2,1,250000
29068,213,1,2,3,200000
29068,235,1,2,1,250000
29068,236,1,2,3,200000
29068,269,1,2,0,250000
29068,270,1,2,3,200000
29068,288,1,2,1,250000
29068,289,1,2,3,200000
29068,305,1,2,3,200000
29068,729,1,19,21,1000000
29068,1538,1,59,22,1000000
29068,2500,1,2,2,250000
29068,2504,1,2,0,250000
29068,3936,1,39,23,1000000
29068,5287,1,3,9,500000
29068,5288,1,3,12,350000
29068,5289,1,3,14,250000
29068,5290,1,3,16,250000
29068,5291,1,3,15,250000
29068,5292,1,3,17,400000
29068,5293,1,3,11,250000
29068,5294,1,3,14,250000
29068,5295,1,3,16,250000
29068,5296,1,3,15,250000
29068,5297,1,3,9,250000
29068,5298,1,3,12,350000
29068,5301,1,3,11,250000
29068,5304,1,3,9,250000
29068,5305,1,3,12,300000
29068,5308,1,3,11,250000
29068,5311,1,3,10,350000
29068,5312,1,3,14,250000
29068,5313,1,3,16,250000
29068,5314,1,3,15,250000
29068,5315,1,3,17,400000
29068,5316,1,3,11,80000
29068,5317,1,3,14,250000
29068,5318,1,3,16,250000
29068,5319,1,3,15,250000
29068,5320,1,3,10,350000
29068,5323,1,3,11,80000
29068,5326,1,3,10,300000
29068,5329,1,3,11,90000
29068,6323,1,5,7,300000
29068,6324,1,5,7,350000
29068,6325,1,5,7,350000
29068,6326,1,5,6,300000
29068,6327,1,5,6,350000
29068,6328,1,5,6,350000
29068,6364,1,1,4,170000
29068,6365,1,1,4,170000
29068,6366,1,1,5,200000
29068,6367,1,1,5,200000
29068,6369,1,1,4,170000
29068,6370,1,1,4,170000
29068,6371,1,1,5,200000
29068,6372,1,1,4,160000
29068,6579,1,1,5,200000
29068,6580,1,1,4,160000
29068,6656,1,1,31,1000000
29068,6674,1,1,13,150000
29068,6675,1,1,13,150000
29068,6676,1,1,18,340000
29068,6677,1,1,19,340000
29068,6678,1,1,17,200000
29068,6679,1,1,20,340000
29068,6680,1,1,13,350000
29068,6681,1,1,18,330000
29068,6682,1,1,19,330000
29068,6683,1,1,20,330000
29068,6684,1,1,13,350000
29068,6685,1,1,18,330000
29068,6686,1,1,19,330000
29068,6687,1,1,20,330000
29068,6724,1,1,8,350000
29068,6725,1,1,8,350000
29068,6726,1,1,8,300000
29068,7575,1,1,5,200000
29068,8751,2,4,200,166666
29068,8752,3,4,200,540000
29069,8600,4,36,0,700000
29069,8601,4,36,1,700000
29069,8602,4,36,2,700000
29069,8603,4,36,3,700000
29069,8604,4,36,4,700000
29069,8605,4,36,5,700000
29069,8606,4,36,6,700000
29069,8607,4,36,7,700000
29069,8608,4,36,8,700000
29069,8609,4,36,9,700000
29069,8610,4,36,10,700000
29069,8611,4,36,11,700000
29069,8612,4,36,12,700000
29069,8613,4,36,13,700000
29069,8614,4,36,14,700000
29095,960,1,1,4,450000
29095,6371,1,1,3,23810
29095,6684,1,1,2,71428
29095,6695,3,9,3,930000
29095,6711,15,29,2,700000
29095,10298,1,1,5,50000
29096,959,1,1,2,24745
29096,960,1,1,2,247447
29096,6370,1,1,1,8120
29096,6577,1,1,2,4124
29096,6674,1,1,0,8022
29096,6675,1,1,0,12803
29096,6694,3,9,1,726675
29096,6701,8,22,0,203579
29096,6702,4,12,0,491363
29096,8920,1,1,3,247447
29104,10015,1,1,1,1000000
29116,6577,1,1,1,5358
29116,6578,1,1,1,35718
29116,6676,1,1,2,6938
29116,6677,1,1,2,6938
29116,6681,1,1,2,6938
29116,6682,1,1,2,6938
29116,6685,1,1,2,6938
29116,6686,1,1,2,6938
29116,6703,8,24,2,10503
29116,6704,14,40,2,65483
29116,6708,20,60,2,44201
29116,6709,28,82,2,32146
29116,6712,36,108,2,24556
29116,6713,4,10,2,252577
29116,9458,1,1,3,3332
29116,9461,1,1,3,3332
29116,9464,1,1,3,3332
29116,9467,1,1,3,3332
29116,9470,1,1,3,3332
29116,9473,1,1,3,3332
29116,9476,1,1,3,3332
29117,6577,1,1,1,10715
29117,6578,1,1,1,71436
29117,6678,1,1,2,19817
29117,6679,1,1,2,13876
29117,6683,1,1,2,13876
29117,6687,1,1,2,13876
29117,6705,23,67,2,115459
29117,6706,60,180,2,50363
29117,6710,11,31,2,287788
29117,6714,16,48,2,188861
29117,10170,1,1,3,84497
36153,9581,1,1,1,100000
