id,npc_count,npc_template_id,x,y,z,heading,respawn_delay_s,key_npc_template_id,spawn_type
1,1,31468,182074,-85579,-7216,-32600,3600,31921,"MYSTERIOUS_BOX"
2,1,31469,183868,-85577,-7216,-32600,3600,31925,"MYSTERIOUS_BOX"
3,1,31470,185681,-85573,-7216,-32600,3600,31926,"MYSTERIOUS_BOX"
4,1,31471,187498,-85566,-7216,-32600,3600,31927,"MYSTERIOUS_BOX"
5,1,31472,189306,-85571,-7216,-32600,3600,31928,"MYSTERIOUS_BOX"
6,1,31473,180375,-88968,-7216,-32600,3600,31922,"MYSTERIOUS_BOX"
7,1,31474,182151,-88962,-7216,-32600,3600,31930,"MYSTERIOUS_BOX"
8,1,31475,183960,-88964,-7216,-32600,3600,31931,"MYSTERIOUS_BOX"
9,1,31476,185792,-88966,-7216,-32600,3600,31932,"MYSTERIOUS_BOX"
10,1,31477,187625,-88953,-7216,-32600,3600,31933,"MYSTERIOUS_BOX"
11,1,31478,173218,-85703,-7216,-16136,3600,31923,"MYSTERIOUS_BOX"
12,1,31479,173206,-83929,-7216,-15944,3600,31935,"MYSTERIOUS_BOX"
13,1,31480,173208,-82085,-7216,-15944,3600,31936,"MYSTERIOUS_BOX"
14,1,31481,173191,-80290,-7216,-16248,3600,31937,"MYSTERIOUS_BOX"
15,1,31482,173198,-78465,-7216,-15928,3600,31938,"MYSTERIOUS_BOX"
16,1,31483,175601,-81905,-7216,-16136,3600,31924,"MYSTERIOUS_BOX"
17,1,31484,175619,-80094,-7216,-15944,3600,31940,"MYSTERIOUS_BOX"
18,1,31485,175608,-78268,-7216,-15944,3600,31941,"MYSTERIOUS_BOX"
19,1,31486,175588,-76472,-7216,-16328,3600,31942,"MYSTERIOUS_BOX"
20,1,31487,175594,-74655,-7216,-15928,3600,31943,"MYSTERIOUS_BOX"
21,1,18120,182395,-85585,-7218,213,3600,31468,"PHYSICAL_MONSTER"
22,1,18132,182501,-85934,-7219,25522,3600,31468,"PHYSICAL_MONSTER"
23,1,18132,182554,-85213,-7219,43355,3600,31468,"PHYSICAL_MONSTER"
24,1,18132,181665,-85235,-7215,59734,3600,31468,"PHYSICAL_MONSTER"
25,1,18132,181654,-85920,-7219,5304,3600,31468,"PHYSICAL_MONSTER"
26,1,18132,182066,-85903,-7219,12563,3600,31468,"PHYSICAL_MONSTER"
27,1,18132,182075,-85234,-7219,49152,3600,31468,"PHYSICAL_MONSTER"
28,1,18133,181854,-85392,-7217,0,3600,31468,"PHYSICAL_MONSTER"
29,1,18133,182443,-85398,-7217,33539,3600,31468,"PHYSICAL_MONSTER"
30,1,18133,182384,-85861,-7219,24773,3600,31468,"PHYSICAL_MONSTER"
31,1,18133,181852,-85933,-7219,10102,3600,31468,"PHYSICAL_MONSTER"
32,1,18137,182558,-85773,-7217,30488,3600,31468,"PHYSICAL_MONSTER"
33,1,18137,182318,-85762,-7217,32291,3600,31468,"PHYSICAL_MONSTER"
34,1,18137,182066,-85779,-7217,29297,3600,31468,"PHYSICAL_MONSTER"
35,1,18137,181685,-85749,-7217,33937,3600,31468,"PHYSICAL_MONSTER"
36,1,18137,181678,-85562,-7218,56294,3600,31468,"PHYSICAL_MONSTER"
37,1,18137,181661,-85401,-7217,17482,3600,31468,"PHYSICAL_MONSTER"
38,1,18137,182258,-85398,-7217,374,3600,31468,"PHYSICAL_MONSTER"
39,1,18137,182543,-85417,-7217,2965,3600,31468,"PHYSICAL_MONSTER"
40,1,18137,182288,-85585,-7218,33297,3600,31468,"PHYSICAL_MONSTER"
41,1,18137,181886,-85582,-7218,32131,3600,31468,"PHYSICAL_MONSTER"
42,1,18120,182395,-85585,-7218,213,3600,31468,"MAGICAL_MONSTER"
43,1,18132,182501,-85934,-7219,25522,3600,31468,"MAGICAL_MONSTER"
44,1,18132,182554,-85213,-7219,43355,3600,31468,"MAGICAL_MONSTER"
45,1,18132,181665,-85235,-7215,59734,3600,31468,"MAGICAL_MONSTER"
46,1,18132,181654,-85920,-7219,5304,3600,31468,"MAGICAL_MONSTER"
47,1,18132,182066,-85903,-7219,12563,3600,31468,"MAGICAL_MONSTER"
48,1,18132,182075,-85234,-7219,49152,3600,31468,"MAGICAL_MONSTER"
49,1,18133,181854,-85392,-7217,0,3600,31468,"MAGICAL_MONSTER"
50,1,18133,182443,-85398,-7217,33539,3600,31468,"MAGICAL_MONSTER"
51,1,18133,182384,-85861,-7219,24773,3600,31468,"MAGICAL_MONSTER"
52,1,18133,181852,-85933,-7219,10102,3600,31468,"MAGICAL_MONSTER"
53,1,18137,182558,-85773,-7217,30488,3600,31468,"MAGICAL_MONSTER"
54,1,18137,182318,-85762,-7217,32291,3600,31468,"MAGICAL_MONSTER"
55,1,18137,182066,-85779,-7217,29297,3600,31468,"MAGICAL_MONSTER"
56,1,18137,181685,-85749,-7217,33937,3600,31468,"MAGICAL_MONSTER"
57,1,18137,181678,-85562,-7218,56294,3600,31468,"MAGICAL_MONSTER"
58,1,18137,181661,-85401,-7217,17482,3600,31468,"MAGICAL_MONSTER"
59,1,18137,182258,-85398,-7217,374,3600,31468,"MAGICAL_MONSTER"
60,1,18137,182543,-85417,-7217,2965,3600,31468,"MAGICAL_MONSTER"
61,1,18137,182288,-85585,-7218,33297,3600,31468,"MAGICAL_MONSTER"
62,1,18137,181886,-85582,-7218,32131,3600,31468,"MAGICAL_MONSTER"
63,1,18141,183458,-85470,-7218,53226,3600,31469,"PHYSICAL_MONSTER"
64,1,18141,183649,-85464,-7218,328,3600,31469,"PHYSICAL_MONSTER"
65,1,18141,183972,-85465,-7218,65503,3600,31469,"PHYSICAL_MONSTER"
66,1,18141,184240,-85470,-7218,65254,3600,31469,"PHYSICAL_MONSTER"
67,1,18141,184382,-85217,-7219,11169,3600,31469,"PHYSICAL_MONSTER"
68,1,18141,184104,-85219,-7219,33346,3600,31469,"PHYSICAL_MONSTER"
69,1,18141,183794,-85217,-7214,33954,3600,31469,"PHYSICAL_MONSTER"
70,1,18141,183524,-85220,-7216,64089,3600,31469,"PHYSICAL_MONSTER"
71,1,18141,183341,-85843,-7219,36011,3600,31469,"PHYSICAL_MONSTER"
72,1,18141,183548,-85836,-7218,61958,3600,31469,"PHYSICAL_MONSTER"
73,1,18141,183794,-85833,-7219,474,3600,31469,"PHYSICAL_MONSTER"
74,1,18141,184110,-85836,-7218,31355,3600,31469,"PHYSICAL_MONSTER"
75,1,18141,184387,-85984,-7219,59782,3600,31469,"PHYSICAL_MONSTER"
76,1,18141,183921,-85986,-7219,31729,3600,31469,"PHYSICAL_MONSTER"
77,1,18141,183679,-85986,-7218,29655,3600,31469,"PHYSICAL_MONSTER"
78,1,18141,183433,-85987,-7219,31798,3600,31469,"PHYSICAL_MONSTER"
79,1,18145,183458,-85470,-7218,53226,3600,31469,"MAGICAL_MONSTER"
80,1,18145,183649,-85464,-7218,328,3600,31469,"MAGICAL_MONSTER"
81,1,18145,183972,-85465,-7218,65503,3600,31469,"MAGICAL_MONSTER"
82,1,18145,184240,-85470,-7218,65254,3600,31469,"MAGICAL_MONSTER"
83,1,18145,184382,-85217,-7219,11169,3600,31469,"MAGICAL_MONSTER"
84,1,18145,184104,-85219,-7219,33346,3600,31469,"MAGICAL_MONSTER"
85,1,18145,183794,-85217,-7214,33954,3600,31469,"MAGICAL_MONSTER"
86,1,18145,183524,-85220,-7216,64089,3600,31469,"MAGICAL_MONSTER"
87,1,18145,183341,-85843,-7219,36011,3600,31469,"MAGICAL_MONSTER"
88,1,18145,183548,-85836,-7218,61958,3600,31469,"MAGICAL_MONSTER"
89,1,18145,183794,-85833,-7219,474,3600,31469,"MAGICAL_MONSTER"
90,1,18145,184110,-85836,-7218,31355,3600,31469,"MAGICAL_MONSTER"
91,1,18145,184387,-85984,-7219,59782,3600,31469,"MAGICAL_MONSTER"
92,1,18145,183921,-85986,-7219,31729,3600,31469,"MAGICAL_MONSTER"
93,1,18145,183679,-85986,-7218,29655,3600,31469,"MAGICAL_MONSTER"
94,1,18145,183433,-85987,-7219,31798,3600,31469,"MAGICAL_MONSTER"
95,1,18150,185710,-85584,-7218,833,3600,31470,"PHYSICAL_MONSTER"
96,1,18166,185185,-86027,-7219,0,3600,31470,"PHYSICAL_MONSTER"
97,1,18166,185325,-86029,-7219,7038,3600,31470,"PHYSICAL_MONSTER"
98,1,18166,185424,-86031,-7219,64871,3600,31470,"PHYSICAL_MONSTER"
99,1,18166,185543,-86030,-7219,32334,3600,31470,"PHYSICAL_MONSTER"
100,1,18166,185680,-86030,-7219,12416,3600,31470,"PHYSICAL_MONSTER"
101,1,18166,185828,-86027,-7219,18107,3600,31470,"PHYSICAL_MONSTER"
102,1,18166,186000,-86027,-7219,0,3600,31470,"PHYSICAL_MONSTER"
103,1,18166,186208,-86030,-7219,62180,3600,31470,"PHYSICAL_MONSTER"
104,1,18166,185182,-85877,-7219,28800,3600,31470,"PHYSICAL_MONSTER"
105,1,18166,185352,-85884,-7219,65106,3600,31470,"PHYSICAL_MONSTER"
106,1,18166,185538,-85888,-7218,772,3600,31470,"PHYSICAL_MONSTER"
107,1,18166,185699,-85886,-7219,130,3600,31470,"PHYSICAL_MONSTER"
108,1,18166,185854,-85897,-7219,46038,3600,31470,"PHYSICAL_MONSTER"
109,1,18166,186025,-85908,-7219,62633,3600,31470,"PHYSICAL_MONSTER"
110,1,18166,186277,-85919,-7219,2100,3600,31470,"PHYSICAL_MONSTER"
111,1,18166,185184,-85727,-7218,1184,3600,31470,"PHYSICAL_MONSTER"
112,1,18166,185367,-85735,-7218,31046,3600,31470,"PHYSICAL_MONSTER"
113,1,18166,185644,-85743,-7218,63871,3600,31470,"PHYSICAL_MONSTER"
114,1,18166,185825,-85736,-7218,3356,3600,31470,"PHYSICAL_MONSTER"
115,1,18166,186001,-85738,-7218,38901,3600,31470,"PHYSICAL_MONSTER"
116,1,18166,186251,-85742,-7218,65369,3600,31470,"PHYSICAL_MONSTER"
117,1,18166,185165,-85617,-7218,65287,3600,31470,"PHYSICAL_MONSTER"
118,1,18166,185440,-85622,-7218,282,3600,31470,"PHYSICAL_MONSTER"
119,1,18166,185647,-85633,-7218,36803,3600,31470,"PHYSICAL_MONSTER"
120,1,18166,185816,-85649,-7218,35670,3600,31470,"PHYSICAL_MONSTER"
121,1,18166,186019,-85640,-7218,23925,3600,31470,"PHYSICAL_MONSTER"
122,1,18166,186242,-85638,-7218,21593,3600,31470,"PHYSICAL_MONSTER"
123,1,18166,185205,-85487,-7218,62980,3600,31470,"PHYSICAL_MONSTER"
124,1,18166,185418,-85482,-7218,0,3600,31470,"PHYSICAL_MONSTER"
125,1,18166,185684,-85486,-7218,0,3600,31470,"PHYSICAL_MONSTER"
126,1,18166,185921,-85490,-7218,65359,3600,31470,"PHYSICAL_MONSTER"
127,1,18166,186132,-85487,-7218,886,3600,31470,"PHYSICAL_MONSTER"
128,1,18166,186271,-85474,-7218,23422,3600,31470,"PHYSICAL_MONSTER"
129,1,18166,185200,-85302,-7219,64692,3600,31470,"PHYSICAL_MONSTER"
130,1,18166,185433,-85293,-7218,403,3600,31470,"PHYSICAL_MONSTER"
131,1,18166,185711,-85283,-7219,376,3600,31470,"PHYSICAL_MONSTER"
132,1,18166,185909,-85286,-7219,31582,3600,31470,"PHYSICAL_MONSTER"
133,1,18166,186192,-85299,-7219,65057,3600,31470,"PHYSICAL_MONSTER"
134,1,18166,185205,-85102,-7219,64759,3600,31470,"PHYSICAL_MONSTER"
135,1,18166,185389,-85117,-7219,61258,3600,31470,"PHYSICAL_MONSTER"
136,1,18166,185575,-85127,-7219,64975,3600,31470,"PHYSICAL_MONSTER"
137,1,18166,185792,-85114,-7219,63615,3600,31470,"PHYSICAL_MONSTER"
138,1,18166,186029,-85114,-7219,61427,3600,31470,"PHYSICAL_MONSTER"
139,1,18166,186217,-85135,-7219,53988,3600,31470,"PHYSICAL_MONSTER"
140,1,18170,185447,-85798,-7217,20459,3600,31470,"PHYSICAL_MONSTER"
141,1,18170,185804,-85803,-7217,64864,3600,31470,"PHYSICAL_MONSTER"
142,1,18170,186103,-85775,-7217,998,3600,31470,"PHYSICAL_MONSTER"
143,1,18170,186117,-85383,-7217,32595,3600,31470,"PHYSICAL_MONSTER"
144,1,18170,185812,-85375,-7217,40404,3600,31470,"PHYSICAL_MONSTER"
145,1,18170,185357,-85377,-7217,1781,3600,31470,"PHYSICAL_MONSTER"
146,1,18170,185378,-85578,-7218,5415,3600,31470,"PHYSICAL_MONSTER"
147,1,18170,186078,-85580,-7218,64644,3600,31470,"PHYSICAL_MONSTER"
148,1,18154,185710,-85584,-7218,833,3600,31470,"MAGICAL_MONSTER"
149,1,18171,185185,-86027,-7219,0,3600,31470,"MAGICAL_MONSTER"
150,1,18171,185325,-86029,-7219,7038,3600,31470,"MAGICAL_MONSTER"
151,1,18171,185424,-86031,-7219,64871,3600,31470,"MAGICAL_MONSTER"
152,1,18171,185543,-86030,-7219,32334,3600,31470,"MAGICAL_MONSTER"
153,1,18171,185680,-86030,-7219,12416,3600,31470,"MAGICAL_MONSTER"
154,1,18171,185828,-86027,-7219,18107,3600,31470,"MAGICAL_MONSTER"
155,1,18171,186000,-86027,-7219,0,3600,31470,"MAGICAL_MONSTER"
156,1,18171,186208,-86030,-7219,62180,3600,31470,"MAGICAL_MONSTER"
157,1,18171,185182,-85877,-7219,28800,3600,31470,"MAGICAL_MONSTER"
158,1,18171,185352,-85884,-7219,65106,3600,31470,"MAGICAL_MONSTER"
159,1,18171,185538,-85888,-7218,772,3600,31470,"MAGICAL_MONSTER"
160,1,18171,185699,-85886,-7219,130,3600,31470,"MAGICAL_MONSTER"
161,1,18171,185854,-85897,-7219,46038,3600,31470,"MAGICAL_MONSTER"
162,1,18171,186025,-85908,-7219,62633,3600,31470,"MAGICAL_MONSTER"
163,1,18171,186277,-85919,-7219,2100,3600,31470,"MAGICAL_MONSTER"
164,1,18171,185184,-85727,-7218,1184,3600,31470,"MAGICAL_MONSTER"
165,1,18171,185367,-85735,-7218,31046,3600,31470,"MAGICAL_MONSTER"
166,1,18171,185644,-85743,-7218,63871,3600,31470,"MAGICAL_MONSTER"
167,1,18171,185825,-85736,-7218,3356,3600,31470,"MAGICAL_MONSTER"
168,1,18171,186001,-85738,-7218,38901,3600,31470,"MAGICAL_MONSTER"
169,1,18171,186251,-85742,-7218,65369,3600,31470,"MAGICAL_MONSTER"
170,1,18171,185165,-85617,-7218,65287,3600,31470,"MAGICAL_MONSTER"
171,1,18171,185440,-85622,-7218,282,3600,31470,"MAGICAL_MONSTER"
172,1,18171,185647,-85633,-7218,36803,3600,31470,"MAGICAL_MONSTER"
173,1,18171,185816,-85649,-7218,35670,3600,31470,"MAGICAL_MONSTER"
174,1,18171,186019,-85640,-7218,23925,3600,31470,"MAGICAL_MONSTER"
175,1,18171,186242,-85638,-7218,21593,3600,31470,"MAGICAL_MONSTER"
176,1,18171,185205,-85487,-7218,62980,3600,31470,"MAGICAL_MONSTER"
177,1,18171,185418,-85482,-7218,0,3600,31470,"MAGICAL_MONSTER"
178,1,18171,185684,-85486,-7218,0,3600,31470,"MAGICAL_MONSTER"
179,1,18171,185921,-85490,-7218,65359,3600,31470,"MAGICAL_MONSTER"
180,1,18171,186132,-85487,-7218,886,3600,31470,"MAGICAL_MONSTER"
181,1,18171,186271,-85474,-7218,23422,3600,31470,"MAGICAL_MONSTER"
182,1,18171,185200,-85302,-7219,64692,3600,31470,"MAGICAL_MONSTER"
183,1,18171,185433,-85293,-7218,403,3600,31470,"MAGICAL_MONSTER"
184,1,18171,185711,-85283,-7219,376,3600,31470,"MAGICAL_MONSTER"
185,1,18171,185909,-85286,-7219,31582,3600,31470,"MAGICAL_MONSTER"
186,1,18171,186192,-85299,-7219,65057,3600,31470,"MAGICAL_MONSTER"
187,1,18171,185205,-85102,-7219,64759,3600,31470,"MAGICAL_MONSTER"
188,1,18171,185389,-85117,-7219,61258,3600,31470,"MAGICAL_MONSTER"
189,1,18171,185575,-85127,-7219,64975,3600,31470,"MAGICAL_MONSTER"
190,1,18171,185792,-85114,-7219,63615,3600,31470,"MAGICAL_MONSTER"
191,1,18171,186029,-85114,-7219,61427,3600,31470,"MAGICAL_MONSTER"
192,1,18171,186217,-85135,-7219,53988,3600,31470,"MAGICAL_MONSTER"
193,1,18166,185447,-85798,-7217,20459,3600,31470,"MAGICAL_MONSTER"
194,1,18166,185804,-85803,-7217,64864,3600,31470,"MAGICAL_MONSTER"
195,1,18166,186103,-85775,-7217,998,3600,31470,"MAGICAL_MONSTER"
196,1,18166,186117,-85383,-7217,32595,3600,31470,"MAGICAL_MONSTER"
197,1,18166,185812,-85375,-7217,40404,3600,31470,"MAGICAL_MONSTER"
198,1,18166,185357,-85377,-7217,1781,3600,31470,"MAGICAL_MONSTER"
199,1,18166,185378,-85578,-7218,5415,3600,31470,"MAGICAL_MONSTER"
200,1,18166,186078,-85580,-7218,64644,3600,31470,"MAGICAL_MONSTER"
201,1,18183,187941,-85572,-7218,32661,3600,31471,"PHYSICAL_MONSTER"
202,1,18196,188111,-86103,-7219,18750,3600,31471,"PHYSICAL_MONSTER"
203,1,18197,188115,-85032,-7219,44702,3600,31471,"PHYSICAL_MONSTER"
204,1,18198,186901,-85016,-7218,53988,3600,31471,"PHYSICAL_MONSTER"
205,1,18199,186903,-86111,-7218,10002,3600,31471,"PHYSICAL_MONSTER"
206,1,18185,187328,-85852,-7219,1481,3600,31471,"PHYSICAL_MONSTER"
207,1,18185,187654,-85848,-7219,31823,3600,31471,"PHYSICAL_MONSTER"
208,1,18185,187693,-85320,-7219,46408,3600,31471,"PHYSICAL_MONSTER"
209,1,18185,187355,-85334,-7219,56700,3600,31471,"PHYSICAL_MONSTER"
210,1,18185,187165,-85237,-7219,59842,3600,31471,"PHYSICAL_MONSTER"
211,1,18185,187067,-85849,-7219,7624,3600,31471,"PHYSICAL_MONSTER"
212,1,18187,187028,-85665,-7218,12816,3600,31471,"PHYSICAL_MONSTER"
213,1,18187,187046,-85384,-7217,55468,3600,31471,"PHYSICAL_MONSTER"
214,1,18187,187935,-85341,-7219,27658,3600,31471,"PHYSICAL_MONSTER"
215,1,18187,187938,-85710,-7218,25303,3600,31471,"PHYSICAL_MONSTER"
216,1,18191,188003,-85988,-7219,20999,3600,31471,"PHYSICAL_MONSTER"
217,1,18191,188014,-85793,-7217,62495,3600,31471,"PHYSICAL_MONSTER"
218,1,18191,187826,-85962,-7219,40389,3600,31471,"PHYSICAL_MONSTER"
219,1,18191,186969,-86022,-7219,6470,3600,31471,"PHYSICAL_MONSTER"
220,1,18191,186979,-85860,-7219,15690,3600,31471,"PHYSICAL_MONSTER"
221,1,18191,187142,-86028,-7219,57186,3600,31471,"PHYSICAL_MONSTER"
222,1,18191,187431,-85794,-7217,14326,3600,31471,"PHYSICAL_MONSTER"
223,1,18191,187447,-85393,-7217,21674,3600,31471,"PHYSICAL_MONSTER"
224,1,18191,187991,-85134,-7218,37101,3600,31471,"PHYSICAL_MONSTER"
225,1,18191,188007,-85316,-7215,48989,3600,31471,"PHYSICAL_MONSTER"
226,1,18191,187800,-85137,-7219,14850,3600,31471,"PHYSICAL_MONSTER"
227,1,18191,186951,-85081,-7219,0,3600,31471,"PHYSICAL_MONSTER"
228,1,18191,186941,-85239,-7219,46111,3600,31471,"PHYSICAL_MONSTER"
229,1,18191,187110,-85120,-7219,7861,3600,31471,"PHYSICAL_MONSTER"
230,1,18195,187311,-85275,-7219,8276,3600,31471,"PHYSICAL_MONSTER"
231,1,18195,187769,-85276,-7219,65488,3600,31471,"PHYSICAL_MONSTER"
232,1,18195,187791,-85804,-7217,47340,3600,31471,"PHYSICAL_MONSTER"
233,1,18195,187169,-85801,-7217,37459,3600,31471,"PHYSICAL_MONSTER"
234,1,18195,187467,-85659,-7218,62563,3600,31471,"PHYSICAL_MONSTER"
235,1,18195,187492,-85461,-7218,18606,3600,31471,"PHYSICAL_MONSTER"
236,1,18184,187941,-85572,-7218,32661,3600,31471,"MAGICAL_MONSTER"
237,1,18196,188111,-86103,-7219,18750,3600,31471,"MAGICAL_MONSTER"
238,1,18197,188115,-85032,-7219,44702,3600,31471,"MAGICAL_MONSTER"
239,1,18198,186901,-85016,-7218,53988,3600,31471,"MAGICAL_MONSTER"
240,1,18199,186903,-86111,-7218,10002,3600,31471,"MAGICAL_MONSTER"
241,1,18186,187328,-85852,-7219,1481,3600,31471,"MAGICAL_MONSTER"
242,1,18186,187654,-85848,-7219,31823,3600,31471,"MAGICAL_MONSTER"
243,1,18186,187693,-85320,-7219,46408,3600,31471,"MAGICAL_MONSTER"
244,1,18186,187355,-85334,-7219,56700,3600,31471,"MAGICAL_MONSTER"
245,1,18186,187165,-85237,-7219,59842,3600,31471,"MAGICAL_MONSTER"
246,1,18186,187067,-85849,-7219,7624,3600,31471,"MAGICAL_MONSTER"
247,1,18187,187028,-85665,-7218,12816,3600,31471,"MAGICAL_MONSTER"
248,1,18187,187046,-85384,-7217,55468,3600,31471,"MAGICAL_MONSTER"
249,1,18187,187935,-85341,-7219,27658,3600,31471,"MAGICAL_MONSTER"
250,1,18187,187938,-85710,-7218,25303,3600,31471,"MAGICAL_MONSTER"
251,1,18191,188003,-85988,-7219,20999,3600,31471,"MAGICAL_MONSTER"
252,1,18191,188014,-85793,-7217,62495,3600,31471,"MAGICAL_MONSTER"
253,1,18191,187826,-85962,-7219,40389,3600,31471,"MAGICAL_MONSTER"
254,1,18191,186969,-86022,-7219,6470,3600,31471,"MAGICAL_MONSTER"
255,1,18191,186979,-85860,-7219,15690,3600,31471,"MAGICAL_MONSTER"
256,1,18191,187142,-86028,-7219,57186,3600,31471,"MAGICAL_MONSTER"
257,1,18191,187431,-85794,-7217,14326,3600,31471,"MAGICAL_MONSTER"
258,1,18191,187447,-85393,-7217,21674,3600,31471,"MAGICAL_MONSTER"
259,1,18191,187991,-85134,-7218,37101,3600,31471,"MAGICAL_MONSTER"
260,1,18191,188007,-85316,-7215,48989,3600,31471,"MAGICAL_MONSTER"
261,1,18191,187800,-85137,-7219,14850,3600,31471,"MAGICAL_MONSTER"
262,1,18191,186951,-85081,-7219,0,3600,31471,"MAGICAL_MONSTER"
263,1,18191,186941,-85239,-7219,46111,3600,31471,"MAGICAL_MONSTER"
264,1,18191,187110,-85120,-7219,7861,3600,31471,"MAGICAL_MONSTER"
265,1,18195,187311,-85275,-7219,8276,3600,31471,"MAGICAL_MONSTER"
266,1,18195,187769,-85276,-7219,65488,3600,31471,"MAGICAL_MONSTER"
267,1,18195,187791,-85804,-7217,47340,3600,31471,"MAGICAL_MONSTER"
268,1,18195,187169,-85801,-7217,37459,3600,31471,"MAGICAL_MONSTER"
269,1,18195,187467,-85659,-7218,62563,3600,31471,"MAGICAL_MONSTER"
270,1,18195,187492,-85461,-7218,18606,3600,31471,"MAGICAL_MONSTER"
271,1,18220,189762,-85412,-7217,36123,3600,31472,"PHYSICAL_MONSTER"
272,1,18220,189471,-85411,-7217,33600,3600,31472,"PHYSICAL_MONSTER"
273,1,18220,189085,-85393,-7217,32282,3600,31472,"PHYSICAL_MONSTER"
274,1,18220,189046,-85773,-7218,46975,3600,31472,"PHYSICAL_MONSTER"
275,1,18220,189318,-85780,-7217,65293,3600,31472,"PHYSICAL_MONSTER"
276,1,18220,189649,-85789,-7217,255,3600,31472,"PHYSICAL_MONSTER"
277,1,18230,189735,-85966,-7219,62980,3600,31472,"PHYSICAL_MONSTER"
278,1,18230,189463,-85961,-7218,32437,3600,31472,"PHYSICAL_MONSTER"
279,1,18230,189163,-85959,-7219,32699,3600,31472,"PHYSICAL_MONSTER"
280,1,18230,188874,-85952,-7219,32516,3600,31472,"PHYSICAL_MONSTER"
281,1,18230,188805,-85198,-7219,16497,3600,31472,"PHYSICAL_MONSTER"
282,1,18230,189023,-85209,-7219,65010,3600,31472,"PHYSICAL_MONSTER"
283,1,18230,189299,-85209,-7219,0,3600,31472,"PHYSICAL_MONSTER"
284,1,18230,189651,-85209,-7219,0,3600,31472,"PHYSICAL_MONSTER"
285,1,18231,189908,-85079,-7219,32631,3600,31472,"PHYSICAL_MONSTER"
286,1,18232,189904,-85199,-7219,32631,3600,31472,"PHYSICAL_MONSTER"
287,1,18233,189894,-85328,-7219,32631,3600,31472,"PHYSICAL_MONSTER"
288,1,18234,189898,-85269,-7219,32631,3600,31472,"PHYSICAL_MONSTER"
289,1,18235,189898,-85138,-7219,32631,3600,31472,"PHYSICAL_MONSTER"
290,1,18236,189929,-86099,-7219,32631,3600,31472,"PHYSICAL_MONSTER"
291,1,18237,189929,-86022,-7219,32631,3600,31472,"PHYSICAL_MONSTER"
292,1,18238,189925,-85936,-7219,32631,3600,31472,"PHYSICAL_MONSTER"
293,1,18239,189920,-85858,-7219,32631,3600,31472,"PHYSICAL_MONSTER"
294,1,18240,189931,-85777,-7217,32631,3600,31472,"PHYSICAL_MONSTER"
295,1,18222,189767,-85137,-7219,34065,3600,31472,"PHYSICAL_MONSTER"
296,1,18222,189590,-85134,-7219,34401,3600,31472,"PHYSICAL_MONSTER"
297,1,18222,189404,-85134,-7219,32768,3600,31472,"PHYSICAL_MONSTER"
298,1,18226,189219,-85130,-7219,32543,3600,31472,"PHYSICAL_MONSTER"
299,1,18222,188898,-85127,-7219,32671,3600,31472,"PHYSICAL_MONSTER"
300,1,18222,189658,-85324,-7219,18107,3600,31472,"PHYSICAL_MONSTER"
301,1,18222,189418,-85304,-7219,31901,3600,31472,"PHYSICAL_MONSTER"
302,1,18226,189244,-85294,-7219,32170,3600,31472,"PHYSICAL_MONSTER"
303,1,18222,188986,-85272,-7219,62633,3600,31472,"PHYSICAL_MONSTER"
304,1,18222,189782,-85497,-7218,1797,3600,31472,"PHYSICAL_MONSTER"
305,1,18222,189589,-85477,-7218,31691,3600,31472,"PHYSICAL_MONSTER"
306,1,18226,189343,-85468,-7218,32387,3600,31472,"PHYSICAL_MONSTER"
307,1,18222,189087,-85457,-7218,32321,3600,31472,"PHYSICAL_MONSTER"
308,1,18222,188787,-85435,-7218,32005,3600,31472,"PHYSICAL_MONSTER"
309,1,18222,189812,-85716,-7218,27932,3600,31472,"PHYSICAL_MONSTER"
310,1,18226,189510,-85722,-7218,32975,3600,31472,"PHYSICAL_MONSTER"
311,1,18222,189311,-85745,-7217,27932,3600,31472,"PHYSICAL_MONSTER"
312,1,18222,189030,-85731,-7217,32249,3600,31472,"PHYSICAL_MONSTER"
313,1,18222,189737,-85931,-7219,28545,3600,31472,"PHYSICAL_MONSTER"
314,1,18226,189431,-85929,-7217,31386,3600,31472,"PHYSICAL_MONSTER"
315,1,18222,189130,-85924,-7219,25522,3600,31472,"PHYSICAL_MONSTER"
316,1,18222,188844,-85915,-7219,30050,3600,31472,"PHYSICAL_MONSTER"
317,1,18222,189750,-86064,-7219,28800,3600,31472,"PHYSICAL_MONSTER"
318,1,18226,189523,-86066,-7218,32859,3600,31472,"PHYSICAL_MONSTER"
319,1,18222,189243,-86053,-7219,32285,3600,31472,"PHYSICAL_MONSTER"
320,1,18222,188932,-86046,-7219,1423,3600,31472,"PHYSICAL_MONSTER"
321,1,18222,189624,-85580,-7218,32768,3600,31472,"PHYSICAL_MONSTER"
322,1,18226,189529,-85573,-7218,31758,3600,31472,"PHYSICAL_MONSTER"
323,1,18222,189005,-85581,-7218,56927,3600,31472,"PHYSICAL_MONSTER"
324,1,18222,188731,-85582,-7218,35165,3600,31472,"PHYSICAL_MONSTER"
325,1,18221,189762,-85412,-7217,36123,3600,31472,"MAGICAL_MONSTER"
326,1,18221,189471,-85411,-7217,33600,3600,31472,"MAGICAL_MONSTER"
327,1,18221,189085,-85393,-7217,32282,3600,31472,"MAGICAL_MONSTER"
328,1,18221,189046,-85773,-7218,46975,3600,31472,"MAGICAL_MONSTER"
329,1,18221,189318,-85780,-7217,65293,3600,31472,"MAGICAL_MONSTER"
330,1,18221,189649,-85789,-7217,255,3600,31472,"MAGICAL_MONSTER"
331,1,18230,189735,-85966,-7219,62980,3600,31472,"MAGICAL_MONSTER"
332,1,18230,189463,-85961,-7218,32437,3600,31472,"MAGICAL_MONSTER"
333,1,18230,189163,-85959,-7219,32699,3600,31472,"MAGICAL_MONSTER"
334,1,18230,188874,-85952,-7219,32516,3600,31472,"MAGICAL_MONSTER"
335,1,18230,188805,-85198,-7219,16497,3600,31472,"MAGICAL_MONSTER"
336,1,18230,189023,-85209,-7219,65010,3600,31472,"MAGICAL_MONSTER"
337,1,18230,189299,-85209,-7219,0,3600,31472,"MAGICAL_MONSTER"
338,1,18230,189651,-85209,-7219,0,3600,31472,"MAGICAL_MONSTER"
339,1,18231,189908,-85079,-7219,32631,3600,31472,"MAGICAL_MONSTER"
340,1,18232,189904,-85199,-7219,32631,3600,31472,"MAGICAL_MONSTER"
341,1,18233,189894,-85328,-7219,32631,3600,31472,"MAGICAL_MONSTER"
342,1,18234,189898,-85269,-7219,32631,3600,31472,"MAGICAL_MONSTER"
343,1,18235,189898,-85138,-7219,32631,3600,31472,"MAGICAL_MONSTER"
344,1,18236,189929,-86099,-7219,32631,3600,31472,"MAGICAL_MONSTER"
345,1,18237,189929,-86022,-7219,32631,3600,31472,"MAGICAL_MONSTER"
346,1,18238,189925,-85936,-7219,32631,3600,31472,"MAGICAL_MONSTER"
347,1,18239,189920,-85858,-7219,32631,3600,31472,"MAGICAL_MONSTER"
348,1,18240,189931,-85777,-7217,32631,3600,31472,"MAGICAL_MONSTER"
349,1,18226,189767,-85137,-7219,34065,3600,31472,"MAGICAL_MONSTER"
350,1,18226,189590,-85134,-7219,34401,3600,31472,"MAGICAL_MONSTER"
351,1,18226,189404,-85134,-7219,32768,3600,31472,"MAGICAL_MONSTER"
352,1,18222,189219,-85130,-7219,32543,3600,31472,"MAGICAL_MONSTER"
353,1,18226,188898,-85127,-7219,32671,3600,31472,"MAGICAL_MONSTER"
354,1,18226,189658,-85324,-7219,18107,3600,31472,"MAGICAL_MONSTER"
355,1,18226,189418,-85304,-7219,31901,3600,31472,"MAGICAL_MONSTER"
356,1,18222,189244,-85294,-7219,32170,3600,31472,"MAGICAL_MONSTER"
357,1,18226,188986,-85272,-7219,62633,3600,31472,"MAGICAL_MONSTER"
358,1,18226,189782,-85497,-7218,1797,3600,31472,"MAGICAL_MONSTER"
359,1,18226,189589,-85477,-7218,31691,3600,31472,"MAGICAL_MONSTER"
360,1,18222,189343,-85468,-7218,32387,3600,31472,"MAGICAL_MONSTER"
361,1,18226,189087,-85457,-7218,32321,3600,31472,"MAGICAL_MONSTER"
362,1,18226,188787,-85435,-7218,32005,3600,31472,"MAGICAL_MONSTER"
363,1,18226,189812,-85716,-7218,27932,3600,31472,"MAGICAL_MONSTER"
364,1,18222,189510,-85722,-7218,32975,3600,31472,"MAGICAL_MONSTER"
365,1,18226,189311,-85745,-7217,27932,3600,31472,"MAGICAL_MONSTER"
366,1,18226,189030,-85731,-7217,32249,3600,31472,"MAGICAL_MONSTER"
367,1,18226,189737,-85931,-7219,28545,3600,31472,"MAGICAL_MONSTER"
368,1,18222,189431,-85929,-7217,31386,3600,31472,"MAGICAL_MONSTER"
369,1,18226,189130,-85924,-7219,25522,3600,31472,"MAGICAL_MONSTER"
370,1,18226,188844,-85915,-7219,30050,3600,31472,"MAGICAL_MONSTER"
371,1,18226,189750,-86064,-7219,28800,3600,31472,"MAGICAL_MONSTER"
372,1,18222,189523,-86066,-7218,32859,3600,31472,"MAGICAL_MONSTER"
373,1,18226,189243,-86053,-7219,32285,3600,31472,"MAGICAL_MONSTER"
374,1,18226,188932,-86046,-7219,1423,3600,31472,"MAGICAL_MONSTER"
375,1,18226,189624,-85580,-7218,32768,3600,31472,"MAGICAL_MONSTER"
376,1,18222,189529,-85573,-7218,31758,3600,31472,"MAGICAL_MONSTER"
377,1,18226,189005,-85581,-7218,56927,3600,31472,"MAGICAL_MONSTER"
378,1,18226,188731,-85582,-7218,35165,3600,31472,"MAGICAL_MONSTER"
379,1,18241,190018,-85668,-7218,32631,3600,31472,"DUKE_FINAL_MONSTER"
380,1,18242,190019,-85577,-7218,32631,3600,31472,"DUKE_FINAL_MONSTER"
381,1,18243,190017,-85487,-7218,32631,3600,31472,"DUKE_FINAL_MONSTER"
382,1,18212,189360,-85575,-7218,160,3600,31472,"DUKE_FINAL_MONSTER"
383,1,18220,189026,-85575,-7218,31614,3600,31472,"DUKE_FINAL_MONSTER"
384,1,18220,189201,-85816,-7217,55702,3600,31472,"DUKE_FINAL_MONSTER"
385,1,18220,189225,-85392,-7217,64703,3600,31472,"DUKE_FINAL_MONSTER"
386,1,18222,189617,-85240,-7219,7038,3600,31472,"DUKE_FINAL_MONSTER"
387,1,18222,189587,-85807,-7219,4224,3600,31472,"DUKE_FINAL_MONSTER"
388,1,18226,188911,-85974,-7219,3512,3600,31472,"DUKE_FINAL_MONSTER"
389,1,18222,188915,-85205,-7219,62180,3600,31472,"DUKE_FINAL_MONSTER"
390,1,18222,189502,-85369,-7219,52911,3600,31472,"DUKE_FINAL_MONSTER"
391,1,18226,189487,-85661,-7218,7038,3600,31472,"DUKE_FINAL_MONSTER"
392,1,18222,188981,-85701,-7218,4977,3600,31472,"DUKE_FINAL_MONSTER"
393,1,18222,188973,-85448,-7218,58176,3600,31472,"DUKE_FINAL_MONSTER"
394,1,18226,189298,-85953,-7219,4837,3600,31472,"DUKE_FINAL_MONSTER"
395,1,18222,189336,-85185,-7219,57115,3600,31472,"DUKE_FINAL_MONSTER"
396,1,18230,189576,-85939,-7215,11548,3600,31472,"DUKE_FINAL_MONSTER"
397,1,18230,189623,-85313,-7219,52177,3600,31472,"DUKE_FINAL_MONSTER"
398,1,18230,189342,-85577,-7218,65220,3600,31472,"DUKE_FINAL_MONSTER"
399,1,18230,189108,-85490,-7218,29056,3600,31472,"DUKE_FINAL_MONSTER"
400,1,18230,189057,-85708,-7218,46754,3600,31472,"DUKE_FINAL_MONSTER"
401,1,18230,189670,-85573,-7218,497,3600,31472,"DUKE_FINAL_MONSTER"
402,1,31452,191240,-85574,-7216,32768,3600,31929,"EMPEROR_GRAVE_MONSTER"
403,1,18256,190710,-85930,-7219,45796,3600,31929,"EMPEROR_GRAVE_MONSTER"
404,1,18256,190828,-85799,-7219,4312,3600,31929,"EMPEROR_GRAVE_MONSTER"
405,1,18256,191130,-85981,-7216,56820,3600,31929,"EMPEROR_GRAVE_MONSTER"
406,1,18256,191260,-85970,-7215,8726,3600,31929,"EMPEROR_GRAVE_MONSTER"
407,1,18256,191365,-85705,-7216,15402,3600,31929,"EMPEROR_GRAVE_MONSTER"
408,1,18256,191329,-85488,-7216,24431,3600,31929,"EMPEROR_GRAVE_MONSTER"
409,1,18256,191357,-85299,-7216,3893,3600,31929,"EMPEROR_GRAVE_MONSTER"
410,1,18256,191674,-85175,-7219,3893,3600,31929,"EMPEROR_GRAVE_MONSTER"
411,1,18256,191743,-85440,-7219,51290,3600,31929,"EMPEROR_GRAVE_MONSTER"
412,1,18256,191048,-85338,-7216,31049,3600,31929,"EMPEROR_GRAVE_MONSTER"
413,1,18256,190807,-85075,-7219,23924,3600,31929,"EMPEROR_GRAVE_MONSTER"
414,1,18256,190762,-85312,-7246,47194,3600,31929,"EMPEROR_GRAVE_MONSTER"
415,1,18256,190981,-85549,-7216,56839,3600,31929,"EMPEROR_GRAVE_MONSTER"
416,1,18256,191485,-85712,-7243,8389,3600,31929,"EMPEROR_GRAVE_MONSTER"
417,1,18256,191711,-85948,-7219,57817,3600,31929,"EMPEROR_GRAVE_MONSTER"
418,1,18256,191803,-85866,-7219,13121,3600,31929,"EMPEROR_GRAVE_MONSTER"
419,1,18120,180696,-88974,-7218,213,3600,31473,"PHYSICAL_MONSTER"
420,1,18132,180802,-89323,-7219,25522,3600,31473,"PHYSICAL_MONSTER"
421,1,18132,180855,-88602,-7219,43355,3600,31473,"PHYSICAL_MONSTER"
422,1,18132,179966,-88624,-7215,59734,3600,31473,"PHYSICAL_MONSTER"
423,1,18132,179955,-89309,-7219,5304,3600,31473,"PHYSICAL_MONSTER"
424,1,18132,180367,-89292,-7219,12563,3600,31473,"PHYSICAL_MONSTER"
425,1,18132,180376,-88623,-7219,49152,3600,31473,"PHYSICAL_MONSTER"
426,1,18133,180155,-88781,-7217,0,3600,31473,"PHYSICAL_MONSTER"
427,1,18133,180744,-88787,-7217,33539,3600,31473,"PHYSICAL_MONSTER"
428,1,18133,180685,-89250,-7219,24773,3600,31473,"PHYSICAL_MONSTER"
429,1,18133,180153,-89322,-7219,10102,3600,31473,"PHYSICAL_MONSTER"
430,1,18137,180859,-89162,-7217,30488,3600,31473,"PHYSICAL_MONSTER"
431,1,18137,180619,-89151,-7217,32291,3600,31473,"PHYSICAL_MONSTER"
432,1,18137,180367,-89168,-7217,29297,3600,31473,"PHYSICAL_MONSTER"
433,1,18137,179986,-89138,-7217,33937,3600,31473,"PHYSICAL_MONSTER"
434,1,18137,179979,-88951,-7218,56294,3600,31473,"PHYSICAL_MONSTER"
435,1,18137,179962,-88790,-7217,17482,3600,31473,"PHYSICAL_MONSTER"
436,1,18137,180559,-88787,-7217,374,3600,31473,"PHYSICAL_MONSTER"
437,1,18137,180844,-88806,-7217,2965,3600,31473,"PHYSICAL_MONSTER"
438,1,18137,180589,-88974,-7218,33297,3600,31473,"PHYSICAL_MONSTER"
439,1,18137,180187,-88971,-7218,32131,3600,31473,"PHYSICAL_MONSTER"
440,1,18120,180696,-88974,-7218,213,3600,31473,"MAGICAL_MONSTER"
441,1,18132,180802,-89323,-7219,25522,3600,31473,"MAGICAL_MONSTER"
442,1,18132,180855,-88602,-7219,43355,3600,31473,"MAGICAL_MONSTER"
443,1,18132,179966,-88624,-7215,59734,3600,31473,"MAGICAL_MONSTER"
444,1,18132,179955,-89309,-7219,5304,3600,31473,"MAGICAL_MONSTER"
445,1,18132,180367,-89292,-7219,12563,3600,31473,"MAGICAL_MONSTER"
446,1,18132,180376,-88623,-7219,49152,3600,31473,"MAGICAL_MONSTER"
447,1,18133,180155,-88781,-7217,0,3600,31473,"MAGICAL_MONSTER"
448,1,18133,180744,-88787,-7217,33539,3600,31473,"MAGICAL_MONSTER"
449,1,18133,180685,-89250,-7219,24773,3600,31473,"MAGICAL_MONSTER"
450,1,18133,180153,-89322,-7219,10102,3600,31473,"MAGICAL_MONSTER"
451,1,18137,180859,-89162,-7217,30488,3600,31473,"MAGICAL_MONSTER"
452,1,18137,180619,-89151,-7217,32291,3600,31473,"MAGICAL_MONSTER"
453,1,18137,180367,-89168,-7217,29297,3600,31473,"MAGICAL_MONSTER"
454,1,18137,179986,-89138,-7217,33937,3600,31473,"MAGICAL_MONSTER"
455,1,18137,179979,-88951,-7218,56294,3600,31473,"MAGICAL_MONSTER"
456,1,18137,179962,-88790,-7217,17482,3600,31473,"MAGICAL_MONSTER"
457,1,18137,180559,-88787,-7217,374,3600,31473,"MAGICAL_MONSTER"
458,1,18137,180844,-88806,-7217,2965,3600,31473,"MAGICAL_MONSTER"
459,1,18137,180589,-88974,-7218,33297,3600,31473,"MAGICAL_MONSTER"
460,1,18137,180187,-88971,-7218,32131,3600,31473,"MAGICAL_MONSTER"
461,1,18141,181741,-88855,-7218,53226,3600,31474,"PHYSICAL_MONSTER"
462,1,18141,181932,-88849,-7218,328,3600,31474,"PHYSICAL_MONSTER"
463,1,18141,182255,-88850,-7218,65503,3600,31474,"PHYSICAL_MONSTER"
464,1,18141,182523,-88855,-7218,65254,3600,31474,"PHYSICAL_MONSTER"
465,1,18141,182665,-88602,-7219,11169,3600,31474,"PHYSICAL_MONSTER"
466,1,18141,182387,-88604,-7219,33346,3600,31474,"PHYSICAL_MONSTER"
467,1,18141,182077,-88602,-7214,33954,3600,31474,"PHYSICAL_MONSTER"
468,1,18141,181807,-88605,-7216,64089,3600,31474,"PHYSICAL_MONSTER"
469,1,18141,181624,-89228,-7219,36011,3600,31474,"PHYSICAL_MONSTER"
470,1,18141,181831,-89221,-7218,61958,3600,31474,"PHYSICAL_MONSTER"
471,1,18141,182077,-89218,-7219,474,3600,31474,"PHYSICAL_MONSTER"
472,1,18141,182393,-89221,-7218,31355,3600,31474,"PHYSICAL_MONSTER"
473,1,18141,182670,-89369,-7219,59782,3600,31474,"PHYSICAL_MONSTER"
474,1,18141,182204,-89371,-7219,31729,3600,31474,"PHYSICAL_MONSTER"
475,1,18141,181962,-89371,-7218,29655,3600,31474,"PHYSICAL_MONSTER"
476,1,18141,181716,-89372,-7219,31798,3600,31474,"PHYSICAL_MONSTER"
477,1,18145,181741,-88855,-7218,53226,3600,31474,"MAGICAL_MONSTER"
478,1,18145,181932,-88849,-7218,328,3600,31474,"MAGICAL_MONSTER"
479,1,18145,182255,-88850,-7218,65503,3600,31474,"MAGICAL_MONSTER"
480,1,18145,182523,-88855,-7218,65254,3600,31474,"MAGICAL_MONSTER"
481,1,18145,182665,-88602,-7219,11169,3600,31474,"MAGICAL_MONSTER"
482,1,18145,182387,-88604,-7219,33346,3600,31474,"MAGICAL_MONSTER"
483,1,18145,182077,-88602,-7214,33954,3600,31474,"MAGICAL_MONSTER"
484,1,18145,181807,-88605,-7216,64089,3600,31474,"MAGICAL_MONSTER"
485,1,18145,181624,-89228,-7219,36011,3600,31474,"MAGICAL_MONSTER"
486,1,18145,181831,-89221,-7218,61958,3600,31474,"MAGICAL_MONSTER"
487,1,18145,182077,-89218,-7219,474,3600,31474,"MAGICAL_MONSTER"
488,1,18145,182393,-89221,-7218,31355,3600,31474,"MAGICAL_MONSTER"
489,1,18145,182670,-89369,-7219,59782,3600,31474,"MAGICAL_MONSTER"
490,1,18145,182204,-89371,-7219,31729,3600,31474,"MAGICAL_MONSTER"
491,1,18145,181962,-89371,-7218,29655,3600,31474,"MAGICAL_MONSTER"
492,1,18145,181716,-89372,-7219,31798,3600,31474,"MAGICAL_MONSTER"
493,1,18150,183989,-88975,-7218,833,3600,31475,"PHYSICAL_MONSTER"
494,1,18166,183464,-89418,-7219,0,3600,31475,"PHYSICAL_MONSTER"
495,1,18166,183604,-89420,-7219,7038,3600,31475,"PHYSICAL_MONSTER"
496,1,18166,183703,-89422,-7219,64871,3600,31475,"PHYSICAL_MONSTER"
497,1,18166,183822,-89421,-7219,32334,3600,31475,"PHYSICAL_MONSTER"
498,1,18166,183959,-89421,-7219,12416,3600,31475,"PHYSICAL_MONSTER"
499,1,18166,184107,-89418,-7219,18107,3600,31475,"PHYSICAL_MONSTER"
500,1,18166,184279,-89418,-7219,0,3600,31475,"PHYSICAL_MONSTER"
501,1,18166,184487,-89421,-7219,62180,3600,31475,"PHYSICAL_MONSTER"
502,1,18166,183461,-89268,-7219,28800,3600,31475,"PHYSICAL_MONSTER"
503,1,18166,183631,-89275,-7219,65106,3600,31475,"PHYSICAL_MONSTER"
504,1,18166,183817,-89279,-7218,772,3600,31475,"PHYSICAL_MONSTER"
505,1,18166,183978,-89277,-7219,130,3600,31475,"PHYSICAL_MONSTER"
506,1,18166,184133,-89288,-7219,46038,3600,31475,"PHYSICAL_MONSTER"
507,1,18166,184304,-89299,-7219,62633,3600,31475,"PHYSICAL_MONSTER"
508,1,18166,184556,-89310,-7219,2100,3600,31475,"PHYSICAL_MONSTER"
509,1,18166,183463,-89118,-7218,1184,3600,31475,"PHYSICAL_MONSTER"
510,1,18166,183646,-89126,-7218,31046,3600,31475,"PHYSICAL_MONSTER"
511,1,18166,183923,-89134,-7218,63871,3600,31475,"PHYSICAL_MONSTER"
512,1,18166,184104,-89127,-7218,3356,3600,31475,"PHYSICAL_MONSTER"
513,1,18166,184280,-89129,-7218,38901,3600,31475,"PHYSICAL_MONSTER"
514,1,18166,184530,-89133,-7218,65369,3600,31475,"PHYSICAL_MONSTER"
515,1,18166,183444,-89008,-7218,65287,3600,31475,"PHYSICAL_MONSTER"
516,1,18166,183719,-89013,-7218,282,3600,31475,"PHYSICAL_MONSTER"
517,1,18166,183926,-89024,-7218,36803,3600,31475,"PHYSICAL_MONSTER"
518,1,18166,184095,-89040,-7218,35670,3600,31475,"PHYSICAL_MONSTER"
519,1,18166,184298,-89031,-7218,23925,3600,31475,"PHYSICAL_MONSTER"
520,1,18166,184521,-89029,-7218,21593,3600,31475,"PHYSICAL_MONSTER"
521,1,18166,183484,-88878,-7218,62980,3600,31475,"PHYSICAL_MONSTER"
522,1,18166,183697,-88873,-7218,0,3600,31475,"PHYSICAL_MONSTER"
523,1,18166,183963,-88877,-7218,0,3600,31475,"PHYSICAL_MONSTER"
524,1,18166,184200,-88881,-7218,65359,3600,31475,"PHYSICAL_MONSTER"
525,1,18166,184411,-88878,-7218,886,3600,31475,"PHYSICAL_MONSTER"
526,1,18166,184550,-88865,-7218,23422,3600,31475,"PHYSICAL_MONSTER"
527,1,18166,183479,-88693,-7219,64692,3600,31475,"PHYSICAL_MONSTER"
528,1,18166,183712,-88684,-7218,403,3600,31475,"PHYSICAL_MONSTER"
529,1,18166,183990,-88674,-7219,376,3600,31475,"PHYSICAL_MONSTER"
530,1,18166,184188,-88677,-7219,31582,3600,31475,"PHYSICAL_MONSTER"
531,1,18166,184471,-88690,-7219,65057,3600,31475,"PHYSICAL_MONSTER"
532,1,18166,183484,-88493,-7219,64759,3600,31475,"PHYSICAL_MONSTER"
533,1,18166,183668,-88508,-7219,61258,3600,31475,"PHYSICAL_MONSTER"
534,1,18166,183854,-88518,-7219,64975,3600,31475,"PHYSICAL_MONSTER"
535,1,18166,184071,-88505,-7219,63615,3600,31475,"PHYSICAL_MONSTER"
536,1,18166,184308,-88505,-7219,61427,3600,31475,"PHYSICAL_MONSTER"
537,1,18166,184496,-88526,-7219,53988,3600,31475,"PHYSICAL_MONSTER"
538,1,18170,183726,-89189,-7217,20459,3600,31475,"PHYSICAL_MONSTER"
539,1,18170,184083,-89194,-7217,64864,3600,31475,"PHYSICAL_MONSTER"
540,1,18170,184382,-89166,-7217,998,3600,31475,"PHYSICAL_MONSTER"
541,1,18170,184396,-88774,-7217,32595,3600,31475,"PHYSICAL_MONSTER"
542,1,18170,184091,-88766,-7217,40404,3600,31475,"PHYSICAL_MONSTER"
543,1,18170,183636,-88768,-7217,1781,3600,31475,"PHYSICAL_MONSTER"
544,1,18170,183657,-88969,-7218,5415,3600,31475,"PHYSICAL_MONSTER"
545,1,18170,184357,-88971,-7218,64644,3600,31475,"PHYSICAL_MONSTER"
546,1,18154,183989,-88975,-7218,833,3600,31475,"MAGICAL_MONSTER"
547,1,18171,183464,-89418,-7219,0,3600,31475,"MAGICAL_MONSTER"
548,1,18171,183604,-89420,-7219,7038,3600,31475,"MAGICAL_MONSTER"
549,1,18171,183703,-89422,-7219,64871,3600,31475,"MAGICAL_MONSTER"
550,1,18171,183822,-89421,-7219,32334,3600,31475,"MAGICAL_MONSTER"
551,1,18171,183959,-89421,-7219,12416,3600,31475,"MAGICAL_MONSTER"
552,1,18171,184107,-89418,-7219,18107,3600,31475,"MAGICAL_MONSTER"
553,1,18171,184279,-89418,-7219,0,3600,31475,"MAGICAL_MONSTER"
554,1,18171,184487,-89421,-7219,62180,3600,31475,"MAGICAL_MONSTER"
555,1,18171,183461,-89268,-7219,28800,3600,31475,"MAGICAL_MONSTER"
556,1,18171,183631,-89275,-7219,65106,3600,31475,"MAGICAL_MONSTER"
557,1,18171,183817,-89279,-7218,772,3600,31475,"MAGICAL_MONSTER"
558,1,18171,183978,-89277,-7219,130,3600,31475,"MAGICAL_MONSTER"
559,1,18171,184133,-89288,-7219,46038,3600,31475,"MAGICAL_MONSTER"
560,1,18171,184304,-89299,-7219,62633,3600,31475,"MAGICAL_MONSTER"
561,1,18171,184556,-89310,-7219,2100,3600,31475,"MAGICAL_MONSTER"
562,1,18171,183463,-89118,-7218,1184,3600,31475,"MAGICAL_MONSTER"
563,1,18171,183646,-89126,-7218,31046,3600,31475,"MAGICAL_MONSTER"
564,1,18171,183923,-89134,-7218,63871,3600,31475,"MAGICAL_MONSTER"
565,1,18171,184104,-89127,-7218,3356,3600,31475,"MAGICAL_MONSTER"
566,1,18171,184280,-89129,-7218,38901,3600,31475,"MAGICAL_MONSTER"
567,1,18171,184530,-89133,-7218,65369,3600,31475,"MAGICAL_MONSTER"
568,1,18171,183444,-89008,-7218,65287,3600,31475,"MAGICAL_MONSTER"
569,1,18171,183719,-89013,-7218,282,3600,31475,"MAGICAL_MONSTER"
570,1,18171,183926,-89024,-7218,36803,3600,31475,"MAGICAL_MONSTER"
571,1,18171,184095,-89040,-7218,35670,3600,31475,"MAGICAL_MONSTER"
572,1,18171,184298,-89031,-7218,23925,3600,31475,"MAGICAL_MONSTER"
573,1,18171,184521,-89029,-7218,21593,3600,31475,"MAGICAL_MONSTER"
574,1,18171,183484,-88878,-7218,62980,3600,31475,"MAGICAL_MONSTER"
575,1,18171,183697,-88873,-7218,0,3600,31475,"MAGICAL_MONSTER"
576,1,18171,183963,-88877,-7218,0,3600,31475,"MAGICAL_MONSTER"
577,1,18171,184200,-88881,-7218,65359,3600,31475,"MAGICAL_MONSTER"
578,1,18171,184411,-88878,-7218,886,3600,31475,"MAGICAL_MONSTER"
579,1,18171,184550,-88865,-7218,23422,3600,31475,"MAGICAL_MONSTER"
580,1,18171,183479,-88693,-7219,64692,3600,31475,"MAGICAL_MONSTER"
581,1,18171,183712,-88684,-7218,403,3600,31475,"MAGICAL_MONSTER"
582,1,18171,183990,-88674,-7219,376,3600,31475,"MAGICAL_MONSTER"
583,1,18171,184188,-88677,-7219,31582,3600,31475,"MAGICAL_MONSTER"
584,1,18171,184471,-88690,-7219,65057,3600,31475,"MAGICAL_MONSTER"
585,1,18171,183484,-88493,-7219,64759,3600,31475,"MAGICAL_MONSTER"
586,1,18171,183668,-88508,-7219,61258,3600,31475,"MAGICAL_MONSTER"
587,1,18171,183854,-88518,-7219,64975,3600,31475,"MAGICAL_MONSTER"
588,1,18171,184071,-88505,-7219,63615,3600,31475,"MAGICAL_MONSTER"
589,1,18171,184308,-88505,-7219,61427,3600,31475,"MAGICAL_MONSTER"
590,1,18171,184496,-88526,-7219,53988,3600,31475,"MAGICAL_MONSTER"
591,1,18166,183726,-89189,-7217,20459,3600,31475,"MAGICAL_MONSTER"
592,1,18166,184083,-89194,-7217,64864,3600,31475,"MAGICAL_MONSTER"
593,1,18166,184382,-89166,-7217,998,3600,31475,"MAGICAL_MONSTER"
594,1,18166,184396,-88774,-7217,32595,3600,31475,"MAGICAL_MONSTER"
595,1,18166,184091,-88766,-7217,40404,3600,31475,"MAGICAL_MONSTER"
596,1,18166,183636,-88768,-7217,1781,3600,31475,"MAGICAL_MONSTER"
597,1,18166,183657,-88969,-7218,5415,3600,31475,"MAGICAL_MONSTER"
598,1,18166,184357,-88971,-7218,64644,3600,31475,"MAGICAL_MONSTER"
599,1,18183,186235,-88972,-7218,32661,3600,31476,"PHYSICAL_MONSTER"
600,1,18196,186405,-89503,-7219,18750,3600,31476,"PHYSICAL_MONSTER"
601,1,18197,186409,-88432,-7219,44702,3600,31476,"PHYSICAL_MONSTER"
602,1,18198,185195,-88416,-7218,53988,3600,31476,"PHYSICAL_MONSTER"
603,1,18199,185197,-89511,-7218,10002,3600,31476,"PHYSICAL_MONSTER"
604,1,18185,185622,-89252,-7219,1481,3600,31476,"PHYSICAL_MONSTER"
605,1,18185,185948,-89248,-7219,31823,3600,31476,"PHYSICAL_MONSTER"
606,1,18185,185987,-88720,-7219,46408,3600,31476,"PHYSICAL_MONSTER"
607,1,18185,185649,-88734,-7219,56700,3600,31476,"PHYSICAL_MONSTER"
608,1,18185,185459,-88637,-7219,59842,3600,31476,"PHYSICAL_MONSTER"
609,1,18185,185361,-89249,-7219,7624,3600,31476,"PHYSICAL_MONSTER"
610,1,18187,185322,-89065,-7218,12816,3600,31476,"PHYSICAL_MONSTER"
611,1,18187,185340,-88784,-7217,55468,3600,31476,"PHYSICAL_MONSTER"
612,1,18187,186229,-88741,-7219,27658,3600,31476,"PHYSICAL_MONSTER"
613,1,18187,186232,-89110,-7218,25303,3600,31476,"PHYSICAL_MONSTER"
614,1,18191,186297,-89388,-7219,20999,3600,31476,"PHYSICAL_MONSTER"
615,1,18191,186308,-89193,-7217,62495,3600,31476,"PHYSICAL_MONSTER"
616,1,18191,186120,-89362,-7219,40389,3600,31476,"PHYSICAL_MONSTER"
617,1,18191,185263,-89422,-7219,6470,3600,31476,"PHYSICAL_MONSTER"
618,1,18191,185273,-89260,-7219,15690,3600,31476,"PHYSICAL_MONSTER"
619,1,18191,185436,-89428,-7219,57186,3600,31476,"PHYSICAL_MONSTER"
620,1,18191,185725,-89194,-7217,14326,3600,31476,"PHYSICAL_MONSTER"
621,1,18191,185741,-88793,-7217,21674,3600,31476,"PHYSICAL_MONSTER"
622,1,18191,186285,-88534,-7218,37101,3600,31476,"PHYSICAL_MONSTER"
623,1,18191,186301,-88716,-7215,48989,3600,31476,"PHYSICAL_MONSTER"
624,1,18191,186094,-88537,-7219,14850,3600,31476,"PHYSICAL_MONSTER"
625,1,18191,185245,-88481,-7219,0,3600,31476,"PHYSICAL_MONSTER"
626,1,18191,185235,-88639,-7219,46111,3600,31476,"PHYSICAL_MONSTER"
627,1,18191,185404,-88520,-7219,7861,3600,31476,"PHYSICAL_MONSTER"
628,1,18195,185605,-88675,-7219,8276,3600,31476,"PHYSICAL_MONSTER"
629,1,18195,186063,-88676,-7219,65488,3600,31476,"PHYSICAL_MONSTER"
630,1,18195,186085,-89204,-7217,47340,3600,31476,"PHYSICAL_MONSTER"
631,1,18195,185463,-89201,-7217,37459,3600,31476,"PHYSICAL_MONSTER"
632,1,18195,185761,-89059,-7218,62563,3600,31476,"PHYSICAL_MONSTER"
633,1,18195,185786,-88861,-7218,18606,3600,31476,"PHYSICAL_MONSTER"
634,1,18184,186235,-88972,-7218,32661,3600,31476,"MAGICAL_MONSTER"
635,1,18196,186405,-89503,-7219,18750,3600,31476,"MAGICAL_MONSTER"
636,1,18197,186409,-88432,-7219,44702,3600,31476,"MAGICAL_MONSTER"
637,1,18198,185195,-88416,-7218,53988,3600,31476,"MAGICAL_MONSTER"
638,1,18199,185197,-89511,-7218,10002,3600,31476,"MAGICAL_MONSTER"
639,1,18186,185622,-89252,-7219,1481,3600,31476,"MAGICAL_MONSTER"
640,1,18186,185948,-89248,-7219,31823,3600,31476,"MAGICAL_MONSTER"
641,1,18186,185987,-88720,-7219,46408,3600,31476,"MAGICAL_MONSTER"
642,1,18186,185649,-88734,-7219,56700,3600,31476,"MAGICAL_MONSTER"
643,1,18186,185459,-88637,-7219,59842,3600,31476,"MAGICAL_MONSTER"
644,1,18186,185361,-89249,-7219,7624,3600,31476,"MAGICAL_MONSTER"
645,1,18187,185322,-89065,-7218,12816,3600,31476,"MAGICAL_MONSTER"
646,1,18187,185340,-88784,-7217,55468,3600,31476,"MAGICAL_MONSTER"
647,1,18187,186229,-88741,-7219,27658,3600,31476,"MAGICAL_MONSTER"
648,1,18187,186232,-89110,-7218,25303,3600,31476,"MAGICAL_MONSTER"
649,1,18191,186297,-89388,-7219,20999,3600,31476,"MAGICAL_MONSTER"
650,1,18191,186308,-89193,-7217,62495,3600,31476,"MAGICAL_MONSTER"
651,1,18191,186120,-89362,-7219,40389,3600,31476,"MAGICAL_MONSTER"
652,1,18191,185263,-89422,-7219,6470,3600,31476,"MAGICAL_MONSTER"
653,1,18191,185273,-89260,-7219,15690,3600,31476,"MAGICAL_MONSTER"
654,1,18191,185436,-89428,-7219,57186,3600,31476,"MAGICAL_MONSTER"
655,1,18191,185725,-89194,-7217,14326,3600,31476,"MAGICAL_MONSTER"
656,1,18191,185741,-88793,-7217,21674,3600,31476,"MAGICAL_MONSTER"
657,1,18191,186285,-88534,-7218,37101,3600,31476,"MAGICAL_MONSTER"
658,1,18191,186301,-88716,-7215,48989,3600,31476,"MAGICAL_MONSTER"
659,1,18191,186094,-88537,-7219,14850,3600,31476,"MAGICAL_MONSTER"
660,1,18191,185245,-88481,-7219,0,3600,31476,"MAGICAL_MONSTER"
661,1,18191,185235,-88639,-7219,46111,3600,31476,"MAGICAL_MONSTER"
662,1,18191,185404,-88520,-7219,7861,3600,31476,"MAGICAL_MONSTER"
663,1,18195,185605,-88675,-7219,8276,3600,31476,"MAGICAL_MONSTER"
664,1,18195,186063,-88676,-7219,65488,3600,31476,"MAGICAL_MONSTER"
665,1,18195,186085,-89204,-7217,47340,3600,31476,"MAGICAL_MONSTER"
666,1,18195,185463,-89201,-7217,37459,3600,31476,"MAGICAL_MONSTER"
667,1,18195,185761,-89059,-7218,62563,3600,31476,"MAGICAL_MONSTER"
668,1,18195,185786,-88861,-7218,18606,3600,31476,"MAGICAL_MONSTER"
669,1,18220,188081,-88794,-7217,36123,3600,31477,"PHYSICAL_MONSTER"
670,1,18220,187790,-88793,-7217,33600,3600,31477,"PHYSICAL_MONSTER"
671,1,18220,187404,-88775,-7217,32282,3600,31477,"PHYSICAL_MONSTER"
672,1,18220,187365,-89155,-7218,46975,3600,31477,"PHYSICAL_MONSTER"
673,1,18220,187637,-89162,-7217,65293,3600,31477,"PHYSICAL_MONSTER"
674,1,18220,187968,-89171,-7217,255,3600,31477,"PHYSICAL_MONSTER"
675,1,18230,188054,-89348,-7219,62980,3600,31477,"PHYSICAL_MONSTER"
676,1,18230,187782,-89343,-7218,32437,3600,31477,"PHYSICAL_MONSTER"
677,1,18230,187482,-89341,-7219,32699,3600,31477,"PHYSICAL_MONSTER"
678,1,18230,187193,-89334,-7219,32516,3600,31477,"PHYSICAL_MONSTER"
679,1,18230,187124,-88580,-7219,16497,3600,31477,"PHYSICAL_MONSTER"
680,1,18230,187342,-88591,-7219,65010,3600,31477,"PHYSICAL_MONSTER"
681,1,18230,187618,-88591,-7219,0,3600,31477,"PHYSICAL_MONSTER"
682,1,18230,187970,-88591,-7219,0,3600,31477,"PHYSICAL_MONSTER"
683,1,18231,188227,-88461,-7219,32970,3600,31477,"PHYSICAL_MONSTER"
684,1,18232,188223,-88581,-7219,32970,3600,31477,"PHYSICAL_MONSTER"
685,1,18233,188213,-88710,-7219,32970,3600,31477,"PHYSICAL_MONSTER"
686,1,18234,188217,-88651,-7219,32970,3600,31477,"PHYSICAL_MONSTER"
687,1,18235,188217,-88520,-7219,32970,3600,31477,"PHYSICAL_MONSTER"
688,1,18236,188248,-89481,-7219,32970,3600,31477,"PHYSICAL_MONSTER"
689,1,18237,188248,-89404,-7219,32970,3600,31477,"PHYSICAL_MONSTER"
690,1,18238,188244,-89318,-7219,32970,3600,31477,"PHYSICAL_MONSTER"
691,1,18239,188239,-89240,-7219,32970,3600,31477,"PHYSICAL_MONSTER"
692,1,18240,188250,-89159,-7217,32970,3600,31477,"PHYSICAL_MONSTER"
693,1,18222,188086,-88519,-7219,34065,3600,31477,"PHYSICAL_MONSTER"
694,1,18222,187909,-88516,-7219,34401,3600,31477,"PHYSICAL_MONSTER"
695,1,18222,187723,-88516,-7219,32768,3600,31477,"PHYSICAL_MONSTER"
696,1,18226,187538,-88512,-7219,32543,3600,31477,"PHYSICAL_MONSTER"
697,1,18222,187217,-88509,-7219,32671,3600,31477,"PHYSICAL_MONSTER"
698,1,18222,187977,-88706,-7219,18107,3600,31477,"PHYSICAL_MONSTER"
699,1,18222,187737,-88686,-7219,31901,3600,31477,"PHYSICAL_MONSTER"
700,1,18226,187563,-88676,-7219,32170,3600,31477,"PHYSICAL_MONSTER"
701,1,18222,187305,-88654,-7219,62633,3600,31477,"PHYSICAL_MONSTER"
702,1,18222,188101,-88879,-7218,1797,3600,31477,"PHYSICAL_MONSTER"
703,1,18222,187908,-88859,-7218,31691,3600,31477,"PHYSICAL_MONSTER"
704,1,18226,187662,-88850,-7218,32387,3600,31477,"PHYSICAL_MONSTER"
705,1,18222,187406,-88839,-7218,32321,3600,31477,"PHYSICAL_MONSTER"
706,1,18222,187106,-88817,-7218,32005,3600,31477,"PHYSICAL_MONSTER"
707,1,18222,188131,-89098,-7218,27932,3600,31477,"PHYSICAL_MONSTER"
708,1,18226,187829,-89104,-7218,32975,3600,31477,"PHYSICAL_MONSTER"
709,1,18222,187630,-89127,-7217,27932,3600,31477,"PHYSICAL_MONSTER"
710,1,18222,187349,-89113,-7217,32249,3600,31477,"PHYSICAL_MONSTER"
711,1,18222,188056,-89313,-7219,28545,3600,31477,"PHYSICAL_MONSTER"
712,1,18226,187750,-89311,-7217,31386,3600,31477,"PHYSICAL_MONSTER"
713,1,18222,187449,-89306,-7219,25522,3600,31477,"PHYSICAL_MONSTER"
714,1,18222,187163,-89297,-7219,30050,3600,31477,"PHYSICAL_MONSTER"
715,1,18222,188069,-89446,-7219,28800,3600,31477,"PHYSICAL_MONSTER"
716,1,18226,187842,-89448,-7218,32859,3600,31477,"PHYSICAL_MONSTER"
717,1,18222,187562,-89435,-7219,32285,3600,31477,"PHYSICAL_MONSTER"
718,1,18222,187251,-89428,-7219,1423,3600,31477,"PHYSICAL_MONSTER"
719,1,18222,187943,-88962,-7218,32768,3600,31477,"PHYSICAL_MONSTER"
720,1,18226,187848,-88955,-7218,31758,3600,31477,"PHYSICAL_MONSTER"
721,1,18222,187324,-88963,-7218,56927,3600,31477,"PHYSICAL_MONSTER"
722,1,18222,187050,-88964,-7218,35165,3600,31477,"PHYSICAL_MONSTER"
723,1,18221,188081,-88794,-7217,36123,3600,31477,"MAGICAL_MONSTER"
724,1,18221,187790,-88793,-7217,33600,3600,31477,"MAGICAL_MONSTER"
725,1,18221,187404,-88775,-7217,32282,3600,31477,"MAGICAL_MONSTER"
726,1,18221,187365,-89155,-7218,46975,3600,31477,"MAGICAL_MONSTER"
727,1,18221,187637,-89162,-7217,65293,3600,31477,"MAGICAL_MONSTER"
728,1,18221,187968,-89171,-7217,255,3600,31477,"MAGICAL_MONSTER"
729,1,18230,188054,-89348,-7219,62980,3600,31477,"MAGICAL_MONSTER"
730,1,18230,187782,-89343,-7218,32437,3600,31477,"MAGICAL_MONSTER"
731,1,18230,187482,-89341,-7219,32699,3600,31477,"MAGICAL_MONSTER"
732,1,18230,187193,-89334,-7219,32516,3600,31477,"MAGICAL_MONSTER"
733,1,18230,187124,-88580,-7219,16497,3600,31477,"MAGICAL_MONSTER"
734,1,18230,187342,-88591,-7219,65010,3600,31477,"MAGICAL_MONSTER"
735,1,18230,187618,-88591,-7219,0,3600,31477,"MAGICAL_MONSTER"
736,1,18230,187970,-88591,-7219,0,3600,31477,"MAGICAL_MONSTER"
737,1,18231,188227,-88461,-7219,32970,3600,31477,"MAGICAL_MONSTER"
738,1,18232,188223,-88581,-7219,32970,3600,31477,"MAGICAL_MONSTER"
739,1,18233,188213,-88710,-7219,32970,3600,31477,"MAGICAL_MONSTER"
740,1,18234,188217,-88651,-7219,32970,3600,31477,"MAGICAL_MONSTER"
741,1,18235,188217,-88520,-7219,32970,3600,31477,"MAGICAL_MONSTER"
742,1,18236,188248,-89481,-7219,32970,3600,31477,"MAGICAL_MONSTER"
743,1,18237,188248,-89404,-7219,32970,3600,31477,"MAGICAL_MONSTER"
744,1,18238,188244,-89318,-7219,32970,3600,31477,"MAGICAL_MONSTER"
745,1,18239,188239,-89240,-7219,32970,3600,31477,"MAGICAL_MONSTER"
746,1,18240,188250,-89159,-7217,32970,3600,31477,"MAGICAL_MONSTER"
747,1,18226,188086,-88519,-7219,34065,3600,31477,"MAGICAL_MONSTER"
748,1,18226,187909,-88516,-7219,34401,3600,31477,"MAGICAL_MONSTER"
749,1,18226,187723,-88516,-7219,32768,3600,31477,"MAGICAL_MONSTER"
750,1,18222,187538,-88512,-7219,32543,3600,31477,"MAGICAL_MONSTER"
751,1,18226,187217,-88509,-7219,32671,3600,31477,"MAGICAL_MONSTER"
752,1,18226,187977,-88706,-7219,18107,3600,31477,"MAGICAL_MONSTER"
753,1,18226,187737,-88686,-7219,31901,3600,31477,"MAGICAL_MONSTER"
754,1,18222,187563,-88676,-7219,32170,3600,31477,"MAGICAL_MONSTER"
755,1,18226,187305,-88654,-7219,62633,3600,31477,"MAGICAL_MONSTER"
756,1,18226,188101,-88879,-7218,1797,3600,31477,"MAGICAL_MONSTER"
757,1,18226,187908,-88859,-7218,31691,3600,31477,"MAGICAL_MONSTER"
758,1,18222,187662,-88850,-7218,32387,3600,31477,"MAGICAL_MONSTER"
759,1,18226,187406,-88839,-7218,32321,3600,31477,"MAGICAL_MONSTER"
760,1,18226,187106,-88817,-7218,32005,3600,31477,"MAGICAL_MONSTER"
761,1,18226,188131,-89098,-7218,27932,3600,31477,"MAGICAL_MONSTER"
762,1,18222,187829,-89104,-7218,32975,3600,31477,"MAGICAL_MONSTER"
763,1,18226,187630,-89127,-7217,27932,3600,31477,"MAGICAL_MONSTER"
764,1,18226,187349,-89113,-7217,32249,3600,31477,"MAGICAL_MONSTER"
765,1,18226,188056,-89313,-7219,28545,3600,31477,"MAGICAL_MONSTER"
766,1,18222,187750,-89311,-7217,31386,3600,31477,"MAGICAL_MONSTER"
767,1,18226,187449,-89306,-7219,25522,3600,31477,"MAGICAL_MONSTER"
768,1,18226,187163,-89297,-7219,30050,3600,31477,"MAGICAL_MONSTER"
769,1,18226,188069,-89446,-7219,28800,3600,31477,"MAGICAL_MONSTER"
770,1,18222,187842,-89448,-7218,32859,3600,31477,"MAGICAL_MONSTER"
771,1,18226,187562,-89435,-7219,32285,3600,31477,"MAGICAL_MONSTER"
772,1,18226,187251,-89428,-7219,1423,3600,31477,"MAGICAL_MONSTER"
773,1,18226,187943,-88962,-7218,32768,3600,31477,"MAGICAL_MONSTER"
774,1,18222,187848,-88955,-7218,31758,3600,31477,"MAGICAL_MONSTER"
775,1,18226,187324,-88963,-7218,56927,3600,31477,"MAGICAL_MONSTER"
776,1,18226,187050,-88964,-7218,35165,3600,31477,"MAGICAL_MONSTER"
777,1,18241,188337,-89050,-7218,32970,3600,31477,"DUKE_FINAL_MONSTER"
778,1,18242,188338,-88959,-7218,32970,3600,31477,"DUKE_FINAL_MONSTER"
779,1,18243,188336,-88869,-7218,32970,3600,31477,"DUKE_FINAL_MONSTER"
780,1,18212,187679,-88957,-7218,160,3600,31477,"DUKE_FINAL_MONSTER"
781,1,18220,187345,-88957,-7218,31614,3600,31477,"DUKE_FINAL_MONSTER"
782,1,18220,187520,-89198,-7217,55702,3600,31477,"DUKE_FINAL_MONSTER"
783,1,18220,187544,-88774,-7217,64703,3600,31477,"DUKE_FINAL_MONSTER"
784,1,18222,187936,-88622,-7219,7038,3600,31477,"DUKE_FINAL_MONSTER"
785,1,18222,187906,-89189,-7219,4224,3600,31477,"DUKE_FINAL_MONSTER"
786,1,18226,187230,-89356,-7219,3512,3600,31477,"DUKE_FINAL_MONSTER"
787,1,18222,187234,-88587,-7219,62180,3600,31477,"DUKE_FINAL_MONSTER"
788,1,18222,187821,-88751,-7219,52911,3600,31477,"DUKE_FINAL_MONSTER"
789,1,18226,187806,-89043,-7218,7038,3600,31477,"DUKE_FINAL_MONSTER"
790,1,18222,187300,-89083,-7218,4977,3600,31477,"DUKE_FINAL_MONSTER"
791,1,18222,187292,-88830,-7218,58176,3600,31477,"DUKE_FINAL_MONSTER"
792,1,18226,187617,-89335,-7219,4837,3600,31477,"DUKE_FINAL_MONSTER"
793,1,18222,187655,-88567,-7219,57115,3600,31477,"DUKE_FINAL_MONSTER"
794,1,18230,187895,-89321,-7215,11548,3600,31477,"DUKE_FINAL_MONSTER"
795,1,18230,187942,-88695,-7219,52177,3600,31477,"DUKE_FINAL_MONSTER"
796,1,18230,187661,-88959,-7218,65220,3600,31477,"DUKE_FINAL_MONSTER"
797,1,18230,187427,-88872,-7218,29056,3600,31477,"DUKE_FINAL_MONSTER"
798,1,18230,187376,-89090,-7218,46754,3600,31477,"DUKE_FINAL_MONSTER"
799,1,18230,187989,-88955,-7218,497,3600,31477,"DUKE_FINAL_MONSTER"
800,1,31452,189543,-88969,-7216,32768,3600,31934,"EMPEROR_GRAVE_MONSTER"
801,1,18256,189013,-89325,-7219,45796,3600,31934,"EMPEROR_GRAVE_MONSTER"
802,1,18256,189131,-89194,-7219,4312,3600,31934,"EMPEROR_GRAVE_MONSTER"
803,1,18256,189433,-89376,-7216,56820,3600,31934,"EMPEROR_GRAVE_MONSTER"
804,1,18256,189563,-89365,-7215,8726,3600,31934,"EMPEROR_GRAVE_MONSTER"
805,1,18256,189668,-89100,-7216,15402,3600,31934,"EMPEROR_GRAVE_MONSTER"
806,1,18256,189632,-88883,-7216,24431,3600,31934,"EMPEROR_GRAVE_MONSTER"
807,1,18256,189660,-88694,-7216,3893,3600,31934,"EMPEROR_GRAVE_MONSTER"
808,1,18256,189977,-88570,-7219,3893,3600,31934,"EMPEROR_GRAVE_MONSTER"
809,1,18256,190046,-88835,-7219,51290,3600,31934,"EMPEROR_GRAVE_MONSTER"
810,1,18256,189351,-88733,-7216,31049,3600,31934,"EMPEROR_GRAVE_MONSTER"
811,1,18256,189110,-88470,-7219,23924,3600,31934,"EMPEROR_GRAVE_MONSTER"
812,1,18256,189065,-88707,-7246,47194,3600,31934,"EMPEROR_GRAVE_MONSTER"
813,1,18256,189284,-88944,-7216,56839,3600,31934,"EMPEROR_GRAVE_MONSTER"
814,1,18256,189788,-89107,-7243,8389,3600,31934,"EMPEROR_GRAVE_MONSTER"
815,1,18256,190014,-89343,-7219,57817,3600,31934,"EMPEROR_GRAVE_MONSTER"
816,1,18256,190106,-89261,-7219,13121,3600,31934,"EMPEROR_GRAVE_MONSTER"
817,1,18120,173212,-85382,-7218,16677,3600,31478,"PHYSICAL_MONSTER"
818,1,18132,172863,-85276,-7219,41986,3600,31478,"PHYSICAL_MONSTER"
819,1,18132,173584,-85223,-7219,59819,3600,31478,"PHYSICAL_MONSTER"
820,1,18132,173562,-86112,-7215,76198,3600,31478,"PHYSICAL_MONSTER"
821,1,18132,172877,-86123,-7219,21768,3600,31478,"PHYSICAL_MONSTER"
822,1,18132,172894,-85711,-7219,29027,3600,31478,"PHYSICAL_MONSTER"
823,1,18132,173563,-85702,-7219,65616,3600,31478,"PHYSICAL_MONSTER"
824,1,18133,173405,-85923,-7217,16464,3600,31478,"PHYSICAL_MONSTER"
825,1,18133,173399,-85334,-7217,50003,3600,31478,"PHYSICAL_MONSTER"
826,1,18133,172936,-85393,-7219,41237,3600,31478,"PHYSICAL_MONSTER"
827,1,18133,172864,-85925,-7219,26566,3600,31478,"PHYSICAL_MONSTER"
828,1,18137,173024,-85219,-7217,46952,3600,31478,"PHYSICAL_MONSTER"
829,1,18137,173035,-85459,-7217,48755,3600,31478,"PHYSICAL_MONSTER"
830,1,18137,173018,-85711,-7217,45761,3600,31478,"PHYSICAL_MONSTER"
831,1,18137,173048,-86092,-7217,50401,3600,31478,"PHYSICAL_MONSTER"
832,1,18137,173235,-86099,-7218,72758,3600,31478,"PHYSICAL_MONSTER"
833,1,18137,173396,-86116,-7217,33946,3600,31478,"PHYSICAL_MONSTER"
834,1,18137,173399,-85519,-7217,16838,3600,31478,"PHYSICAL_MONSTER"
835,1,18137,173380,-85234,-7217,19429,3600,31478,"PHYSICAL_MONSTER"
836,1,18137,173212,-85489,-7218,49761,3600,31478,"PHYSICAL_MONSTER"
837,1,18137,173215,-85891,-7218,48595,3600,31478,"PHYSICAL_MONSTER"
838,1,18120,173212,-85382,-7218,16677,3600,31478,"MAGICAL_MONSTER"
839,1,18132,172863,-85276,-7219,41986,3600,31478,"MAGICAL_MONSTER"
840,1,18132,173584,-85223,-7219,59819,3600,31478,"MAGICAL_MONSTER"
841,1,18132,173562,-86112,-7215,76198,3600,31478,"MAGICAL_MONSTER"
842,1,18132,172877,-86123,-7219,21768,3600,31478,"MAGICAL_MONSTER"
843,1,18132,172894,-85711,-7219,29027,3600,31478,"MAGICAL_MONSTER"
844,1,18132,173563,-85702,-7219,65616,3600,31478,"MAGICAL_MONSTER"
845,1,18133,173405,-85923,-7217,16464,3600,31478,"MAGICAL_MONSTER"
846,1,18133,173399,-85334,-7217,50003,3600,31478,"MAGICAL_MONSTER"
847,1,18133,172936,-85393,-7219,41237,3600,31478,"MAGICAL_MONSTER"
848,1,18133,172864,-85925,-7219,26566,3600,31478,"MAGICAL_MONSTER"
849,1,18137,173024,-85219,-7217,46952,3600,31478,"MAGICAL_MONSTER"
850,1,18137,173035,-85459,-7217,48755,3600,31478,"MAGICAL_MONSTER"
851,1,18137,173018,-85711,-7217,45761,3600,31478,"MAGICAL_MONSTER"
852,1,18137,173048,-86092,-7217,50401,3600,31478,"MAGICAL_MONSTER"
853,1,18137,173235,-86099,-7218,72758,3600,31478,"MAGICAL_MONSTER"
854,1,18137,173396,-86116,-7217,33946,3600,31478,"MAGICAL_MONSTER"
855,1,18137,173399,-85519,-7217,16838,3600,31478,"MAGICAL_MONSTER"
856,1,18137,173380,-85234,-7217,19429,3600,31478,"MAGICAL_MONSTER"
857,1,18137,173212,-85489,-7218,49761,3600,31478,"MAGICAL_MONSTER"
858,1,18137,173215,-85891,-7218,48595,3600,31478,"MAGICAL_MONSTER"
859,1,18141,173313,-84339,-7218,69882,3600,31479,"PHYSICAL_MONSTER"
860,1,18141,173319,-84148,-7218,16984,3600,31479,"PHYSICAL_MONSTER"
861,1,18141,173318,-83825,-7218,82159,3600,31479,"PHYSICAL_MONSTER"
862,1,18141,173313,-83557,-7218,81910,3600,31479,"PHYSICAL_MONSTER"
863,1,18141,173566,-83415,-7219,27825,3600,31479,"PHYSICAL_MONSTER"
864,1,18141,173564,-83693,-7219,50002,3600,31479,"PHYSICAL_MONSTER"
865,1,18141,173566,-84003,-7214,50610,3600,31479,"PHYSICAL_MONSTER"
866,1,18141,173563,-84273,-7216,80745,3600,31479,"PHYSICAL_MONSTER"
867,1,18141,172940,-84456,-7219,52667,3600,31479,"PHYSICAL_MONSTER"
868,1,18141,172947,-84249,-7218,78614,3600,31479,"PHYSICAL_MONSTER"
869,1,18141,172950,-84003,-7219,17130,3600,31479,"PHYSICAL_MONSTER"
870,1,18141,172947,-83687,-7218,48011,3600,31479,"PHYSICAL_MONSTER"
871,1,18141,172799,-83410,-7219,76438,3600,31479,"PHYSICAL_MONSTER"
872,1,18141,172797,-83876,-7219,48385,3600,31479,"PHYSICAL_MONSTER"
873,1,18141,172797,-84118,-7218,46311,3600,31479,"PHYSICAL_MONSTER"
874,1,18141,172796,-84364,-7219,48454,3600,31479,"PHYSICAL_MONSTER"
875,1,18145,173313,-84339,-7218,69882,3600,31479,"MAGICAL_MONSTER"
876,1,18145,173319,-84148,-7218,16984,3600,31479,"MAGICAL_MONSTER"
877,1,18145,173318,-83825,-7218,82159,3600,31479,"MAGICAL_MONSTER"
878,1,18145,173313,-83557,-7218,81910,3600,31479,"MAGICAL_MONSTER"
879,1,18145,173566,-83415,-7219,27825,3600,31479,"MAGICAL_MONSTER"
880,1,18145,173564,-83693,-7219,50002,3600,31479,"MAGICAL_MONSTER"
881,1,18145,173566,-84003,-7214,50610,3600,31479,"MAGICAL_MONSTER"
882,1,18145,173563,-84273,-7216,80745,3600,31479,"MAGICAL_MONSTER"
883,1,18145,172940,-84456,-7219,52667,3600,31479,"MAGICAL_MONSTER"
884,1,18145,172947,-84249,-7218,78614,3600,31479,"MAGICAL_MONSTER"
885,1,18145,172950,-84003,-7219,17130,3600,31479,"MAGICAL_MONSTER"
886,1,18145,172947,-83687,-7218,48011,3600,31479,"MAGICAL_MONSTER"
887,1,18145,172799,-83410,-7219,76438,3600,31479,"MAGICAL_MONSTER"
888,1,18145,172797,-83876,-7219,48385,3600,31479,"MAGICAL_MONSTER"
889,1,18145,172797,-84118,-7218,46311,3600,31479,"MAGICAL_MONSTER"
890,1,18145,172796,-84364,-7219,48454,3600,31479,"MAGICAL_MONSTER"
891,1,18150,173197,-82056,-7218,17489,3600,31480,"PHYSICAL_MONSTER"
892,1,18166,172754,-82581,-7219,16656,3600,31480,"PHYSICAL_MONSTER"
893,1,18166,172752,-82441,-7219,23694,3600,31480,"PHYSICAL_MONSTER"
894,1,18166,172750,-82342,-7219,81527,3600,31480,"PHYSICAL_MONSTER"
895,1,18166,172751,-82223,-7219,48990,3600,31480,"PHYSICAL_MONSTER"
896,1,18166,172751,-82086,-7219,29072,3600,31480,"PHYSICAL_MONSTER"
897,1,18166,172754,-81938,-7219,34763,3600,31480,"PHYSICAL_MONSTER"
898,1,18166,172754,-81766,-7219,16656,3600,31480,"PHYSICAL_MONSTER"
899,1,18166,172751,-81558,-7219,78836,3600,31480,"PHYSICAL_MONSTER"
900,1,18166,172904,-82584,-7219,45456,3600,31480,"PHYSICAL_MONSTER"
901,1,18166,172897,-82414,-7219,81762,3600,31480,"PHYSICAL_MONSTER"
902,1,18166,172893,-82228,-7218,17428,3600,31480,"PHYSICAL_MONSTER"
903,1,18166,172895,-82067,-7219,16786,3600,31480,"PHYSICAL_MONSTER"
904,1,18166,172884,-81912,-7219,62694,3600,31480,"PHYSICAL_MONSTER"
905,1,18166,172873,-81741,-7219,79289,3600,31480,"PHYSICAL_MONSTER"
906,1,18166,172862,-81489,-7219,18756,3600,31480,"PHYSICAL_MONSTER"
907,1,18166,173054,-82582,-7218,17840,3600,31480,"PHYSICAL_MONSTER"
908,1,18166,173046,-82399,-7218,47702,3600,31480,"PHYSICAL_MONSTER"
909,1,18166,173038,-82122,-7218,80527,3600,31480,"PHYSICAL_MONSTER"
910,1,18166,173045,-81941,-7218,20012,3600,31480,"PHYSICAL_MONSTER"
911,1,18166,173043,-81765,-7218,55557,3600,31480,"PHYSICAL_MONSTER"
912,1,18166,173039,-81515,-7218,82025,3600,31480,"PHYSICAL_MONSTER"
913,1,18166,173164,-82601,-7218,81943,3600,31480,"PHYSICAL_MONSTER"
914,1,18166,173159,-82326,-7218,16938,3600,31480,"PHYSICAL_MONSTER"
915,1,18166,173148,-82119,-7218,53459,3600,31480,"PHYSICAL_MONSTER"
916,1,18166,173132,-81950,-7218,52326,3600,31480,"PHYSICAL_MONSTER"
917,1,18166,173141,-81747,-7218,40581,3600,31480,"PHYSICAL_MONSTER"
918,1,18166,173143,-81524,-7218,38249,3600,31480,"PHYSICAL_MONSTER"
919,1,18166,173294,-82561,-7218,79636,3600,31480,"PHYSICAL_MONSTER"
920,1,18166,173299,-82348,-7218,16656,3600,31480,"PHYSICAL_MONSTER"
921,1,18166,173295,-82082,-7218,16656,3600,31480,"PHYSICAL_MONSTER"
922,1,18166,173291,-81845,-7218,82015,3600,31480,"PHYSICAL_MONSTER"
923,1,18166,173294,-81634,-7218,17542,3600,31480,"PHYSICAL_MONSTER"
924,1,18166,173307,-81495,-7218,40078,3600,31480,"PHYSICAL_MONSTER"
925,1,18166,173479,-82566,-7219,81348,3600,31480,"PHYSICAL_MONSTER"
926,1,18166,173488,-82333,-7218,17059,3600,31480,"PHYSICAL_MONSTER"
927,1,18166,173498,-82055,-7219,17032,3600,31480,"PHYSICAL_MONSTER"
928,1,18166,173495,-81857,-7219,48238,3600,31480,"PHYSICAL_MONSTER"
929,1,18166,173482,-81574,-7219,81713,3600,31480,"PHYSICAL_MONSTER"
930,1,18166,173679,-82561,-7219,81415,3600,31480,"PHYSICAL_MONSTER"
931,1,18166,173664,-82377,-7219,77914,3600,31480,"PHYSICAL_MONSTER"
932,1,18166,173654,-82191,-7219,81631,3600,31480,"PHYSICAL_MONSTER"
933,1,18166,173667,-81974,-7219,80271,3600,31480,"PHYSICAL_MONSTER"
934,1,18166,173667,-81737,-7219,78083,3600,31480,"PHYSICAL_MONSTER"
935,1,18166,173646,-81549,-7219,70644,3600,31480,"PHYSICAL_MONSTER"
936,1,18170,172983,-82319,-7217,37115,3600,31480,"PHYSICAL_MONSTER"
937,1,18170,172978,-81962,-7217,81520,3600,31480,"PHYSICAL_MONSTER"
938,1,18170,173006,-81663,-7217,17654,3600,31480,"PHYSICAL_MONSTER"
939,1,18170,173398,-81649,-7217,49251,3600,31480,"PHYSICAL_MONSTER"
940,1,18170,173406,-81954,-7217,57060,3600,31480,"PHYSICAL_MONSTER"
941,1,18170,173404,-82409,-7217,18437,3600,31480,"PHYSICAL_MONSTER"
942,1,18170,173203,-82388,-7218,22071,3600,31480,"PHYSICAL_MONSTER"
943,1,18170,173201,-81688,-7218,81300,3600,31480,"PHYSICAL_MONSTER"
944,1,18154,173197,-82056,-7218,17489,3600,31480,"MAGICAL_MONSTER"
945,1,18171,172754,-82581,-7219,16656,3600,31480,"MAGICAL_MONSTER"
946,1,18171,172752,-82441,-7219,23694,3600,31480,"MAGICAL_MONSTER"
947,1,18171,172750,-82342,-7219,81527,3600,31480,"MAGICAL_MONSTER"
948,1,18171,172751,-82223,-7219,48990,3600,31480,"MAGICAL_MONSTER"
949,1,18171,172751,-82086,-7219,29072,3600,31480,"MAGICAL_MONSTER"
950,1,18171,172754,-81938,-7219,34763,3600,31480,"MAGICAL_MONSTER"
951,1,18171,172754,-81766,-7219,16656,3600,31480,"MAGICAL_MONSTER"
952,1,18171,172751,-81558,-7219,78836,3600,31480,"MAGICAL_MONSTER"
953,1,18171,172904,-82584,-7219,45456,3600,31480,"MAGICAL_MONSTER"
954,1,18171,172897,-82414,-7219,81762,3600,31480,"MAGICAL_MONSTER"
955,1,18171,172893,-82228,-7218,17428,3600,31480,"MAGICAL_MONSTER"
956,1,18171,172895,-82067,-7219,16786,3600,31480,"MAGICAL_MONSTER"
957,1,18171,172884,-81912,-7219,62694,3600,31480,"MAGICAL_MONSTER"
958,1,18171,172873,-81741,-7219,79289,3600,31480,"MAGICAL_MONSTER"
959,1,18171,172862,-81489,-7219,18756,3600,31480,"MAGICAL_MONSTER"
960,1,18171,173054,-82582,-7218,17840,3600,31480,"MAGICAL_MONSTER"
961,1,18171,173046,-82399,-7218,47702,3600,31480,"MAGICAL_MONSTER"
962,1,18171,173038,-82122,-7218,80527,3600,31480,"MAGICAL_MONSTER"
963,1,18171,173045,-81941,-7218,20012,3600,31480,"MAGICAL_MONSTER"
964,1,18171,173043,-81765,-7218,55557,3600,31480,"MAGICAL_MONSTER"
965,1,18171,173039,-81515,-7218,82025,3600,31480,"MAGICAL_MONSTER"
966,1,18171,173164,-82601,-7218,81943,3600,31480,"MAGICAL_MONSTER"
967,1,18171,173159,-82326,-7218,16938,3600,31480,"MAGICAL_MONSTER"
968,1,18171,173148,-82119,-7218,53459,3600,31480,"MAGICAL_MONSTER"
969,1,18171,173132,-81950,-7218,52326,3600,31480,"MAGICAL_MONSTER"
970,1,18171,173141,-81747,-7218,40581,3600,31480,"MAGICAL_MONSTER"
971,1,18171,173143,-81524,-7218,38249,3600,31480,"MAGICAL_MONSTER"
972,1,18171,173294,-82561,-7218,79636,3600,31480,"MAGICAL_MONSTER"
973,1,18171,173299,-82348,-7218,16656,3600,31480,"MAGICAL_MONSTER"
974,1,18171,173295,-82082,-7218,16656,3600,31480,"MAGICAL_MONSTER"
975,1,18171,173291,-81845,-7218,82015,3600,31480,"MAGICAL_MONSTER"
976,1,18171,173294,-81634,-7218,17542,3600,31480,"MAGICAL_MONSTER"
977,1,18171,173307,-81495,-7218,40078,3600,31480,"MAGICAL_MONSTER"
978,1,18171,173479,-82566,-7219,81348,3600,31480,"MAGICAL_MONSTER"
979,1,18171,173488,-82333,-7218,17059,3600,31480,"MAGICAL_MONSTER"
980,1,18171,173498,-82055,-7219,17032,3600,31480,"MAGICAL_MONSTER"
981,1,18171,173495,-81857,-7219,48238,3600,31480,"MAGICAL_MONSTER"
982,1,18171,173482,-81574,-7219,81713,3600,31480,"MAGICAL_MONSTER"
983,1,18171,173679,-82561,-7219,81415,3600,31480,"MAGICAL_MONSTER"
984,1,18171,173664,-82377,-7219,77914,3600,31480,"MAGICAL_MONSTER"
985,1,18171,173654,-82191,-7219,81631,3600,31480,"MAGICAL_MONSTER"
986,1,18171,173667,-81974,-7219,80271,3600,31480,"MAGICAL_MONSTER"
987,1,18171,173667,-81737,-7219,78083,3600,31480,"MAGICAL_MONSTER"
988,1,18171,173646,-81549,-7219,70644,3600,31480,"MAGICAL_MONSTER"
989,1,18166,172983,-82319,-7217,37115,3600,31480,"MAGICAL_MONSTER"
990,1,18166,172978,-81962,-7217,81520,3600,31480,"MAGICAL_MONSTER"
991,1,18166,173006,-81663,-7217,17654,3600,31480,"MAGICAL_MONSTER"
992,1,18166,173398,-81649,-7217,49251,3600,31480,"MAGICAL_MONSTER"
993,1,18166,173406,-81954,-7217,57060,3600,31480,"MAGICAL_MONSTER"
994,1,18166,173404,-82409,-7217,18437,3600,31480,"MAGICAL_MONSTER"
995,1,18166,173203,-82388,-7218,22071,3600,31480,"MAGICAL_MONSTER"
996,1,18166,173201,-81688,-7218,81300,3600,31480,"MAGICAL_MONSTER"
997,1,18183,173185,-79847,-7218,49013,3600,31481,"PHYSICAL_MONSTER"
998,1,18196,172654,-79677,-7219,61054,3600,31481,"PHYSICAL_MONSTER"
999,1,18197,173725,-79673,-7219,35102,3600,31481,"PHYSICAL_MONSTER"
1000,1,18198,173741,-80887,-7218,26354,3600,31481,"PHYSICAL_MONSTER"
1001,1,18199,172646,-80885,-7218,70340,3600,31481,"PHYSICAL_MONSTER"
1002,1,18185,172905,-80460,-7219,17833,3600,31481,"PHYSICAL_MONSTER"
1003,1,18185,172909,-80134,-7219,48175,3600,31481,"PHYSICAL_MONSTER"
1004,1,18185,173437,-80095,-7219,62760,3600,31481,"PHYSICAL_MONSTER"
1005,1,18185,173423,-80433,-7219,73052,3600,31481,"PHYSICAL_MONSTER"
1006,1,18185,173520,-80623,-7219,76194,3600,31481,"PHYSICAL_MONSTER"
1007,1,18185,172908,-80721,-7219,23976,3600,31481,"PHYSICAL_MONSTER"
1008,1,18187,173092,-80760,-7218,29168,3600,31481,"PHYSICAL_MONSTER"
1009,1,18187,173373,-80742,-7217,71820,3600,31481,"PHYSICAL_MONSTER"
1010,1,18187,173416,-79853,-7219,44010,3600,31481,"PHYSICAL_MONSTER"
1011,1,18187,173047,-79850,-7218,41655,3600,31481,"PHYSICAL_MONSTER"
1012,1,18191,172769,-79785,-7219,37351,3600,31481,"PHYSICAL_MONSTER"
1013,1,18191,172964,-79774,-7217,78847,3600,31481,"PHYSICAL_MONSTER"
1014,1,18191,172795,-79962,-7219,56741,3600,31481,"PHYSICAL_MONSTER"
1015,1,18191,172735,-80819,-7219,22822,3600,31481,"PHYSICAL_MONSTER"
1016,1,18191,172897,-80809,-7219,32042,3600,31481,"PHYSICAL_MONSTER"
1017,1,18191,172729,-80646,-7219,73538,3600,31481,"PHYSICAL_MONSTER"
1018,1,18191,172963,-80357,-7217,30678,3600,31481,"PHYSICAL_MONSTER"
1019,1,18191,173364,-80341,-7217,38026,3600,31481,"PHYSICAL_MONSTER"
1020,1,18191,173623,-79797,-7218,53453,3600,31481,"PHYSICAL_MONSTER"
1021,1,18191,173441,-79781,-7215,65341,3600,31481,"PHYSICAL_MONSTER"
1022,1,18191,173620,-79988,-7219,31202,3600,31481,"PHYSICAL_MONSTER"
1023,1,18191,173676,-80837,-7219,16352,3600,31481,"PHYSICAL_MONSTER"
1024,1,18191,173518,-80847,-7219,62463,3600,31481,"PHYSICAL_MONSTER"
1025,1,18191,173637,-80678,-7219,24213,3600,31481,"PHYSICAL_MONSTER"
1026,1,18195,173482,-80477,-7219,24628,3600,31481,"PHYSICAL_MONSTER"
1027,1,18195,173481,-80019,-7219,81840,3600,31481,"PHYSICAL_MONSTER"
1028,1,18195,172953,-79997,-7217,63692,3600,31481,"PHYSICAL_MONSTER"
1029,1,18195,172956,-80619,-7217,53811,3600,31481,"PHYSICAL_MONSTER"
1030,1,18195,173098,-80321,-7218,78915,3600,31481,"PHYSICAL_MONSTER"
1031,1,18195,173296,-80296,-7218,34958,3600,31481,"PHYSICAL_MONSTER"
1032,1,18184,173185,-79847,-7218,49013,3600,31481,"MAGICAL_MONSTER"
1033,1,18196,172654,-79677,-7219,35102,3600,31481,"MAGICAL_MONSTER"
1034,1,18197,173725,-79673,-7219,61054,3600,31481,"MAGICAL_MONSTER"
1035,1,18198,173741,-80887,-7218,70340,3600,31481,"MAGICAL_MONSTER"
1036,1,18199,172646,-80885,-7218,26354,3600,31481,"MAGICAL_MONSTER"
1037,1,18186,172905,-80460,-7219,17833,3600,31481,"MAGICAL_MONSTER"
1038,1,18186,172909,-80134,-7219,48175,3600,31481,"MAGICAL_MONSTER"
1039,1,18186,173437,-80095,-7219,62760,3600,31481,"MAGICAL_MONSTER"
1040,1,18186,173423,-80433,-7219,73052,3600,31481,"MAGICAL_MONSTER"
1041,1,18186,173520,-80623,-7219,76194,3600,31481,"MAGICAL_MONSTER"
1042,1,18186,172908,-80721,-7219,23976,3600,31481,"MAGICAL_MONSTER"
1043,1,18187,173092,-80760,-7218,29168,3600,31481,"MAGICAL_MONSTER"
1044,1,18187,173373,-80742,-7217,71820,3600,31481,"MAGICAL_MONSTER"
1045,1,18187,173416,-79853,-7219,44010,3600,31481,"MAGICAL_MONSTER"
1046,1,18187,173047,-79850,-7218,41655,3600,31481,"MAGICAL_MONSTER"
1047,1,18191,172769,-79785,-7219,37351,3600,31481,"MAGICAL_MONSTER"
1048,1,18191,172964,-79774,-7217,78847,3600,31481,"MAGICAL_MONSTER"
1049,1,18191,172795,-79962,-7219,56741,3600,31481,"MAGICAL_MONSTER"
1050,1,18191,172735,-80819,-7219,22822,3600,31481,"MAGICAL_MONSTER"
1051,1,18191,172897,-80809,-7219,32042,3600,31481,"MAGICAL_MONSTER"
1052,1,18191,172729,-80646,-7219,73538,3600,31481,"MAGICAL_MONSTER"
1053,1,18191,172963,-80357,-7217,30678,3600,31481,"MAGICAL_MONSTER"
1054,1,18191,173364,-80341,-7217,38026,3600,31481,"MAGICAL_MONSTER"
1055,1,18191,173623,-79797,-7218,53453,3600,31481,"MAGICAL_MONSTER"
1056,1,18191,173441,-79781,-7215,65341,3600,31481,"MAGICAL_MONSTER"
1057,1,18191,173620,-79988,-7219,31202,3600,31481,"MAGICAL_MONSTER"
1058,1,18191,173676,-80837,-7219,16352,3600,31481,"MAGICAL_MONSTER"
1059,1,18191,173518,-80847,-7219,62463,3600,31481,"MAGICAL_MONSTER"
1060,1,18191,173637,-80678,-7219,24213,3600,31481,"MAGICAL_MONSTER"
1061,1,18195,173482,-80477,-7219,24628,3600,31481,"MAGICAL_MONSTER"
1062,1,18195,173481,-80019,-7219,81840,3600,31481,"MAGICAL_MONSTER"
1063,1,18195,172953,-79997,-7217,63692,3600,31481,"MAGICAL_MONSTER"
1064,1,18195,172956,-80619,-7217,53811,3600,31481,"MAGICAL_MONSTER"
1065,1,18195,173098,-80321,-7218,78915,3600,31481,"MAGICAL_MONSTER"
1066,1,18195,173296,-80296,-7218,34958,3600,31481,"MAGICAL_MONSTER"
1067,1,18220,173357,-78009,-7217,52795,3600,31482,"PHYSICAL_MONSTER"
1068,1,18220,173358,-78300,-7217,50272,3600,31482,"PHYSICAL_MONSTER"
1069,1,18220,173376,-78686,-7217,48954,3600,31482,"PHYSICAL_MONSTER"
1070,1,18220,172996,-78725,-7218,63647,3600,31482,"PHYSICAL_MONSTER"
1071,1,18220,172989,-78453,-7217,81965,3600,31482,"PHYSICAL_MONSTER"
1072,1,18220,172980,-78122,-7217,16927,3600,31482,"PHYSICAL_MONSTER"
1073,1,18230,172803,-78036,-7219,79652,3600,31482,"PHYSICAL_MONSTER"
1074,1,18230,172808,-78308,-7218,49109,3600,31482,"PHYSICAL_MONSTER"
1075,1,18230,172810,-78608,-7219,49371,3600,31482,"PHYSICAL_MONSTER"
1076,1,18230,172817,-78897,-7219,49188,3600,31482,"PHYSICAL_MONSTER"
1077,1,18230,173571,-78966,-7219,33169,3600,31482,"PHYSICAL_MONSTER"
1078,1,18230,173560,-78748,-7219,81682,3600,31482,"PHYSICAL_MONSTER"
1079,1,18230,173560,-78472,-7219,16672,3600,31482,"PHYSICAL_MONSTER"
1080,1,18230,173560,-78120,-7219,16672,3600,31482,"PHYSICAL_MONSTER"
1081,1,18231,173690,-77863,-7219,49109,3600,31482,"PHYSICAL_MONSTER"
1082,1,18232,173570,-77867,-7219,49109,3600,31482,"PHYSICAL_MONSTER"
1083,1,18233,173441,-77877,-7219,49109,3600,31482,"PHYSICAL_MONSTER"
1084,1,18234,173500,-77873,-7219,49109,3600,31482,"PHYSICAL_MONSTER"
1085,1,18235,173631,-77873,-7219,49109,3600,31482,"PHYSICAL_MONSTER"
1086,1,18236,172670,-77842,-7219,49109,3600,31482,"PHYSICAL_MONSTER"
1087,1,18237,172747,-77842,-7219,49109,3600,31482,"PHYSICAL_MONSTER"
1088,1,18238,172833,-77846,-7219,49109,3600,31482,"PHYSICAL_MONSTER"
1089,1,18239,172911,-77851,-7219,49109,3600,31482,"PHYSICAL_MONSTER"
1090,1,18240,172992,-77840,-7217,49109,3600,31482,"PHYSICAL_MONSTER"
1091,1,18222,173632,-78004,-7219,50737,3600,31482,"PHYSICAL_MONSTER"
1092,1,18222,173635,-78181,-7219,51073,3600,31482,"PHYSICAL_MONSTER"
1093,1,18222,173635,-78367,-7219,49440,3600,31482,"PHYSICAL_MONSTER"
1094,1,18226,173639,-78552,-7219,49215,3600,31482,"PHYSICAL_MONSTER"
1095,1,18222,173642,-78873,-7219,49343,3600,31482,"PHYSICAL_MONSTER"
1096,1,18222,173445,-78113,-7219,34779,3600,31482,"PHYSICAL_MONSTER"
1097,1,18222,173465,-78353,-7219,48573,3600,31482,"PHYSICAL_MONSTER"
1098,1,18226,173475,-78527,-7219,48842,3600,31482,"PHYSICAL_MONSTER"
1099,1,18222,173497,-78785,-7219,79305,3600,31482,"PHYSICAL_MONSTER"
1100,1,18222,173272,-77989,-7218,18469,3600,31482,"PHYSICAL_MONSTER"
1101,1,18222,173292,-78182,-7218,48363,3600,31482,"PHYSICAL_MONSTER"
1102,1,18226,173301,-78428,-7218,49059,3600,31482,"PHYSICAL_MONSTER"
1103,1,18222,173312,-78684,-7218,48993,3600,31482,"PHYSICAL_MONSTER"
1104,1,18222,173334,-78984,-7218,48677,3600,31482,"PHYSICAL_MONSTER"
1105,1,18222,173053,-77959,-7218,44604,3600,31482,"PHYSICAL_MONSTER"
1106,1,18226,173047,-78261,-7218,49647,3600,31482,"PHYSICAL_MONSTER"
1107,1,18222,173024,-78460,-7217,44604,3600,31482,"PHYSICAL_MONSTER"
1108,1,18222,173038,-78741,-7217,48921,3600,31482,"PHYSICAL_MONSTER"
1109,1,18222,172838,-78034,-7219,45217,3600,31482,"PHYSICAL_MONSTER"
1110,1,18226,172840,-78340,-7217,48058,3600,31482,"PHYSICAL_MONSTER"
1111,1,18222,172845,-78641,-7219,42194,3600,31482,"PHYSICAL_MONSTER"
1112,1,18222,172854,-78927,-7219,46722,3600,31482,"PHYSICAL_MONSTER"
1113,1,18222,172705,-78021,-7219,45472,3600,31482,"PHYSICAL_MONSTER"
1114,1,18226,172703,-78248,-7218,49531,3600,31482,"PHYSICAL_MONSTER"
1115,1,18222,172716,-78528,-7219,48957,3600,31482,"PHYSICAL_MONSTER"
1116,1,18222,172723,-78839,-7219,18095,3600,31482,"PHYSICAL_MONSTER"
1117,1,18222,173189,-78147,-7218,49440,3600,31482,"PHYSICAL_MONSTER"
1118,1,18226,173196,-78242,-7218,48430,3600,31482,"PHYSICAL_MONSTER"
1119,1,18222,173188,-78766,-7218,73599,3600,31482,"PHYSICAL_MONSTER"
1120,1,18222,173187,-79040,-7218,51837,3600,31482,"PHYSICAL_MONSTER"
1121,1,18221,173357,-78009,-7217,52795,3600,31482,"MAGICAL_MONSTER"
1122,1,18221,173358,-78300,-7217,50272,3600,31482,"MAGICAL_MONSTER"
1123,1,18221,173376,-78686,-7217,48954,3600,31482,"MAGICAL_MONSTER"
1124,1,18221,172996,-78725,-7218,63647,3600,31482,"MAGICAL_MONSTER"
1125,1,18221,172989,-78453,-7217,81965,3600,31482,"MAGICAL_MONSTER"
1126,1,18221,172980,-78122,-7217,16927,3600,31482,"MAGICAL_MONSTER"
1127,1,18230,172803,-78036,-7219,79652,3600,31482,"MAGICAL_MONSTER"
1128,1,18230,172808,-78308,-7218,49109,3600,31482,"MAGICAL_MONSTER"
1129,1,18230,172810,-78608,-7219,49371,3600,31482,"MAGICAL_MONSTER"
1130,1,18230,172817,-78897,-7219,49188,3600,31482,"MAGICAL_MONSTER"
1131,1,18230,173571,-78966,-7219,33169,3600,31482,"MAGICAL_MONSTER"
1132,1,18230,173560,-78748,-7219,81682,3600,31482,"MAGICAL_MONSTER"
1133,1,18230,173560,-78472,-7219,16672,3600,31482,"MAGICAL_MONSTER"
1134,1,18230,173560,-78120,-7219,16672,3600,31482,"MAGICAL_MONSTER"
1135,1,18231,173690,-77863,-7219,49109,3600,31482,"MAGICAL_MONSTER"
1136,1,18232,173570,-77867,-7219,49109,3600,31482,"MAGICAL_MONSTER"
1137,1,18233,173441,-77877,-7219,49109,3600,31482,"MAGICAL_MONSTER"
1138,1,18234,173500,-77873,-7219,49109,3600,31482,"MAGICAL_MONSTER"
1139,1,18235,173631,-77873,-7219,49109,3600,31482,"MAGICAL_MONSTER"
1140,1,18236,172670,-77842,-7219,49109,3600,31482,"MAGICAL_MONSTER"
1141,1,18237,172747,-77842,-7219,49109,3600,31482,"MAGICAL_MONSTER"
1142,1,18238,172833,-77846,-7219,49109,3600,31482,"MAGICAL_MONSTER"
1143,1,18239,172911,-77851,-7219,49109,3600,31482,"MAGICAL_MONSTER"
1144,1,18240,172992,-77840,-7217,49109,3600,31482,"MAGICAL_MONSTER"
1145,1,18226,173632,-78004,-7219,50737,3600,31482,"MAGICAL_MONSTER"
1146,1,18226,173635,-78181,-7219,51073,3600,31482,"MAGICAL_MONSTER"
1147,1,18226,173635,-78367,-7219,49440,3600,31482,"MAGICAL_MONSTER"
1148,1,18222,173639,-78552,-7219,49215,3600,31482,"MAGICAL_MONSTER"
1149,1,18226,173642,-78873,-7219,49343,3600,31482,"MAGICAL_MONSTER"
1150,1,18226,173445,-78113,-7219,34779,3600,31482,"MAGICAL_MONSTER"
1151,1,18226,173465,-78353,-7219,48573,3600,31482,"MAGICAL_MONSTER"
1152,1,18222,173475,-78527,-7219,48842,3600,31482,"MAGICAL_MONSTER"
1153,1,18226,173497,-78785,-7219,79305,3600,31482,"MAGICAL_MONSTER"
1154,1,18226,173272,-77989,-7218,18469,3600,31482,"MAGICAL_MONSTER"
1155,1,18226,173292,-78182,-7218,48363,3600,31482,"MAGICAL_MONSTER"
1156,1,18222,173301,-78428,-7218,49059,3600,31482,"MAGICAL_MONSTER"
1157,1,18226,173312,-78684,-7218,48993,3600,31482,"MAGICAL_MONSTER"
1158,1,18226,173334,-78984,-7218,48677,3600,31482,"MAGICAL_MONSTER"
1159,1,18226,173053,-77959,-7218,44604,3600,31482,"MAGICAL_MONSTER"
1160,1,18222,173047,-78261,-7218,49647,3600,31482,"MAGICAL_MONSTER"
1161,1,18226,173024,-78460,-7217,44604,3600,31482,"MAGICAL_MONSTER"
1162,1,18226,173038,-78741,-7217,48921,3600,31482,"MAGICAL_MONSTER"
1163,1,18226,172838,-78034,-7219,45217,3600,31482,"MAGICAL_MONSTER"
1164,1,18222,172840,-78340,-7217,48058,3600,31482,"MAGICAL_MONSTER"
1165,1,18226,172845,-78641,-7219,42194,3600,31482,"MAGICAL_MONSTER"
1166,1,18226,172854,-78927,-7219,46722,3600,31482,"MAGICAL_MONSTER"
1167,1,18226,172705,-78021,-7219,45472,3600,31482,"MAGICAL_MONSTER"
1168,1,18222,172703,-78248,-7218,49531,3600,31482,"MAGICAL_MONSTER"
1169,1,18226,172716,-78528,-7219,48957,3600,31482,"MAGICAL_MONSTER"
1170,1,18226,172723,-78839,-7219,18095,3600,31482,"MAGICAL_MONSTER"
1171,1,18226,173189,-78147,-7218,49440,3600,31482,"MAGICAL_MONSTER"
1172,1,18222,173196,-78242,-7218,48430,3600,31482,"MAGICAL_MONSTER"
1173,1,18226,173188,-78766,-7218,73599,3600,31482,"MAGICAL_MONSTER"
1174,1,18226,173187,-79040,-7218,51837,3600,31482,"MAGICAL_MONSTER"
1175,1,18241,173101,-77753,-7218,49109,3600,31482,"DUKE_FINAL_MONSTER"
1176,1,18242,173192,-77752,-7218,49109,3600,31482,"DUKE_FINAL_MONSTER"
1177,1,18243,173282,-77754,-7218,49109,3600,31482,"DUKE_FINAL_MONSTER"
1178,1,18212,173194,-78411,-7218,16832,3600,31482,"DUKE_FINAL_MONSTER"
1179,1,18220,173194,-78745,-7218,48286,3600,31482,"DUKE_FINAL_MONSTER"
1180,1,18220,172953,-78570,-7217,72374,3600,31482,"DUKE_FINAL_MONSTER"
1181,1,18220,173377,-78546,-7217,81375,3600,31482,"DUKE_FINAL_MONSTER"
1182,1,18222,173529,-78154,-7219,23710,3600,31482,"DUKE_FINAL_MONSTER"
1183,1,18222,172962,-78184,-7219,20896,3600,31482,"DUKE_FINAL_MONSTER"
1184,1,18226,172795,-78860,-7219,20184,3600,31482,"DUKE_FINAL_MONSTER"
1185,1,18222,173564,-78856,-7219,78852,3600,31482,"DUKE_FINAL_MONSTER"
1186,1,18222,173400,-78269,-7219,69583,3600,31482,"DUKE_FINAL_MONSTER"
1187,1,18226,173108,-78284,-7218,23710,3600,31482,"DUKE_FINAL_MONSTER"
1188,1,18222,173068,-78790,-7218,21649,3600,31482,"DUKE_FINAL_MONSTER"
1189,1,18222,173321,-78798,-7218,74848,3600,31482,"DUKE_FINAL_MONSTER"
1190,1,18226,172816,-78473,-7219,21509,3600,31482,"DUKE_FINAL_MONSTER"
1191,1,18222,173584,-78435,-7219,73787,3600,31482,"DUKE_FINAL_MONSTER"
1192,1,18230,172830,-78195,-7215,28220,3600,31482,"DUKE_FINAL_MONSTER"
1193,1,18230,173456,-78148,-7219,68849,3600,31482,"DUKE_FINAL_MONSTER"
1194,1,18230,173192,-78429,-7218,81892,3600,31482,"DUKE_FINAL_MONSTER"
1195,1,18230,173279,-78663,-7218,45728,3600,31482,"DUKE_FINAL_MONSTER"
1196,1,18230,173061,-78714,-7218,63426,3600,31482,"DUKE_FINAL_MONSTER"
1197,1,18230,173196,-78101,-7218,17169,3600,31482,"DUKE_FINAL_MONSTER"
1198,1,31452,173195,-76531,-7216,49440,3600,31939,"EMPEROR_GRAVE_MONSTER"
1199,1,18256,172839,-77061,-7219,62468,3600,31939,"EMPEROR_GRAVE_MONSTER"
1200,1,18256,172970,-76943,-7219,20984,3600,31939,"EMPEROR_GRAVE_MONSTER"
1201,1,18256,172788,-76641,-7216,73492,3600,31939,"EMPEROR_GRAVE_MONSTER"
1202,1,18256,172799,-76511,-7215,25398,3600,31939,"EMPEROR_GRAVE_MONSTER"
1203,1,18256,173064,-76406,-7216,32074,3600,31939,"EMPEROR_GRAVE_MONSTER"
1204,1,18256,173281,-76442,-7216,41103,3600,31939,"EMPEROR_GRAVE_MONSTER"
1205,1,18256,173470,-76414,-7216,20565,3600,31939,"EMPEROR_GRAVE_MONSTER"
1206,1,18256,173594,-76097,-7219,20565,3600,31939,"EMPEROR_GRAVE_MONSTER"
1207,1,18256,173329,-76028,-7219,67962,3600,31939,"EMPEROR_GRAVE_MONSTER"
1208,1,18256,173431,-76723,-7216,47721,3600,31939,"EMPEROR_GRAVE_MONSTER"
1209,1,18256,173694,-76964,-7219,40596,3600,31939,"EMPEROR_GRAVE_MONSTER"
1210,1,18256,173457,-77009,-7246,63866,3600,31939,"EMPEROR_GRAVE_MONSTER"
1211,1,18256,173220,-76790,-7216,73511,3600,31939,"EMPEROR_GRAVE_MONSTER"
1212,1,18256,173057,-76286,-7243,25061,3600,31939,"EMPEROR_GRAVE_MONSTER"
1213,1,18256,172821,-76060,-7219,74489,3600,31939,"EMPEROR_GRAVE_MONSTER"
1214,1,18256,172903,-75968,-7219,29793,3600,31939,"EMPEROR_GRAVE_MONSTER"
1215,1,18120,175595,-81584,-7218,16677,3600,31483,"PHYSICAL_MONSTER"
1216,1,18132,175246,-81478,-7219,41986,3600,31483,"PHYSICAL_MONSTER"
1217,1,18132,175967,-81425,-7219,59819,3600,31483,"PHYSICAL_MONSTER"
1218,1,18132,175945,-82314,-7215,76198,3600,31483,"PHYSICAL_MONSTER"
1219,1,18132,175260,-82325,-7219,21768,3600,31483,"PHYSICAL_MONSTER"
1220,1,18132,175277,-81913,-7219,29027,3600,31483,"PHYSICAL_MONSTER"
1221,1,18132,175946,-81904,-7219,65616,3600,31483,"PHYSICAL_MONSTER"
1222,1,18133,175788,-82125,-7217,16464,3600,31483,"PHYSICAL_MONSTER"
1223,1,18133,175782,-81536,-7217,50003,3600,31483,"PHYSICAL_MONSTER"
1224,1,18133,175319,-81595,-7219,41237,3600,31483,"PHYSICAL_MONSTER"
1225,1,18133,175247,-82127,-7219,26566,3600,31483,"PHYSICAL_MONSTER"
1226,1,18137,175407,-81421,-7217,46952,3600,31483,"PHYSICAL_MONSTER"
1227,1,18137,175418,-81661,-7217,48755,3600,31483,"PHYSICAL_MONSTER"
1228,1,18137,175401,-81913,-7217,45761,3600,31483,"PHYSICAL_MONSTER"
1229,1,18137,175431,-82294,-7217,50401,3600,31483,"PHYSICAL_MONSTER"
1230,1,18137,175618,-82301,-7218,72758,3600,31483,"PHYSICAL_MONSTER"
1231,1,18137,175779,-82318,-7217,33946,3600,31483,"PHYSICAL_MONSTER"
1232,1,18137,175782,-81721,-7217,16838,3600,31483,"PHYSICAL_MONSTER"
1233,1,18137,175763,-81436,-7217,19429,3600,31483,"PHYSICAL_MONSTER"
1234,1,18137,175595,-81691,-7218,49761,3600,31483,"PHYSICAL_MONSTER"
1235,1,18137,175598,-82093,-7218,48595,3600,31483,"PHYSICAL_MONSTER"
1236,1,18120,175595,-81584,-7218,16677,3600,31483,"MAGICAL_MONSTER"
1237,1,18132,175246,-81478,-7219,41986,3600,31483,"MAGICAL_MONSTER"
1238,1,18132,175967,-81425,-7219,59819,3600,31483,"MAGICAL_MONSTER"
1239,1,18132,175945,-82314,-7215,76198,3600,31483,"MAGICAL_MONSTER"
1240,1,18132,175260,-82325,-7219,21768,3600,31483,"MAGICAL_MONSTER"
1241,1,18132,175277,-81913,-7219,29027,3600,31483,"MAGICAL_MONSTER"
1242,1,18132,175946,-81904,-7219,65616,3600,31483,"MAGICAL_MONSTER"
1243,1,18133,175788,-82125,-7217,16464,3600,31483,"MAGICAL_MONSTER"
1244,1,18133,175782,-81536,-7217,50003,3600,31483,"MAGICAL_MONSTER"
1245,1,18133,175319,-81595,-7219,41237,3600,31483,"MAGICAL_MONSTER"
1246,1,18133,175247,-82127,-7219,26566,3600,31483,"MAGICAL_MONSTER"
1247,1,18137,175407,-81421,-7217,46952,3600,31483,"MAGICAL_MONSTER"
1248,1,18137,175418,-81661,-7217,48755,3600,31483,"MAGICAL_MONSTER"
1249,1,18137,175401,-81913,-7217,45761,3600,31483,"MAGICAL_MONSTER"
1250,1,18137,175431,-82294,-7217,50401,3600,31483,"MAGICAL_MONSTER"
1251,1,18137,175618,-82301,-7218,72758,3600,31483,"MAGICAL_MONSTER"
1252,1,18137,175779,-82318,-7217,33946,3600,31483,"MAGICAL_MONSTER"
1253,1,18137,175782,-81721,-7217,16838,3600,31483,"MAGICAL_MONSTER"
1254,1,18137,175763,-81436,-7217,19429,3600,31483,"MAGICAL_MONSTER"
1255,1,18137,175595,-81691,-7218,49761,3600,31483,"MAGICAL_MONSTER"
1256,1,18137,175598,-82093,-7218,48595,3600,31483,"MAGICAL_MONSTER"
1257,1,18141,175696,-80541,-7218,69882,3600,31484,"PHYSICAL_MONSTER"
1258,1,18141,175702,-80350,-7218,16984,3600,31484,"PHYSICAL_MONSTER"
1259,1,18141,175701,-80027,-7218,82159,3600,31484,"PHYSICAL_MONSTER"
1260,1,18141,175696,-79759,-7218,81910,3600,31484,"PHYSICAL_MONSTER"
1261,1,18141,175949,-79617,-7219,27825,3600,31484,"PHYSICAL_MONSTER"
1262,1,18141,175947,-79895,-7219,50002,3600,31484,"PHYSICAL_MONSTER"
1263,1,18141,175949,-80205,-7214,50610,3600,31484,"PHYSICAL_MONSTER"
1264,1,18141,175946,-80475,-7216,80745,3600,31484,"PHYSICAL_MONSTER"
1265,1,18141,175323,-80658,-7219,52667,3600,31484,"PHYSICAL_MONSTER"
1266,1,18141,175330,-80451,-7218,78614,3600,31484,"PHYSICAL_MONSTER"
1267,1,18141,175333,-80205,-7219,17130,3600,31484,"PHYSICAL_MONSTER"
1268,1,18141,175330,-79889,-7218,48011,3600,31484,"PHYSICAL_MONSTER"
1269,1,18141,175182,-79612,-7219,76438,3600,31484,"PHYSICAL_MONSTER"
1270,1,18141,175180,-80078,-7219,48385,3600,31484,"PHYSICAL_MONSTER"
1271,1,18141,175180,-80320,-7218,46311,3600,31484,"PHYSICAL_MONSTER"
1272,1,18141,175179,-80566,-7219,48454,3600,31484,"PHYSICAL_MONSTER"
1273,1,18145,175696,-80541,-7218,69882,3600,31484,"MAGICAL_MONSTER"
1274,1,18145,175702,-80350,-7218,16984,3600,31484,"MAGICAL_MONSTER"
1275,1,18145,175701,-80027,-7218,82159,3600,31484,"MAGICAL_MONSTER"
1276,1,18145,175696,-79759,-7218,81910,3600,31484,"MAGICAL_MONSTER"
1277,1,18145,175949,-79617,-7219,27825,3600,31484,"MAGICAL_MONSTER"
1278,1,18145,175947,-79895,-7219,50002,3600,31484,"MAGICAL_MONSTER"
1279,1,18145,175949,-80205,-7214,50610,3600,31484,"MAGICAL_MONSTER"
1280,1,18145,175946,-80475,-7216,80745,3600,31484,"MAGICAL_MONSTER"
1281,1,18145,175323,-80658,-7219,52667,3600,31484,"MAGICAL_MONSTER"
1282,1,18145,175330,-80451,-7218,78614,3600,31484,"MAGICAL_MONSTER"
1283,1,18145,175333,-80205,-7219,17130,3600,31484,"MAGICAL_MONSTER"
1284,1,18145,175330,-79889,-7218,48011,3600,31484,"MAGICAL_MONSTER"
1285,1,18145,175182,-79612,-7219,76438,3600,31484,"MAGICAL_MONSTER"
1286,1,18145,175180,-80078,-7219,48385,3600,31484,"MAGICAL_MONSTER"
1287,1,18145,175180,-80320,-7218,46311,3600,31484,"MAGICAL_MONSTER"
1288,1,18145,175179,-80566,-7219,48454,3600,31484,"MAGICAL_MONSTER"
1289,1,18150,175580,-78258,-7218,17489,3600,31485,"PHYSICAL_MONSTER"
1290,1,18166,175137,-78783,-7219,16656,3600,31485,"PHYSICAL_MONSTER"
1291,1,18166,175135,-78643,-7219,23694,3600,31485,"PHYSICAL_MONSTER"
1292,1,18166,175133,-78544,-7219,81527,3600,31485,"PHYSICAL_MONSTER"
1293,1,18166,175134,-78425,-7219,48990,3600,31485,"PHYSICAL_MONSTER"
1294,1,18166,175134,-78288,-7219,29072,3600,31485,"PHYSICAL_MONSTER"
1295,1,18166,175137,-78140,-7219,34763,3600,31485,"PHYSICAL_MONSTER"
1296,1,18166,175137,-77968,-7219,16656,3600,31485,"PHYSICAL_MONSTER"
1297,1,18166,175134,-77760,-7219,78836,3600,31485,"PHYSICAL_MONSTER"
1298,1,18166,175287,-78786,-7219,45456,3600,31485,"PHYSICAL_MONSTER"
1299,1,18166,175280,-78616,-7219,81762,3600,31485,"PHYSICAL_MONSTER"
1300,1,18166,175276,-78430,-7218,17428,3600,31485,"PHYSICAL_MONSTER"
1301,1,18166,175278,-78269,-7219,16786,3600,31485,"PHYSICAL_MONSTER"
1302,1,18166,175267,-78114,-7219,62694,3600,31485,"PHYSICAL_MONSTER"
1303,1,18166,175256,-77943,-7219,79289,3600,31485,"PHYSICAL_MONSTER"
1304,1,18166,175245,-77691,-7219,18756,3600,31485,"PHYSICAL_MONSTER"
1305,1,18166,175437,-78784,-7218,17840,3600,31485,"PHYSICAL_MONSTER"
1306,1,18166,175429,-78601,-7218,47702,3600,31485,"PHYSICAL_MONSTER"
1307,1,18166,175421,-78324,-7218,80527,3600,31485,"PHYSICAL_MONSTER"
1308,1,18166,175428,-78143,-7218,20012,3600,31485,"PHYSICAL_MONSTER"
1309,1,18166,175426,-77967,-7218,55557,3600,31485,"PHYSICAL_MONSTER"
1310,1,18166,175422,-77717,-7218,82025,3600,31485,"PHYSICAL_MONSTER"
1311,1,18166,175547,-78803,-7218,81943,3600,31485,"PHYSICAL_MONSTER"
1312,1,18166,175542,-78528,-7218,16938,3600,31485,"PHYSICAL_MONSTER"
1313,1,18166,175531,-78321,-7218,53459,3600,31485,"PHYSICAL_MONSTER"
1314,1,18166,175515,-78152,-7218,52326,3600,31485,"PHYSICAL_MONSTER"
1315,1,18166,175524,-77949,-7218,40581,3600,31485,"PHYSICAL_MONSTER"
1316,1,18166,175526,-77726,-7218,38249,3600,31485,"PHYSICAL_MONSTER"
1317,1,18166,175677,-78763,-7218,79636,3600,31485,"PHYSICAL_MONSTER"
1318,1,18166,175682,-78550,-7218,16656,3600,31485,"PHYSICAL_MONSTER"
1319,1,18166,175678,-78284,-7218,16656,3600,31485,"PHYSICAL_MONSTER"
1320,1,18166,175674,-78047,-7218,82015,3600,31485,"PHYSICAL_MONSTER"
1321,1,18166,175677,-77836,-7218,17542,3600,31485,"PHYSICAL_MONSTER"
1322,1,18166,175690,-77697,-7218,40078,3600,31485,"PHYSICAL_MONSTER"
1323,1,18166,175862,-78768,-7219,81348,3600,31485,"PHYSICAL_MONSTER"
1324,1,18166,175871,-78535,-7218,17059,3600,31485,"PHYSICAL_MONSTER"
1325,1,18166,175881,-78257,-7219,17032,3600,31485,"PHYSICAL_MONSTER"
1326,1,18166,175878,-78059,-7219,48238,3600,31485,"PHYSICAL_MONSTER"
1327,1,18166,175865,-77776,-7219,81713,3600,31485,"PHYSICAL_MONSTER"
1328,1,18166,176062,-78763,-7219,81415,3600,31485,"PHYSICAL_MONSTER"
1329,1,18166,176047,-78579,-7219,77914,3600,31485,"PHYSICAL_MONSTER"
1330,1,18166,176037,-78393,-7219,81631,3600,31485,"PHYSICAL_MONSTER"
1331,1,18166,176050,-78176,-7219,80271,3600,31485,"PHYSICAL_MONSTER"
1332,1,18166,176050,-77939,-7219,78083,3600,31485,"PHYSICAL_MONSTER"
1333,1,18166,176029,-77751,-7219,70644,3600,31485,"PHYSICAL_MONSTER"
1334,1,18170,175366,-78521,-7217,37115,3600,31485,"PHYSICAL_MONSTER"
1335,1,18170,175361,-78164,-7217,81520,3600,31485,"PHYSICAL_MONSTER"
1336,1,18170,175389,-77865,-7217,17654,3600,31485,"PHYSICAL_MONSTER"
1337,1,18170,175781,-77851,-7217,49251,3600,31485,"PHYSICAL_MONSTER"
1338,1,18170,175789,-78156,-7217,57060,3600,31485,"PHYSICAL_MONSTER"
1339,1,18170,175787,-78611,-7217,18437,3600,31485,"PHYSICAL_MONSTER"
1340,1,18170,175586,-78590,-7218,22071,3600,31485,"PHYSICAL_MONSTER"
1341,1,18170,175584,-77890,-7218,81300,3600,31485,"PHYSICAL_MONSTER"
1342,1,18154,175580,-78258,-7218,17489,3600,31485,"MAGICAL_MONSTER"
1343,1,18171,175137,-78783,-7219,16656,3600,31485,"MAGICAL_MONSTER"
1344,1,18171,175135,-78643,-7219,23694,3600,31485,"MAGICAL_MONSTER"
1345,1,18171,175133,-78544,-7219,81527,3600,31485,"MAGICAL_MONSTER"
1346,1,18171,175134,-78425,-7219,48990,3600,31485,"MAGICAL_MONSTER"
1347,1,18171,175134,-78288,-7219,29072,3600,31485,"MAGICAL_MONSTER"
1348,1,18171,175137,-78140,-7219,34763,3600,31485,"MAGICAL_MONSTER"
1349,1,18171,175137,-77968,-7219,16656,3600,31485,"MAGICAL_MONSTER"
1350,1,18171,175134,-77760,-7219,78836,3600,31485,"MAGICAL_MONSTER"
1351,1,18171,175287,-78786,-7219,45456,3600,31485,"MAGICAL_MONSTER"
1352,1,18171,175280,-78616,-7219,81762,3600,31485,"MAGICAL_MONSTER"
1353,1,18171,175276,-78430,-7218,17428,3600,31485,"MAGICAL_MONSTER"
1354,1,18171,175278,-78269,-7219,16786,3600,31485,"MAGICAL_MONSTER"
1355,1,18171,175267,-78114,-7219,62694,3600,31485,"MAGICAL_MONSTER"
1356,1,18171,175256,-77943,-7219,79289,3600,31485,"MAGICAL_MONSTER"
1357,1,18171,175245,-77691,-7219,18756,3600,31485,"MAGICAL_MONSTER"
1358,1,18171,175437,-78784,-7218,17840,3600,31485,"MAGICAL_MONSTER"
1359,1,18171,175429,-78601,-7218,47702,3600,31485,"MAGICAL_MONSTER"
1360,1,18171,175421,-78324,-7218,80527,3600,31485,"MAGICAL_MONSTER"
1361,1,18171,175428,-78143,-7218,20012,3600,31485,"MAGICAL_MONSTER"
1362,1,18171,175426,-77967,-7218,55557,3600,31485,"MAGICAL_MONSTER"
1363,1,18171,175422,-77717,-7218,82025,3600,31485,"MAGICAL_MONSTER"
1364,1,18171,175547,-78803,-7218,81943,3600,31485,"MAGICAL_MONSTER"
1365,1,18171,175542,-78528,-7218,16938,3600,31485,"MAGICAL_MONSTER"
1366,1,18171,175531,-78321,-7218,53459,3600,31485,"MAGICAL_MONSTER"
1367,1,18171,175515,-78152,-7218,52326,3600,31485,"MAGICAL_MONSTER"
1368,1,18171,175524,-77949,-7218,40581,3600,31485,"MAGICAL_MONSTER"
1369,1,18171,175526,-77726,-7218,38249,3600,31485,"MAGICAL_MONSTER"
1370,1,18171,175677,-78763,-7218,79636,3600,31485,"MAGICAL_MONSTER"
1371,1,18171,175682,-78550,-7218,16656,3600,31485,"MAGICAL_MONSTER"
1372,1,18171,175678,-78284,-7218,16656,3600,31485,"MAGICAL_MONSTER"
1373,1,18171,175674,-78047,-7218,82015,3600,31485,"MAGICAL_MONSTER"
1374,1,18171,175677,-77836,-7218,17542,3600,31485,"MAGICAL_MONSTER"
1375,1,18171,175690,-77697,-7218,40078,3600,31485,"MAGICAL_MONSTER"
1376,1,18171,175862,-78768,-7219,81348,3600,31485,"MAGICAL_MONSTER"
1377,1,18171,175871,-78535,-7218,17059,3600,31485,"MAGICAL_MONSTER"
1378,1,18171,175881,-78257,-7219,17032,3600,31485,"MAGICAL_MONSTER"
1379,1,18171,175878,-78059,-7219,48238,3600,31485,"MAGICAL_MONSTER"
1380,1,18171,175865,-77776,-7219,81713,3600,31485,"MAGICAL_MONSTER"
1381,1,18171,176062,-78763,-7219,81415,3600,31485,"MAGICAL_MONSTER"
1382,1,18171,176047,-78579,-7219,77914,3600,31485,"MAGICAL_MONSTER"
1383,1,18171,176037,-78393,-7219,81631,3600,31485,"MAGICAL_MONSTER"
1384,1,18171,176050,-78176,-7219,80271,3600,31485,"MAGICAL_MONSTER"
1385,1,18171,176050,-77939,-7219,78083,3600,31485,"MAGICAL_MONSTER"
1386,1,18171,176029,-77751,-7219,70644,3600,31485,"MAGICAL_MONSTER"
1387,1,18166,175366,-78521,-7217,37115,3600,31485,"MAGICAL_MONSTER"
1388,1,18166,175361,-78164,-7217,81520,3600,31485,"MAGICAL_MONSTER"
1389,1,18166,175389,-77865,-7217,17654,3600,31485,"MAGICAL_MONSTER"
1390,1,18166,175781,-77851,-7217,49251,3600,31485,"MAGICAL_MONSTER"
1391,1,18166,175789,-78156,-7217,57060,3600,31485,"MAGICAL_MONSTER"
1392,1,18166,175787,-78611,-7217,18437,3600,31485,"MAGICAL_MONSTER"
1393,1,18166,175586,-78590,-7218,22071,3600,31485,"MAGICAL_MONSTER"
1394,1,18166,175584,-77890,-7218,81300,3600,31485,"MAGICAL_MONSTER"
1395,1,18183,175568,-76049,-7218,49013,3600,31486,"PHYSICAL_MONSTER"
1396,1,18196,175037,-75879,-7219,61054,3600,31486,"PHYSICAL_MONSTER"
1397,1,18197,176108,-75875,-7219,35102,3600,31486,"PHYSICAL_MONSTER"
1398,1,18198,176124,-77089,-7218,26354,3600,31486,"PHYSICAL_MONSTER"
1399,1,18199,175029,-77087,-7218,70340,3600,31486,"PHYSICAL_MONSTER"
1400,1,18185,175288,-76662,-7219,17833,3600,31486,"PHYSICAL_MONSTER"
1401,1,18185,175292,-76336,-7219,48175,3600,31486,"PHYSICAL_MONSTER"
1402,1,18185,175820,-76297,-7219,62760,3600,31486,"PHYSICAL_MONSTER"
1403,1,18185,175806,-76635,-7219,73052,3600,31486,"PHYSICAL_MONSTER"
1404,1,18185,175903,-76825,-7219,76194,3600,31486,"PHYSICAL_MONSTER"
1405,1,18185,175291,-76923,-7219,23976,3600,31486,"PHYSICAL_MONSTER"
1406,1,18187,175475,-76962,-7218,29168,3600,31486,"PHYSICAL_MONSTER"
1407,1,18187,175756,-76944,-7217,71820,3600,31486,"PHYSICAL_MONSTER"
1408,1,18187,175799,-76055,-7219,44010,3600,31486,"PHYSICAL_MONSTER"
1409,1,18187,175430,-76052,-7218,41655,3600,31486,"PHYSICAL_MONSTER"
1410,1,18191,175152,-75987,-7219,37351,3600,31486,"PHYSICAL_MONSTER"
1411,1,18191,175347,-75976,-7217,78847,3600,31486,"PHYSICAL_MONSTER"
1412,1,18191,175178,-76164,-7219,56741,3600,31486,"PHYSICAL_MONSTER"
1413,1,18191,175118,-77021,-7219,22822,3600,31486,"PHYSICAL_MONSTER"
1414,1,18191,175280,-77011,-7219,32042,3600,31486,"PHYSICAL_MONSTER"
1415,1,18191,175112,-76848,-7219,73538,3600,31486,"PHYSICAL_MONSTER"
1416,1,18191,175346,-76559,-7217,30678,3600,31486,"PHYSICAL_MONSTER"
1417,1,18191,175747,-76543,-7217,38026,3600,31486,"PHYSICAL_MONSTER"
1418,1,18191,176006,-75999,-7218,53453,3600,31486,"PHYSICAL_MONSTER"
1419,1,18191,175824,-75983,-7215,65341,3600,31486,"PHYSICAL_MONSTER"
1420,1,18191,176003,-76190,-7219,31202,3600,31486,"PHYSICAL_MONSTER"
1421,1,18191,176059,-77039,-7219,16352,3600,31486,"PHYSICAL_MONSTER"
1422,1,18191,175901,-77049,-7219,62463,3600,31486,"PHYSICAL_MONSTER"
1423,1,18191,176020,-76880,-7219,24213,3600,31486,"PHYSICAL_MONSTER"
1424,1,18195,175865,-76679,-7219,24628,3600,31486,"PHYSICAL_MONSTER"
1425,1,18195,175864,-76221,-7219,81840,3600,31486,"PHYSICAL_MONSTER"
1426,1,18195,175336,-76199,-7217,63692,3600,31486,"PHYSICAL_MONSTER"
1427,1,18195,175339,-76821,-7217,53811,3600,31486,"PHYSICAL_MONSTER"
1428,1,18195,175481,-76523,-7218,78915,3600,31486,"PHYSICAL_MONSTER"
1429,1,18195,175679,-76498,-7218,34958,3600,31486,"PHYSICAL_MONSTER"
1430,1,18184,175568,-76049,-7218,49013,3600,31486,"MAGICAL_MONSTER"
1431,1,18196,175037,-75879,-7219,35102,3600,31486,"MAGICAL_MONSTER"
1432,1,18197,176108,-75875,-7219,61054,3600,31486,"MAGICAL_MONSTER"
1433,1,18198,176124,-77089,-7218,70340,3600,31486,"MAGICAL_MONSTER"
1434,1,18199,175029,-77087,-7218,26354,3600,31486,"MAGICAL_MONSTER"
1435,1,18186,175288,-76662,-7219,17833,3600,31486,"MAGICAL_MONSTER"
1436,1,18186,175292,-76336,-7219,48175,3600,31486,"MAGICAL_MONSTER"
1437,1,18186,175820,-76297,-7219,62760,3600,31486,"MAGICAL_MONSTER"
1438,1,18186,175806,-76635,-7219,73052,3600,31486,"MAGICAL_MONSTER"
1439,1,18186,175903,-76825,-7219,76194,3600,31486,"MAGICAL_MONSTER"
1440,1,18186,175291,-76923,-7219,23976,3600,31486,"MAGICAL_MONSTER"
1441,1,18187,175475,-76962,-7218,29168,3600,31486,"MAGICAL_MONSTER"
1442,1,18187,175756,-76944,-7217,71820,3600,31486,"MAGICAL_MONSTER"
1443,1,18187,175799,-76055,-7219,44010,3600,31486,"MAGICAL_MONSTER"
1444,1,18187,175430,-76052,-7218,41655,3600,31486,"MAGICAL_MONSTER"
1445,1,18191,175152,-75987,-7219,37351,3600,31486,"MAGICAL_MONSTER"
1446,1,18191,175347,-75976,-7217,78847,3600,31486,"MAGICAL_MONSTER"
1447,1,18191,175178,-76164,-7219,56741,3600,31486,"MAGICAL_MONSTER"
1448,1,18191,175118,-77021,-7219,22822,3600,31486,"MAGICAL_MONSTER"
1449,1,18191,175280,-77011,-7219,32042,3600,31486,"MAGICAL_MONSTER"
1450,1,18191,175112,-76848,-7219,73538,3600,31486,"MAGICAL_MONSTER"
1451,1,18191,175346,-76559,-7217,30678,3600,31486,"MAGICAL_MONSTER"
1452,1,18191,175747,-76543,-7217,38026,3600,31486,"MAGICAL_MONSTER"
1453,1,18191,176006,-75999,-7218,53453,3600,31486,"MAGICAL_MONSTER"
1454,1,18191,175824,-75983,-7215,65341,3600,31486,"MAGICAL_MONSTER"
1455,1,18191,176003,-76190,-7219,31202,3600,31486,"MAGICAL_MONSTER"
1456,1,18191,176059,-77039,-7219,16352,3600,31486,"MAGICAL_MONSTER"
1457,1,18191,175901,-77049,-7219,62463,3600,31486,"MAGICAL_MONSTER"
1458,1,18191,176020,-76880,-7219,24213,3600,31486,"MAGICAL_MONSTER"
1459,1,18195,175865,-76679,-7219,24628,3600,31486,"MAGICAL_MONSTER"
1460,1,18195,175864,-76221,-7219,81840,3600,31486,"MAGICAL_MONSTER"
1461,1,18195,175336,-76199,-7217,63692,3600,31486,"MAGICAL_MONSTER"
1462,1,18195,175339,-76821,-7217,53811,3600,31486,"MAGICAL_MONSTER"
1463,1,18195,175481,-76523,-7218,78915,3600,31486,"MAGICAL_MONSTER"
1464,1,18195,175679,-76498,-7218,34958,3600,31486,"MAGICAL_MONSTER"
1465,1,18220,175740,-74211,-7217,52795,3600,31487,"PHYSICAL_MONSTER"
1466,1,18220,175741,-74502,-7217,50272,3600,31487,"PHYSICAL_MONSTER"
1467,1,18220,175759,-74888,-7217,48954,3600,31487,"PHYSICAL_MONSTER"
1468,1,18220,175379,-74927,-7218,63647,3600,31487,"PHYSICAL_MONSTER"
1469,1,18220,175372,-74655,-7217,81965,3600,31487,"PHYSICAL_MONSTER"
1470,1,18220,175363,-74324,-7217,16927,3600,31487,"PHYSICAL_MONSTER"
1471,1,18230,175186,-74238,-7219,79652,3600,31487,"PHYSICAL_MONSTER"
1472,1,18230,175191,-74510,-7218,49109,3600,31487,"PHYSICAL_MONSTER"
1473,1,18230,175193,-74810,-7219,49371,3600,31487,"PHYSICAL_MONSTER"
1474,1,18230,175200,-75099,-7219,49188,3600,31487,"PHYSICAL_MONSTER"
1475,1,18230,175954,-75168,-7219,33169,3600,31487,"PHYSICAL_MONSTER"
1476,1,18230,175943,-74950,-7219,81682,3600,31487,"PHYSICAL_MONSTER"
1477,1,18230,175943,-74674,-7219,16672,3600,31487,"PHYSICAL_MONSTER"
1478,1,18230,175943,-74322,-7219,16672,3600,31487,"PHYSICAL_MONSTER"
1479,1,18231,176073,-74065,-7219,49184,3600,31487,"PHYSICAL_MONSTER"
1480,1,18232,175953,-74069,-7219,49184,3600,31487,"PHYSICAL_MONSTER"
1481,1,18233,175824,-74079,-7219,49184,3600,31487,"PHYSICAL_MONSTER"
1482,1,18234,175883,-74075,-7219,49184,3600,31487,"PHYSICAL_MONSTER"
1483,1,18235,176014,-74075,-7219,49184,3600,31487,"PHYSICAL_MONSTER"
1484,1,18236,175053,-74044,-7219,49184,3600,31487,"PHYSICAL_MONSTER"
1485,1,18237,175130,-74044,-7219,49184,3600,31487,"PHYSICAL_MONSTER"
1486,1,18238,175216,-74048,-7219,49184,3600,31487,"PHYSICAL_MONSTER"
1487,1,18239,175294,-74053,-7219,49184,3600,31487,"PHYSICAL_MONSTER"
1488,1,18240,175375,-74042,-7217,49184,3600,31487,"PHYSICAL_MONSTER"
1489,1,18222,176015,-74206,-7219,50737,3600,31487,"PHYSICAL_MONSTER"
1490,1,18222,176018,-74383,-7219,51073,3600,31487,"PHYSICAL_MONSTER"
1491,1,18222,176018,-74569,-7219,49440,3600,31487,"PHYSICAL_MONSTER"
1492,1,18226,176022,-74754,-7219,49215,3600,31487,"PHYSICAL_MONSTER"
1493,1,18222,176025,-75075,-7219,49343,3600,31487,"PHYSICAL_MONSTER"
1494,1,18222,175828,-74315,-7219,34779,3600,31487,"PHYSICAL_MONSTER"
1495,1,18222,175848,-74555,-7219,48573,3600,31487,"PHYSICAL_MONSTER"
1496,1,18226,175858,-74729,-7219,48842,3600,31487,"PHYSICAL_MONSTER"
1497,1,18222,175880,-74987,-7219,79305,3600,31487,"PHYSICAL_MONSTER"
1498,1,18222,175655,-74191,-7218,18469,3600,31487,"PHYSICAL_MONSTER"
1499,1,18222,175675,-74384,-7218,48363,3600,31487,"PHYSICAL_MONSTER"
1500,1,18226,175684,-74630,-7218,49059,3600,31487,"PHYSICAL_MONSTER"
1501,1,18222,175695,-74886,-7218,48993,3600,31487,"PHYSICAL_MONSTER"
1502,1,18222,175717,-75186,-7218,48677,3600,31487,"PHYSICAL_MONSTER"
1503,1,18222,175436,-74161,-7218,44604,3600,31487,"PHYSICAL_MONSTER"
1504,1,18226,175430,-74463,-7218,49647,3600,31487,"PHYSICAL_MONSTER"
1505,1,18222,175407,-74662,-7217,44604,3600,31487,"PHYSICAL_MONSTER"
1506,1,18222,175421,-74943,-7217,48921,3600,31487,"PHYSICAL_MONSTER"
1507,1,18222,175221,-74236,-7219,45217,3600,31487,"PHYSICAL_MONSTER"
1508,1,18226,175223,-74542,-7217,48058,3600,31487,"PHYSICAL_MONSTER"
1509,1,18222,175228,-74843,-7219,42194,3600,31487,"PHYSICAL_MONSTER"
1510,1,18222,175237,-75129,-7219,46722,3600,31487,"PHYSICAL_MONSTER"
1511,1,18222,175088,-74223,-7219,45472,3600,31487,"PHYSICAL_MONSTER"
1512,1,18226,175086,-74450,-7218,49531,3600,31487,"PHYSICAL_MONSTER"
1513,1,18222,175099,-74730,-7219,48957,3600,31487,"PHYSICAL_MONSTER"
1514,1,18222,175106,-75041,-7219,18095,3600,31487,"PHYSICAL_MONSTER"
1515,1,18222,175572,-74349,-7218,49440,3600,31487,"PHYSICAL_MONSTER"
1516,1,18226,175579,-74444,-7218,48430,3600,31487,"PHYSICAL_MONSTER"
1517,1,18222,175571,-74968,-7218,73599,3600,31487,"PHYSICAL_MONSTER"
1518,1,18222,175570,-75242,-7218,51837,3600,31487,"PHYSICAL_MONSTER"
1519,1,18221,175740,-74211,-7217,52795,3600,31487,"MAGICAL_MONSTER"
1520,1,18221,175741,-74502,-7217,50272,3600,31487,"MAGICAL_MONSTER"
1521,1,18221,175759,-74888,-7217,48954,3600,31487,"MAGICAL_MONSTER"
1522,1,18221,175379,-74927,-7218,63647,3600,31487,"MAGICAL_MONSTER"
1523,1,18221,175372,-74655,-7217,81965,3600,31487,"MAGICAL_MONSTER"
1524,1,18221,175363,-74324,-7217,16927,3600,31487,"MAGICAL_MONSTER"
1525,1,18230,175186,-74238,-7219,79652,3600,31487,"MAGICAL_MONSTER"
1526,1,18230,175191,-74510,-7218,49109,3600,31487,"MAGICAL_MONSTER"
1527,1,18230,175193,-74810,-7219,49371,3600,31487,"MAGICAL_MONSTER"
1528,1,18230,175200,-75099,-7219,49188,3600,31487,"MAGICAL_MONSTER"
1529,1,18230,175954,-75168,-7219,33169,3600,31487,"MAGICAL_MONSTER"
1530,1,18230,175943,-74950,-7219,81682,3600,31487,"MAGICAL_MONSTER"
1531,1,18230,175943,-74674,-7219,16672,3600,31487,"MAGICAL_MONSTER"
1532,1,18230,175943,-74322,-7219,16672,3600,31487,"MAGICAL_MONSTER"
1533,1,18231,176073,-74065,-7219,49184,3600,31487,"MAGICAL_MONSTER"
1534,1,18232,175953,-74069,-7219,49184,3600,31487,"MAGICAL_MONSTER"
1535,1,18233,175824,-74079,-7219,49184,3600,31487,"MAGICAL_MONSTER"
1536,1,18234,175883,-74075,-7219,49184,3600,31487,"MAGICAL_MONSTER"
1537,1,18235,176014,-74075,-7219,49184,3600,31487,"MAGICAL_MONSTER"
1538,1,18236,175053,-74044,-7219,49184,3600,31487,"MAGICAL_MONSTER"
1539,1,18237,175130,-74044,-7219,49184,3600,31487,"MAGICAL_MONSTER"
1540,1,18238,175216,-74048,-7219,49184,3600,31487,"MAGICAL_MONSTER"
1541,1,18239,175294,-74053,-7219,49184,3600,31487,"MAGICAL_MONSTER"
1542,1,18240,175375,-74042,-7217,49184,3600,31487,"MAGICAL_MONSTER"
1543,1,18226,176015,-74206,-7219,50737,3600,31487,"MAGICAL_MONSTER"
1544,1,18226,176018,-74383,-7219,51073,3600,31487,"MAGICAL_MONSTER"
1545,1,18226,176018,-74569,-7219,49440,3600,31487,"MAGICAL_MONSTER"
1546,1,18222,176022,-74754,-7219,49215,3600,31487,"MAGICAL_MONSTER"
1547,1,18226,176025,-75075,-7219,49343,3600,31487,"MAGICAL_MONSTER"
1548,1,18226,175828,-74315,-7219,34779,3600,31487,"MAGICAL_MONSTER"
1549,1,18226,175848,-74555,-7219,48573,3600,31487,"MAGICAL_MONSTER"
1550,1,18222,175858,-74729,-7219,48842,3600,31487,"MAGICAL_MONSTER"
1551,1,18226,175880,-74987,-7219,79305,3600,31487,"MAGICAL_MONSTER"
1552,1,18226,175655,-74191,-7218,18469,3600,31487,"MAGICAL_MONSTER"
1553,1,18226,175675,-74384,-7218,48363,3600,31487,"MAGICAL_MONSTER"
1554,1,18222,175684,-74630,-7218,49059,3600,31487,"MAGICAL_MONSTER"
1555,1,18226,175695,-74886,-7218,48993,3600,31487,"MAGICAL_MONSTER"
1556,1,18226,175717,-75186,-7218,48677,3600,31487,"MAGICAL_MONSTER"
1557,1,18226,175436,-74161,-7218,44604,3600,31487,"MAGICAL_MONSTER"
1558,1,18222,175430,-74463,-7218,49647,3600,31487,"MAGICAL_MONSTER"
1559,1,18226,175407,-74662,-7217,44604,3600,31487,"MAGICAL_MONSTER"
1560,1,18226,175421,-74943,-7217,48921,3600,31487,"MAGICAL_MONSTER"
1561,1,18226,175221,-74236,-7219,45217,3600,31487,"MAGICAL_MONSTER"
1562,1,18222,175223,-74542,-7217,48058,3600,31487,"MAGICAL_MONSTER"
1563,1,18226,175228,-74843,-7219,42194,3600,31487,"MAGICAL_MONSTER"
1564,1,18226,175237,-75129,-7219,46722,3600,31487,"MAGICAL_MONSTER"
1565,1,18226,175088,-74223,-7219,45472,3600,31487,"MAGICAL_MONSTER"
1566,1,18222,175086,-74450,-7218,49531,3600,31487,"MAGICAL_MONSTER"
1567,1,18226,175099,-74730,-7219,48957,3600,31487,"MAGICAL_MONSTER"
1568,1,18226,175106,-75041,-7219,18095,3600,31487,"MAGICAL_MONSTER"
1569,1,18226,175572,-74349,-7218,49440,3600,31487,"MAGICAL_MONSTER"
1570,1,18222,175579,-74444,-7218,48430,3600,31487,"MAGICAL_MONSTER"
1571,1,18226,175571,-74968,-7218,73599,3600,31487,"MAGICAL_MONSTER"
1572,1,18226,175570,-75242,-7218,51837,3600,31487,"MAGICAL_MONSTER"
1573,1,18241,175484,-73955,-7218,49184,3600,31487,"DUKE_FINAL_MONSTER"
1574,1,18242,175575,-73954,-7218,49184,3600,31487,"DUKE_FINAL_MONSTER"
1575,1,18243,175665,-73956,-7218,49184,3600,31487,"DUKE_FINAL_MONSTER"
1576,1,18212,175577,-74613,-7218,16832,3600,31487,"DUKE_FINAL_MONSTER"
1577,1,18220,175577,-74947,-7218,48286,3600,31487,"DUKE_FINAL_MONSTER"
1578,1,18220,175336,-74772,-7217,72374,3600,31487,"DUKE_FINAL_MONSTER"
1579,1,18220,175760,-74748,-7217,81375,3600,31487,"DUKE_FINAL_MONSTER"
1580,1,18222,175912,-74356,-7219,23710,3600,31487,"DUKE_FINAL_MONSTER"
1581,1,18222,175345,-74386,-7219,20896,3600,31487,"DUKE_FINAL_MONSTER"
1582,1,18226,175178,-75062,-7219,20184,3600,31487,"DUKE_FINAL_MONSTER"
1583,1,18222,175947,-75058,-7219,78852,3600,31487,"DUKE_FINAL_MONSTER"
1584,1,18222,175783,-74471,-7219,69583,3600,31487,"DUKE_FINAL_MONSTER"
1585,1,18226,175491,-74486,-7218,23710,3600,31487,"DUKE_FINAL_MONSTER"
1586,1,18222,175451,-74992,-7218,21649,3600,31487,"DUKE_FINAL_MONSTER"
1587,1,18222,175704,-75000,-7218,74848,3600,31487,"DUKE_FINAL_MONSTER"
1588,1,18226,175199,-74675,-7219,21509,3600,31487,"DUKE_FINAL_MONSTER"
1589,1,18222,175967,-74637,-7219,73787,3600,31487,"DUKE_FINAL_MONSTER"
1590,1,18230,175213,-74397,-7215,28220,3600,31487,"DUKE_FINAL_MONSTER"
1591,1,18230,175839,-74350,-7219,68849,3600,31487,"DUKE_FINAL_MONSTER"
1592,1,18230,175575,-74631,-7218,81892,3600,31487,"DUKE_FINAL_MONSTER"
1593,1,18230,175662,-74865,-7218,45728,3600,31487,"DUKE_FINAL_MONSTER"
1594,1,18230,175444,-74916,-7218,63426,3600,31487,"DUKE_FINAL_MONSTER"
1595,1,18230,175579,-74303,-7218,17169,3600,31487,"DUKE_FINAL_MONSTER"
1596,1,31452,175578,-72733,-7216,49440,3600,31944,"EMPEROR_GRAVE_MONSTER"
1597,1,18256,175222,-73263,-7219,62468,3600,31944,"EMPEROR_GRAVE_MONSTER"
1598,1,18256,175353,-73145,-7219,20984,3600,31944,"EMPEROR_GRAVE_MONSTER"
1599,1,18256,175171,-72843,-7216,73492,3600,31944,"EMPEROR_GRAVE_MONSTER"
1600,1,18256,175182,-72713,-7215,25398,3600,31944,"EMPEROR_GRAVE_MONSTER"
1601,1,18256,175447,-72608,-7216,32074,3600,31944,"EMPEROR_GRAVE_MONSTER"
1602,1,18256,175664,-72644,-7216,41103,3600,31944,"EMPEROR_GRAVE_MONSTER"
1603,1,18256,175853,-72616,-7216,20565,3600,31944,"EMPEROR_GRAVE_MONSTER"
1604,1,18256,175977,-72299,-7219,20565,3600,31944,"EMPEROR_GRAVE_MONSTER"
1605,1,18256,175712,-72230,-7219,67962,3600,31944,"EMPEROR_GRAVE_MONSTER"
1606,1,18256,175814,-72925,-7216,47721,3600,31944,"EMPEROR_GRAVE_MONSTER"
1607,1,18256,176077,-73166,-7219,40596,3600,31944,"EMPEROR_GRAVE_MONSTER"
1608,1,18256,175840,-73211,-7246,63866,3600,31944,"EMPEROR_GRAVE_MONSTER"
1609,1,18256,175603,-72992,-7216,73511,3600,31944,"EMPEROR_GRAVE_MONSTER"
1610,1,18256,175440,-72488,-7243,25061,3600,31944,"EMPEROR_GRAVE_MONSTER"
1611,1,18256,175204,-72262,-7219,74489,3600,31944,"EMPEROR_GRAVE_MONSTER"
1612,1,18256,175286,-72170,-7219,29793,3600,31944,"EMPEROR_GRAVE_MONSTER"
