merchant_shop_id,position,item_template_id,price,stock_count,restock_interval_s
7,18,5900,12000,1,10800
89,40,9656,4411200,,
89,41,9657,8170800,,
89,42,9658,15309600,,
89,43,9662,2252400,,
89,44,9663,4344000,,
89,45,9664,8551200,,
89,46,9668,1200,,
89,47,10515,12000,,
89,48,10516,24000,,
89,49,10517,60000,,
89,50,10425,1200,,
90,40,9656,4411200,,
90,41,9657,8170800,,
90,42,9658,15309600,,
90,43,9662,2252400,,
90,44,9663,4344000,,
90,45,9664,8551200,,
90,46,9668,1200,,
90,47,10515,12000,,
90,48,10516,24000,,
90,49,10517,60000,,
90,50,10425,1200,,
91,40,9656,4411200,,
91,41,9657,8170800,,
91,42,9658,15309600,,
91,43,9662,2252400,,
91,44,9663,4344000,,
91,45,9664,8551200,,
91,46,9668,1200,,
91,47,10515,12000,,
91,48,10516,24000,,
91,49,10517,60000,,
91,50,10425,1200,,
92,52,9656,4411200,,
92,53,9657,8170800,,
92,54,9658,15309600,,
92,55,9659,25390800,,
92,56,9660,45302400,,
92,57,9661,82365600,,
92,58,9662,2252400,,
92,59,9663,4344000,,
92,60,9664,8551200,,
92,61,9665,15075600,,
92,62,9666,29083200,,
92,63,9667,58654800,,
92,64,9668,1200,,
92,65,10515,12000,,
92,66,10516,24000,,
92,67,10517,60000,,
92,68,10425,1200,,
93,40,9656,4411200,,
93,41,9657,8170800,,
93,42,9658,15309600,,
93,43,9662,2252400,,
93,44,9663,4344000,,
93,45,9664,8551200,,
93,46,9668,1200,,
93,47,10515,12000,,
93,48,10516,24000,,
93,49,10517,60000,,
93,50,10425,1200,,
94,40,9656,4411200,,
94,41,9657,8170800,,
94,42,9658,15309600,,
94,43,9662,2252400,,
94,44,9663,4344000,,
94,45,9664,8551200,,
94,46,9668,1200,,
94,47,10515,12000,,
94,48,10516,24000,,
94,49,10517,60000,,
94,50,10425,1200,,
104,40,9656,4411200,,
104,41,9657,8170800,,
104,42,9658,15309600,,
104,43,9662,2252400,,
104,44,9663,4344000,,
104,45,9664,8551200,,
104,46,9668,1200,,
104,47,10515,12000,,
104,48,10516,24000,,
104,49,10517,60000,,
104,50,10425,1200,,
118,52,9656,4411200,,
118,53,9657,8170800,,
118,54,9658,15309600,,
118,55,9659,25390800,,
118,56,9660,45302400,,
118,57,9661,82365600,,
118,58,9662,2252400,,
118,59,9663,4344000,,
118,60,9664,8551200,,
118,61,9665,15075600,,
118,62,9666,29083200,,
118,63,9667,58654800,,
118,64,9668,1200,,
118,65,10515,12000,,
118,66,10516,24000,,
118,67,10517,60000,,
118,68,10425,1200,,
136,52,9656,4411200,,
136,53,9657,8170800,,
136,54,9658,15309600,,
136,55,9659,25390800,,
136,56,9660,45302400,,
136,57,9661,82365600,,
136,58,9662,2252400,,
136,59,9663,4344000,,
136,60,9664,8551200,,
136,61,9665,15075600,,
136,62,9666,29083200,,
136,63,9667,58654800,,
136,64,9668,1200,,
136,65,10515,12000,,
136,66,10516,24000,,
136,67,10517,60000,,
136,68,10425,1200,,
168,52,9656,4411200,,
168,53,9657,8170800,,
168,54,9658,15309600,,
168,55,9659,25390800,,
168,56,9660,45302400,,
168,57,9661,82365600,,
168,58,9662,2252400,,
168,59,9663,4344000,,
168,60,9664,8551200,,
168,61,9665,15075600,,
168,62,9666,29083200,,
168,63,9667,58654800,,
168,64,9668,1200,,
168,65,10515,12000,,
168,66,10516,24000,,
168,67,10517,60000,,
168,68,10425,1200,,
382,1,1835,10,,
382,2,2509,22,,
382,3,3947,50,,
382,4,5146,16632,,
382,5,5140,7128,,
382,6,5134,3312,,
382,7,5262,55440,,
382,8,5256,23760,,
382,9,5250,11088,,
382,10,17,2,,
382,11,1341,4,,
382,12,1342,7,,
382,13,1060,130,,
382,14,1061,475,,
382,15,1831,108,,
382,16,1832,259,,
382,17,1833,108,,
382,18,1834,259,,
382,19,734,1728,,
382,20,735,3456,,
382,21,6035,3456,,
382,22,6037,144,,
382,23,736,576,,
382,24,737,2880,,
382,25,1829,720,,
382,26,1830,720,,
382,27,5589,144,,
382,28,1661,1440,,
382,29,4625,720,,
382,30,4626,720,,
382,31,4627,720,,
382,32,4628,720,,
382,33,8622,1831,,
382,34,8623,4860,,
382,35,8634,845,,
382,36,8635,1972,,
382,37,8636,4226,,
382,38,8637,5634,,
382,39,8594,3240,,
382,40,8595,7776,,
382,41,8596,22680,,
382,42,8597,45360,,
382,43,8598,77760,,
383,1,1835,10,,
383,2,2509,22,,
383,3,3947,50,,
383,4,5146,16632,,
383,5,5140,7128,,
383,6,5134,3312,,
383,7,5262,55440,,
383,8,5256,23760,,
383,9,5250,11088,,
383,10,17,2,,
383,11,1341,4,,
383,12,1342,7,,
383,13,1060,130,,
383,14,1061,475,,
383,15,1831,108,,
383,16,1832,259,,
383,17,1833,108,,
383,18,1834,259,,
383,19,734,1728,,
383,20,735,3456,,
383,21,6035,3456,,
383,22,6037,144,,
383,23,736,576,,
383,24,737,2880,,
383,25,1829,720,,
383,26,1830,720,,
383,27,5589,144,,
383,28,1661,1440,,
383,29,4625,720,,
383,30,4626,720,,
383,31,4627,720,,
383,32,4628,720,,
383,33,8622,1831,,
383,34,8623,4860,,
383,35,8634,845,,
383,36,8635,1972,,
383,37,8636,4226,,
383,38,8637,5634,,
383,39,8594,3240,,
383,40,8595,7776,,
383,41,8596,22680,,
383,42,8597,45360,,
383,43,8598,77760,,
423,1,736,720,,
423,2,737,3600,,
423,3,734,2160,,
423,4,735,4320,,
423,5,1831,134,,
423,6,1833,134,,
423,7,1061,594,,
423,8,8786,9000,,
423,9,8598,86400,,
423,10,8599,144000,,
423,11,8615,63000,,
5710,52,9656,4411200,,
5710,53,9657,8170800,,
5710,54,9658,15309600,,
5710,55,9659,25390800,,
5710,56,9660,45302400,,
5710,57,9661,82365600,,
5710,58,9662,2252400,,
5710,59,9663,4344000,,
5710,60,9664,8551200,,
5710,61,9665,15075600,,
5710,62,9666,29083200,,
5710,63,9667,58654800,,
5710,64,9668,1200,,
5710,65,10515,12000,,
5710,66,10516,24000,,
5710,67,10517,60000,,
5710,68,10425,1200,,
9001,1,1,0,,
9001,2,2,0,,
9001,3,3,0,,
9001,4,66,0,,
9001,5,67,0,,
9001,6,68,0,,
9001,7,120,0,,
9001,8,121,0,,
9001,9,122,0,,
9001,10,738,0,,
9001,11,743,0,,
9001,12,975,0,,
9001,13,1142,0,,
9001,14,1295,0,,
9001,15,1296,0,,
9001,16,1297,0,,
9001,17,1298,0,,
9001,18,1510,0,,
9001,19,2369,0,,
9001,20,2915,0,,
9001,21,3029,0,,
9001,22,4027,0,,
9001,23,4202,0,,
9001,24,4219,0,,
9001,25,6354,0,,
9001,26,6717,0,,
9001,27,7821,0,,
9002,1,981,0,,
9002,2,1333,0,,
9002,3,3027,0,,
9002,4,5284,0,,
9003,1,10,0,,
9003,2,11,0,,
9003,3,12,0,,
9003,4,215,0,,
9003,5,216,0,,
9003,6,217,0,,
9003,7,218,0,,
9003,8,219,0,,
9003,9,946,0,,
9003,10,989,0,,
9003,11,1182,0,,
9003,12,1305,0,,
9003,13,1306,0,,
9003,14,2372,0,,
9003,15,2374,0,,
9003,16,3471,0,,
9003,17,4220,0,,
9003,18,4665,0,,
9003,19,7818,0,,
9004,1,13,0,,
9004,2,14,0,,
9004,3,271,0,,
9004,4,272,0,,
9004,5,273,0,,
9004,6,1181,0,,
9004,7,1213,0,,
9004,8,1307,0,,
9004,9,3028,0,,
9004,10,6715,0,,
9004,11,6720,0,,
9004,12,7820,0,,
9004,13,17,0,,
9005,1,253,0,,
9005,2,254,0,,
9005,3,255,0,,
9005,4,256,0,,
9005,5,257,0,,
9005,6,2368,0,,
9005,7,2371,0,,
9005,8,5133,0,,
9005,9,7819,0,,
9006,1,15,0,,
9006,2,16,0,,
9006,3,1302,0,,
9006,4,1303,0,,
9006,5,3026,0,,
9006,6,5817,0,,
9007,1,4,0,,
9007,2,5,0,,
9007,3,6,0,,
9007,4,7,0,,
9007,5,87,0,,
9007,6,152,0,,
9007,7,153,0,,
9007,8,154,0,,
9007,9,155,0,,
9007,10,747,0,,
9007,11,748,0,,
9007,12,1300,0,,
9007,13,1301,0,,
9007,14,1511,0,,
9007,15,2370,0,,
9007,16,2501,0,,
9007,17,4221,0,,
9007,18,7817,0,,
9008,1,8,0,,
9008,2,9,0,,
9008,3,176,0,,
9008,4,177,0,,
9008,5,744,0,,
9008,6,754,0,,
9008,7,1304,0,,
9008,8,2373,0,,
9008,9,6355,0,,
9008,10,6716,0,,
9008,11,6718,0,,
9008,12,7058,0,,
9008,13,7816,0,,
9009,1,69,0,,
9009,2,83,0,,
9009,3,123,0,,
9009,4,125,0,,
9009,5,126,0,,
9009,6,127,0,,
9009,7,128,0,,
9009,8,129,0,,
9009,9,130,0,,
9009,10,143,0,,
9009,11,144,0,,
9009,12,2499,0,,
9009,13,7826,0,,
9010,1,70,0,,
9010,2,124,0,,
9010,3,5285,0,,
9010,4,5791,0,,
9010,5,5792,0,,
9010,6,5795,0,,
9010,7,5796,0,,
9010,8,6723,0,,
9011,1,2516,0,,
9011,2,2517,0,,
9011,3,2518,0,,
9011,4,2519,0,,
9011,5,2520,0,,
9011,6,2521,0,,
9011,7,2522,0,,
9011,8,2525,0,,
9011,9,2526,0,,
9011,10,2527,0,,
9011,11,2528,0,,
9011,12,2529,0,,
9011,13,2530,0,,
9011,14,2533,0,,
9011,15,2534,0,,
9011,16,2535,0,,
9011,17,2536,0,,
9011,18,2537,0,,
9011,19,2540,0,,
9011,20,2541,0,,
9011,21,2542,0,,
9011,22,2543,0,,
9011,23,2546,0,,
9011,24,2547,0,,
9011,25,2548,0,,
9011,26,5129,0,,
9012,1,220,0,,
9012,2,221,0,,
9012,3,222,0,,
9012,4,223,0,,
9012,5,224,0,,
9012,6,225,0,,
9012,7,238,0,,
9012,8,239,0,,
9012,9,240,0,,
9012,10,241,0,,
9012,11,1471,0,,
9012,12,1660,0,,
9012,13,2507,0,,
9012,14,4028,0,,
9012,15,5127,0,,
9012,16,5128,0,,
9012,17,5130,0,,
9012,18,5131,0,,
9012,19,5132,0,,
9012,20,7830,0,,
9013,1,274,0,,
9013,2,275,0,,
9013,3,276,0,,
9013,4,277,0,,
9013,5,278,0,,
9013,6,279,0,,
9013,7,280,0,,
9013,8,7823,0,,
9013,9,7824,0,,
9013,10,1341,0,,
9014,1,258,0,,
9014,2,259,0,,
9014,3,260,0,,
9014,4,261,0,,
9014,5,262,0,,
9014,6,7828,0,,
9015,1,93,0,,
9015,2,291,0,,
9015,3,292,0,,
9015,4,293,0,,
9015,5,294,0,,
9015,6,295,0,,
9015,7,296,0,,
9015,8,297,0,,
9015,9,1376,0,,
9015,10,1472,0,,
9015,11,3937,0,,
9015,12,3938,0,,
9015,13,3939,0,,
9015,14,7831,0,,
9016,1,86,0,,
9016,2,88,0,,
9016,3,156,0,,
9016,4,157,0,,
9016,5,158,0,,
9016,6,159,0,,
9016,7,166,0,,
9016,8,167,0,,
9016,9,168,0,,
9016,10,169,0,,
9016,11,172,0,,
9016,12,179,0,,
9016,13,180,0,,
9016,14,181,0,,
9016,15,182,0,,
9016,16,189,0,,
9016,17,7822,0,,
9016,18,7829,0,,
9017,1,90,0,,
9017,2,178,0,,
9017,3,183,0,,
9017,4,184,0,,
9017,5,185,0,,
9017,6,186,0,,
9017,7,187,0,,
9017,8,188,0,,
9017,9,190,0,,
9017,10,749,0,,
9017,11,7825,0,,
9018,1,72,0,,
9018,2,73,0,,
9018,3,74,0,,
9018,4,75,0,,
9018,5,76,0,,
9018,6,77,0,,
9018,7,84,0,,
9018,8,131,0,,
9018,9,132,0,,
9018,10,133,0,,
9018,11,134,0,,
9018,12,135,0,,
9018,13,145,0,,
9018,14,4681,0,,
9018,15,4682,0,,
9018,16,4683,0,,
9018,17,4684,0,,
9018,18,4685,0,,
9018,19,4686,0,,
9018,20,4687,0,,
9018,21,4688,0,,
9018,22,4689,0,,
9018,23,4690,0,,
9018,24,4691,0,,
9018,25,4692,0,,
9018,26,4693,0,,
9018,27,4694,0,,
9018,28,4695,0,,
9018,29,4696,0,,
9018,30,4697,0,,
9018,31,4698,0,,
9018,32,4699,0,,
9018,33,4700,0,,
9018,34,4701,0,,
9018,35,4702,0,,
9018,36,4703,0,,
9018,37,4704,0,,
9018,38,4705,0,,
9018,39,4706,0,,
9018,40,4707,0,,
9018,41,4708,0,,
9018,42,4709,0,,
9018,43,4710,0,,
9018,44,5793,0,,
9018,45,5794,0,,
9018,46,5797,0,,
9018,47,5798,0,,
9018,48,5800,0,,
9018,49,5801,0,,
9018,50,6307,0,,
9018,51,6308,0,,
9018,52,6309,0,,
9018,53,6310,0,,
9018,54,6311,0,,
9018,55,6312,0,,
9018,56,6313,0,,
9018,57,6314,0,,
9018,58,6315,0,,
9019,1,71,0,,
9019,2,4711,0,,
9019,3,4712,0,,
9019,4,4713,0,,
9019,5,5286,0,,
9019,6,6347,0,,
9019,7,6348,0,,
9019,8,6349,0,,
9020,1,2523,0,,
9020,2,2524,0,,
9020,3,2531,0,,
9020,4,2532,0,,
9020,5,2538,0,,
9020,6,2539,0,,
9020,7,2544,0,,
9020,8,2545,0,,
9020,9,2549,0,,
9020,10,2550,0,,
9020,11,2551,0,,
9020,12,2552,0,,
9020,13,2553,0,,
9020,14,2554,0,,
9020,15,2555,0,,
9020,16,2556,0,,
9020,17,2557,0,,
9020,18,2558,0,,
9020,19,2559,0,,
9020,20,2560,0,,
9020,21,2561,0,,
9020,22,2562,0,,
9020,23,2563,0,,
9020,24,2564,0,,
9020,25,2565,0,,
9020,26,2572,0,,
9020,27,2573,0,,
9020,28,2574,0,,
9020,29,2575,0,,
9020,30,2582,0,,
9020,31,2583,0,,
9020,32,2584,0,,
9020,33,2591,0,,
9020,34,2592,0,,
9020,35,2599,0,,
9021,1,226,0,,
9021,2,227,0,,
9021,3,228,0,,
9021,4,230,0,,
9021,5,231,0,,
9021,6,232,0,,
9021,7,233,0,,
9021,8,242,0,,
9021,9,4759,0,,
9021,10,4760,0,,
9021,11,4761,0,,
9021,12,4762,0,,
9021,13,4763,0,,
9021,14,4764,0,,
9021,15,4765,0,,
9021,16,4766,0,,
9021,17,4767,0,,
9021,18,4768,0,,
9021,19,4769,0,,
9021,20,4770,0,,
9021,21,4771,0,,
9021,22,4772,0,,
9021,23,4773,0,,
9021,24,4774,0,,
9021,25,4775,0,,
9021,26,4776,0,,
9021,27,6356,0,,
9021,28,6357,0,,
9021,29,6358,0,,
9021,30,7810,0,,
9021,31,7811,0,,
9021,32,7812,0,,
9022,1,281,0,,
9022,2,282,0,,
9022,3,283,0,,
9022,4,285,0,,
9022,5,286,0,,
9022,6,4810,0,,
9022,7,4811,0,,
9022,8,4812,0,,
9022,9,4813,0,,
9022,10,4814,0,,
9022,11,4815,0,,
9022,12,4816,0,,
9022,13,4817,0,,
9022,14,4818,0,,
9022,15,4819,0,,
9022,16,4820,0,,
9022,17,4821,0,,
9022,18,4822,0,,
9022,19,4823,0,,
9022,20,4824,0,,
9022,21,1342,0,,
9023,1,263,0,,
9023,2,265,0,,
9023,3,266,0,,
9023,4,4233,0,,
9023,5,4789,0,,
9023,6,4790,0,,
9023,7,4791,0,,
9023,8,4792,0,,
9023,9,4793,0,,
9023,10,4794,0,,
9023,11,4795,0,,
9023,12,4796,0,,
9023,13,4797,0,,
9023,14,4798,0,,
9023,15,4799,0,,
9023,16,4800,0,,
9024,1,94,0,,
9024,2,95,0,,
9024,3,96,0,,
9024,4,298,0,,
9024,5,299,0,,
9024,6,301,0,,
9024,7,302,0,,
9024,8,303,0,,
9024,9,4834,0,,
9024,10,4835,0,,
9024,11,4836,0,,
9024,12,4837,0,,
9024,13,4838,0,,
9024,14,4839,0,,
9024,15,4840,0,,
9024,16,4841,0,,
9024,17,4842,0,,
9024,18,4843,0,,
9024,19,4844,0,,
9024,20,4845,0,,
9024,21,4846,0,,
9024,22,4847,0,,
9024,23,4848,0,,
9024,24,4849,0,,
9024,25,4850,0,,
9024,26,4851,0,,
9024,27,4852,0,,
9024,28,4853,0,,
9024,29,4854,0,,
9024,30,7719,0,,
9024,31,7720,0,,
9024,32,7721,0,,
9025,1,4734,0,,
9025,2,4735,0,,
9025,3,4736,0,,
9025,4,4737,0,,
9025,5,4738,0,,
9025,6,4739,0,,
9025,7,4740,0,,
9025,8,4741,0,,
9025,9,4742,0,,
9025,10,4743,0,,
9025,11,4744,0,,
9025,12,4745,0,,
9025,13,4746,0,,
9025,14,7701,0,,
9025,15,7702,0,,
9025,16,7703,0,,
9025,17,7704,0,,
9025,18,7705,0,,
9025,19,7706,0,,
9025,20,7707,0,,
9025,21,7708,0,,
9025,22,7709,0,,
9025,23,7710,0,,
9025,24,7711,0,,
9025,25,7712,0,,
9025,26,7713,0,,
9025,27,7714,0,,
9025,28,7715,0,,
9025,29,2503,0,,
9025,30,162,0,,
9025,31,202,0,,
9025,32,201,0,,
9025,33,196,0,,
9025,34,174,0,,
9025,35,2502,0,,
9025,36,173,0,,
9025,37,161,0,,
9025,38,160,0,,
9025,39,85,0,,
9025,40,193,0,,
9026,1,4888,0,,
9026,2,4889,0,,
9026,3,4890,0,,
9026,4,4891,0,,
9026,5,4892,0,,
9026,6,4893,0,,
9026,7,4894,0,,
9026,8,4895,0,,
9026,9,4896,0,,
9026,10,6719,0,,
9026,11,7716,0,,
9026,12,7717,0,,
9026,13,7718,0,,
9026,14,197,0,,
9026,15,191,0,,
9026,16,192,0,,
9026,17,194,0,,
9026,18,195,0,,
9026,19,198,0,,
9026,20,199,0,,
9026,21,200,0,,
9026,22,203,0,,
9026,23,204,0,,
9026,24,205,0,,
9026,25,206,0,,
9027,1,79,0,,
9027,2,136,0,,
9027,3,137,0,,
9027,4,138,0,,
9027,5,139,0,,
9027,6,140,0,,
9027,7,141,0,,
9027,8,142,0,,
9027,9,146,0,,
9027,10,148,0,,
9027,11,4714,0,,
9027,12,4715,0,,
9027,13,4716,0,,
9027,14,4717,0,,
9027,15,4718,0,,
9027,16,4719,0,,
9027,17,7722,0,,
9027,18,7723,0,,
9027,19,7724,0,,
9028,1,78,0,,
9028,2,4723,0,,
9028,3,4724,0,,
9028,4,4725,0,,
9029,1,2566,0,,
9029,2,2567,0,,
9029,3,2568,0,,
9029,4,2569,0,,
9029,5,2570,0,,
9029,6,2571,0,,
9029,7,2576,0,,
9029,8,2577,0,,
9029,9,2578,0,,
9029,10,2579,0,,
9029,11,2580,0,,
9029,12,2581,0,,
9029,13,2585,0,,
9029,14,2586,0,,
9029,15,2587,0,,
9029,16,2588,0,,
9029,17,2589,0,,
9029,18,2590,0,,
9029,19,2593,0,,
9029,20,2594,0,,
9029,21,2595,0,,
9029,22,2596,0,,
9029,23,2597,0,,
9029,24,2598,0,,
9029,25,2600,0,,
9029,26,2601,0,,
9029,27,2602,0,,
9029,28,2603,0,,
9029,29,2604,0,,
9029,30,2605,0,,
9029,31,2606,0,,
9029,32,2607,0,,
9029,33,2608,0,,
9029,34,2609,0,,
9029,35,2610,0,,
9029,36,2611,0,,
9029,37,2612,0,,
9029,38,2613,0,,
9029,39,2614,0,,
9029,40,2615,0,,
9029,41,2616,0,,
9029,42,2617,0,,
9029,43,2618,0,,
9029,44,2619,0,,
9029,45,2620,0,,
9029,46,2621,0,,
9029,47,2622,0,,
9029,48,2623,0,,
9029,49,2624,0,,
9029,50,2625,0,,
9029,51,2626,0,,
9029,52,6722,0,,
9030,1,229,0,,
9030,2,234,0,,
9030,3,243,0,,
9030,4,4777,0,,
9030,5,4778,0,,
9030,6,4779,0,,
9030,7,4780,0,,
9030,8,4781,0,,
9030,9,4782,0,,
9030,10,4786,0,,
9030,11,4787,0,,
9030,12,4788,0,,
9030,13,6359,0,,
9030,14,7813,0,,
9030,15,7814,0,,
9030,16,7815,0,,
9031,1,284,0,,
9031,2,287,0,,
9031,3,4825,0,,
9031,4,4826,0,,
9031,5,4827,0,,
9031,6,4828,0,,
9031,7,4829,0,,
9031,8,4830,0,,
9031,9,1343,0,,
9032,1,264,0,,
9032,2,267,0,,
9032,3,268,0,,
9032,4,4801,0,,
9032,5,4802,0,,
9032,6,4803,0,,
9032,7,4804,0,,
9032,8,4805,0,,
9032,9,4806,0,,
9033,1,97,0,,
9033,2,300,0,,
9033,3,4855,0,,
9033,4,4856,0,,
9033,5,4857,0,,
9033,6,4858,0,,
9033,7,4859,0,,
9033,8,4860,0,,
9034,1,91,0,,
9034,2,163,0,,
9034,3,171,0,,
9034,4,175,0,,
9034,5,4747,0,,
9034,6,4748,0,,
9034,7,4749,0,,
9034,8,4750,0,,
9034,9,4751,0,,
9034,10,4752,0,,
9034,11,4753,0,,
9034,12,4754,0,,
9034,13,4755,0,,
9034,14,7834,0,,
9035,1,92,0,,
9035,2,207,0,,
9035,3,208,0,,
9035,4,209,0,,
9035,5,210,0,,
9035,6,211,0,,
9035,7,4897,0,,
9035,8,4898,0,,
9035,9,4899,0,,
9035,10,4900,0,,
9035,11,4901,0,,
9035,12,4902,0,,
9036,1,80,0,,
9036,2,85,0,,
9036,3,147,0,,
9036,4,149,0,,
9036,5,150,0,,
9036,6,151,0,,
9036,7,2500,0,,
9036,8,4720,0,,
9036,9,4721,0,,
9036,10,4722,0,,
9036,11,5635,0,,
9036,12,5636,0,,
9036,13,5637,0,,
9036,14,5638,0,,
9036,15,5639,0,,
9036,16,5640,0,,
9036,17,5641,0,,
9036,18,5642,0,,
9036,19,5643,0,,
9036,20,5647,0,,
9036,21,5648,0,,
9036,22,5649,0,,
9037,1,81,0,,
9037,2,5644,0,,
9037,3,5645,0,,
9037,4,5646,0,,
9038,1,5233,0,,
9038,2,5704,0,,
9038,3,5705,0,,
9038,4,5706,0,,
9039,1,235,0,,
9039,2,236,0,,
9039,3,4783,0,,
9039,4,4784,0,,
9039,5,4785,0,,
9039,6,5614,0,,
9039,7,5615,0,,
9039,8,5616,0,,
9039,9,5617,0,,
9039,10,5618,0,,
9039,11,5619,0,,
9040,1,288,0,,
9040,2,289,0,,
9040,3,4831,0,,
9040,4,4833,0,,
9040,5,5608,0,,
9040,6,5609,0,,
9040,7,5610,0,,
9040,8,5611,0,,
9040,9,5612,0,,
9040,10,5613,0,,
9040,11,1344,0,,
9041,1,269,0,,
9041,2,270,0,,
9041,3,4807,0,,
9041,4,4808,0,,
9041,5,4809,0,,
9041,6,5620,0,,
9041,7,5621,0,,
9041,8,5622,0,,
9041,9,5623,0,,
9041,10,5624,0,,
9041,11,5625,0,,
9042,1,98,0,,
9042,2,304,0,,
9042,3,305,0,,
9042,4,4861,0,,
9042,5,4862,0,,
9042,6,4863,0,,
9042,7,5626,0,,
9042,8,5627,0,,
9042,9,5628,0,,
9042,10,5629,0,,
9042,11,5630,0,,
9042,12,5631,0,,
9042,13,5632,0,,
9042,14,5633,0,,
9042,15,5634,0,,
9043,1,164,0,,
9043,2,170,0,,
9043,3,2504,0,,
9043,4,4756,0,,
9043,5,4757,0,,
9043,6,4758,0,,
9043,7,5599,0,,
9043,8,5600,0,,
9043,9,5601,0,,
9043,10,5602,0,,
9043,11,5603,0,,
9043,12,5604,0,,
9044,1,212,0,,
9044,2,213,0,,
9044,3,4903,0,,
9044,4,4904,0,,
9044,5,4905,0,,
9044,6,5596,0,,
9044,7,5597,0,,
9044,8,5598,0,,
9044,9,5605,0,,
9044,10,5606,0,,
9044,11,5607,0,,
9045,1,82,0,,
9045,2,6364,0,,
9045,3,6581,0,,
9045,4,6582,0,,
9045,5,6583,0,,
9045,6,6611,0,,
9046,1,6372,0,,
9046,2,6605,0,,
9046,3,6606,0,,
9046,4,6607,0,,
9046,5,6612,0,,
9047,1,6580,0,,
9047,2,6620,0,,
9048,1,237,0,,
9048,2,6367,0,,
9048,3,6590,0,,
9048,4,6591,0,,
9048,5,6592,0,,
9048,6,6617,0,,
9049,1,290,0,,
9049,2,6368,0,,
9049,3,6593,0,,
9049,4,6594,0,,
9049,5,6595,0,,
9049,6,6619,0,,
9049,7,7575,0,,
9049,8,7576,0,,
9049,9,7577,0,,
9049,10,7578,0,,
9049,11,1345,0,,
9050,1,6371,0,,
9050,2,6602,0,,
9050,3,6603,0,,
9050,4,6604,0,,
9050,5,6618,0,,
9051,1,306,0,,
9051,2,307,0,,
9051,3,6370,0,,
9051,4,6599,0,,
9051,5,6600,0,,
9051,6,6601,0,,
9051,7,6621,0,,
9052,1,165,0,,
9052,2,6365,0,,
9052,3,6579,0,,
9052,4,6584,0,,
9052,5,6585,0,,
9052,6,6586,0,,
9052,7,6608,0,,
9052,8,6609,0,,
9052,9,6610,0,,
9052,10,6613,0,,
9052,11,6614,0,,
9053,1,214,0,,
9053,2,6366,0,,
9053,3,6369,0,,
9053,4,6587,0,,
9053,5,6588,0,,
9053,6,6589,0,,
9053,7,6596,0,,
9053,8,6597,0,,
9053,9,6598,0,,
9053,10,6615,0,,
9053,11,6616,0,,
9148,1,1270,0,,
9148,2,1201,0,,
9148,3,1261,0,,
9148,4,1161,0,,
9148,5,1292,0,,
9148,6,1615,0,,
9148,7,1244,0,,
9148,8,1642,0,,
9148,9,1190,0,,
9148,10,1145,0,,
9148,11,1252,0,,
9148,12,1204,0,,
9148,13,1235,0,,
9148,14,1217,0,,
9148,15,1542,0,,
9148,16,1230,0,,
9148,17,1227,0,,
9148,18,1205,0,,
9148,19,1251,0,,
9148,20,1635,0,,
9148,21,1617,0,,
9148,22,1618,0,,
9148,23,1265,0,,
9148,24,1253,0,,
9148,25,1254,0,,
9148,26,1255,0,,
9148,27,1256,0,,
9148,28,1238,0,,
9148,29,1229,0,,
9149,1,2633,0,,
9149,2,2627,0,,
9149,3,3119,0,,
9149,4,2721,0,,
9149,5,2674,0,,
9149,6,2673,0,,
9149,7,3172,0,,
9149,8,3202,0,,
9149,9,3140,0,,
9149,10,3238,0,,
9149,11,2734,0,,
9149,12,2840,0,,
9149,13,3293,0,,
9149,14,2762,0,,
9149,15,2820,0,,
9149,16,3390,0,,
9149,17,2867,0,,
9149,18,2821,0,,
9149,19,2809,0,,
9149,20,3336,0,,
9149,21,2876,0,,
9149,22,3307,0,,
9901,1,10549,0,,
9901,2,10550,0,,
9901,3,10551,0,,
9901,4,10552,0,,
9901,5,10553,0,,
9901,6,10554,0,,
9901,7,10555,0,,
9901,8,10556,0,,
9901,9,10557,0,,
9901,10,10558,0,,
9901,11,10559,0,,
9901,12,10560,0,,
9901,13,10561,0,,
9901,14,10562,0,,
9901,15,10563,0,,
9901,16,10564,0,,
9901,17,10565,0,,
9901,18,10566,0,,
9901,19,10567,0,,
9901,20,10568,0,,
9901,21,10569,0,,
9901,22,10570,0,,
9901,23,10571,0,,
9901,24,10572,0,,
9901,25,10573,0,,
9901,26,10574,0,,
9901,27,10575,0,,
9901,28,10576,0,,
9901,29,10577,0,,
9901,30,10578,0,,
9901,31,10579,0,,
9901,32,10580,0,,
9901,33,10581,0,,
9901,34,10582,0,,
9901,35,10583,0,,
9901,36,10584,0,,
9901,37,10585,0,,
9901,38,10586,0,,
9901,39,10587,0,,
9901,40,10588,0,,
9901,41,10589,0,,
9901,42,10590,0,,
9901,43,10591,0,,
9901,44,10592,0,,
9901,45,10593,0,,
9901,46,10594,0,,
9901,47,10595,0,,
9901,48,10597,0,,
9901,49,10595,0,,
9901,50,10608,0,,
9901,51,10609,0,,
9901,52,10610,0,,
9901,53,12768,0,,
9901,54,12769,0,,
9901,55,12770,0,,
9901,56,12771,0,,
9901,57,14170,0,,
9901,58,14171,0,,
9901,59,14172,0,,
9901,60,14173,0,,
9901,61,14174,0,,
9901,62,14175,0,,
9901,63,14176,0,,
9901,64,14177,0,,
9901,65,14178,0,,
9901,66,14179,0,,
9901,67,14180,0,,
9901,68,14181,0,,
9901,69,14182,0,,
9901,70,14183,0,,
9901,71,14184,0,,
9901,72,14185,0,,
9901,73,14186,0,,
9901,74,14187,0,,
9901,75,14188,0,,
9901,76,14189,0,,
9901,77,14190,0,,
9901,78,14191,0,,
9901,79,14192,0,,
9901,80,14193,0,,
9901,81,14194,0,,
9901,82,14195,0,,
9901,83,14196,0,,
9901,84,14197,0,,
9901,85,14198,0,,
9901,86,14199,0,,
9901,87,14200,0,,
9901,88,14201,0,,
9901,89,14202,0,,
9901,90,14203,0,,
9901,91,14204,0,,
9901,92,14205,0,,
9901,93,14206,0,,
9901,94,14207,0,,
9901,95,14208,0,,
9901,96,14209,0,,
9901,97,14210,0,,
9901,98,14211,0,,
9901,99,14212,0,,
9901,100,14213,0,,
9901,101,14214,0,,
9901,102,14215,0,,
9901,103,14216,0,,
9901,104,14217,0,,
9901,105,14218,0,,
9901,106,14219,0,,
9901,107,14220,0,,
9901,108,14221,0,,
9901,109,14222,0,,
9901,110,14223,0,,
9901,111,14224,0,,
9901,112,14225,0,,
9901,113,14226,0,,
9901,114,14227,0,,
9902,1,8723,0,,
9902,2,8724,0,,
9902,3,8725,0,,
9902,4,8726,0,,
9902,5,8727,0,,
9902,6,8728,0,,
9902,7,8729,0,,
9902,8,8730,0,,
9902,9,8731,0,,
9902,10,8732,0,,
9902,11,9573,0,,
9902,12,14166,0,,
9902,13,8733,0,,
9902,14,8734,0,,
9902,15,8735,0,,
9902,16,8736,0,,
9902,17,8737,0,,
9902,18,8738,0,,
9902,19,8739,0,,
9902,20,8740,0,,
9902,21,8741,0,,
9902,22,8742,0,,
9902,23,9574,0,,
9902,24,14167,0,,
9902,25,8743,0,,
9902,26,8744,0,,
9902,27,8745,0,,
9902,28,8746,0,,
9902,29,8747,0,,
9902,30,8748,0,,
9902,31,8749,0,,
9902,32,8750,0,,
9902,33,8751,0,,
9902,34,8752,0,,
9902,35,9575,0,,
9902,36,10485,0,,
9902,37,14168,0,,
9902,38,8753,0,,
9902,39,8754,0,,
9902,40,8755,0,,
9902,41,8756,0,,
9902,42,8757,0,,
9902,43,8758,0,,
9902,44,8759,0,,
9902,45,8760,0,,
9902,46,8761,0,,
9902,47,8762,0,,
9902,48,9576,0,,
9902,49,10486,0,,
9902,50,14169,0,,
9902,51,12754,0,,
9902,52,12755,0,,
9902,53,12756,0,,
9902,54,12757,0,,
9902,55,12758,0,,
9902,56,12759,0,,
9902,57,12760,0,,
9902,58,12761,0,,
9902,59,12762,0,,
9902,60,12763,0,,
9902,61,12821,0,,
9902,62,12822,0,,
9902,63,14008,0,,
9903,1,9546,0,,
9903,2,9547,0,,
9903,3,9548,0,,
9903,4,9549,0,,
9903,5,9550,0,,
9903,6,9551,0,,
9903,7,10521,0,,
9903,8,10522,0,,
9903,9,10523,0,,
9903,10,10524,0,,
9903,11,10525,0,,
9903,12,10526,0,,
9903,13,9552,0,,
9903,14,9553,0,,
9903,15,9554,0,,
9903,16,9555,0,,
9903,17,9556,0,,
9903,18,9557,0,,
9903,19,9558,0,,
9903,20,9559,0,,
9903,21,9560,0,,
9903,22,9561,0,,
9903,23,9562,0,,
9903,24,9563,0,,
9903,25,9564,0,,
9903,26,9565,0,,
9903,27,9566,0,,
9903,28,9567,0,,
9903,29,9568,0,,
9903,30,9569,0,,
9903,31,9997,0,,
9903,32,9998,0,,
9903,33,9999,0,,
9903,34,10000,0,,
9903,35,10001,0,,
9903,36,10002,0,,
9903,37,7906,0,,
9903,38,7907,0,,
9903,39,7908,0,,
9903,40,7909,0,,
9903,41,7910,0,,
9903,42,7911,0,,
9903,43,7912,0,,
9903,44,7913,0,,
9903,45,7914,0,,
9903,46,7915,0,,
9903,47,7916,0,,
9903,48,7917,0,,
9904,1,6622,0,,
9904,2,9625,0,,
9904,3,9626,0,,
9904,4,9627,0,,
9905,1,8618,0,,
9905,2,8619,0,,
9905,3,8620,0,,
9905,4,8621,0,,
9906,1,9648,0,,
9906,2,9649,0,,
9906,3,9650,0,,
9906,4,9651,0,,
9906,5,9652,0,,
9906,6,9653,0,,
9906,7,9654,0,,
9906,8,9655,0,,
9906,9,10288,0,,
9906,10,10289,0,,
9906,11,10290,0,,
9906,12,10291,0,,
9906,13,10292,0,,
9906,14,10293,0,,
9906,15,10294,0,,
9906,16,10295,0,,
9906,17,10296,0,,
9906,18,10297,0,,
9906,19,10298,0,,
9906,20,10299,0,,
9906,21,10300,0,,
9906,22,10301,0,,
9906,23,10302,0,,
9906,24,10303,0,,
9906,25,10304,0,,
9906,26,10305,0,,
9906,27,10306,0,,
9907,1,13457,0,,
9907,2,13458,0,,
9907,3,13459,0,,
9907,4,13460,0,,
9907,5,13461,0,,
9907,6,13462,0,,
9907,7,13463,0,,
9907,8,13464,0,,
9907,9,13465,0,,
9907,10,13466,0,,
9907,11,13467,0,,
9907,12,13468,0,,
9907,13,13469,0,,
9907,14,13470,0,,
9907,15,13884,0,,
9907,16,52,0,,
9907,17,14118,0,,
9907,18,14119,0,,
9907,19,14120,0,,
9907,20,14121,0,,
9907,21,14122,0,,
9907,22,14123,0,,
9907,23,14124,0,,
9907,24,14125,0,,
9907,25,14126,0,,
9907,26,14127,0,,
9907,27,14128,0,,
9907,28,14129,0,,
9907,29,14130,0,,
9907,30,14131,0,,
9907,31,14132,0,,
9907,32,14133,0,,
9907,33,14134,0,,
9907,34,14135,0,,
9907,35,14136,0,,
9907,36,14137,0,,
9907,37,14138,0,,
9907,38,14139,0,,
9907,39,14140,0,,
9907,40,14141,0,,
9907,41,14142,0,,
9907,42,14143,0,,
9907,43,14144,0,,
9907,44,14145,0,,
9907,45,14146,0,,
9907,46,14147,0,,
9907,47,14148,0,,
9907,48,14149,0,,
9907,49,14150,0,,
9907,50,14151,0,,
9907,51,14152,0,,
9907,52,14153,0,,
9907,53,14154,0,,
9907,54,14155,0,,
9907,55,14156,0,,
9907,56,14157,0,,
9907,57,14158,0,,
9907,58,14159,0,,
9908,1,14165,0,,
9908,2,14163,0,,
9908,3,14164,0,,
9908,4,14162,0,,
9908,5,14160,0,,
9908,6,14161,0,,
9909,1,13687,0,,
9909,2,13688,0,,
9909,3,13689,0,,
9909,4,13690,0,,
9909,5,13889,0,,
9909,6,13890,0,,
9909,7,13891,0,,
9909,8,13892,0,,
9909,9,14601,0,,
9909,10,14608,0,,
9909,11,14609,0,,
9909,12,14610,0,,
9909,13,13686,0,,
9909,14,13893,0,,
9909,15,14603,0,,
9910,1,13894,0,,
9910,2,13895,0,,
9910,3,13896,0,,
9910,4,13897,0,,
9910,5,13938,0,,
9910,6,13939,0,,
9910,7,13940,0,,
9910,8,13941,0,,
9910,9,13942,0,,
9910,10,13943,0,,
9910,11,13944,0,,
9910,12,13945,0,,
9910,13,13946,0,,
9910,14,13947,0,,
9910,15,13948,0,,
9910,16,13949,0,,
9910,17,13950,0,,
9910,18,13951,0,,
9910,19,13952,0,,
9910,20,13953,0,,
9910,21,13954,0,,
9910,22,13955,0,,
9910,23,13956,0,,
9910,24,13957,0,,
9910,25,13958,0,,
9910,26,13959,0,,
9910,27,13960,0,,
9910,28,13961,0,,
9910,29,13962,0,,
9910,30,13963,0,,
9910,40,13964,0,,
9910,41,13965,0,,
9910,42,13966,0,,
9910,43,13967,0,,
9910,44,13968,0,,
9910,45,13969,0,,
9910,46,13713,0,,
9910,47,13714,0,,
9910,48,13715,0,,
9910,49,13716,0,,
9910,50,13717,0,,
9910,51,13718,0,,
9910,52,13719,0,,
9910,53,13720,0,,
9910,54,13721,0,,
9910,55,14549,0,,
9910,56,14550,0,,
9910,57,14551,0,,
9910,58,14552,0,,
9910,59,14553,0,,
9910,60,14554,0,,
9910,61,14555,0,,
9910,62,14556,0,,
9910,63,14557,0,,
9910,64,14922,0,,
9910,65,14923,0,,
9910,66,14924,0,,
9910,67,14925,0,,
9910,68,14926,0,,
9910,69,14927,0,,
9910,70,14928,0,,
9910,71,14929,0,,
9910,72,14930,0,,
9910,73,14931,0,,
9910,74,14932,0,,
9910,75,14933,0,,
9910,76,14934,0,,
9910,77,14935,0,,
9910,78,14936,0,,
9910,79,14937,0,,
9910,80,14938,0,,
9910,81,14939,0,,
9910,82,14940,0,,
9910,83,14941,0,,
9910,84,14942,0,,
9910,85,14943,0,,
9910,86,14944,0,,
9910,87,14945,0,,
9910,88,14946,0,,
9910,89,14947,0,,
9910,90,14948,0,,
9910,91,14949,0,,
9910,92,14950,0,,
9910,93,14951,0,,
9910,94,14952,0,,
9910,95,14953,0,,
9910,96,14954,0,,
9910,97,14955,0,,
9910,98,14956,0,,
9910,99,14957,0,,
9910,100,14958,0,,
9910,101,14959,0,,
9910,102,14960,0,,
9910,103,14961,0,,
9911,1,13695,0,,
9911,2,13696,0,,
9911,3,13697,0,,
9911,4,13698,0,,
9911,5,13699,0,,
9911,6,13700,0,,
9911,7,13701,0,,
9911,8,13702,0,,
9911,9,13703,0,,
9911,10,14531,0,,
9911,11,14532,0,,
9911,12,14533,0,,
9911,13,14534,0,,
9911,14,14535,0,,
9911,15,14536,0,,
9911,16,14537,0,,
9911,17,14538,0,,
9911,18,14539,0,,
9911,19,13898,0,,
9911,20,13899,0,,
9911,21,13900,0,,
9911,22,13901,0,,
9911,23,13902,0,,
9911,24,13903,0,,
9911,25,13904,0,,
9911,26,13905,0,,
9911,27,13906,0,,
9911,28,13907,0,,
9911,29,13908,0,,
9911,30,13909,0,,
9911,31,13910,0,,
9911,32,13911,0,,
9911,33,13912,0,,
9911,34,13913,0,,
9911,35,13914,0,,
9911,36,13915,0,,
9911,37,13916,0,,
9911,38,13917,0,,
9912,1,13704,0,,
9912,2,13705,0,,
9912,3,13706,0,,
9912,4,13707,0,,
9912,5,13708,0,,
9912,6,13709,0,,
9912,7,13710,0,,
9912,8,13711,0,,
9912,9,13712,0,,
9912,10,14540,0,,
9912,11,14541,0,,
9912,12,14542,0,,
9912,13,14543,0,,
9912,14,14544,0,,
9912,15,14545,0,,
9912,16,14546,0,,
9912,17,14547,0,,
9912,18,14548,0,,
9912,19,13918,0,,
9912,20,13919,0,,
9912,21,13920,0,,
9912,22,13921,0,,
9912,23,13922,0,,
9912,24,13923,0,,
9912,25,13924,0,,
9912,26,13925,0,,
9912,27,13926,0,,
9912,28,13927,0,,
9912,29,13928,0,,
9912,30,13929,0,,
9912,31,13930,0,,
9912,32,13931,0,,
9912,33,13932,0,,
9912,34,13933,0,,
9912,35,13934,0,,
9912,36,13935,0,,
9912,37,13936,0,,
9912,38,13937,0,,
9913,1,9577,0,,
9913,2,9578,0,,
9913,3,9579,0,,
9913,4,10491,0,,
9913,5,10492,0,,
9913,6,10493,0,,
9913,7,9580,0,,
9913,8,10494,0,,
9913,9,10495,0,,
9913,10,10496,0,,
9913,11,9581,0,,
9913,12,10497,0,,
9913,13,10498,0,,
9913,14,10499,0,,
9913,15,9582,0,,
9913,16,10500,0,,
9913,17,10501,0,,
9913,18,10502,0,,
9913,19,9583,0,,
9913,20,9584,0,,
9913,21,9585,0,,
9913,22,10503,0,,
9913,23,10504,0,,
9913,24,10505,0,,
9913,25,9586,0,,
9913,26,10506,0,,
9913,27,10507,0,,
9913,28,10508,0,,
9913,29,9587,0,,
9913,30,10509,0,,
9913,31,10510,0,,
9913,32,10511,0,,
9913,33,9588,0,,
9913,34,10512,0,,
9913,35,10513,0,,
9913,36,10514,0,,
9913,37,13296,0,,
9913,38,13389,0,,
9913,39,13390,0,,
9913,40,13391,0,,
9913,41,13392,0,,
9914,1,9589,0,,
9914,2,9590,0,,
9914,3,9591,0,,
9914,4,9592,0,,
9914,5,10209,0,,
9914,6,10210,0,,
9914,7,13295,0,,
9914,8,9607,0,,
9914,9,9608,0,,
9914,10,9609,0,,
9914,11,9610,0,,
9914,12,9611,0,,
9914,13,9612,0,,
9914,14,9613,0,,
9914,15,9614,0,,
9914,16,9615,0,,
9914,17,10018,0,,
9914,18,10320,0,,
9914,19,10326,0,,
9914,20,13023,0,,
9914,21,13254,0,,
9914,22,20006,0,,
9914,23,20007,0,,
9914,24,20008,0,,
9914,25,20010,0,,
9914,26,20012,0,,
9914,27,9605,0,,
9914,28,9606,0,,
9914,29,10606,0,,
9914,30,10660,0,,
9914,31,10659,0,,
9914,32,10408,0,,
9914,33,13025,0,,
9914,34,13026,0,,
9914,35,13546,0,,
9914,36,13547,0,,
9915,1,9923,0,,
9915,2,9922,0,,
9915,3,9956,0,,
9915,4,9959,0,,
9915,5,9957,0,,
9915,6,9958,0,,
9915,7,9955,0,,
9915,8,10533,0,,
9915,9,10416,0,,
9915,10,10424,0,,
9915,11,10417,0,,
9915,12,10423,0,,
9915,13,10534,0,,
9915,14,9921,0,,
9915,15,9916,0,,
9915,16,9926,0,,
9915,17,9930,0,,
9915,18,9924,0,,
9915,19,9932,0,,
9915,20,9920,0,,
9915,21,9927,0,,
9915,22,9914,0,,
9915,23,9929,0,,
9915,24,9919,0,,
9915,25,9915,0,,
9915,26,10142,0,,
9915,27,10141,0,,
9915,28,9951,0,,
9915,29,9950,0,,
9915,30,10158,0,,
9915,31,9952,0,,
9915,32,9953,0,,
9915,33,9954,0,,
9915,34,12816,0,,
9915,35,10542,0,,
9915,36,10518,0,,
9915,37,12815,0,,
9915,38,9918,0,,
9915,39,9931,0,,
9915,40,9928,0,,
9915,41,9917,0,,
9915,42,9925,0,,
9915,43,10519,0,,
9915,44,10419,0,,
9915,45,10421,0,,
9915,46,10422,0,,
9915,47,10418,0,,
9915,48,10420,0,,
9915,49,9963,0,,
9915,50,9964,0,,
9915,51,9960,0,,
9915,52,9966,0,,
9915,53,9962,0,,
9915,54,9961,0,,
9915,55,9965,0,,
9915,56,10539,0,,
9915,57,12818,0,,
9915,58,10535,0,,
9915,59,10537,0,,
9915,60,10538,0,,
9915,61,10540,0,,
9915,62,12817,0,,
9915,63,10541,0,,
9915,64,10536,0,,
9915,65,10543,0,,
9915,66,9938,0,,
9915,67,9940,0,,
9915,68,9935,0,,
9915,69,9937,0,,
9915,70,9936,0,,
9915,71,9947,0,,
9915,72,9944,0,,
9915,73,9943,0,,
9915,74,9942,0,,
9915,75,9939,0,,
9915,76,9945,0,,
9915,77,9946,0,,
9915,78,9949,0,,
9915,79,9948,0,,
9915,80,9933,0,,
9915,81,9941,0,,
9915,82,9934,0,,
9916,1,57,0,,
9916,2,5575,0,,
9916,3,6673,0,,
9916,4,13067,0,,
9916,5,13068,0,,
9916,6,10639,0,,
9916,7,3470,0,,
9916,8,9142,0,,
9916,9,9143,0,,
9916,10,14720,0,,
9916,11,14721,0,,
9917,1,6660,0,,
9917,2,6662,0,,
9917,3,6661,0,,
9917,4,6659,0,,
9917,5,6656,0,,
9917,6,6658,0,,
9917,7,8191,0,,
9917,8,6657,0,,
9917,9,10170,0,,
9917,10,10314,0,,
9918,1,3500,0,,
9918,2,3501,0,,
9918,3,3502,0,,
9918,4,4422,0,,
9918,5,4423,0,,
9918,6,4424,0,,
9918,7,6648,0,,
9918,8,6649,0,,
9918,9,6650,0,,
9918,10,10311,0,,
9918,11,10312,0,,
9918,12,10312,0,,
9918,13,10313,0,,
9918,14,10308,0,,
9918,15,10309,0,,
9918,16,10310,0,,
9918,17,2375,0,,
9918,18,10426,0,,
9918,19,10611,0,,
9918,20,10307,0,,
9918,21,10661,0,,
9918,22,10662,0,,
9918,23,10663,0,,
9918,24,13017,0,,
9918,25,13018,0,,
9918,26,13019,0,,
9918,27,13020,0,,
9918,28,13548,0,,
9918,29,13549,0,,
9918,30,13550,0,,
9918,31,14061,0,,
9918,32,14062,0,,
9918,33,14063,0,,
9918,34,14064,0,,
9919,1,6834,0,,
9919,2,6835,0,,
9919,3,6836,0,,
9919,4,6837,0,,
9919,5,6838,0,,
9919,6,6839,0,,
9919,7,6840,0,,
9919,8,8182,0,,
9919,9,8183,0,,
9919,10,6841,0,,
9919,11,13472,0,,
9919,12,13473,0,,
9919,13,13474,0,,
9919,14,13475,0,,
9919,15,13476,0,,
9919,16,13477,0,,
9919,17,13478,0,,
9919,18,13479,0,,
9919,19,13480,0,,
9919,20,13481,0,,
9919,21,13482,0,,
9919,22,13483,0,,
9919,23,13484,0,,
9919,24,13485,0,,
9919,25,13486,0,,
9919,26,13487,0,,
9919,27,13506,0,,
9920,1,5808,0,,
9920,2,6394,0,,
9920,3,6843,0,,
9920,4,6844,0,,
9920,5,6845,0,,
9920,6,6846,0,,
9920,7,7059,0,,
9920,8,7060,0,,
9920,9,7680,0,,
9920,10,7681,0,,
9920,11,7682,0,,
9920,12,7683,0,,
9920,13,7694,0,,
9920,14,7695,0,,
9920,15,7696,0,,
9920,16,7836,0,,
9920,17,7837,0,,
9920,18,7839,0,,
9920,19,7840,0,,
9920,20,7841,0,,
9920,21,7842,0,,
9920,22,7843,0,,
9920,23,7844,0,,
9920,24,7845,0,,
9920,25,7846,0,,
9920,26,7847,0,,
9920,27,7848,0,,
9920,28,7849,0,,
9920,29,8177,0,,
9920,30,8178,0,,
9920,31,8179,0,,
9920,32,8180,0,,
9920,33,8181,0,,
9920,34,8184,0,,
9920,35,8185,0,,
9920,36,8186,0,,
9920,37,8187,0,,
9920,38,8188,0,,
9920,39,8189,0,,
9920,40,8552,0,,
9920,41,8557,0,,
9920,42,8558,0,,
9920,43,8559,0,,
9920,44,8560,0,,
9920,45,8561,0,,
9920,46,8562,0,,
9920,47,8563,0,,
9920,48,8564,0,,
9920,49,8565,0,,
9920,50,8566,0,,
9920,51,8567,0,,
9920,52,8568,0,,
9920,53,8569,0,,
9920,54,8660,0,,
9920,55,8661,0,,
9920,56,8662,0,,
9920,57,8910,0,,
9920,58,8911,0,,
9920,59,8912,0,,
9920,60,8913,0,,
9920,61,8914,0,,
9920,62,8915,0,,
9920,63,8916,0,,
9920,64,8917,0,,
9920,65,8918,0,,
9920,66,8919,0,,
9920,67,8920,0,,
9920,68,8921,0,,
9920,69,8922,0,,
9920,70,8923,0,,
9920,71,8936,0,,
9920,72,8947,0,,
9920,73,8948,0,,
9920,74,8949,0,,
9920,75,8950,0,,
9920,76,8951,0,,
9920,77,9138,0,,
9920,78,9145,0,,
9920,79,9158,0,,
9920,80,9159,0,,
9920,81,9160,0,,
9920,82,9208,0,,
9920,83,10175,0,,
9920,84,10176,0,,
9920,85,10177,0,,
9920,86,10240,0,,
9920,87,10241,0,,
9920,88,10242,0,,
9920,89,10243,0,,
9920,90,10244,0,,
9920,91,10245,0,,
9920,92,10246,0,,
9920,93,10247,0,,
9920,94,10248,0,,
9920,95,10249,0,,
9920,96,10250,0,,
9920,97,10251,0,,
9920,98,10613,0,,
9920,99,10614,0,,
9920,100,10615,0,,
9920,101,10616,0,,
9920,102,10617,0,,
9920,103,10618,0,,
9920,104,10619,0,,
9920,105,12372,0,,
9920,106,12373,0,,
9920,107,12781,0,,
9920,108,12782,0,,
9920,109,12783,0,,
9920,110,12784,0,,
9920,111,12785,0,,
9920,112,12786,0,,
9920,113,12787,0,,
9920,114,12788,0,,
9920,115,12789,0,,
9920,116,12790,0,,
9920,117,12791,0,,
9920,118,12792,0,,
9920,119,12838,0,,
9920,120,12839,0,,
9920,121,13058,0,,
9920,122,13234,0,,
9920,123,13235,0,,
9920,124,13236,0,,
9920,125,13237,0,,
9920,126,13238,0,,
9920,127,13239,0,,
9920,128,13240,0,,
9920,129,13241,0,,
9920,130,13242,0,,
9920,131,13243,0,,
9920,132,13244,0,,
9920,133,13245,0,,
9920,134,13246,0,,
9920,135,13247,0,,
9920,136,13310,0,,
9920,137,13311,0,,
9920,138,13312,0,,
9920,139,13313,0,,
9920,140,13314,0,,
9920,141,13315,0,,
9920,142,13316,0,,
9920,143,13317,0,,
9920,144,13318,0,,
9920,145,13325,0,,
9920,146,13326,0,,
9920,147,13327,0,,
9920,148,13328,0,,
9920,149,13329,0,,
9920,150,13330,0,,
9920,151,13331,0,,
9920,152,13332,0,,
9920,153,13333,0,,
9920,154,13415,0,,
9920,155,13416,0,,
9920,156,13416,0,,
9920,157,13429,0,,
9920,158,13430,0,,
9920,159,13431,0,,
9920,160,13488,0,,
9920,161,13489,0,,
9920,162,13490,0,,
9920,163,13491,0,,
9920,164,13492,0,,
9920,165,13493,0,,
9920,166,13494,0,,
9920,167,13495,0,,
9920,168,13496,0,,
9920,169,13497,0,,
9920,170,13498,0,,
9920,171,13499,0,,
9920,172,13500,0,,
9920,173,13501,0,,
9920,174,13502,0,,
9920,175,13503,0,,
9920,176,13504,0,,
9920,177,13505,0,,
9920,178,13513,0,,
9920,179,13514,0,,
9920,180,13515,0,,
9920,181,13516,0,,
9920,182,13517,0,,
9920,183,13518,0,,
9920,184,13519,0,,
9920,185,13520,0,,
9920,186,13521,0,,
9920,187,13522,0,,
9920,188,13523,0,,
9920,189,14712,0,,
9920,190,14746,0,,
9920,191,14747,0,,
9920,192,14748,0,,
9920,193,14749,0,,
9920,194,14750,0,,
9920,195,14751,0,,
9920,196,20017,0,,
9920,197,20020,0,,
9920,198,20021,0,,
9920,199,20022,0,,
9920,200,20023,0,,
9920,201,20024,0,,
9920,202,20031,0,,
9920,203,20032,0,,
9920,204,20095,0,,
9920,205,20100,0,,
9920,206,20275,0,,
9920,207,20276,0,,
9920,208,20321,0,,
9920,209,20322,0,,
9920,210,20323,0,,
9920,211,20324,0,,
9920,212,20325,0,,
9920,213,22156,0,,
9920,214,22157,0,,
9920,215,22158,0,,
9920,216,22159,0,,
9920,217,22160,0,,
9920,218,22161,0,,
9920,219,22162,0,,
9920,220,22163,0,,
9920,221,22164,0,,
9920,222,22165,0,,
9920,223,22166,0,,
9920,224,22167,0,,
9920,225,22168,0,,
9920,226,22169,0,,
9920,227,22170,0,,
9920,228,22171,0,,
9920,229,22172,0,,
9921,1,13552,0,,
9921,2,13553,0,,
9921,3,13554,0,,
9922,1,8193,0,,
9922,2,8194,0,,
9922,3,8195,0,,
9922,4,8196,0,,
9922,5,8197,0,,
9922,6,8198,0,,
9922,7,8199,0,,
9922,8,8200,0,,
9922,9,8201,0,,
9922,10,8202,0,,
9923,1,9377,0,,
9923,2,9378,0,,
9923,3,9379,0,,
9923,4,9380,0,,
9923,5,9381,0,,
9923,6,9382,0,,
9923,7,9383,0,,
9923,8,9384,0,,
9923,9,9385,0,,
9923,10,9386,0,,
9923,11,9387,0,,
9923,15,9441,0,,
9923,16,9442,0,,
9923,17,9443,0,,
9923,18,9444,0,,
9923,19,9445,0,,
9923,20,9446,0,,
9923,21,9447,0,,
9923,22,9448,0,,
9923,23,9449,0,,
9923,24,9450,0,,
9923,25,9854,0,,
9923,26,9855,0,,
9923,27,9856,0,,
9923,28,9857,0,,
9923,29,9858,0,,
9923,30,9859,0,,
9923,31,9860,0,,
9923,32,9861,0,,
9923,33,9862,0,,
9923,34,9863,0,,
9923,35,9864,0,,
9923,36,9865,0,,
9923,37,9866,0,,
9923,38,9867,0,,
9923,39,9868,0,,
9923,40,9869,0,,
9923,41,9870,0,,
9923,42,9871,0,,
9923,43,9872,0,,
9923,44,9873,0,,
9923,45,9874,0,,
9923,46,9875,0,,
9923,47,9876,0,,
9923,48,9877,0,,
9923,49,9878,0,,
9923,50,9879,0,,
9923,51,9880,0,,
9923,52,9376,0,,
9923,53,10004,0,,
9923,54,13882,0,,
9923,55,10253,0,,
9923,56,13882,0,,
9924,1,10215,0,,
9924,2,10216,0,,
9924,3,10217,0,,
9924,4,10218,0,,
9924,5,10219,0,,
9924,6,10220,0,,
9924,7,10221,0,,
9924,8,10222,0,,
9924,9,10223,0,,
9924,10,10224,0,,
9924,11,10225,0,,
9924,12,10226,0,,
9924,13,10415,0,,
9924,14,10434,0,,
9924,15,10435,0,,
9924,16,10436,0,,
9924,17,10437,0,,
9924,18,10438,0,,
9924,19,10439,0,,
9924,20,10440,0,,
9924,21,10441,0,,
9924,22,10442,0,,
9924,23,10443,0,,
9924,24,10444,0,,
9924,25,10445,0,,
9924,26,10446,0,,
9924,27,10447,0,,
9924,28,10448,0,,
9924,29,10449,0,,
9924,30,10450,0,,
9924,31,10451,0,,
9924,32,10452,0,,
9924,33,10453,0,,
9924,34,10454,0,,
9924,35,10455,0,,
9924,36,10456,0,,
9924,37,10457,0,,
9924,38,10458,0,,
9924,39,10459,0,,
9924,40,10460,0,,
9924,41,10461,0,,
9924,42,10462,0,,
9924,43,10463,0,,
9924,44,10464,0,,
9924,45,10465,0,,
9924,46,10466,0,,
9924,47,10467,0,,
9924,48,10468,0,,
9924,49,10469,0,,
9924,50,13883,0,,
9925,1,13061,0,,
9925,2,13061,0,,
9925,3,10128,0,,
9925,4,8531,0,,
9925,5,8533,0,,
9925,6,8528,0,,
9925,7,8529,0,,
9925,8,8532,0,,
9925,9,8530,0,,
9925,10,8527,0,,
9925,11,10278,0,,
9925,12,10277,0,,
9925,13,8204,0,,
9925,14,8222,0,,
9925,15,8220,0,,
9925,16,8221,0,,
9925,17,8205,0,,
9925,18,8206,0,,
9925,19,8207,0,,
9925,20,8208,0,,
9925,21,8209,0,,
9925,22,8211,0,,
9925,23,6917,0,,
9925,24,8212,0,,
9925,25,8213,0,,
9925,26,8214,0,,
9925,27,8203,0,,
9925,28,8216,0,,
9925,29,8215,0,,
9925,30,8217,0,,
9925,31,8218,0,,
9925,32,8219,0,,
9925,33,6722,0,,
9925,34,6718,0,,
9925,35,6717,0,,
9925,36,6719,0,,
9925,37,6720,0,,
9925,38,6715,0,,
9925,39,6716,0,,
9925,40,6723,0,,
9925,41,9644,0,,
9925,42,9645,0,,
9925,43,9646,0,,
9925,44,14606,0,,
9925,45,5791,0,,
9925,46,5792,0,,
9925,47,5793,0,,
9925,48,5794,0,,
9925,49,5795,0,,
9925,50,5796,0,,
9925,51,5797,0,,
9925,52,5798,0,,
9925,53,5799,0,,
9925,54,5800,0,,
9925,55,5801,0,,
9925,56,5802,0,,
9925,57,5817,0,,
9925,58,13978,0,,
9925,59,13979,0,,
9925,60,13980,0,,
9925,61,13981,0,,
9925,62,13982,0,,
9925,63,13983,0,,
9925,64,13984,0,,
9925,65,13985,0,,
9925,66,13986,0,,
9925,67,13987,0,,
9925,68,13539,0,,
9925,69,13524,0,,
9925,70,13525,0,,
9925,71,13061,0,,
9925,72,13062,0,,
9925,73,13809,0,,
9925,74,13842,0,,
9925,75,13843,0,,
9925,76,13845,0,,
9925,77,13881,0,,
9926,1,13885,0,,
9926,2,10121,0,,
9926,3,13886,0,,
9926,4,10120,0,,
9926,5,10117,0,,
9926,6,13887,0,,
9926,7,12811,0,,
9926,8,13077,0,,
9926,9,13078,0,,
9926,10,12812,0,,
9926,11,10118,0,,
9926,12,10119,0,,
9926,13,12813,0,,
9927,1,4629,0,,
9927,2,4630,0,,
9927,3,4631,0,,
9927,4,4632,0,,
9927,5,4633,0,,
9927,6,4634,0,,
9927,7,4635,0,,
9927,8,4636,0,,
9927,9,4637,0,,
9927,10,4638,0,,
9927,11,4639,0,,
9927,12,5577,0,,
9927,13,5580,0,,
9927,14,5908,0,,
9927,15,9570,0,,
9927,16,10480,0,,
9927,17,13071,0,,
9927,18,4640,0,,
9927,19,4641,0,,
9927,20,4642,0,,
9927,21,4643,0,,
9927,22,4644,0,,
9927,23,4645,0,,
9927,24,4646,0,,
9927,25,4647,0,,
9927,26,4648,0,,
9927,27,4649,0,,
9927,28,4650,0,,
9927,29,5578,0,,
9927,30,5581,0,,
9927,31,5911,0,,
9927,32,9572,0,,
9927,33,10482,0,,
9927,34,13073,0,,
9927,35,4651,0,,
9927,36,4652,0,,
9927,37,4653,0,,
9927,38,4654,0,,
9927,39,4655,0,,
9927,40,4656,0,,
9927,41,4657,0,,
9927,42,4658,0,,
9927,43,4659,0,,
9927,44,4660,0,,
9927,45,4661,0,,
9927,46,5579,0,,
9927,47,5582,0,,
9927,48,5914,0,,
9927,49,9571,0,,
9927,50,10481,0,,
9927,51,13072,0,,
9927,52,10160,0,,
9927,53,10161,0,,
9927,54,10162,0,,
9928,1,1060,0,,
9928,2,1061,0,,
9928,3,1539,0,,
9928,4,735,0,,
9928,5,1374,0,,
9928,6,734,0,,
9928,7,1375,0,,
9928,8,6035,0,,
9928,9,6036,0,,
9928,10,5591,0,,
9928,11,5592,0,,
9928,12,1073,0,,
9928,13,5242,0,,
9928,14,5243,0,,
9928,15,5244,0,,
9928,16,5245,0,,
9928,17,5246,0,,
9928,18,5247,0,,
9928,19,5248,0,,
9928,20,5238,0,,
9928,21,5239,0,,
9928,22,5240,0,,
9928,23,5241,0,,
9928,24,5235,0,,
9928,25,5236,0,,
9928,26,5237,0,,
9928,27,10152,0,,
9928,28,10153,0,,
9928,29,10154,0,,
9928,30,733,0,,
9928,31,9997,0,,
9928,32,9998,0,,
9928,33,9999,0,,
9928,34,10000,0,,
9928,35,10001,0,,
9928,36,10002,0,,
9928,37,13059,0,,
9928,38,10155,0,,
9928,39,10156,0,,
9928,40,10157,0,,
9928,41,5234,0,,
9928,42,13151,0,,
9928,43,13152,0,,
9928,44,8786,0,,
9928,45,1540,0,,
9928,46,10166,0,,
9928,47,20393,0,,
9928,48,20394,0,,
9929,1,8634,0,,
9929,2,8635,0,,
9929,3,8636,0,,
9929,4,8637,0,,
9929,5,8638,0,,
9929,6,8639,0,,
9929,7,8622,0,,
9929,8,8623,0,,
9929,9,8624,0,,
9929,10,8625,0,,
9929,11,8626,0,,
9929,12,8627,0,,
9929,13,8628,0,,
9929,14,8629,0,,
9929,15,8630,0,,
9929,16,8631,0,,
9929,17,8632,0,,
9929,18,8633,0,,
9929,19,14694,0,,
9929,20,14695,0,,
9929,21,14696,0,,
9929,22,14697,0,,
9929,23,14698,0,,
9929,24,14699,0,,
9929,25,14682,0,,
9929,26,14683,0,,
9929,27,14684,0,,
9929,28,14685,0,,
9929,29,14686,0,,
9929,30,14687,0,,
9929,31,14688,0,,
9929,32,14689,0,,
9929,33,14690,0,,
9929,34,14691,0,,
9929,35,14692,0,,
9929,36,14693,0,,
9929,37,14713,0,,
9929,38,14714,0,,
9929,39,14715,0,,
9929,40,14716,0,,
9929,41,14717,0,,
9929,42,14718,0,,
9930,1,8594,0,,
9930,2,8595,0,,
9930,3,8596,0,,
9930,4,8597,0,,
9930,5,8598,0,,
9930,6,8599,0,,
9930,7,6652,0,,
9930,8,6653,0,,
9930,9,6654,0,,
9930,10,6655,0,,
9930,11,10650,0,,
9930,12,10149,0,,
9930,13,1538,0,,
9930,14,5859,0,,
9930,15,5858,0,,
9930,16,10130,0,,
9930,17,13258,0,,
9930,18,12753,0,,
9930,19,13129,0,,
9930,20,736,0,,
9930,21,1830,0,,
9930,22,1829,0,,
9930,23,7118,0,,
9930,24,7119,0,,
9930,25,7120,0,,
9930,26,7121,0,,
9930,27,7122,0,,
9930,28,7123,0,,
9930,29,7124,0,,
9930,30,7125,0,,
9930,31,7126,0,,
9930,32,7127,0,,
9930,33,7128,0,,
9930,34,7129,0,,
9930,35,7130,0,,
9930,36,7131,0,,
9930,37,7132,0,,
9930,38,7133,0,,
9930,39,7134,0,,
9930,40,7135,0,,
9930,41,737,0,,
9930,42,13259,0,,
9930,43,3936,0,,
9930,44,6387,0,,
9930,45,5593,0,,
9930,46,5594,0,,
9930,47,5595,0,,
9930,48,9898,0,,
9930,49,8515,0,,
9930,50,8516,0,,
9930,51,8517,0,,
9930,52,8518,0,,
9930,53,8519,0,,
9930,54,8520,0,,
9931,1,955,0,,
9931,2,956,0,,
9931,3,6575,0,,
9931,4,6576,0,,
9931,5,957,0,,
9931,6,958,0,,
9931,7,951,0,,
9931,8,952,0,,
9931,9,6573,0,,
9931,10,6574,0,,
9931,11,953,0,,
9931,12,954,0,,
9931,13,947,0,,
9931,14,948,0,,
9931,15,6571,0,,
9931,16,6572,0,,
9931,17,949,0,,
9931,18,950,0,,
9931,19,729,0,,
9931,20,730,0,,
9931,21,6569,0,,
9931,22,6570,0,,
9931,23,731,0,,
9931,24,732,0,,
9931,25,959,0,,
9931,26,960,0,,
9931,27,6577,0,,
9931,28,6578,0,,
9931,29,961,0,,
9931,30,962,0,,
9931,31,22000,0,,
9931,32,22001,0,,
9931,33,22002,0,,
9931,34,22003,0,,
9931,35,22004,0,,
9931,36,22005,0,,
9931,37,22006,0,,
9931,38,22007,0,,
9931,39,22008,0,,
9931,40,22009,0,,
9931,41,22010,0,,
9931,42,22011,0,,
9931,43,22012,0,,
9931,44,22013,0,,
9931,45,22014,0,,
9931,46,22015,0,,
9931,47,22016,0,,
9931,48,22017,0,,
9931,49,22018,0,,
9931,50,22019,0,,
9931,51,22020,0,,
9931,52,22021,0,,
9932,0,2505,0,,
9932,1,3439,0,,
9932,2,3902,0,,
9932,3,3903,0,,
9932,4,3904,0,,
9932,5,3905,0,,
9932,6,3906,0,,
9932,7,2506,0,,
9932,8,3891,0,,
9932,9,3892,0,,
9932,10,3893,0,,
9932,11,3894,0,,
9932,12,3895,0,,
9932,13,3896,0,,
9932,14,2515,0,,
9932,15,3920,0,,
9932,16,3921,0,,
9932,17,3922,0,,
9932,18,3923,0,,
9932,19,5187,0,,
9932,20,5188,0,,
9932,21,5189,0,,
9932,22,5190,0,,
9932,23,5191,0,,
9932,24,3913,0,,
9932,25,3914,0,,
9932,26,3915,0,,
9932,27,3916,0,,
9932,28,5182,0,,
9932,29,5183,0,,
9932,30,5184,0,,
9932,31,5185,0,,
9932,32,5186,0,,
9932,33,4038,0,,
9932,34,5176,0,,
9932,35,5177,0,,
9932,36,5178,0,,
9932,37,5179,0,,
9932,38,5180,0,,
9932,39,5181,0,,
9932,40,5170,0,,
9932,41,5171,0,,
9932,42,5172,0,,
9932,43,5173,0,,
9932,44,5174,0,,
9932,45,5175,0,,
9932,46,5168,0,,
9932,47,6645,0,,
9932,48,6646,0,,
9932,49,6647,0,,
9932,50,7582,0,,
9932,51,8541,0,,
9932,52,9656,0,,
9932,53,9657,0,,
9932,54,9658,0,,
9932,55,9659,0,,
9932,56,9660,0,,
9932,57,9661,0,,
9932,58,9662,0,,
9932,59,9663,0,,
9932,60,9664,0,,
9932,61,9665,0,,
9932,62,9666,0,,
9932,63,9667,0,,
9932,64,9668,0,,
9932,65,10515,0,,
9932,66,10516,0,,
9932,67,10517,0,,
9932,68,10425,0,,
9932,69,12740,0,,
9932,70,12741,0,,
9932,71,12742,0,,
9932,72,12743,0,,
9932,73,12744,0,,
9932,74,12745,0,,
9932,75,12746,0,,
9932,76,12747,0,,
9932,77,12748,0,,
9932,78,12749,0,,
9932,79,12750,0,,
9932,80,12751,0,,
9932,81,12752,0,,
9933,1,9482,0,,
9933,2,9483,0,,
9933,3,9484,0,,
9933,4,9485,0,,
9933,5,9486,0,,
9933,6,9487,0,,
9933,7,9488,0,,
9933,8,9489,0,,
9933,9,9490,0,,
9933,10,9491,0,,
9933,11,9492,0,,
9933,12,9493,0,,
9933,13,9494,0,,
9933,14,9495,0,,
9933,15,9496,0,,
9933,16,9497,0,,
9933,17,9498,0,,
9933,18,9499,0,,
9933,19,9500,0,,
9933,20,9501,0,,
9933,21,9502,0,,
9933,22,9503,0,,
9933,23,9504,0,,
9933,24,9505,0,,
9933,25,9506,0,,
9933,26,9507,0,,
9933,27,9508,0,,
9933,28,9509,0,,
9933,29,9510,0,,
9933,30,9511,0,,
9933,31,9512,0,,
9933,32,9513,0,,
9933,33,9967,0,,
9933,34,9968,0,,
9933,35,9969,0,,
9933,36,9970,0,,
9933,37,9971,0,,
9933,38,9972,0,,
9933,39,9973,0,,
9933,40,9974,0,,
9933,41,9975,0,,
9933,42,9976,0,,
9933,43,9977,0,,
9933,44,9978,0,,
9933,45,9979,0,,
9933,46,9980,0,,
9933,47,9981,0,,
9933,48,9982,0,,
9933,49,9983,0,,
9933,50,9984,0,,
9933,51,9985,0,,
9933,52,9986,0,,
9933,53,9987,0,,
9933,54,9988,0,,
9933,55,9989,0,,
9933,56,9990,0,,
9933,57,10115,0,,
9933,58,10116,0,,
9934,1,9616,0,,
9934,2,9617,0,,
9934,3,9618,0,,
9934,4,9619,0,,
9934,5,9620,0,,
9934,6,9621,0,,
9934,7,9622,0,,
9934,8,9623,0,,
9934,9,9624,0,,
9934,10,9530,0,,
9934,11,9531,0,,
9934,12,9532,0,,
9934,13,9533,0,,
9934,14,9534,0,,
9934,15,9535,0,,
9934,16,9536,0,,
9934,17,9537,0,,
9934,18,9538,0,,
9934,19,9539,0,,
9934,20,9540,0,,
9934,21,9541,0,,
9934,22,9542,0,,
9934,23,9543,0,,
9934,24,9544,0,,
9934,25,9545,0,,
9934,26,9991,0,,
9934,27,9992,0,,
9934,28,9993,0,,
9934,29,10114,0,,
9935,1,10373,0,,
9935,2,10374,0,,
9935,3,10375,0,,
9935,4,10376,0,,
9935,5,10377,0,,
9935,6,10378,0,,
9935,7,10379,0,,
9935,8,10380,0,,
9935,9,10381,0,,
9935,10,10382,0,,
9935,11,10383,0,,
9935,12,10384,0,,
9935,13,10385,0,,
9935,14,10386,0,,
9935,15,10387,0,,
9935,16,10388,0,,
9935,17,10389,0,,
9935,18,10390,0,,
9935,19,10391,0,,
9935,20,10392,0,,
9935,21,10393,0,,
9935,22,10394,0,,
9935,23,10395,0,,
9935,24,10396,0,,
9936,1,10397,0,,
9936,2,10398,0,,
9936,3,10399,0,,
9936,4,10400,0,,
9936,5,10401,0,,
9936,6,10402,0,,
9936,7,10403,0,,
9936,8,10404,0,,
9936,9,10405,0,,
9936,10,10406,0,,
9936,11,10407,0,,
9937,1,1864,0,,
9937,2,1865,0,,
9937,3,1866,0,,
9937,4,1867,0,,
9937,5,1868,0,,
9937,6,1869,0,,
9937,7,1870,0,,
9937,8,1871,0,,
9937,9,1872,0,,
9937,10,1873,0,,
9937,11,1874,0,,
9937,12,1875,0,,
9937,13,1876,0,,
9937,14,1877,0,,
9937,15,1878,0,,
9937,16,1879,0,,
9937,17,1880,0,,
9937,18,1881,0,,
9937,19,1882,0,,
9937,20,1883,0,,
9937,21,1884,0,,
9937,22,1885,0,,
9937,23,1886,0,,
9937,24,1887,0,,
9937,25,1888,0,,
9937,26,1889,0,,
9937,27,1890,0,,
9937,28,1891,0,,
9937,29,1892,0,,
9937,30,1893,0,,
9937,31,1894,0,,
9937,32,1895,0,,
9937,33,4039,0,,
9937,34,4040,0,,
9937,35,4041,0,,
9937,36,4042,0,,
9937,37,4043,0,,
9937,38,4044,0,,
9937,39,4045,0,,
9937,40,4046,0,,
9937,41,4047,0,,
9937,42,4048,0,,
9937,43,5549,0,,
9937,44,5550,0,,
9937,45,5551,0,,
9937,46,5552,0,,
9937,47,5553,0,,
9937,48,5554,0,,
9937,49,9628,0,,
9937,50,9629,0,,
9937,51,9630,0,,
9938,1,1835,0,,
9938,2,1463,0,,
9938,3,1464,0,,
9938,4,1465,0,,
9938,5,1466,0,,
9938,6,1467,0,,
9938,7,2509,0,,
9938,8,2510,0,,
9938,9,2511,0,,
9938,10,2512,0,,
9938,11,2513,0,,
9938,12,2514,0,,
9938,13,3947,0,,
9938,14,3948,0,,
9938,15,3949,0,,
9938,16,3950,0,,
9938,17,3951,0,,
9938,18,3952,0,,
9938,19,5134,0,,
9938,20,5135,0,,
9938,21,5136,0,,
9938,22,5137,0,,
9938,23,5138,0,,
9938,24,5139,0,,
9938,25,5140,0,,
9938,26,5141,0,,
9938,27,5142,0,,
9938,28,5143,0,,
9938,29,5144,0,,
9938,30,5145,0,,
9938,31,5146,0,,
9938,32,5147,0,,
9938,33,5148,0,,
9938,34,5149,0,,
9938,35,5150,0,,
9938,36,5151,0,,
9938,37,5250,0,,
9938,38,5251,0,,
9938,39,5252,0,,
9938,40,5253,0,,
9938,41,5254,0,,
9938,42,5255,0,,
9938,43,5256,0,,
9938,44,5257,0,,
9938,45,5258,0,,
9938,46,5259,0,,
9938,47,5260,0,,
9938,48,5261,0,,
9938,49,5262,0,,
9938,50,5263,0,,
9938,51,5264,0,,
9938,52,5265,0,,
9938,53,5266,0,,
9938,54,5267,0,,
9938,55,6535,0,,
9938,56,6536,0,,
9938,57,6537,0,,
9938,58,6538,0,,
9938,59,6539,0,,
9938,60,6540,0,,
9938,61,6645,0,,
9938,62,6646,0,,
9938,63,6647,0,,
9939,1,1458,0,,
9939,2,1459,0,,
9939,3,1460,0,,
9939,4,1461,0,,
9939,5,1462,0,,
9939,6,2130,0,,
9939,7,2131,0,,
9939,8,2132,0,,
9939,9,2133,0,,
9939,10,2134,0,,
9940,1,6688,0,,
9940,2,6689,0,,
9940,3,6690,0,,
9940,4,6691,0,,
9940,5,6692,0,,
9940,6,6693,0,,
9940,7,6694,0,,
9940,8,6695,0,,
9940,9,6696,0,,
9940,10,6697,0,,
9940,11,6698,0,,
9940,12,6699,0,,
9940,13,6700,0,,
9940,14,6701,0,,
9940,15,6702,0,,
9940,16,6703,0,,
9940,17,6704,0,,
9940,18,6705,0,,
9940,19,6706,0,,
9940,20,6707,0,,
9940,21,6708,0,,
9940,22,6709,0,,
9940,23,6710,0,,
9940,24,6711,0,,
9940,25,6712,0,,
9940,26,6713,0,,
9940,27,6714,0,,
9940,28,13099,0,,
9941,1,6847,0,,
9941,2,6848,0,,
9941,3,6849,0,,
9941,4,6850,0,,
9941,5,6851,0,,
9941,6,6852,0,,
9941,7,6853,0,,
9941,8,6854,0,,
9941,9,6855,0,,
9941,10,6856,0,,
9941,11,6857,0,,
9941,12,6858,0,,
9941,13,6859,0,,
9941,14,6860,0,,
9941,15,6861,0,,
9941,16,6862,0,,
9941,17,6863,0,,
9941,18,6864,0,,
9941,19,6865,0,,
9941,20,6866,0,,
9941,21,6867,0,,
9941,22,6868,0,,
9941,23,6869,0,,
9941,24,6870,0,,
9941,25,6871,0,,
9941,26,6872,0,,
9941,27,6873,0,,
9941,28,6874,0,,
9941,29,6875,0,,
9941,30,6876,0,,
9941,31,6877,0,,
9941,32,6878,0,,
9941,33,6879,0,,
9941,34,6880,0,,
9941,35,6881,0,,
9941,36,6882,0,,
9941,37,6883,0,,
9941,38,6884,0,,
9941,39,6885,0,,
9941,40,6886,0,,
9941,41,6887,0,,
9941,42,6888,0,,
9941,43,6889,0,,
9941,44,6890,0,,
9941,45,6891,0,,
9941,46,6892,0,,
9941,47,6893,0,,
9941,48,6894,0,,
9941,49,6895,0,,
9941,50,6896,0,,
9941,51,6897,0,,
9941,52,6898,0,,
9941,53,6899,0,,
9941,54,6900,0,,
9941,55,7580,0,,
9941,56,7581,0,,
9941,57,13100,0,,
9941,58,13101,0,,
9942,1,5434,0,,
9942,2,5435,0,,
9942,3,5438,0,,
9942,4,5439,0,,
9942,5,5440,0,,
9942,6,5441,0,,
9942,7,5442,0,,
9942,8,5443,0,,
9942,9,5444,0,,
9942,10,5445,0,,
9942,11,5446,0,,
9942,12,5447,0,,
9942,13,5448,0,,
9942,14,5449,0,,
9942,15,5450,0,,
9942,16,5451,0,,
9942,17,5452,0,,
9942,18,5453,0,,
9942,19,5456,0,,
9942,20,5457,0,,
9942,21,5458,0,,
9942,22,5459,0,,
9942,23,5460,0,,
9942,24,5461,0,,
9942,25,5462,0,,
9942,26,5463,0,,
9942,27,5464,0,,
9942,28,5465,0,,
9942,29,5466,0,,
9942,30,5467,0,,
9942,31,5468,0,,
9942,32,5469,0,,
9942,33,5470,0,,
9942,34,5471,0,,
9942,35,5332,0,,
9942,36,5333,0,,
9942,37,5334,0,,
9942,38,5335,0,,
9942,39,5336,0,,
9942,40,5337,0,,
9942,41,5338,0,,
9942,42,5339,0,,
9942,43,5340,0,,
9942,44,5341,0,,
9942,45,5346,0,,
9942,46,5347,0,,
9942,47,5348,0,,
9942,48,5349,0,,
9942,49,5350,0,,
9942,50,5351,0,,
9942,51,5352,0,,
9942,52,5353,0,,
9942,53,5354,0,,
9942,54,5355,0,,
9942,55,5364,0,,
9942,56,5365,0,,
9942,57,5366,0,,
9942,58,5367,0,,
9942,59,5368,0,,
9942,60,5369,0,,
9942,61,5370,0,,
9942,62,5371,0,,
9942,63,5380,0,,
9942,64,5381,0,,
9942,65,5382,0,,
9942,66,5383,0,,
9942,67,5392,0,,
9942,68,5393,0,,
9942,69,5394,0,,
9942,70,5395,0,,
9942,71,5404,0,,
9942,72,5405,0,,
9942,73,5406,0,,
9942,74,5407,0,,
9942,75,5416,0,,
9942,76,5417,0,,
9942,77,5418,0,,
9942,78,5419,0,,
9942,79,5420,0,,
9942,80,5421,0,,
9942,81,5422,0,,
9942,82,5423,0,,
9942,83,5424,0,,
9942,84,5425,0,,
9942,85,5426,0,,
9942,86,5427,0,,
9942,87,5428,0,,
9942,88,5429,0,,
9942,89,5430,0,,
9942,90,5431,0,,
9942,91,5432,0,,
9942,92,5433,0,,
9942,93,8690,0,,
9942,94,8691,0,,
9942,95,8692,0,,
9942,96,8693,0,,
9942,97,8694,0,,
9942,98,8695,0,,
9942,99,8696,0,,
9942,100,8697,0,,
9942,101,8698,0,,
9942,102,8699,0,,
9942,103,8700,0,,
9942,104,8701,0,,
9942,105,8702,0,,
9942,106,8703,0,,
9942,107,8704,0,,
9942,108,8705,0,,
9942,109,8706,0,,
9942,110,8707,0,,
9942,111,8708,0,,
9942,112,8709,0,,
9942,113,8710,0,,
9942,114,8711,0,,
9943,1,5529,0,,
9943,2,5532,0,,
9943,3,5533,0,,
9943,4,5534,0,,
9943,5,5535,0,,
9943,6,5536,0,,
9943,7,5537,0,,
9943,8,5538,0,,
9943,9,5539,0,,
9943,10,5541,0,,
9943,11,5542,0,,
9943,12,5543,0,,
9943,13,5544,0,,
9943,14,5545,0,,
9943,15,5546,0,,
9943,16,5547,0,,
9943,17,5548,0,,
9943,18,5478,0,,
9943,19,5479,0,,
9943,20,5480,0,,
9943,21,5481,0,,
9943,22,5482,0,,
9943,23,5485,0,,
9943,24,5486,0,,
9943,25,5487,0,,
9943,26,5488,0,,
9943,27,5489,0,,
9943,28,5494,0,,
9943,29,5495,0,,
9943,30,5496,0,,
9943,31,5497,0,,
9943,32,5502,0,,
9943,33,5503,0,,
9943,34,5508,0,,
9943,35,5509,0,,
9943,36,5514,0,,
9943,37,5515,0,,
9943,38,5516,0,,
9943,39,5520,0,,
9943,40,5521,0,,
9943,41,5522,0,,
9943,42,5523,0,,
9943,43,5524,0,,
9943,44,5525,0,,
9943,45,5526,0,,
9943,46,5527,0,,
9943,47,5528,0,,
9943,48,8712,0,,
9943,49,8713,0,,
9943,50,8714,0,,
9943,51,8715,0,,
9943,52,8716,0,,
9943,53,8717,0,,
9943,54,8718,0,,
9943,55,8719,0,,
9943,56,8720,0,,
9943,57,8721,0,,
9943,58,8722,0,,
9944,1,9391,0,,
9944,2,9392,0,,
9944,3,9393,0,,
9944,4,9394,0,,
9944,5,9395,0,,
9944,6,9396,0,,
9944,7,9397,0,,
9944,8,9398,0,,
9944,9,9399,0,,
9944,10,9400,0,,
9944,11,9401,0,,
9944,12,9402,0,,
9944,13,9403,0,,
9944,14,9404,0,,
9944,15,9405,0,,
9944,16,9406,0,,
9944,17,9407,0,,
9944,18,9408,0,,
9944,19,9410,0,,
9944,20,9411,0,,
9944,21,9412,0,,
9944,22,9413,0,,
9944,23,9414,0,,
9944,24,9415,0,,
9944,25,13507,0,,
9944,26,13508,0,,
9944,27,13509,0,,
9944,28,13510,0,,
9944,29,13511,0,,
9944,30,13512,0,,
9945,1,9146,0,,
9945,2,9147,0,,
9945,3,9148,0,,
9945,4,9149,0,,
9945,5,9150,0,,
9945,6,9151,0,,
9945,7,9152,0,,
9945,8,9153,0,,
9945,9,9154,0,,
9945,10,9155,0,,
9945,11,22039,0,,
9945,12,22040,0,,
9945,13,22041,0,,
9945,14,22042,0,,
9945,15,22043,0,,
9945,16,22044,0,,
9945,17,22045,0,,
9945,18,22046,0,,
9945,19,22047,0,,
9945,20,22048,0,,
9945,21,22049,0,,
9945,22,22050,0,,
9945,23,22051,0,,
9946,1,4126,0,,
9946,2,4127,0,,
9946,3,4128,0,,
9946,4,4129,0,,
9946,5,4130,0,,
9946,6,4131,0,,
9946,7,4132,0,,
9946,8,4133,0,,
9946,9,4134,0,,
9946,10,4135,0,,
9946,11,4136,0,,
9946,12,4137,0,,
9946,13,4138,0,,
9946,14,4139,0,,
9946,15,4140,0,,
9946,16,4141,0,,
9946,17,4142,0,,
9946,18,4143,0,,
9946,19,4144,0,,
9946,20,4145,0,,
9946,21,4146,0,,
9946,22,4147,0,,
9946,23,4148,0,,
9946,24,4149,0,,
9946,25,4150,0,,
9946,26,4151,0,,
9946,27,4152,0,,
9946,28,4153,0,,
9946,29,4154,0,,
9946,30,4155,0,,
9946,31,4156,0,,
9946,32,4157,0,,
9946,33,4158,0,,
9946,34,4159,0,,
9946,35,4160,0,,
9946,36,4161,0,,
9946,37,4162,0,,
9946,38,4163,0,,
9946,39,4164,0,,
9946,40,4165,0,,
9946,41,4166,0,,
9946,42,4167,0,,
9946,43,4168,0,,
9946,44,4169,0,,
9946,45,4170,0,,
9946,46,4171,0,,
9946,47,4172,0,,
9946,48,4173,0,,
9946,49,4174,0,,
9946,50,4175,0,,
9946,51,4176,0,,
9946,52,4177,0,,
9946,53,4178,0,,
9946,54,4179,0,,
9946,55,4180,0,,
9946,56,4181,0,,
9946,57,4182,0,,
9946,58,4183,0,,
9946,59,4184,0,,
9946,60,4185,0,,
9946,61,4186,0,,
9946,62,4187,0,,
9946,63,4188,0,,
9946,64,4189,0,,
9946,65,4190,0,,
9946,66,4191,0,,
9946,67,4192,0,,
9946,68,4193,0,,
9946,69,4194,0,,
9946,70,4195,0,,
9946,71,4196,0,,
9946,72,4197,0,,
9946,73,4198,0,,
9946,74,4199,0,,
9947,1,4049,0,,
9947,2,4050,0,,
9947,3,4051,0,,
9947,4,4052,0,,
9947,5,4053,0,,
9947,6,4054,0,,
9947,7,4055,0,,
9947,8,4056,0,,
9947,9,4057,0,,
9947,10,4058,0,,
9947,11,4059,0,,
9947,12,4060,0,,
9947,13,4061,0,,
9947,14,4062,0,,
9947,15,4063,0,,
9947,16,4064,0,,
9947,17,4065,0,,
9947,18,4066,0,,
9947,19,4067,0,,
9947,20,4068,0,,
9947,21,4069,0,,
9947,22,4070,0,,
9947,23,4071,0,,
9947,24,4072,0,,
9947,25,4073,0,,
9947,26,4074,0,,
9947,27,4075,0,,
9947,28,4076,0,,
9947,29,4077,0,,
9947,30,4078,0,,
9947,31,4079,0,,
9947,32,4080,0,,
9947,33,4081,0,,
9947,34,4082,0,,
9947,35,4083,0,,
9947,36,4084,0,,
9947,37,4085,0,,
9947,38,4086,0,,
9947,39,4087,0,,
9947,40,4088,0,,
9947,41,4089,0,,
9947,42,4090,0,,
9947,43,4091,0,,
9947,44,4092,0,,
9947,45,4093,0,,
9947,46,4094,0,,
9947,47,4095,0,,
9947,48,4096,0,,
9947,49,4097,0,,
9947,50,4098,0,,
9947,51,4099,0,,
9947,52,4100,0,,
9947,53,4101,0,,
9947,54,4102,0,,
9947,55,4103,0,,
9947,56,4104,0,,
9947,57,4105,0,,
9947,58,4106,0,,
9947,59,4107,0,,
9947,60,4108,0,,
9947,61,4109,0,,
9947,62,4110,0,,
9947,63,4111,0,,
9947,64,4112,0,,
9947,65,4113,0,,
9947,66,4114,0,,
9947,67,4115,0,,
9947,68,4116,0,,
9947,69,4117,0,,
9947,70,4118,0,,
9947,71,4119,0,,
9947,72,4120,0,,
9947,73,4121,0,,
9948,1,4445,0,,
9948,2,4446,0,,
9948,3,4447,0,,
9948,4,4448,0,,
9948,5,4449,0,,
9948,6,4450,0,,
9948,7,4451,0,,
9948,8,4452,0,,
9948,9,4453,0,,
9948,10,4454,0,,
9948,11,4455,0,,
9948,12,4456,0,,
9948,13,4457,0,,
9948,14,4458,0,,
9948,15,4459,0,,
9948,16,4460,0,,
9948,17,4461,0,,
9948,18,4462,0,,
9948,19,4463,0,,
9948,20,4464,0,,
9948,21,4465,0,,
9948,22,4466,0,,
9948,23,4467,0,,
9948,24,4468,0,,
9948,25,4469,0,,
9948,26,4470,0,,
9948,27,4471,0,,
9948,28,4472,0,,
9948,29,4473,0,,
9948,30,4474,0,,
9948,31,4475,0,,
9948,32,4476,0,,
9948,33,4477,0,,
9948,34,4478,0,,
9948,35,4479,0,,
9948,36,4480,0,,
9948,37,4481,0,,
9948,38,4482,0,,
9948,39,4483,0,,
9948,40,4484,0,,
9948,41,4485,0,,
9948,42,4486,0,,
9948,43,4487,0,,
9948,44,4488,0,,
9948,45,4489,0,,
9948,46,4490,0,,
9948,47,4491,0,,
9948,48,4492,0,,
9948,49,4493,0,,
9948,50,4494,0,,
9948,51,4495,0,,
9948,52,4496,0,,
9948,53,4497,0,,
9948,54,4498,0,,
9948,55,4499,0,,
9948,56,4500,0,,
9948,57,4501,0,,
9948,58,4502,0,,
9948,59,4503,0,,
9948,60,4504,0,,
9948,61,4505,0,,
9948,62,4506,0,,
9948,63,4507,0,,
9948,64,4508,0,,
9948,65,4509,0,,
9948,66,4510,0,,
9948,67,4511,0,,
9948,68,4512,0,,
9948,69,4513,0,,
9948,70,4514,0,,
9948,71,4515,0,,
9948,72,4516,0,,
9948,73,4517,0,,
9948,74,4518,0,,
9948,75,4519,0,,
9948,76,4520,0,,
9948,77,4521,0,,
9948,78,4522,0,,
9948,79,4523,0,,
9948,80,4524,0,,
9948,81,4525,0,,
9948,82,4526,0,,
9948,83,4527,0,,
9948,84,4528,0,,
9948,85,4529,0,,
9948,86,4530,0,,
9948,87,4531,0,,
9948,88,4532,0,,
9948,89,4533,0,,
9948,90,4534,0,,
9948,91,4535,0,,
9948,92,4536,0,,
9948,93,4537,0,,
9948,94,4538,0,,
9948,95,4539,0,,
9948,96,4540,0,,
9948,97,4541,0,,
9948,98,4542,0,,
9948,99,4543,0,,
9948,100,4544,0,,
9948,101,4545,0,,
9948,102,4546,0,,
9948,103,4547,0,,
9948,104,4548,0,,
9948,105,4549,0,,
9948,106,4550,0,,
9948,107,4551,0,,
9948,108,4552,0,,
9948,109,4553,0,,
9948,110,4554,0,,
9948,111,4555,0,,
9948,112,4556,0,,
9948,113,4557,0,,
9948,114,4558,0,,
9948,115,4559,0,,
9948,116,4560,0,,
9948,117,4561,0,,
9948,118,4562,0,,
9948,119,4563,0,,
9948,120,4564,0,,
9948,121,4565,0,,
9948,122,4566,0,,
9948,123,4567,0,,
9948,124,4568,0,,
9948,125,4569,0,,
9948,126,4570,0,,
9948,127,4571,0,,
9948,128,4572,0,,
9948,129,4573,0,,
9948,130,4574,0,,
9948,131,4575,0,,
9948,132,4576,0,,
9948,133,4577,0,,
9948,134,4578,0,,
9948,135,4579,0,,
9948,136,4580,0,,
9948,137,4581,0,,
9948,138,4582,0,,
9948,139,4583,0,,
9948,140,4584,0,,
9948,141,4585,0,,
9948,142,4586,0,,
9948,143,4587,0,,
9948,144,4588,0,,
9948,145,4589,0,,
9948,146,4590,0,,
9948,147,4591,0,,
9948,148,4592,0,,
9948,149,4593,0,,
9948,150,4594,0,,
9948,151,4595,0,,
9948,152,4596,0,,
9948,153,4597,0,,
9948,154,4598,0,,
9948,155,4599,0,,
9948,156,4600,0,,
9948,157,4601,0,,
9948,158,4602,0,,
9948,159,4603,0,,
9948,160,4604,0,,
9948,161,4605,0,,
9948,162,4606,0,,
9948,163,4607,0,,
9948,164,4608,0,,
9948,165,4609,0,,
9948,166,4610,0,,
9948,167,4611,0,,
9948,168,4612,0,,
9948,169,4613,0,,
9948,170,4614,0,,
9948,171,4615,0,,
9948,172,4616,0,,
9948,173,4617,0,,
9948,174,4618,0,,
9948,175,4619,0,,
9948,176,4620,0,,
9948,177,4621,0,,
9948,178,4622,0,,
9948,179,4623,0,,
9948,180,4624,0,,
9949,1,6529,0,,
9949,2,6530,0,,
9949,3,6531,0,,
9949,4,6532,0,,
9949,5,6533,0,,
9949,6,6534,0,,
9950,1,7561,0,,
9950,2,6908,0,,
9950,3,6909,0,,
9950,4,6910,0,,
9950,5,6911,0,,
9950,6,6912,0,,
9950,7,6913,0,,
9950,8,6914,0,,
9950,9,6915,0,,
9950,10,6916,0,,
9950,11,7609,0,,
9950,12,6528,0,,
9950,13,7807,0,,
9950,14,7808,0,,
9950,15,7809,0,,
9950,16,6519,0,,
9950,17,6520,0,,
9950,18,6521,0,,
9950,19,6522,0,,
9950,20,6523,0,,
9950,21,6524,0,,
9950,22,6525,0,,
9950,23,6526,0,,
9950,24,6527,0,,
9950,25,7610,0,,
9950,26,7611,0,,
9950,27,7612,0,,
9950,28,7613,0,,
9950,29,8484,0,,
9950,30,8485,0,,
9950,31,6535,0,,
9950,32,6536,0,,
9950,33,6537,0,,
9950,34,6538,0,,
9950,35,6539,0,,
9950,36,6540,0,,
9951,1,23,0,,
9951,2,2386,0,,
9951,3,43,0,,
9951,4,1101,0,,
9951,5,1104,0,,
9951,6,44,0,,
9952,1,58,0,,
9952,2,59,0,,
9952,3,47,0,,
9952,4,628,0,,
9952,5,352,0,,
9952,6,2378,0,,
9952,7,2411,0,,
9952,8,2493,0,,
9952,9,394,0,,
9952,10,416,0,,
9952,11,2422,0,,
9952,12,395,0,,
9952,13,417,0,,
9952,14,2424,0,,
9952,15,436,0,,
9952,16,469,0,,
9952,17,2447,0,,
9952,18,437,0,,
9952,19,470,0,,
9952,20,2450,0,,
9953,1,60,0,,
9953,2,517,0,,
9953,3,64,0,,
9953,4,107,0,,
9953,5,354,0,,
9953,6,381,0,,
9953,7,2413,0,,
9953,8,2453,0,,
9953,9,2429,0,,
9953,10,2495,0,,
9953,11,356,0,,
9953,12,2414,0,,
9953,13,2462,0,,
9953,14,2438,0,,
9953,15,2497,0,,
9953,16,397,0,,
9953,17,2387,0,,
9953,18,608,0,,
9953,19,62,0,,
9953,20,398,0,,
9953,21,418,0,,
9953,22,2455,0,,
9953,23,2431,0,,
9953,24,400,0,,
9953,25,420,0,,
9953,26,2460,0,,
9953,27,2436,0,,
9953,28,401,0,,
9953,29,2461,0,,
9953,30,2437,0,,
9953,31,439,0,,
9953,32,471,0,,
9953,33,2454,0,,
9953,34,2430,0,,
9953,35,441,0,,
9953,36,472,0,,
9953,37,2459,0,,
9953,38,2435,0,,
9953,39,442,0,,
9953,40,473,0,,
9953,41,2463,0,,
9953,42,603,0,,
9954,1,357,0,,
9954,2,383,0,,
9954,3,503,0,,
9954,4,5710,0,,
9954,5,5726,0,,
9954,6,633,0,,
9954,7,358,0,,
9954,8,2380,0,,
9954,9,2416,0,,
9954,10,5718,0,,
9954,11,5734,0,,
9954,12,2376,0,,
9954,13,2379,0,,
9954,14,2415,0,,
9954,15,5714,0,,
9954,16,5730,0,,
9954,17,673,0,,
9954,18,2381,0,,
9954,19,2417,0,,
9954,20,5722,0,,
9954,21,5738,0,,
9954,22,110,0,,
9954,23,2384,0,,
9954,24,2388,0,,
9954,25,5711,0,,
9954,26,5727,0,,
9954,27,2390,0,,
9954,28,5715,0,,
9954,29,5731,0,,
9954,30,2391,0,,
9954,31,5719,0,,
9954,32,5735,0,,
9954,33,2392,0,,
9954,34,5723,0,,
9954,35,5739,0,,
9954,36,2397,0,,
9954,37,2402,0,,
9954,38,5712,0,,
9954,39,5728,0,,
9954,40,2398,0,,
9954,41,2403,0,,
9954,42,5720,0,,
9954,43,5736,0,,
9954,44,2399,0,,
9954,45,2404,0,,
9954,46,5724,0,,
9954,47,5740,0,,
9954,48,2406,0,,
9954,49,5716,0,,
9954,50,5732,0,,
9954,51,554,0,,
9954,52,612,0,,
9954,53,5709,0,,
9954,54,5725,0,,
9954,55,2439,0,,
9954,56,2487,0,,
9954,57,5717,0,,
9954,58,5733,0,,
9954,59,600,0,,
9954,60,2464,0,,
9954,61,5713,0,,
9954,62,5729,0,,
9954,63,601,0,,
9954,64,2475,0,,
9954,65,5721,0,,
9954,66,5737,0,,
9955,1,365,0,,
9955,2,388,0,,
9955,3,512,0,,
9955,4,5765,0,,
9955,5,5777,0,,
9955,6,641,0,,
9955,7,2382,0,,
9955,8,547,0,,
9955,9,5768,0,,
9955,10,5780,0,,
9955,11,2385,0,,
9955,12,2389,0,,
9955,13,5766,0,,
9955,14,5778,0,,
9955,15,2393,0,,
9955,16,5769,0,,
9955,17,5781,0,,
9955,18,2400,0,,
9955,19,2405,0,,
9955,20,5770,0,,
9955,21,5782,0,,
9955,22,2407,0,,
9955,23,5767,0,,
9955,24,5779,0,,
9955,25,374,0,,
9955,26,2418,0,,
9955,27,5771,0,,
9955,28,5783,0,,
9955,29,2498,0,,
9955,30,10793,0,,
9955,31,2383,0,,
9955,32,2419,0,,
9955,33,5774,0,,
9955,34,5786,0,,
9955,35,10794,0,,
9955,36,2394,0,,
9955,37,5772,0,,
9955,38,5784,0,,
9955,39,10795,0,,
9955,40,2395,0,,
9955,41,5775,0,,
9955,42,5787,0,,
9955,43,10796,0,,
9955,44,2408,0,,
9955,45,5773,0,,
9955,46,5785,0,,
9955,47,10797,0,,
9955,48,2409,0,,
9955,49,5776,0,,
9955,50,5788,0,,
9955,51,10798,0,,
9955,52,5287,0,,
9955,53,5288,0,,
9955,54,5289,0,,
9955,55,5290,0,,
9955,56,5291,0,,
9955,57,5292,0,,
9955,58,5297,0,,
9955,59,5298,0,,
9955,60,5308,0,,
9955,61,5293,0,,
9955,62,5294,0,,
9955,63,5295,0,,
9955,64,5296,0,,
9955,65,5301,0,,
9955,66,5304,0,,
9955,67,5305,0,,
9955,68,5311,0,,
9955,69,5312,0,,
9955,70,5313,0,,
9955,71,5314,0,,
9955,72,5315,0,,
9955,73,5320,0,,
9955,74,5326,0,,
9955,75,5316,0,,
9955,76,5317,0,,
9955,77,5318,0,,
9955,78,5319,0,,
9955,79,5323,0,,
9955,80,5329,0,,
9956,1,6373,0,,
9956,2,6374,0,,
9956,3,6378,0,,
9956,4,6375,0,,
9956,5,6376,0,,
9956,6,6377,0,,
9956,7,10799,0,,
9956,8,6379,0,,
9956,9,6382,0,,
9956,10,6380,0,,
9956,11,6381,0,,
9956,12,10800,0,,
9956,13,6383,0,,
9956,14,6386,0,,
9956,15,6384,0,,
9956,16,6385,0,,
9956,17,10801,0,,
9956,18,6679,0,,
9956,19,6674,0,,
9956,20,6675,0,,
9956,21,6676,0,,
9956,22,6677,0,,
9956,23,6678,0,,
9956,24,6680,0,,
9956,25,6681,0,,
9956,26,6682,0,,
9956,27,6683,0,,
9956,28,6684,0,,
9956,29,6685,0,,
9956,30,6686,0,,
9956,31,6687,0,,
9957,1,9416,0,,
9957,2,9421,0,,
9957,3,9422,0,,
9957,4,9423,0,,
9957,5,9424,0,,
9957,6,9441,0,,
9957,7,9417,0,,
9957,8,9418,0,,
9957,9,9419,0,,
9957,10,9420,0,,
9957,11,10228,0,,
9957,12,10229,0,,
9957,13,10230,0,,
9957,14,10231,0,,
9957,15,10802,0,,
9957,16,10803,0,,
9957,17,10804,0,,
9957,18,10805,0,,
9957,19,10806,0,,
9957,20,10820,0,,
9957,21,10821,0,,
9957,22,10822,0,,
9957,23,10823,0,,
9957,24,9432,0,,
9957,25,9437,0,,
9957,26,9438,0,,
9957,27,9439,0,,
9957,28,9440,0,,
9957,29,9433,0,,
9957,30,9434,0,,
9957,31,9435,0,,
9957,32,9436,0,,
9957,33,10236,0,,
9957,34,10237,0,,
9957,35,10238,0,,
9957,36,10239,0,,
9957,37,10810,0,,
9957,38,10811,0,,
9957,39,10812,0,,
9957,40,10813,0,,
9957,41,10814,0,,
9957,42,10828,0,,
9957,43,10829,0,,
9957,44,10830,0,,
9957,45,10831,0,,
9957,46,9425,0,,
9957,47,9428,0,,
9957,48,9429,0,,
9957,49,9430,0,,
9957,50,9431,0,,
9957,51,9426,0,,
9957,52,9427,0,,
9957,53,10126,0,,
9957,54,10127,0,,
9957,55,10168,0,,
9957,56,10214,0,,
9957,57,10233,0,,
9957,58,10234,0,,
9957,59,10487,0,,
9957,60,10488,0,,
9957,61,10489,0,,
9957,62,10490,0,,
9957,63,10807,0,,
9957,64,10808,0,,
9957,65,10809,0,,
9957,66,10815,0,,
9957,67,10816,0,,
9957,68,10817,0,,
9957,69,10818,0,,
9957,70,10825,0,,
9957,71,10826,0,,
9957,72,10832,0,,
9957,73,10833,0,,
9957,74,10834,0,,
9957,75,10835,0,,
9958,1,13432,0,,
9958,2,13438,0,,
9958,3,13137,0,,
9958,4,13439,0,,
9958,5,13440,0,,
9958,6,13471,0,,
9958,7,14520,0,,
9958,8,13433,0,,
9958,9,13441,0,,
9958,10,13138,0,,
9958,11,13442,0,,
9958,12,13443,0,,
9958,13,14521,0,,
9958,14,13434,0,,
9958,15,13444,0,,
9958,16,13139,0,,
9958,17,13445,0,,
9958,18,13446,0,,
9958,19,14522,0,,
9958,20,13435,0,,
9958,21,13448,0,,
9958,22,13140,0,,
9958,23,13449,0,,
9958,24,13450,0,,
9958,25,14523,0,,
9958,26,13436,0,,
9958,27,13451,0,,
9958,28,13141,0,,
9958,29,13452,0,,
9958,30,13453,0,,
9958,31,14524,0,,
9958,32,13437,0,,
9958,33,13454,0,,
9958,34,13142,0,,
9958,35,13455,0,,
9958,36,13456,0,,
9958,37,14525,0,,
9959,1,7850,0,,
9959,2,7851,0,,
9959,3,7852,0,,
9959,4,7853,0,,
9959,5,7854,0,,
9959,6,7855,0,,
9959,7,7856,0,,
9959,8,7857,0,,
9959,9,7858,0,,
9959,10,7859,0,,
9959,11,7860,0,,
9959,12,7861,0,,
9959,13,7862,0,,
9959,14,7863,0,,
9959,15,7864,0,,
9959,16,7865,0,,
9959,17,7866,0,,
9959,18,7867,0,,
9959,19,7868,0,,
9959,20,7869,0,,
9959,21,7870,0,,
9959,22,7871,0,,
9959,23,7872,0,,
9959,24,7873,0,,
9959,25,7874,0,,
9959,26,7875,0,,
9959,27,7876,0,,
9959,28,7877,0,,
9959,29,7878,0,,
9959,30,7879,0,,
9960,1,112,0,,
9960,2,1509,0,,
9960,3,1507,0,,
9960,4,846,0,,
9960,5,1509,0,,
9960,6,1506,0,,
9960,7,113,0,,
9960,8,116,0,,
9960,9,118,0,,
9960,10,115,0,,
9960,11,877,0,,
9960,12,908,0,,
9960,13,114,0,,
9960,14,876,0,,
9960,15,907,0,,
9960,16,845,0,,
9960,17,878,0,,
9960,18,909,0,,
9960,19,875,0,,
9960,20,1508,0,,
9960,21,906,0,,
9961,1,848,0,,
9961,2,879,0,,
9961,3,911,0,,
9961,4,850,0,,
9961,5,881,0,,
9961,6,913,0,,
9961,7,849,0,,
9961,8,882,0,,
9961,9,912,0,,
9961,10,847,0,,
9961,11,890,0,,
9961,12,910,0,,
9961,13,851,0,,
9961,14,880,0,,
9961,15,914,0,,
9962,1,852,0,,
9962,2,883,0,,
9962,3,915,0,,
9962,4,857,0,,
9962,5,888,0,,
9962,6,919,0,,
9962,7,855,0,,
9962,8,885,0,,
9962,9,917,0,,
9962,10,854,0,,
9962,11,886,0,,
9962,12,119,0,,
9962,13,853,0,,
9962,14,884,0,,
9962,15,916,0,,
9963,1,901,0,,
9963,2,870,0,,
9963,3,932,0,,
9963,4,900,0,,
9963,5,869,0,,
9963,6,931,0,,
9963,7,898,0,,
9963,8,867,0,,
9963,9,929,0,,
9963,10,897,0,,
9963,11,866,0,,
9963,12,928,0,,
9963,13,896,0,,
9963,14,865,0,,
9963,15,927,0,,
9963,16,887,0,,
9963,17,856,0,,
9963,18,918,0,,
9963,19,117,0,,
9963,20,859,0,,
9963,21,921,0,,
9963,22,891,0,,
9963,23,860,0,,
9963,24,922,0,,
9963,25,892,0,,
9963,26,861,0,,
9963,27,923,0,,
9963,28,894,0,,
9963,29,863,0,,
9963,30,925,0,,
9963,31,895,0,,
9963,32,864,0,,
9963,33,926,0,,
9963,34,905,0,,
9963,35,874,0,,
9963,36,936,0,,
9963,37,904,0,,
9963,38,873,0,,
9963,39,935,0,,
9963,40,6660,0,,
9964,1,893,0,,
9964,2,862,0,,
9964,3,924,0,,
9964,4,6328,0,,
9964,5,6327,0,,
9964,6,6326,0,,
9964,7,6325,0,,
9964,8,6324,0,,
9964,9,6323,0,,
9964,10,902,0,,
9964,11,871,0,,
9964,12,933,0,,
9964,13,899,0,,
9964,14,868,0,,
9964,15,930,0,,
9964,16,903,0,,
9964,19,6662,0,,
9964,20,6661,0,,
9964,27,872,0,,
9964,28,934,0,,
9965,1,6658,0,,
9965,2,6656,0,,
9965,3,6657,0,,
9965,4,6725,0,,
9965,5,6724,0,,
9965,6,6726,0,,
9965,7,889,0,,
9965,8,858,0,,
9965,9,920,0,,
9965,10,6659,0,,
9966,1,9455,0,,
9966,2,9456,0,,
9966,3,9457,0,,
9966,4,9458,0,,
9966,5,9459,0,,
9966,6,9460,0,,
9966,7,9461,0,,
9966,8,9462,0,,
9966,9,9463,0,,
9966,10,9464,0,,
9966,11,9465,0,,
9966,12,9466,0,,
9966,13,9467,0,,
9966,14,9468,0,,
9966,15,9469,0,,
9966,16,9470,0,,
9966,17,9471,0,,
9966,18,9472,0,,
9966,19,9473,0,,
9966,20,9474,0,,
9966,21,9475,0,,
9966,22,9476,0,,
9966,23,9477,0,,
9966,24,9478,0,,
9966,25,9479,0,,
9966,26,9480,0,,
9966,27,9481,0,,
9967,1,6411,0,,
9967,2,6412,0,,
9967,3,6413,0,,
9967,4,6414,0,,
9967,5,6415,0,,
9967,6,6416,0,,
9967,7,6417,0,,
9967,8,6418,0,,
9967,9,6419,0,,
9967,10,6420,0,,
9967,11,6421,0,,
9967,12,6422,0,,
9967,13,6423,0,,
9967,14,6424,0,,
9967,15,6425,0,,
9967,16,6426,0,,
9967,17,6427,0,,
9967,18,6428,0,,
9967,19,6429,0,,
9967,20,6430,0,,
9967,21,6431,0,,
9967,22,6432,0,,
9967,23,6433,0,,
9967,24,6434,0,,
9967,25,6435,0,,
9967,26,6436,0,,
9967,27,6437,0,,
9967,28,6438,0,,
9967,29,6439,0,,
9967,30,6440,0,,
9967,31,6441,0,,
9967,32,6442,0,,
9967,33,6443,0,,
9967,34,6444,0,,
9967,35,6445,0,,
9967,36,6446,0,,
9967,37,6447,0,,
9967,38,6448,0,,
9967,39,6449,0,,
9967,40,6450,0,,
9967,41,6451,0,,
9967,42,6452,0,,
9967,43,6453,0,,
9967,44,6454,0,,
9967,45,6455,0,,
9967,46,6456,0,,
9967,47,6457,0,,
9967,48,6458,0,,
9967,49,6459,0,,
9967,50,6460,0,,
9967,51,6461,0,,
9967,52,6462,0,,
9967,53,6463,0,,
9967,54,6464,0,,
9967,55,6465,0,,
9967,56,6466,0,,
9967,57,6467,0,,
9967,58,6468,0,,
9967,59,6469,0,,
9967,60,6470,0,,
9967,61,6471,0,,
9967,62,6472,0,,
9967,63,6473,0,,
9967,64,6474,0,,
9967,65,6475,0,,
9967,66,6476,0,,
9967,67,6477,0,,
9967,68,6478,0,,
9967,69,6479,0,,
9967,70,6480,0,,
9967,71,6481,0,,
9967,72,6482,0,,
9967,73,6483,0,,
9967,74,6484,0,,
9967,75,6485,0,,
9967,76,6486,0,,
9967,77,6487,0,,
9967,78,6488,0,,
9967,79,6489,0,,
9967,80,6490,0,,
9967,81,6491,0,,
9967,91,7734,0,,
9967,92,7735,0,,
9967,93,7736,0,,
9967,94,7737,0,,
9967,95,7738,0,,
9967,96,7739,0,,
9967,97,7740,0,,
9967,98,7741,0,,
9967,99,7742,0,,
9967,100,7743,0,,
9967,101,7744,0,,
9967,102,7745,0,,
9967,103,7801,0,,
9967,104,7802,0,,
9967,105,7803,0,,
9967,106,7727,0,,
9967,107,7750,0,,
9967,108,7751,0,,
9967,109,7752,0,,
9967,110,7753,0,,
9967,111,7754,0,,
9967,112,7755,0,,
9967,113,7756,0,,
9967,114,7757,0,,
9967,115,7758,0,,
9967,116,7759,0,,
9967,117,7760,0,,
9967,118,7761,0,,
9967,119,7762,0,,
9967,120,7763,0,,
9967,121,7764,0,,
9967,122,7765,0,,
9967,123,7766,0,,
9967,124,7767,0,,
9967,125,7768,0,,
9967,126,7769,0,,
9967,127,7770,0,,
9967,128,7771,0,,
9967,129,7772,0,,
9967,130,7773,0,,
9967,131,7774,0,,
9967,132,7775,0,,
9967,133,7776,0,,
9967,134,7777,0,,
9967,135,7778,0,,
9967,136,7779,0,,
9967,137,7780,0,,
9967,138,7781,0,,
9967,139,7782,0,,
9967,140,7783,0,,
9967,141,7784,0,,
9967,142,7785,0,,
9967,143,7786,0,,
9967,144,7787,0,,
9967,145,7788,0,,
9967,146,7789,0,,
9967,147,7790,0,,
9967,148,7791,0,,
9967,149,7792,0,,
9967,150,7793,0,,
9967,151,7794,0,,
9967,152,7795,0,,
9967,153,7796,0,,
9967,154,7797,0,,
9967,155,7798,0,,
9967,156,7799,0,,
9967,157,7800,0,,
9967,158,7728,0,,
9967,159,7729,0,,
9967,160,7730,0,,
9967,161,7731,0,,
9967,162,7732,0,,
9967,163,7733,0,,
9967,164,7804,0,,
9967,165,7805,0,,
9967,166,7806,0,,
9967,167,7726,0,,
9967,168,7746,0,,
9967,169,7747,0,,
9967,170,7748,0,,
9967,171,7749,0,,
9968,1,13993,0,,
9968,2,13994,0,,
9968,3,13995,0,,
9968,4,13996,0,,
9968,5,13997,0,,
9968,6,13998,0,,
9968,7,13723,0,,
9968,8,13724,0,,
9968,9,13725,0,,
9968,10,13726,0,,
9968,11,13727,0,,
9968,12,14028,0,,
9968,13,14029,0,,
9968,14,14030,0,,
9968,15,14031,0,,
9968,16,14032,0,,
9968,17,14033,0,,
9968,18,14034,0,,
9968,19,14035,0,,
9968,20,14036,0,,
9968,21,14037,0,,
9969,1,14009,0,,
9969,2,14010,0,,
9969,3,14011,0,,
9969,4,14012,0,,
9969,5,14013,0,,
9969,6,14014,0,,
9969,7,14015,0,,
9969,8,14016,0,,
9969,9,14017,0,,
9969,10,14018,0,,
9969,11,14019,0,,
9969,12,14020,0,,
9969,13,14021,0,,
9969,14,14022,0,,
9969,15,14023,0,,
9969,16,14024,0,,
9969,17,14025,0,,
9969,18,14026,0,,
9969,19,13796,0,,
9969,20,13841,0,,
9970,1,13569,0,,
9970,2,13570,0,,
9970,3,13571,0,,
9970,4,13572,0,,
9970,5,13573,0,,
9970,6,13574,0,,
9970,7,13575,0,,
9970,8,13576,0,,
9970,9,13577,0,,
9970,10,13578,0,,
9970,11,13579,0,,
9970,12,13580,0,,
9970,13,13581,0,,
9970,14,13582,0,,
9970,15,13583,0,,
9970,16,13584,0,,
9970,17,13585,0,,
9970,18,13586,0,,
9970,19,13587,0,,
9970,20,13588,0,,
9970,21,13589,0,,
9970,22,13590,0,,
9970,23,13591,0,,
9970,24,13592,0,,
9970,25,13593,0,,
9970,26,13594,0,,
9970,27,13595,0,,
9970,28,13596,0,,
9970,29,13597,0,,
9970,30,13598,0,,
9970,31,13599,0,,
9970,32,13600,0,,
9970,33,13601,0,,
9970,34,13602,0,,
9970,35,13603,0,,
9970,36,13604,0,,
9970,37,13605,0,,
9970,38,13606,0,,
9970,39,13607,0,,
9970,40,13608,0,,
9970,41,13609,0,,
9970,42,13610,0,,
9970,43,13611,0,,
9970,44,13612,0,,
9970,45,13613,0,,
9970,46,13614,0,,
9970,47,13615,0,,
9970,48,13616,0,,
9970,49,13617,0,,
9970,50,13618,0,,
9970,51,13619,0,,
9970,52,13620,0,,
9970,53,13621,0,,
9970,54,13622,0,,
9970,55,13623,0,,
9970,56,13624,0,,
9970,57,13625,0,,
9970,58,13626,0,,
9970,59,13627,0,,
9970,60,13628,0,,
9970,61,13629,0,,
9970,62,13630,0,,
9970,63,13631,0,,
9970,64,13632,0,,
9970,65,13633,0,,
9970,66,13634,0,,
9970,67,13635,0,,
9970,68,13636,0,,
9970,69,13637,0,,
9970,70,13638,0,,
9970,71,13639,0,,
9970,72,13640,0,,
9970,73,13641,0,,
9970,74,13642,0,,
9970,75,13643,0,,
9970,76,13644,0,,
9970,77,13645,0,,
9970,78,13646,0,,
9970,79,13647,0,,
9970,80,13648,0,,
9970,81,13649,0,,
9970,82,13650,0,,
9970,83,13651,0,,
9970,84,13652,0,,
9970,85,13653,0,,
9970,86,13654,0,,
9970,87,13655,0,,
9970,88,13656,0,,
9970,89,13657,0,,
9970,90,13658,0,,
9970,91,13659,0,,
9970,92,13660,0,,
9970,93,13661,0,,
9970,94,13662,0,,
9970,95,13663,0,,
9970,96,13664,0,,
9970,97,13665,0,,
9970,98,13666,0,,
9970,99,13667,0,,
9970,100,13668,0,,
9970,101,13669,0,,
9970,102,13670,0,,
9970,103,13671,0,,
9970,104,13672,0,,
9970,105,13673,0,,
9970,106,13674,0,,
9970,107,13675,0,,
9970,108,13676,0,,
9971,1,13677,0,,
9971,2,13678,0,,
9971,3,13679,0,,
9971,4,13680,0,,
9971,5,13681,0,,
9971,6,13682,0,,
9971,7,13683,0,,
9971,8,13684,0,,
9971,9,13685,0,,
9972,1,14621,0,,
9972,2,14622,0,,
9972,3,14623,0,,
9972,4,14624,0,,
9972,5,14625,0,,
9972,6,14626,0,,
9972,7,14627,0,,
9972,8,14628,0,,
9972,9,14629,0,,
9972,10,14630,0,,
9972,11,14631,0,,
9972,12,14632,0,,
9972,13,14633,0,,
9972,14,14634,0,,
9972,15,14674,0,,
9973,1,20255,0,,
9973,2,20256,0,,
9973,3,20257,0,,
9973,4,20258,0,,
9973,5,20259,0,,
9973,6,20260,0,,
9973,7,20261,0,,
9973,8,20262,0,,
9973,9,20263,0,,
9973,10,20264,0,,
9973,11,20265,0,,
9973,12,20267,0,,
9973,13,20268,0,,
9973,14,20269,0,,
9973,15,20270,0,,
9974,1,13153,0,,
9974,2,13154,0,,
9974,3,13155,0,,
9974,4,13156,0,,
9974,5,13157,0,,
9974,6,13158,0,,
9974,7,13159,0,,
9974,8,13160,0,,
9974,9,13161,0,,
9974,10,13162,0,,
9974,11,13163,0,,
9974,12,13164,0,,
9974,13,13165,0,,
9974,14,13166,0,,
9974,15,13167,0,,
9974,16,13168,0,,
9974,17,13169,0,,
9974,18,13170,0,,
9974,19,13171,0,,
9974,20,13172,0,,
9974,21,13173,0,,
9974,22,13174,0,,
9974,23,13175,0,,
9974,24,13176,0,,
9974,25,13177,0,,
9974,26,13178,0,,
9974,27,13179,0,,
9974,28,13180,0,,
9974,29,13181,0,,
9974,30,13182,0,,
9974,31,13183,0,,
9974,32,13184,0,,
9974,33,13185,0,,
9974,34,13186,0,,
9974,35,13187,0,,
9974,36,13188,0,,
9974,37,13189,0,,
9974,38,13190,0,,
9974,39,13191,0,,
9974,40,13192,0,,
9974,41,13193,0,,
9974,42,13194,0,,
9974,43,13195,0,,
9974,44,13196,0,,
9974,45,13197,0,,
9974,46,13198,0,,
9974,47,13199,0,,
9974,48,13200,0,,
9974,49,13201,0,,
9974,50,13202,0,,
9974,51,13203,0,,
9974,52,13204,0,,
9974,53,13205,0,,
9974,54,13206,0,,
9974,55,13207,0,,
9974,56,13208,0,,
9974,57,13209,0,,
9974,58,13210,0,,
9974,59,13211,0,,
9974,60,13212,0,,
9974,61,13213,0,,
9974,62,13214,0,,
9974,63,13215,0,,
9974,64,13216,0,,
9974,65,13217,0,,
9974,66,13218,0,,
9974,67,13219,0,,
9974,68,13220,0,,
9974,69,13221,0,,
9974,70,13222,0,,
9974,71,13223,0,,
9974,72,13224,0,,
9975,1,20109,0,,
9975,2,20110,0,,
9975,3,20111,0,,
9975,4,20112,0,,
9975,5,20113,0,,
9975,6,20114,0,,
9975,7,20115,0,,
9975,8,20116,0,,
9975,9,20117,0,,
9975,10,20118,0,,
9975,11,20119,0,,
9975,12,20120,0,,
9975,13,20121,0,,
9975,14,20122,0,,
9975,15,20123,0,,
9975,16,20124,0,,
9975,17,20125,0,,
9975,18,20126,0,,
9975,19,20127,0,,
9975,20,20128,0,,
9975,21,20129,0,,
9975,22,20130,0,,
9975,23,20131,0,,
9975,24,20132,0,,
9975,25,20133,0,,
9975,26,20134,0,,
9975,27,20135,0,,
9975,28,20136,0,,
9975,29,20137,0,,
9975,30,20138,0,,
9975,31,20139,0,,
9975,32,20140,0,,
9975,33,20141,0,,
9975,34,20142,0,,
9975,35,20143,0,,
9975,36,20144,0,,
9975,37,20145,0,,
9975,38,20146,0,,
9975,39,20147,0,,
9975,40,20148,0,,
9975,41,20149,0,,
9975,42,20150,0,,
9975,43,20151,0,,
9975,44,20152,0,,
9975,45,20153,0,,
9975,46,20154,0,,
9975,47,20155,0,,
9975,48,20156,0,,
9975,49,20157,0,,
9975,50,20158,0,,
9975,51,20159,0,,
9975,52,20160,0,,
9975,53,20161,0,,
9975,54,20162,0,,
9975,55,20163,0,,
9975,56,20164,0,,
9975,57,20165,0,,
9975,58,20166,0,,
9975,59,20167,0,,
9975,60,20168,0,,
9975,61,20169,0,,
9975,62,20170,0,,
9975,63,20171,0,,
9975,64,20172,0,,
9975,65,20173,0,,
9975,66,20174,0,,
9975,67,20175,0,,
9975,68,20176,0,,
9975,69,20177,0,,
9975,70,20178,0,,
9976,1,14056,0,,
9976,2,14057,0,,
9976,3,14058,0,,
9976,4,14069,0,,
9976,5,14070,0,,
9976,6,14071,0,,
9976,7,14088,0,,
9976,8,14089,0,,
9976,9,14090,0,,
9976,10,14096,0,,
9976,11,14097,0,,
9976,12,14098,0,,
9976,13,12800,0,,
9976,14,13324,0,,
9976,15,13253,0,,
9976,16,13339,0,,
9976,17,12814,0,,
9977,1,10254,0,,
9977,2,10255,0,,
9977,3,10256,0,,
9977,4,10257,0,,
9977,5,10258,0,,
9977,6,10259,0,,
9977,7,10272,0,,
9977,8,13971,0,,
9977,9,13972,0,,
9977,10,13973,0,,
9977,11,13974,0,,
9977,12,13539,0,,
9977,13,13540,0,,
9977,14,13541,0,,
9977,15,13542,0,,
9977,16,20189,0,,
9977,17,20190,0,,
9977,18,20191,0,,
9977,19,20192,0,,
9977,20,20193,0,,
9977,21,20194,0,,
9977,22,20195,0,,
9977,23,20196,0,,
9977,24,20197,0,,
9977,25,20198,0,,
9977,26,20199,0,,
9977,27,20210,0,,
9977,28,20211,0,,
9977,29,20214,0,,
9977,30,14720,0,,
9977,31,14721,0,,
9977,32,14722,0,,
9977,33,14723,0,,
9977,34,14724,0,,
9977,35,14725,0,,
9977,36,14726,0,,
9977,37,14727,0,,
9977,38,14728,0,,
9977,39,14729,0,,
9977,40,14730,0,,
9977,41,14731,0,,
9977,42,14732,0,,
9977,43,14733,0,,
9977,44,14734,0,,
9977,45,14735,0,,
9977,46,14736,0,,
9977,47,14737,0,,
9977,48,14738,0,,
9977,49,14739,0,,
9977,50,14740,0,,
9977,51,9142,0,,
9977,52,9143,0,,
9978,1,8873,0,,
9978,2,8874,0,,
9978,3,8875,0,,
9978,4,8876,0,,
9978,5,3031,0,,
9978,6,1785,0,,
9978,7,9451,0,,
9978,8,10413,0,,
9978,9,13796,0,,
9978,10,13841,0,,
9978,11,5589,0,,
9978,12,8615,0,,
9978,13,14038,0,,
9978,14,14039,0,,
9978,15,14040,0,,
9978,16,14041,0,,
9978,17,14042,0,,
9978,18,14043,0,,
9978,19,14044,0,,
9978,20,14045,0,,
9978,21,14046,0,,
9978,22,14047,0,,
9978,23,14048,0,,
9978,24,14049,0,,
9978,25,14050,0,,
9978,26,14051,0,,
9979,1,17,0,,
9979,2,1341,0,,
9979,3,1342,0,,
9979,4,1343,0,,
9979,5,1344,0,,
9979,6,1345,0,,
9979,7,9632,0,,
9979,8,9633,0,,
9979,9,9634,0,,
9979,10,9635,0,,
9979,11,9636,0,,
9979,12,9637,0,,
9979,13,10113,0,,
9979,14,22067,0,,
9979,15,22068,0,,
9979,16,22069,0,,
9979,17,22070,0,,
9979,18,22071,0,,
9979,19,22144,0,,
9979,20,22145,0,,
9979,21,22146,0,,
9979,22,22147,0,,
9979,23,22148,0,,
9979,24,8192,0,,
9979,25,22149,0,,
9979,26,22150,0,,
9979,27,22151,0,,
9979,28,22152,0,,
9979,29,22153,0,,
9979,30,22089,0,,
9979,31,22090,0,,
9979,32,22091,0,,
9979,33,22092,0,,
9979,34,22093,0,,
9980,1,6611,0,,
9980,2,6612,0,,
9980,3,6613,0,,
9980,4,6614,0,,
9980,5,6615,0,,
9980,6,6616,0,,
9980,7,6617,0,,
9980,8,6618,0,,
9980,9,6619,0,,
9980,10,6620,0,,
9980,11,6621,0,,
9980,12,9388,0,,
9980,13,9389,0,,
9980,14,9390,0,,
9981,1,14462,0,,
9981,2,14463,0,,
9981,3,14464,0,,
9981,4,14465,0,,
9981,5,14466,0,,
9981,6,14467,0,,
9981,7,14468,0,,
9981,8,14469,0,,
9981,9,14470,0,,
9981,10,14471,0,,
9981,11,14472,0,,
9981,12,14473,0,,
9981,13,14474,0,,
9981,14,14475,0,,
9981,15,14476,0,,
9981,16,14477,0,,
9981,17,14478,0,,
9981,18,14479,0,,
9981,19,14480,0,,
9981,20,14481,0,,
9981,21,14482,0,,
9981,22,14483,0,,
9981,23,14484,0,,
9981,24,14485,0,,
9981,25,14486,0,,
9981,26,14487,0,,
9981,27,14488,0,,
9981,28,14489,0,,
9981,29,14490,0,,
9981,30,14491,0,,
9981,31,14492,0,,
9981,32,14493,0,,
9981,33,14494,0,,
9981,34,14495,0,,
9981,35,14496,0,,
9981,36,14497,0,,
9981,37,14498,0,,
9981,38,14499,0,,
9981,39,14500,0,,
9981,40,14501,0,,
9981,41,14502,0,,
9981,42,14503,0,,
9981,43,14504,0,,
9981,44,14505,0,,
9981,45,14506,0,,
9981,46,14507,0,,
9981,47,14508,0,,
9981,48,14509,0,,
9981,49,14510,0,,
9981,50,14511,0,,
9981,51,14512,0,,
9981,52,14513,0,,
9981,53,14514,0,,
9981,54,14515,0,,
9981,55,14516,0,,
9981,56,14517,0,,
9981,57,14518,0,,
9981,58,14519,0,,
9982,1,10750,0,,
9982,2,10751,0,,
9982,3,10752,0,,
9982,4,10753,0,,
9982,5,10754,0,,
9982,6,10755,0,,
9982,7,10756,0,,
9982,8,10757,0,,
9982,9,10758,0,,
9982,10,10759,0,,
9982,11,10760,0,,
9982,12,10761,0,,
9982,13,10762,0,,
9982,14,10763,0,,
9982,15,10764,0,,
9982,16,10765,0,,
9982,17,10766,0,,
9982,18,10767,0,,
9982,19,10768,0,,
9982,20,10769,0,,
9982,21,10770,0,,
9982,22,10771,0,,
9982,23,10772,0,,
9982,24,10773,0,,
9982,25,10774,0,,
9982,26,10775,0,,
9982,27,10776,0,,
9982,28,10777,0,,
9982,29,10778,0,,
9982,30,10779,0,,
9982,31,10780,0,,
9982,32,10781,0,,
9982,33,10782,0,,
9982,34,10783,0,,
9982,35,10784,0,,
9982,36,10785,0,,
9982,37,10786,0,,
9982,38,10787,0,,
9982,39,10788,0,,
9982,40,10789,0,,
9982,41,10790,0,,
9982,42,10791,0,,
9982,43,10792,0,,
9982,44,14558,0,,
9982,45,12935,0,,
9982,46,12936,0,,
9982,47,12937,0,,
9982,48,12938,0,,
9982,49,12939,0,,
9982,50,12940,0,,
9982,51,12941,0,,
9982,52,12942,0,,
9982,53,12943,0,,
9982,54,12944,0,,
9982,55,12945,0,,
9982,56,12946,0,,
9982,57,12947,0,,
9982,58,12948,0,,
9982,59,12949,0,,
9982,60,12950,0,,
9982,61,12951,0,,
9982,62,12952,0,,
9982,63,12953,0,,
9982,64,12954,0,,
9982,65,12955,0,,
9982,66,12956,0,,
9982,67,12957,0,,
9982,68,12958,0,,
9982,69,12959,0,,
9982,70,12960,0,,
9982,71,12961,0,,
9982,72,12962,0,,
9982,73,12963,0,,
9982,74,12964,0,,
9982,75,12965,0,,
9982,76,12966,0,,
9982,77,12967,0,,
9982,78,12968,0,,
9982,79,12969,0,,
9982,80,12970,0,,
9982,81,12971,0,,
9982,82,12972,0,,
9982,83,12973,0,,
9982,84,12974,0,,
9982,85,12975,0,,
9982,86,12976,0,,
9982,87,12977,0,,
9982,88,14528,0,,
9983,1,14363,0,,
9983,2,14364,0,,
9983,3,14365,0,,
9983,4,14366,0,,
9983,5,14367,0,,
9983,6,14368,0,,
9983,7,14369,0,,
9983,8,14370,0,,
9983,9,14371,0,,
9983,10,14372,0,,
9983,11,14373,0,,
9983,12,14374,0,,
9983,13,14375,0,,
9983,14,14376,0,,
9983,15,14377,0,,
9983,16,14378,0,,
9983,17,14379,0,,
9983,18,14380,0,,
9983,19,14381,0,,
9983,20,14382,0,,
9983,21,14383,0,,
9983,22,14384,0,,
9983,23,14385,0,,
9983,24,14386,0,,
9983,25,14387,0,,
9983,26,14388,0,,
9983,27,14389,0,,
9983,28,14390,0,,
9983,29,14391,0,,
9983,30,14392,0,,
9983,31,14393,0,,
9983,32,14394,0,,
9983,33,14395,0,,
9983,34,14396,0,,
9983,35,14397,0,,
9983,36,14398,0,,
9983,37,14399,0,,
9983,38,14400,0,,
9983,39,14401,0,,
9983,40,14402,0,,
9983,41,14403,0,,
9983,42,14404,0,,
9983,43,14405,0,,
9983,44,14406,0,,
9983,45,14407,0,,
9983,46,14408,0,,
9983,47,14409,0,,
9983,48,14410,0,,
9983,49,14411,0,,
9983,50,14412,0,,
9983,51,14413,0,,
9983,52,14414,0,,
9983,53,14415,0,,
9983,54,14416,0,,
9983,55,14417,0,,
9983,56,14418,0,,
9983,57,14419,0,,
9983,58,14420,0,,
9983,59,14421,0,,
9983,60,14422,0,,
9983,61,14423,0,,
9983,62,14424,0,,
9983,63,14425,0,,
9983,64,14426,0,,
9983,65,14427,0,,
9983,66,14428,0,,
9983,67,14429,0,,
9983,68,14430,0,,
9983,69,14431,0,,
9983,70,14432,0,,
9983,71,14433,0,,
9983,72,14434,0,,
9983,73,14435,0,,
9983,74,14436,0,,
9983,75,14437,0,,
9983,76,14438,0,,
9983,77,14439,0,,
9983,78,14440,0,,
9983,79,14441,0,,
9983,80,14442,0,,
9983,81,14443,0,,
9983,82,14444,0,,
9983,83,14445,0,,
9983,84,14446,0,,
9983,85,14447,0,,
9983,86,14448,0,,
9983,87,14449,0,,
9983,88,14450,0,,
9983,89,14451,0,,
9983,90,14452,0,,
9983,91,14453,0,,
9983,92,14454,0,,
9983,93,14455,0,,
9983,94,14456,0,,
9983,95,14457,0,,
9983,96,14458,0,,
9983,97,14459,0,,
9983,98,14460,0,,
9983,99,14461,0,,
9983,100,14529,0,,
9984,1,10710,0,,
9984,2,10711,0,,
9984,3,10712,0,,
9984,4,10713,0,,
9984,5,10714,0,,
9984,6,10715,0,,
9984,7,10716,0,,
9984,8,10717,0,,
9984,9,10718,0,,
9984,10,10719,0,,
9984,11,10720,0,,
9984,12,10721,0,,
9984,13,10722,0,,
9984,14,10723,0,,
9984,15,10724,0,,
9984,16,10725,0,,
9984,17,10726,0,,
9984,18,10727,0,,
9984,19,10728,0,,
9984,20,10729,0,,
9984,21,10730,0,,
9984,22,10731,0,,
9984,23,10732,0,,
9984,24,10733,0,,
9984,25,10734,0,,
9984,26,10735,0,,
9984,27,10736,0,,
9984,28,10737,0,,
9984,29,10738,0,,
9984,30,10739,0,,
9984,31,10740,0,,
9984,32,10741,0,,
9984,33,10742,0,,
9984,34,10743,0,,
9984,35,10744,0,,
9984,36,10745,0,,
9984,37,10746,0,,
9984,38,10747,0,,
9984,39,10748,0,,
9984,40,10749,0,,
9984,41,12895,0,,
9984,42,12896,0,,
9984,43,12897,0,,
9984,44,12898,0,,
9984,45,12899,0,,
9984,46,12900,0,,
9984,47,12901,0,,
9984,48,12902,0,,
9984,49,12903,0,,
9984,50,12904,0,,
9984,51,12905,0,,
9984,52,12906,0,,
9984,53,12907,0,,
9984,54,12908,0,,
9984,55,12909,0,,
9984,56,12910,0,,
9984,57,12911,0,,
9984,58,12912,0,,
9984,59,12913,0,,
9984,60,12914,0,,
9984,61,12915,0,,
9984,62,12916,0,,
9984,63,12917,0,,
9984,64,12918,0,,
9984,65,12919,0,,
9984,66,12920,0,,
9984,67,12921,0,,
9984,68,12922,0,,
9984,69,12923,0,,
9984,70,12924,0,,
9984,71,12925,0,,
9984,72,12926,0,,
9984,73,12927,0,,
9984,74,12928,0,,
9984,75,12929,0,,
9984,76,12930,0,,
9984,77,12931,0,,
9984,78,12932,0,,
9984,79,12933,0,,
9984,80,12934,0,,
9985,1,10667,0,,
9985,2,10668,0,,
9985,3,10669,0,,
9985,4,10670,0,,
9985,5,10671,0,,
9985,6,10672,0,,
9985,7,10673,0,,
9985,8,10674,0,,
9985,9,10675,0,,
9985,10,10676,0,,
9985,11,10677,0,,
9985,12,10678,0,,
9985,13,10679,0,,
9985,14,10680,0,,
9985,15,10681,0,,
9985,16,10682,0,,
9985,17,10683,0,,
9985,18,10684,0,,
9985,19,10685,0,,
9985,20,10686,0,,
9985,21,10687,0,,
9985,22,10688,0,,
9985,23,10689,0,,
9985,24,10690,0,,
9985,25,10691,0,,
9985,26,10692,0,,
9985,27,10693,0,,
9985,28,10694,0,,
9985,29,10695,0,,
9985,30,10696,0,,
9985,31,10697,0,,
9985,32,10698,0,,
9985,33,10699,0,,
9985,34,10700,0,,
9985,35,10701,0,,
9985,36,10702,0,,
9985,37,10703,0,,
9985,38,10704,0,,
9985,39,10705,0,,
9985,40,10706,0,,
9985,41,10707,0,,
9985,42,10708,0,,
9985,43,10709,0,,
9985,44,12852,0,,
9985,45,12853,0,,
9985,46,12854,0,,
9985,47,12855,0,,
9985,48,12856,0,,
9985,49,12857,0,,
9985,50,12858,0,,
9985,51,12859,0,,
9985,52,12860,0,,
9985,53,12861,0,,
9985,54,12862,0,,
9985,55,12863,0,,
9985,56,12864,0,,
9985,57,12865,0,,
9985,58,12866,0,,
9985,59,12867,0,,
9985,60,12868,0,,
9985,61,12869,0,,
9985,62,12870,0,,
9985,63,12871,0,,
9985,64,12872,0,,
9985,65,12873,0,,
9985,66,12874,0,,
9985,67,12875,0,,
9985,68,12876,0,,
9985,69,12877,0,,
9985,70,12878,0,,
9985,71,12879,0,,
9985,72,12880,0,,
9985,73,12881,0,,
9985,74,12882,0,,
9985,75,12883,0,,
9985,76,12884,0,,
9985,77,12885,0,,
9985,78,12886,0,,
9985,79,12887,0,,
9985,80,12888,0,,
9985,81,12889,0,,
9985,82,12890,0,,
9985,83,12891,0,,
9985,84,12892,0,,
9985,85,12893,0,,
9985,86,12894,0,,
9986,1,1,0,,
9987,1,1,0,,
9988,1,13757,0,,
9988,2,13758,0,,
9988,3,13759,0,,
9988,4,13760,0,,
9988,5,13761,0,,
9988,6,13762,0,,
9988,7,13763,0,,
9988,8,13764,0,,
9988,9,13765,0,,
9988,10,13731,0,,
9988,11,13732,0,,
9988,12,13733,0,,
9988,13,13734,0,,
9988,14,13735,0,,
9988,15,13736,0,,
9988,16,13737,0,,
9988,17,13738,0,,
9988,18,13739,0,,
9989,1,10129,0,,
9989,2,10130,0,,
9989,3,10143,0,,
9989,4,10144,0,,
9989,5,10145,0,,
9989,6,10146,0,,
9989,7,10147,0,,
9989,8,10148,0,,
9989,9,10149,0,,
9989,10,10150,0,,
9989,11,10151,0,,
9989,12,10152,0,,
9989,13,10153,0,,
9989,14,10154,0,,
9989,15,10155,0,,
9989,16,10156,0,,
9989,17,10157,0,,
9989,18,10159,0,,
9989,19,9688,0,,
9989,20,9819,0,,
9989,21,9811,0,,
9990,1,14560,0,,
9990,2,14561,0,,
9990,3,14562,0,,
9990,4,14563,0,,
9990,5,14564,0,,
9990,6,14565,0,,
9990,7,14566,0,,
9990,8,14567,0,,
9990,9,14568,0,,
9990,10,14569,0,,
9990,11,14570,0,,
9990,12,14571,0,,
9990,13,14572,0,,
9990,14,14573,0,,
9990,15,14574,0,,
9990,16,14575,0,,
9990,17,14576,0,,
9990,18,14577,0,,
9990,19,14578,0,,
9990,20,14579,0,,
9990,21,14580,0,,
9990,22,14581,0,,
9991,1,13560,0,,
9991,2,13561,0,,
9991,3,13562,0,,
9991,4,13563,0,,
9991,5,13564,0,,
9991,6,13565,0,,
9991,7,13566,0,,
9991,8,13567,0,,
9991,9,13568,0,,
9992,1,13530,0,,
9992,2,13531,0,,
9992,3,13532,0,,
9992,4,13533,0,,
9992,5,13534,0,,
9992,6,13535,0,,
9992,7,13536,0,,
9992,8,13537,0,,
9992,9,13538,0,,
9993,1,6727,0,,
9993,2,6728,0,,
9993,3,6729,0,,
9993,4,6730,0,,
9993,5,6731,0,,
9993,6,6732,0,,
9993,7,6733,0,,
9993,8,6734,0,,
9993,9,6735,0,,
9993,10,6736,0,,
9993,11,6737,0,,
9993,12,6738,0,,
9993,13,6739,0,,
9993,14,6740,0,,
9993,15,6741,0,,
9993,16,6742,0,,
9993,17,6743,0,,
9993,18,6744,0,,
9993,19,6745,0,,
9993,20,6746,0,,
9993,21,6747,0,,
9993,22,6748,0,,
9993,23,6749,0,,
9993,24,6750,0,,
9993,25,6751,0,,
9993,26,6752,0,,
9993,27,6753,0,,
9993,28,6754,0,,
9993,29,6755,0,,
9993,30,6756,0,,
9993,31,6757,0,,
9993,32,6758,0,,
9993,33,6759,0,,
9993,34,6760,0,,
9993,35,6761,0,,
9993,36,6762,0,,
9993,37,6763,0,,
9993,38,6764,0,,
9993,39,6765,0,,
9993,40,6766,0,,
9993,41,6767,0,,
9993,42,6768,0,,
9993,43,6769,0,,
9993,44,6770,0,,
9993,45,6771,0,,
9993,46,6772,0,,
9993,47,6773,0,,
9993,48,6774,0,,
9993,49,6775,0,,
9993,50,6776,0,,
9993,51,6777,0,,
9993,52,6778,0,,
9993,53,7016,0,,
9993,54,7017,0,,
9993,55,7018,0,,
9993,56,7019,0,,
9993,57,7020,0,,
9993,58,7021,0,,
9993,59,7022,0,,
9993,60,7023,0,,
9993,61,7024,0,,
9993,62,7025,0,,
9993,63,7026,0,,
9993,64,7027,0,,
9993,65,7028,0,,
9993,66,7029,0,,
9993,67,7030,0,,
9993,68,7031,0,,
9993,69,7032,0,,
9993,70,7033,0,,
9993,71,7034,0,,
9993,72,7035,0,,
9993,73,7036,0,,
9993,74,7037,0,,
9993,75,7038,0,,
9993,76,7039,0,,
9993,77,7040,0,,
9993,78,7041,0,,
9993,79,7042,0,,
9993,80,7043,0,,
9993,81,7044,0,,
9993,82,7045,0,,
9993,83,7046,0,,
9993,84,7047,0,,
9993,85,7048,0,,
9993,86,7049,0,,
9993,87,7050,0,,
9993,88,7051,0,,
9993,89,7052,0,,
9993,90,7053,0,,
9993,91,7054,0,,
9993,92,7055,0,,
9993,93,7056,0,,
9993,94,7057,0,,
9993,95,6541,0,,
9993,96,6542,0,,
9993,97,6543,0,,
9993,98,6544,0,,
9993,99,6545,0,,
9993,100,6546,0,,
9993,101,6547,0,,
9993,102,6548,0,,
9993,103,6549,0,,
9993,104,6550,0,,
9993,105,6551,0,,
9993,106,6552,0,,
9993,107,6553,0,,
9993,108,6554,0,,
9993,109,6555,0,,
9993,110,6556,0,,
9993,111,6557,0,,
9993,112,6558,0,,
9993,113,6559,0,,
9993,114,6560,0,,
9993,115,6561,0,,
9993,116,6562,0,,
9993,117,6563,0,,
9993,118,6564,0,,
9993,119,6565,0,,
9993,120,6566,0,,
9993,121,6567,0,,
9993,122,6568,0,,
9993,123,8223,0,,
9993,124,8224,0,,
9993,125,8225,0,,
9993,126,8226,0,,
9993,127,8227,0,,
9993,128,8228,0,,
9993,129,8229,0,,
9993,130,8230,0,,
9993,131,8231,0,,
9993,132,8232,0,,
9993,133,8233,0,,
9993,134,8234,0,,
9993,135,8235,0,,
9993,136,8236,0,,
9993,137,8237,0,,
9993,138,8238,0,,
9993,139,8239,0,,
9993,140,8240,0,,
9993,141,8241,0,,
9993,142,8242,0,,
9993,143,8243,0,,
9993,144,8244,0,,
9993,145,8245,0,,
9993,146,8246,0,,
9993,147,8247,0,,
9993,148,8248,0,,
9993,149,8249,0,,
9993,150,8250,0,,
9993,151,8251,0,,
9993,152,8252,0,,
9993,153,8253,0,,
9993,154,8254,0,,
9993,155,8255,0,,
9993,156,8256,0,,
9993,157,8257,0,,
9993,158,8258,0,,
9993,159,8259,0,,
9993,160,8260,0,,
9993,161,8261,0,,
9993,162,8262,0,,
9993,163,8263,0,,
9993,164,8264,0,,
9993,165,8265,0,,
9993,166,8266,0,,
9993,167,8267,0,,
9993,168,8268,0,,
9993,169,8269,0,,
9993,170,8270,0,,
9993,171,8271,0,,
9993,172,8272,0,,
9993,173,8521,0,,
9993,174,8522,0,,
9993,175,8523,0,,
9993,176,8524,0,,
9993,177,8525,0,,
9993,178,8526,0,,
9994,1,7918,0,,
9994,2,7919,0,,
9994,3,7920,0,,
9994,4,7921,0,,
9994,5,7922,0,,
9994,6,7923,0,,
9994,7,7924,0,,
9994,8,7925,0,,
9994,9,7926,0,,
9994,10,7927,0,,
9994,11,7928,0,,
9994,12,7929,0,,
9994,13,7930,0,,
9994,14,7931,0,,
9994,15,7932,0,,
9994,16,7933,0,,
9994,17,7934,0,,
9994,18,7935,0,,
9994,19,7936,0,,
9994,20,7937,0,,
9994,21,7938,0,,
9994,22,7939,0,,
9994,23,7940,0,,
9994,24,7941,0,,
9994,25,7942,0,,
9994,26,7943,0,,
9994,27,7944,0,,
9994,28,7945,0,,
9994,29,7946,0,,
9994,30,7947,0,,
9994,31,7948,0,,
9994,32,7949,0,,
9994,33,7950,0,,
9994,34,7951,0,,
9994,35,7952,0,,
9994,36,7953,0,,
9994,37,7954,0,,
9994,38,7955,0,,
9994,39,7956,0,,
9994,40,7957,0,,
9994,41,7958,0,,
9994,42,7959,0,,
9994,43,7960,0,,
9994,44,7961,0,,
9994,45,7962,0,,
9994,46,7963,0,,
9994,47,7964,0,,
9994,48,7965,0,,
9994,49,7966,0,,
9994,50,7967,0,,
9994,51,7968,0,,
9994,52,7969,0,,
9994,53,7970,0,,
9994,54,7971,0,,
9994,55,7972,0,,
9994,56,7973,0,,
9994,57,7974,0,,
9994,58,7975,0,,
9994,59,7976,0,,
9994,60,7977,0,,
9994,61,7978,0,,
9994,62,7979,0,,
9994,63,7980,0,,
9994,64,7981,0,,
9994,65,7982,0,,
9994,66,7983,0,,
9994,67,7984,0,,
9994,68,7985,0,,
9994,69,7986,0,,
9994,70,7987,0,,
9994,71,7988,0,,
9994,72,7989,0,,
9994,73,7990,0,,
9994,74,7991,0,,
9994,75,7992,0,,
9994,76,7993,0,,
9994,77,7994,0,,
9994,78,7995,0,,
9994,79,7996,0,,
9994,80,7997,0,,
9994,81,7998,0,,
9994,82,7999,0,,
9994,83,8000,0,,
9994,84,8001,0,,
9994,85,8002,0,,
9994,86,8003,0,,
9994,87,8004,0,,
9994,88,8005,0,,
9994,89,8006,0,,
9994,90,8007,0,,
9994,91,8008,0,,
9994,92,8009,0,,
9994,93,8010,0,,
9994,94,8011,0,,
9994,95,8012,0,,
9994,96,8013,0,,
9994,97,8014,0,,
9994,98,8015,0,,
9994,99,8016,0,,
9994,100,8017,0,,
9994,101,8018,0,,
9994,102,8019,0,,
9994,103,8020,0,,
9994,104,8021,0,,
9994,105,8022,0,,
9994,106,8023,0,,
9994,107,8024,0,,
9994,108,8025,0,,
9994,109,8026,0,,
9994,110,8027,0,,
9994,111,8028,0,,
9994,112,8029,0,,
9995,1,1,0,,
9996,1,1,0,,
9997,1,2500,0,,
9997,2,81,0,,
9997,3,151,0,,
9997,4,150,0,,
9997,5,80,0,,
9997,6,305,0,,
9997,7,98,0,,
9997,8,270,0,,
9997,9,269,0,,
9997,10,236,0,,
9997,11,235,0,,
9997,12,289,0,,
9997,13,288,0,,
9997,14,213,0,,
9997,15,164,0,,
9997,16,2504,0,,
9997,17,209,0,,
9997,18,8678,0,,
9997,19,8679,0,,
9997,20,8680,0,,
9997,21,8681,0,,
9997,22,8682,0,,
9997,23,8683,0,,
9997,24,8684,0,,
9997,25,8685,0,,
9997,26,8686,0,,
9997,27,8687,0,,
9997,28,8688,0,,
9997,29,7902,0,,
9997,30,7899,0,,
9997,31,7894,0,,
9997,32,7895,0,,
9997,33,5596,0,,
9997,34,5597,0,,
9997,35,5598,0,,
9997,36,5599,0,,
9997,37,5600,0,,
9997,38,5601,0,,
9997,39,5602,0,,
9997,40,5603,0,,
9997,41,5604,0,,
9997,42,5605,0,,
9997,43,5606,0,,
9997,44,5607,0,,
9997,45,5608,0,,
9997,46,5609,0,,
9997,47,5610,0,,
9997,48,5611,0,,
9997,49,5612,0,,
9997,50,5613,0,,
9997,51,5614,0,,
9997,52,5615,0,,
9997,53,5616,0,,
9997,54,5617,0,,
9997,55,5618,0,,
9997,56,5619,0,,
9997,57,5620,0,,
9997,58,5621,0,,
9997,59,5622,0,,
9997,60,5623,0,,
9997,61,5624,0,,
9997,62,5625,0,,
9997,63,5626,0,,
9997,64,5627,0,,
9997,65,5628,0,,
9997,66,5632,0,,
9997,67,5633,0,,
9997,68,5634,0,,
9997,69,5635,0,,
9997,70,5636,0,,
9997,71,5637,0,,
9997,72,5638,0,,
9997,73,5639,0,,
9997,74,5640,0,,
9997,75,5641,0,,
9997,76,5642,0,,
9997,77,5643,0,,
9997,78,5644,0,,
9997,79,5645,0,,
9997,80,5646,0,,
9997,81,5647,0,,
9997,82,5648,0,,
9997,83,5649,0,,
9997,84,8788,0,,
9997,85,8789,0,,
9997,86,8790,0,,
9997,87,8791,0,,
9997,88,8792,0,,
9997,89,8793,0,,
9997,90,8794,0,,
9997,91,8795,0,,
9997,92,8796,0,,
9997,93,8797,0,,
9997,94,8798,0,,
9997,95,8799,0,,
9997,96,8800,0,,
9997,97,8801,0,,
9997,98,8802,0,,
9997,99,8803,0,,
9997,100,8804,0,,
9997,101,8805,0,,
9997,102,8806,0,,
9997,103,8807,0,,
9997,104,8808,0,,
9997,105,8809,0,,
9997,106,8810,0,,
9997,107,8811,0,,
9997,108,8812,0,,
9997,109,8813,0,,
9997,110,8814,0,,
9997,111,8815,0,,
9997,112,8816,0,,
9997,113,8817,0,,
9997,114,8818,0,,
9997,115,8819,0,,
9997,116,8820,0,,
9997,117,8126,0,,
9997,118,8127,0,,
9997,119,8128,0,,
9997,120,8135,0,,
9997,121,8136,0,,
9997,122,8137,0,,
9997,123,8147,0,,
9997,124,8148,0,,
9997,125,8149,0,,
9997,126,8150,0,,
9997,127,8151,0,,
9997,128,8152,0,,
9997,129,5704,0,,
9997,130,5705,0,,
9997,131,5706,0,,
9997,132,8763,0,,
9998,1,6364,0,,
9998,2,6365,0,,
9998,3,6366,0,,
9998,4,6367,0,,
9998,5,6368,0,,
9998,6,6369,0,,
9998,7,6370,0,,
9998,8,6371,0,,
9998,9,6372,0,,
9998,10,6579,0,,
9998,11,6580,0,,
9998,12,7575,0,,
9998,13,6581,0,,
9998,14,6582,0,,
9998,15,6583,0,,
9998,16,6584,0,,
9998,17,6585,0,,
9998,18,6586,0,,
9998,19,6587,0,,
9998,20,6588,0,,
9998,21,6589,0,,
9998,22,6590,0,,
9998,23,6591,0,,
9998,24,6592,0,,
9998,25,6593,0,,
9998,26,6594,0,,
9998,27,6595,0,,
9998,28,6596,0,,
9998,29,6597,0,,
9998,30,6598,0,,
9998,31,6599,0,,
9998,32,6600,0,,
9998,33,6601,0,,
9998,34,6602,0,,
9998,35,6603,0,,
9998,36,6604,0,,
9998,37,6605,0,,
9998,38,6606,0,,
9998,39,6607,0,,
9998,40,6608,0,,
9998,41,6609,0,,
9998,42,6610,0,,
9998,43,7576,0,,
9998,44,7577,0,,
9998,45,7578,0,,
9999,1,11575,0,,
9999,2,11576,0,,
9999,3,11577,0,,
9999,4,11578,0,,
9999,5,11579,0,,
9999,6,11580,0,,
9999,7,11584,0,,
9999,8,11585,0,,
9999,9,11586,0,,
9999,10,11587,0,,
9999,11,11588,0,,
9999,12,11589,0,,
9999,13,11596,0,,
9999,14,11597,0,,
9999,15,11598,0,,
9999,16,11599,0,,
9999,17,11600,0,,
9999,18,11601,0,,
10000,1,11354,0,,
10000,2,11353,0,,
10000,3,11357,0,,
10000,4,11360,0,,
10000,5,12978,0,,
10000,6,11364,0,,
10000,7,11355,0,,
10000,8,11356,0,,
10000,9,11359,0,,
10000,10,11363,0,,
10000,11,11377,0,,
10000,12,11378,0,,
10000,13,11358,0,,
10000,14,11361,0,,
10000,15,12979,0,,
10000,16,11362,0,,
10000,17,11368,0,,
10000,18,11366,0,,
10000,19,11371,0,,
10000,20,12980,0,,
10000,21,11376,0,,
10000,22,11375,0,,
10000,23,11365,0,,
10000,24,11370,0,,
10000,25,11373,0,,
10000,26,11369,0,,
10000,27,11367,0,,
10000,28,11372,0,,
10000,29,12981,0,,
10000,30,11374,0,,
10000,31,11388,0,,
10000,32,11380,0,,
10000,33,11383,0,,
10000,34,12982,0,,
10000,35,11386,0,,
10000,36,11379,0,,
10000,37,11382,0,,
10000,38,11387,0,,
10000,39,11393,0,,
10000,40,11406,0,,
10000,41,11381,0,,
10000,42,11384,0,,
10000,43,12983,0,,
10000,44,11385,0,,
10000,45,11395,0,,
10000,46,11400,0,,
10000,47,11397,0,,
10000,48,12984,0,,
10000,49,11405,0,,
10000,50,11394,0,,
10000,51,11399,0,,
10000,52,11396,0,,
10000,53,11403,0,,
10000,54,11402,0,,
10000,55,11404,0,,
10000,56,11401,0,,
10000,57,11398,0,,
10000,58,12985,0,,
10001,1,11411,0,,
10001,2,11419,0,,
10001,3,11409,0,,
10001,4,11414,0,,
10001,5,12986,0,,
10001,6,11418,0,,
10001,7,11407,0,,
10001,8,11408,0,,
10001,9,11413,0,,
10001,10,11417,0,,
10001,11,11412,0,,
10001,12,11410,0,,
10001,13,11415,0,,
10001,14,12987,0,,
10001,15,11416,0,,
10001,16,11440,0,,
10001,17,11438,0,,
10001,18,11442,0,,
10001,19,12988,0,,
10001,20,11445,0,,
10001,21,11437,0,,
10001,22,11441,0,,
10001,23,11446,0,,
10001,24,11444,0,,
10001,25,11447,0,,
10001,26,11439,0,,
10001,27,11443,0,,
10001,28,12989,0,,
10001,29,11451,0,,
10001,30,11449,0,,
10001,31,11454,0,,
10001,32,12990,0,,
10001,33,11457,0,,
10001,34,11448,0,,
10001,35,11453,0,,
10001,36,11456,0,,
10001,37,11452,0,,
10001,38,11450,0,,
10001,39,11455,0,,
10001,40,12991,0,,
10001,41,11475,0,,
10001,42,11473,0,,
10001,43,11478,0,,
10001,44,12992,0,,
10001,45,11471,0,,
10001,46,11472,0,,
10001,47,11477,0,,
10001,48,11481,0,,
10001,49,11476,0,,
10001,50,11474,0,,
10001,51,11479,0,,
10001,52,12993,0,,
10001,53,11480,0,,
10002,1,11485,0,,
10002,2,11483,0,,
10002,3,11484,0,,
10002,4,11486,0,,
10002,5,11510,0,,
10002,6,11505,0,,
10002,7,11506,0,,
10002,8,11507,0,,
10002,9,11509,0,,
10002,10,11508,0,,
10002,11,11488,0,,
10002,12,11487,0,,
10002,13,11489,0,,
10002,14,11490,0,,
10003,1,11517,0,,
10003,2,11516,0,,
10003,3,11515,0,,
10003,4,11524,0,,
10003,5,11525,0,,
10003,6,11527,0,,
10003,7,11512,0,,
10003,8,11513,0,,
10003,9,11526,0,,
10003,10,11557,0,,
10003,11,11532,0,,
10003,12,11547,0,,
10003,13,11558,0,,
10003,14,11514,0,,
10003,15,11533,0,,
10003,16,11539,0,,
30040,1,1666,0,,
30040,2,1786,0,,
30040,3,1787,0,,
30040,4,1788,0,,
30040,5,1789,0,,
30040,6,1790,0,,
30040,7,1791,0,,
30040,8,1792,0,,
30040,9,1793,0,,
30040,10,1794,0,,
30040,11,1795,0,,
30040,12,1796,0,,
30040,13,1797,0,,
30040,14,1798,0,,
30040,15,1799,0,,
30040,16,1800,0,,
30040,17,1801,0,,
30040,18,1802,0,,
30040,19,1803,0,,
30040,20,1804,0,,
30040,21,1805,0,,
30040,22,1806,0,,
30040,23,1807,0,,
30040,24,1808,0,,
30040,25,1809,0,,
30040,26,1810,0,,
30040,27,1811,0,,
30040,28,1812,0,,
30040,29,1813,0,,
30040,30,1814,0,,
30040,31,1815,0,,
30040,32,1816,0,,
30040,33,1817,0,,
30040,34,1818,0,,
30040,35,1819,0,,
30040,36,1820,0,,
30040,37,1821,0,,
30040,38,1822,0,,
30040,39,1823,0,,
30040,40,1824,0,,
30040,41,1825,0,,
30040,42,1826,0,,
30040,43,1827,0,,
30040,44,1828,0,,
30040,45,2135,0,,
30040,46,2136,0,,
30040,47,2137,0,,
30040,48,2138,0,,
30040,49,2139,0,,
30040,50,2140,0,,
30041,1,2141,0,,
30041,2,2142,0,,
30041,3,2143,0,,
30041,4,2144,0,,
30041,5,2145,0,,
30041,6,2146,0,,
30041,7,2147,0,,
30041,8,2148,0,,
30041,9,2149,0,,
30041,10,2150,0,,
30041,11,2151,0,,
30041,12,2152,0,,
30041,13,2153,0,,
30041,14,2154,0,,
30041,15,2155,0,,
30041,16,2156,0,,
30041,17,2157,0,,
30041,18,2158,0,,
30041,19,2159,0,,
30041,20,2160,0,,
30041,21,2161,0,,
30041,22,2162,0,,
30041,23,2163,0,,
30041,24,2164,0,,
30041,25,2165,0,,
30041,26,2166,0,,
30041,27,2167,0,,
30041,28,2168,0,,
30041,29,2169,0,,
30041,30,2170,0,,
30041,31,2171,0,,
30041,32,2172,0,,
30041,33,2173,0,,
30041,34,2174,0,,
30041,35,2175,0,,
30041,36,2176,0,,
30041,37,2177,0,,
30041,38,2178,0,,
30041,39,2179,0,,
30041,40,2180,0,,
30041,41,2181,0,,
30041,42,2182,0,,
30041,43,2183,0,,
30041,44,2184,0,,
30041,45,2185,0,,
30041,46,2186,0,,
30041,47,2187,0,,
30041,48,2188,0,,
30041,49,2189,0,,
30041,50,2190,0,,
30042,1,2191,0,,
30042,2,2192,0,,
30042,3,2193,0,,
30042,4,2194,0,,
30042,5,2195,0,,
30042,6,2196,0,,
30042,7,2197,0,,
30042,8,2198,0,,
30042,9,2199,0,,
30042,10,2200,0,,
30042,11,2201,0,,
30042,12,2202,0,,
30042,13,2203,0,,
30042,14,2204,0,,
30042,15,2205,0,,
30042,16,2206,0,,
30042,17,2207,0,,
30042,18,2208,0,,
30042,19,2209,0,,
30042,20,2210,0,,
30042,21,2211,0,,
30042,22,2212,0,,
30042,23,2213,0,,
30042,24,2214,0,,
30042,25,2215,0,,
30042,26,2216,0,,
30042,27,2217,0,,
30042,28,2218,0,,
30042,29,2219,0,,
30042,30,2220,0,,
30042,31,2221,0,,
30042,32,2222,0,,
30042,33,2223,0,,
30042,34,2224,0,,
30042,35,2225,0,,
30042,36,2226,0,,
30042,37,2227,0,,
30042,38,2228,0,,
30042,39,2229,0,,
30042,40,2230,0,,
30042,41,2231,0,,
30042,42,2232,0,,
30042,43,2233,0,,
30042,44,2234,0,,
30042,45,2235,0,,
30042,46,2236,0,,
30042,47,2237,0,,
30042,48,2238,0,,
30042,49,2239,0,,
30042,50,2240,0,,
30043,1,2241,0,,
30043,2,2242,0,,
30043,3,2243,0,,
30043,4,2244,0,,
30043,5,2245,0,,
30043,6,2246,0,,
30043,7,2247,0,,
30043,8,2248,0,,
30043,9,2249,0,,
30043,10,2250,0,,
30043,11,2251,0,,
30043,12,2252,0,,
30043,13,2253,0,,
30043,14,2254,0,,
30043,15,2255,0,,
30043,16,2256,0,,
30043,17,2257,0,,
30043,18,2258,0,,
30043,19,2259,0,,
30043,20,2260,0,,
30043,21,2261,0,,
30043,22,2262,0,,
30043,23,2263,0,,
30043,24,2264,0,,
30043,25,2265,0,,
30043,26,2266,0,,
30043,27,2267,0,,
30043,28,2268,0,,
30043,29,2269,0,,
30043,30,2270,0,,
30043,31,2271,0,,
30043,32,2272,0,,
30043,33,2273,0,,
30043,34,2274,0,,
30043,35,2275,0,,
30043,36,2276,0,,
30043,37,2277,0,,
30043,38,2278,0,,
30043,39,2279,0,,
30043,40,2280,0,,
30043,41,2281,0,,
30043,42,2282,0,,
30043,43,2283,0,,
30043,44,2284,0,,
30043,45,2285,0,,
30043,46,2286,0,,
30043,47,2287,0,,
30043,48,2288,0,,
30043,49,2289,0,,
30043,50,2290,0,,
30044,1,2291,0,,
30044,2,2292,0,,
30044,3,2293,0,,
30044,4,2294,0,,
30044,5,2295,0,,
30044,6,2296,0,,
30044,7,2297,0,,
30044,8,2298,0,,
30044,9,2299,0,,
30044,10,2300,0,,
30044,11,2301,0,,
30044,12,2302,0,,
30044,13,2303,0,,
30044,14,2304,0,,
30044,15,2305,0,,
30044,16,2306,0,,
30044,17,2307,0,,
30044,18,2308,0,,
30044,19,2309,0,,
30044,20,2310,0,,
30044,21,2311,0,,
30044,22,2312,0,,
30044,23,2313,0,,
30044,24,2314,0,,
30044,25,2315,0,,
30044,26,2316,0,,
30044,27,2317,0,,
30044,28,2318,0,,
30044,29,2319,0,,
30044,30,2320,0,,
30044,31,2321,0,,
30044,32,2322,0,,
30044,33,2323,0,,
30044,34,2324,0,,
30044,35,2325,0,,
30044,36,2326,0,,
30044,37,2327,0,,
30044,38,2328,0,,
30044,39,2329,0,,
30044,40,2330,0,,
30044,41,2331,0,,
30044,42,2332,0,,
30044,43,2333,0,,
30044,44,2334,0,,
30044,45,2335,0,,
30044,46,2336,0,,
30044,47,2337,0,,
30044,48,2338,0,,
30044,49,2339,0,,
30044,50,2340,0,,
30045,1,2341,0,,
30045,2,2342,0,,
30045,3,2343,0,,
30045,4,2344,0,,
30045,5,2345,0,,
30045,6,2346,0,,
30045,7,2347,0,,
30045,8,2348,0,,
30045,9,2349,0,,
30045,10,2350,0,,
30045,11,2351,0,,
30045,12,2352,0,,
30045,13,2353,0,,
30045,14,2354,0,,
30045,15,2355,0,,
30045,16,2356,0,,
30045,17,2357,0,,
30045,18,2358,0,,
30045,19,2359,0,,
30045,20,2360,0,,
30045,21,2361,0,,
30045,22,2362,0,,
30045,23,2363,0,,
30045,24,2364,0,,
30045,25,2365,0,,
30045,26,2366,0,,
30045,27,2367,0,,
30045,28,2970,0,,
30045,29,2971,0,,
30045,30,2972,0,,
30045,31,2973,0,,
30045,32,2974,0,,
30045,33,2975,0,,
30045,34,2976,0,,
30045,35,2977,0,,
30045,36,2978,0,,
30045,37,2979,0,,
30045,38,2980,0,,
30045,39,2981,0,,
30045,40,2982,0,,
30045,41,2983,0,,
30045,42,2984,0,,
30045,43,2985,0,,
30045,44,2986,0,,
30045,45,2987,0,,
30045,46,2988,0,,
30045,47,2989,0,,
30045,48,2990,0,,
30045,49,2991,0,,
30045,50,2992,0,,
30046,1,2993,0,,
30046,2,2994,0,,
30046,3,2995,0,,
30046,4,2996,0,,
30046,5,2997,0,,
30046,6,2998,0,,
30046,7,2999,0,,
30046,8,3000,0,,
30046,9,3001,0,,
30046,10,3002,0,,
30046,11,3003,0,,
30046,12,3004,0,,
30046,13,3005,0,,
30046,14,3006,0,,
30046,15,3007,0,,
30046,16,3008,0,,
30046,17,3009,0,,
30046,18,3010,0,,
30046,19,3011,0,,
30046,20,3012,0,,
30046,21,3013,0,,
30046,22,3014,0,,
30046,23,3015,0,,
30046,24,3016,0,,
30046,25,3017,0,,
30046,26,3018,0,,
30046,27,3019,0,,
30046,28,3020,0,,
30046,29,3021,0,,
30046,30,3022,0,,
30046,31,3023,0,,
30046,32,3024,0,,
30046,33,3025,0,,
30046,34,3032,0,,
30046,35,3033,0,,
30046,36,3034,0,,
30046,37,3035,0,,
30046,38,3036,0,,
30046,39,3838,0,,
30046,40,3953,0,,
30046,41,3954,0,,
30046,42,3955,0,,
30046,43,3956,0,,
30046,44,3957,0,,
30046,45,4122,0,,
30046,46,4123,0,,
30046,47,4124,0,,
30046,48,4125,0,,
30046,49,4126,0,,
30046,50,4127,0,,
30047,1,4128,0,,
30047,2,4129,0,,
30047,3,4130,0,,
30047,4,4131,0,,
30047,5,4132,0,,
30047,6,4133,0,,
30047,7,4134,0,,
30047,8,4135,0,,
30047,9,4136,0,,
30047,10,4137,0,,
30047,11,4138,0,,
30047,12,4139,0,,
30047,13,4140,0,,
30047,14,4141,0,,
30047,15,4142,0,,
30047,16,4143,0,,
30047,17,4144,0,,
30047,18,4145,0,,
30047,19,4146,0,,
30047,20,4147,0,,
30047,21,4148,0,,
30047,22,4149,0,,
30047,23,4150,0,,
30047,24,4151,0,,
30047,25,4152,0,,
30047,26,4153,0,,
30047,27,4154,0,,
30047,28,4155,0,,
30047,29,4156,0,,
30047,30,4157,0,,
30047,31,4158,0,,
30047,32,4159,0,,
30047,33,4160,0,,
30047,34,4161,0,,
30047,35,4162,0,,
30047,36,4163,0,,
30047,37,4164,0,,
30047,38,4165,0,,
30047,39,4166,0,,
30047,40,4167,0,,
30047,41,4168,0,,
30047,42,4169,0,,
30047,43,4170,0,,
30047,44,4171,0,,
30047,45,4172,0,,
30047,46,4173,0,,
30047,47,4174,0,,
30047,48,4175,0,,
30047,49,4176,0,,
30047,50,4177,0,,
30048,1,4178,0,,
30048,2,4179,0,,
30048,3,4180,0,,
30048,4,4181,0,,
30048,5,4182,0,,
30048,6,4183,0,,
30048,7,4184,0,,
30048,8,4185,0,,
30048,9,4186,0,,
30048,10,4187,0,,
30048,11,4188,0,,
30048,12,4189,0,,
30048,13,4190,0,,
30048,14,4191,0,,
30048,15,4192,0,,
30048,16,4193,0,,
30048,17,4194,0,,
30048,18,4195,0,,
30048,19,4196,0,,
30048,20,4197,0,,
30048,21,4198,0,,
30048,22,4199,0,,
30048,23,4440,0,,
30048,24,4441,0,,
30048,25,4936,0,,
30048,26,4937,0,,
30048,27,4938,0,,
30048,28,4939,0,,
30048,29,4940,0,,
30048,30,4941,0,,
30048,31,4942,0,,
30048,32,4943,0,,
30048,33,4944,0,,
30048,34,4945,0,,
30048,35,4946,0,,
30048,36,4947,0,,
30048,37,4948,0,,
30048,38,4949,0,,
30048,39,4950,0,,
30048,40,4951,0,,
30048,41,4952,0,,
30048,42,4953,0,,
30048,43,4954,0,,
30048,44,4955,0,,
30048,45,4956,0,,
30048,46,4957,0,,
30048,47,4958,0,,
30048,48,4959,0,,
30048,49,4960,0,,
30048,50,4961,0,,
30049,1,4962,0,,
30049,2,4963,0,,
30049,3,4964,0,,
30049,4,4965,0,,
30049,5,4966,0,,
30049,6,4967,0,,
30049,7,4968,0,,
30049,8,4969,0,,
30049,9,4970,0,,
30049,10,4971,0,,
30049,11,4972,0,,
30049,12,4973,0,,
30049,13,4974,0,,
30049,14,4975,0,,
30049,15,4976,0,,
30049,16,4977,0,,
30049,17,4978,0,,
30049,18,4979,0,,
30049,19,4980,0,,
30049,20,4981,0,,
30049,21,4982,0,,
30049,22,4983,0,,
30049,23,4984,0,,
30049,24,4985,0,,
30049,25,4986,0,,
30049,26,4987,0,,
30049,27,4988,0,,
30049,28,4989,0,,
30049,29,4990,0,,
30049,30,4991,0,,
30049,31,4992,0,,
30049,32,4993,0,,
30049,33,4994,0,,
30049,34,4995,0,,
30049,35,4996,0,,
30049,36,4997,0,,
30049,37,4998,0,,
30049,38,4999,0,,
30049,39,5000,0,,
30049,40,5001,0,,
30049,41,5002,0,,
30049,42,5003,0,,
30049,43,5004,0,,
30049,44,5005,0,,
30049,45,5006,0,,
30049,46,5007,0,,
30049,47,5008,0,,
30049,48,5153,0,,
30049,49,5154,0,,
30049,50,5155,0,,
30050,1,1674,0,,
30050,2,1675,0,,
30050,3,1676,0,,
30050,4,1677,0,,
30050,5,1678,0,,
30050,6,1679,0,,
30050,7,1680,0,,
30050,8,1681,0,,
30050,9,1682,0,,
30050,10,1683,0,,
30050,11,1684,0,,
30050,12,1685,0,,
30050,13,1686,0,,
30050,14,1687,0,,
30050,15,1688,0,,
30050,16,1689,0,,
30050,17,1690,0,,
30050,18,1691,0,,
30050,19,1692,0,,
30050,20,1693,0,,
30050,21,1694,0,,
30050,22,1695,0,,
30050,23,1696,0,,
30050,24,1697,0,,
30050,25,1698,0,,
30050,26,1699,0,,
30050,27,1700,0,,
30050,28,1701,0,,
30050,29,1702,0,,
30050,30,1703,0,,
30050,31,1704,0,,
30050,32,1705,0,,
30050,33,1706,0,,
30050,34,1707,0,,
30050,35,1708,0,,
30050,36,1709,0,,
30050,37,1710,0,,
30050,38,1711,0,,
30050,39,1712,0,,
30050,40,1713,0,,
30050,41,1714,0,,
30050,42,1715,0,,
30050,43,1716,0,,
30050,44,1717,0,,
30050,45,1718,0,,
30050,46,1719,0,,
30050,47,1720,0,,
30050,48,1721,0,,
30050,49,1722,0,,
30050,50,1723,0,,
30051,1,1724,0,,
30051,2,1725,0,,
30051,3,1726,0,,
30051,4,1727,0,,
30051,5,1728,0,,
30051,6,1729,0,,
30051,7,1730,0,,
30051,8,1731,0,,
30051,9,1732,0,,
30051,10,1733,0,,
30051,11,1734,0,,
30051,12,1735,0,,
30051,13,1736,0,,
30051,14,1737,0,,
30051,15,1738,0,,
30051,16,1739,0,,
30051,17,1740,0,,
30051,18,1741,0,,
30051,19,1742,0,,
30051,20,1743,0,,
30051,21,1744,0,,
30051,22,1745,0,,
30051,23,1746,0,,
30051,24,1747,0,,
30051,25,1748,0,,
30051,26,1749,0,,
30051,27,1750,0,,
30051,28,1751,0,,
30051,29,1752,0,,
30051,30,1753,0,,
30051,31,1754,0,,
30051,32,1755,0,,
30051,33,1756,0,,
30051,34,1757,0,,
30051,35,1758,0,,
30051,36,1759,0,,
30051,37,1760,0,,
30051,38,1761,0,,
30051,39,1762,0,,
30051,40,1763,0,,
30051,41,1764,0,,
30051,42,1765,0,,
30051,43,1766,0,,
30051,44,1767,0,,
30051,45,1768,0,,
30051,46,1769,0,,
30051,47,1770,0,,
30051,48,1771,0,,
30051,49,1772,0,,
30051,50,1773,0,,
30052,1,1774,0,,
30052,2,1775,0,,
30052,3,1776,0,,
30052,4,1777,0,,
30052,5,1778,0,,
30052,6,1779,0,,
30052,7,1780,0,,
30052,8,1781,0,,
30052,9,1782,0,,
30052,10,1783,0,,
30052,11,1784,0,,
30052,12,1785,0,,
30052,13,1864,0,,
30052,14,1865,0,,
30052,15,1866,0,,
30052,16,1867,0,,
30052,17,1868,0,,
30052,18,1869,0,,
30052,19,1870,0,,
30052,20,1871,0,,
30052,21,1872,0,,
30052,22,1873,0,,
30052,23,1874,0,,
30052,24,1875,0,,
30052,25,1876,0,,
30052,26,1877,0,,
30052,27,1878,0,,
30052,28,1879,0,,
30052,29,1880,0,,
30052,30,1881,0,,
30052,31,1882,0,,
30052,32,1883,0,,
30052,33,1884,0,,
30052,34,1885,0,,
30052,35,1886,0,,
30052,36,1887,0,,
30052,37,1888,0,,
30052,38,1889,0,,
30052,39,1890,0,,
30052,40,1891,0,,
30052,41,1892,0,,
30052,42,1893,0,,
30052,43,1894,0,,
30052,44,1895,0,,
30052,45,1896,0,,
30052,46,1897,0,,
30052,47,1898,0,,
30052,48,1899,0,,
30052,49,1900,0,,
30052,50,1901,0,,
30053,1,1902,0,,
30053,2,1903,0,,
30053,3,1904,0,,
30053,4,1905,0,,
30053,5,1906,0,,
30053,6,1907,0,,
30053,7,1908,0,,
30053,8,1909,0,,
30053,9,1910,0,,
30053,10,1911,0,,
30053,11,1912,0,,
30053,12,1913,0,,
30053,13,1914,0,,
30053,14,1915,0,,
30053,15,1916,0,,
30053,16,1917,0,,
30053,17,1918,0,,
30053,18,1919,0,,
30053,19,1920,0,,
30053,20,1921,0,,
30053,21,1922,0,,
30053,22,1923,0,,
30053,23,1924,0,,
30053,24,1925,0,,
30053,25,1926,0,,
30053,26,1927,0,,
30053,27,1928,0,,
30053,28,1929,0,,
30053,29,1930,0,,
30053,30,1931,0,,
30053,31,1932,0,,
30053,32,1933,0,,
30053,33,1934,0,,
30053,34,1935,0,,
30053,35,1936,0,,
30053,36,1937,0,,
30053,37,1938,0,,
30053,38,1939,0,,
30053,39,1940,0,,
30053,40,1941,0,,
30053,41,1942,0,,
30053,42,1943,0,,
30053,43,1944,0,,
30053,44,1945,0,,
30053,45,1946,0,,
30053,46,1947,0,,
30053,47,1948,0,,
30053,48,1949,0,,
30053,49,1950,0,,
30053,50,1951,0,,
30054,1,1952,0,,
30054,2,1953,0,,
30054,3,1954,0,,
30054,4,1955,0,,
30054,5,1956,0,,
30054,6,1957,0,,
30054,7,1958,0,,
30054,8,1959,0,,
30054,9,1960,0,,
30054,10,1961,0,,
30054,11,1962,0,,
30054,12,1963,0,,
30054,13,1964,0,,
30054,14,1965,0,,
30054,15,1966,0,,
30054,16,1967,0,,
30054,17,1968,0,,
30054,18,1969,0,,
30054,19,1970,0,,
30054,20,1971,0,,
30054,21,1972,0,,
30054,22,1973,0,,
30054,23,1974,0,,
30054,24,1975,0,,
30054,25,1976,0,,
30054,26,1977,0,,
30054,27,1978,0,,
30054,28,1979,0,,
30054,29,1980,0,,
30054,30,1981,0,,
30054,31,1982,0,,
30054,32,1983,0,,
30054,33,1984,0,,
30054,34,1985,0,,
30054,35,1986,0,,
30054,36,1987,0,,
30054,37,1988,0,,
30054,38,1989,0,,
30054,39,1990,0,,
30054,40,1991,0,,
30054,41,1992,0,,
30054,42,1993,0,,
30054,43,1994,0,,
30054,44,1995,0,,
30054,45,1996,0,,
30054,46,1997,0,,
30054,47,1998,0,,
30054,48,1999,0,,
30054,49,2000,0,,
30054,50,2001,0,,
30055,1,2002,0,,
30055,2,2003,0,,
30055,3,2004,0,,
30055,4,2005,0,,
30055,5,2006,0,,
30055,6,2007,0,,
30055,7,2008,0,,
30055,8,2009,0,,
30055,9,2010,0,,
30055,10,2011,0,,
30055,11,2012,0,,
30055,12,2013,0,,
30055,13,2014,0,,
30055,14,2015,0,,
30055,15,2016,0,,
30055,16,2017,0,,
30055,17,2018,0,,
30055,18,2019,0,,
30055,19,2020,0,,
30055,20,2021,0,,
30055,21,2022,0,,
30055,22,2023,0,,
30055,23,2024,0,,
30055,24,2025,0,,
30055,25,2026,0,,
30055,26,2027,0,,
30055,27,2028,0,,
30055,28,2029,0,,
30055,29,2030,0,,
30055,30,2031,0,,
30055,31,2032,0,,
30055,32,2033,0,,
30055,33,2034,0,,
30055,34,2035,0,,
30055,35,2036,0,,
30055,36,2037,0,,
30055,37,2038,0,,
30055,38,2039,0,,
30055,39,2040,0,,
30055,40,2041,0,,
30055,41,2042,0,,
30055,42,2043,0,,
30055,43,2044,0,,
30055,44,2045,0,,
30055,45,2046,0,,
30055,46,2047,0,,
30055,47,2048,0,,
30055,48,2049,0,,
30055,49,2050,0,,
30055,50,2051,0,,
30056,1,2052,0,,
30056,2,2053,0,,
30056,3,2054,0,,
30056,4,2055,0,,
30056,5,2056,0,,
30056,6,2057,0,,
30056,7,2058,0,,
30056,8,2059,0,,
30056,9,2060,0,,
30056,10,2061,0,,
30056,11,2062,0,,
30056,12,2063,0,,
30056,13,2064,0,,
30056,14,2065,0,,
30056,15,2066,0,,
30056,16,2067,0,,
30056,17,2068,0,,
30056,18,2069,0,,
30056,19,2070,0,,
30056,20,2071,0,,
30056,21,2072,0,,
30056,22,2073,0,,
30056,23,2074,0,,
30056,24,2075,0,,
30056,25,2076,0,,
30056,26,2077,0,,
30056,27,2078,0,,
30056,28,2079,0,,
30056,29,2080,0,,
30056,30,2081,0,,
30056,31,2082,0,,
30056,32,2083,0,,
30056,33,2084,0,,
30056,34,2085,0,,
30056,35,2086,0,,
30056,36,2087,0,,
30056,37,2088,0,,
30056,38,2089,0,,
30056,39,2090,0,,
30056,40,2091,0,,
30056,41,2092,0,,
30056,42,2093,0,,
30056,43,2094,0,,
30056,44,2095,0,,
30056,45,2096,0,,
30056,46,2097,0,,
30056,47,2098,0,,
30056,48,2099,0,,
30056,49,2100,0,,
30056,50,2101,0,,
30057,1,2102,0,,
30057,2,2103,0,,
30057,3,2104,0,,
30057,4,2105,0,,
30057,5,2106,0,,
30057,6,2107,0,,
30057,7,2108,0,,
30057,8,2109,0,,
30057,9,2110,0,,
30057,10,2111,0,,
30057,11,2112,0,,
30057,12,2113,0,,
30057,13,2114,0,,
30057,14,2115,0,,
30057,15,2116,0,,
30057,16,2117,0,,
30057,17,2118,0,,
30057,18,2119,0,,
30057,19,2120,0,,
30057,20,2121,0,,
30057,21,2122,0,,
30057,22,2123,0,,
30057,23,2124,0,,
30057,24,2125,0,,
30057,25,2126,0,,
30057,26,2127,0,,
30057,27,2128,0,,
30057,28,2129,0,,
30057,29,2130,0,,
30057,30,2131,0,,
30057,31,2132,0,,
30057,32,2133,0,,
30057,33,2134,0,,
30057,34,2508,0,,
30057,35,2917,0,,
30057,36,2918,0,,
30057,37,2919,0,,
30057,38,2920,0,,
30057,39,2921,0,,
30057,40,2922,0,,
30057,41,2923,0,,
30057,42,2924,0,,
30057,43,2925,0,,
30057,44,2926,0,,
30057,45,2927,0,,
30057,46,2928,0,,
30057,47,2929,0,,
30057,48,2930,0,,
30057,49,2931,0,,
30057,50,2932,0,,
30058,1,2933,0,,
30058,2,2934,0,,
30058,3,2935,0,,
30058,4,2936,0,,
30058,5,2937,0,,
30058,6,2938,0,,
30058,7,2939,0,,
30058,8,2940,0,,
30058,9,2941,0,,
30058,10,2942,0,,
30058,11,2943,0,,
30058,12,2944,0,,
30058,13,2945,0,,
30058,14,2946,0,,
30058,15,2947,0,,
30058,16,2948,0,,
30058,17,2949,0,,
30058,18,2950,0,,
30058,19,2951,0,,
30058,20,2952,0,,
30058,21,2953,0,,
30058,22,2954,0,,
30058,23,2955,0,,
30058,24,2956,0,,
30058,25,2957,0,,
30058,26,2958,0,,
30058,27,2959,0,,
30058,28,2960,0,,
30058,29,2961,0,,
30058,30,2962,0,,
30058,31,2963,0,,
30058,32,2964,0,,
30058,33,2965,0,,
30058,34,2966,0,,
30058,35,2967,0,,
30058,36,2968,0,,
30058,37,2969,0,,
30058,38,3031,0,,
30058,39,4039,0,,
30058,40,4040,0,,
30058,41,4041,0,,
30058,42,4042,0,,
30058,43,4043,0,,
30058,44,4044,0,,
30058,45,4045,0,,
30058,46,4046,0,,
30058,47,4047,0,,
30058,48,4048,0,,
30058,49,4049,0,,
30058,50,4050,0,,
30059,1,4051,0,,
30059,2,4052,0,,
30059,3,4053,0,,
30059,4,4054,0,,
30059,5,4055,0,,
30059,6,4056,0,,
30059,7,4057,0,,
30059,8,4058,0,,
30059,9,4059,0,,
30059,10,4060,0,,
30059,11,4061,0,,
30059,12,4062,0,,
30059,13,4063,0,,
30059,14,4064,0,,
30059,15,4065,0,,
30059,16,4066,0,,
30059,17,4067,0,,
30059,18,4068,0,,
30059,19,4069,0,,
30059,20,4070,0,,
30059,21,4071,0,,
30059,22,4072,0,,
30059,23,4073,0,,
30059,24,4074,0,,
30059,25,4075,0,,
30059,26,4076,0,,
30059,27,4077,0,,
30059,28,4078,0,,
30059,29,4079,0,,
30059,30,4080,0,,
30059,31,4081,0,,
30059,32,4082,0,,
30059,33,4083,0,,
30059,34,4084,0,,
30059,35,4085,0,,
30059,36,4086,0,,
30059,37,4087,0,,
30059,38,4088,0,,
30059,39,4089,0,,
30059,40,4090,0,,
30059,41,4091,0,,
30059,42,4092,0,,
30059,43,4093,0,,
30059,44,4094,0,,
30059,45,4095,0,,
30059,46,4096,0,,
30059,47,4097,0,,
30059,48,4098,0,,
30059,49,4099,0,,
30059,50,4100,0,,
71022,1,8102,0,,
71022,2,8103,0,,
71022,3,8104,0,,
71022,4,8105,0,,
71022,5,8106,0,,
71022,6,8107,0,,
71022,7,8108,0,,
71022,8,8109,0,,
71022,9,8110,0,,
71022,10,8111,0,,
71022,11,8112,0,,
71022,12,8113,0,,
71022,13,8114,0,,
71022,14,8115,0,,
71022,15,8116,0,,
71022,16,8117,0,,
71022,17,8118,0,,
71022,18,8119,0,,
71022,19,8120,0,,
71022,20,8121,0,,
71022,21,8122,0,,
71022,22,8123,0,,
71022,23,8124,0,,
71022,24,8125,0,,
71022,25,8126,0,,
71022,26,8127,0,,
71022,27,8128,0,,
71022,28,8129,0,,
71022,29,8130,0,,
71022,30,8131,0,,
71022,31,8132,0,,
71022,32,8133,0,,
71022,33,8134,0,,
71022,34,8135,0,,
71022,35,8136,0,,
71022,36,8137,0,,
71022,37,8138,0,,
71022,38,8139,0,,
71022,39,8140,0,,
71022,40,8141,0,,
71022,41,8142,0,,
71022,42,8143,0,,
71022,43,8144,0,,
71022,44,8145,0,,
71022,45,8146,0,,
71022,46,8147,0,,
71022,47,8148,0,,
71022,48,8149,0,,
71022,49,8150,0,,
71022,50,8151,0,,
71022,51,8152,0,,
71028,1,8223,0,,
71028,2,8224,0,,
71028,3,8225,0,,
71028,4,8226,0,,
71028,5,8227,0,,
71028,6,8228,0,,
71028,7,8229,0,,
71028,8,8230,0,,
71028,9,8231,0,,
71028,10,8232,0,,
71028,11,8233,0,,
71028,12,8234,0,,
71028,13,8235,0,,
71028,14,8236,0,,
71028,15,8237,0,,
71028,16,8238,0,,
71028,17,8239,0,,
71028,18,8240,0,,
71028,19,8241,0,,
71028,20,8242,0,,
71028,21,8243,0,,
71028,22,8244,0,,
71028,23,8245,0,,
71028,24,8246,0,,
71028,25,8247,0,,
71028,26,8248,0,,
71028,27,8249,0,,
71028,28,8250,0,,
71028,29,8251,0,,
71028,30,8252,0,,
71028,31,8253,0,,
71028,32,8254,0,,
71028,33,8255,0,,
71028,34,8256,0,,
71028,35,8257,0,,
71028,36,8258,0,,
71028,37,8259,0,,
71028,38,8260,0,,
71028,39,8261,0,,
71028,40,8262,0,,
71028,41,8263,0,,
71028,42,8264,0,,
71028,43,8265,0,,
71028,44,8266,0,,
71028,45,8267,0,,
71028,46,8268,0,,
71028,47,8269,0,,
71028,48,8270,0,,
71028,49,8271,0,,
71028,50,8272,0,,
71028,51,8521,0,,
71028,52,8522,0,,
71028,53,8523,0,,
71028,54,8524,0,,
71028,55,8525,0,,
71028,56,8526,0,,
71029,1,7918,0,,
71029,2,7919,0,,
71029,3,7920,0,,
71029,4,7921,0,,
71029,5,7922,0,,
71029,6,7923,0,,
71029,7,7924,0,,
71029,8,7925,0,,
71029,9,7926,0,,
71029,10,7927,0,,
71029,11,7928,0,,
71029,12,7929,0,,
71029,13,7930,0,,
71029,14,7931,0,,
71029,15,7932,0,,
71029,16,7933,0,,
71029,17,7934,0,,
71029,18,7935,0,,
71029,19,7936,0,,
71029,20,7937,0,,
71029,21,7938,0,,
71029,22,7939,0,,
71029,23,7940,0,,
71029,24,7941,0,,
71029,25,7942,0,,
71029,26,7943,0,,
71029,27,7944,0,,
71029,28,7945,0,,
71029,29,7946,0,,
71029,30,7947,0,,
71029,31,7948,0,,
71029,32,7949,0,,
71029,33,7950,0,,
71029,34,7951,0,,
71029,35,7952,0,,
71029,36,7953,0,,
71029,37,7954,0,,
71029,38,7955,0,,
71029,39,7956,0,,
71029,40,7957,0,,
71029,41,7958,0,,
71029,42,7959,0,,
71029,43,7960,0,,
71029,44,7961,0,,
71029,45,7962,0,,
71029,46,7963,0,,
71029,47,7964,0,,
71029,48,7965,0,,
71029,49,7966,0,,
71029,50,7967,0,,
71029,51,7968,0,,
71029,52,7969,0,,
71029,53,7970,0,,
71029,54,7971,0,,
71029,55,7972,0,,
71029,56,7973,0,,
71029,57,7974,0,,
71029,58,7975,0,,
71029,59,7976,0,,
71029,60,7977,0,,
71029,61,7978,0,,
71029,62,7979,0,,
71029,63,7980,0,,
71029,64,7981,0,,
71029,65,7982,0,,
71029,66,7983,0,,
71029,67,7984,0,,
71029,68,7985,0,,
71029,69,7986,0,,
71029,70,7987,0,,
71029,71,7988,0,,
71029,72,7989,0,,
71029,73,7990,0,,
71029,74,7991,0,,
71029,75,7992,0,,
71029,76,7993,0,,
71029,77,7994,0,,
71029,78,7995,0,,
71029,79,7996,0,,
71029,80,7997,0,,
71029,81,7998,0,,
71029,82,7999,0,,
71029,83,8000,0,,
71029,84,8001,0,,
71029,85,8002,0,,
71029,86,8003,0,,
71029,87,8004,0,,
71029,88,8005,0,,
71029,89,8006,0,,
71029,90,8007,0,,
71029,91,8008,0,,
71029,92,8009,0,,
71029,93,8010,0,,
71029,94,8011,0,,
71029,95,8012,0,,
71029,96,8013,0,,
71029,97,8014,0,,
71029,98,8015,0,,
71029,99,8016,0,,
71029,100,8017,0,,
71029,101,8018,0,,
71029,102,8019,0,,
71029,103,8020,0,,
71029,104,8021,0,,
71029,105,8022,0,,
71029,106,8023,0,,
71029,107,8024,0,,
71029,108,8025,0,,
71029,109,8026,0,,
71029,110,8027,0,,
71029,111,8028,0,,
71029,112,8029,0,,
71029,113,7904,0,,
71029,114,7905,0,,
71030,1,8294,0,,
71030,2,8295,0,,
71030,3,8296,0,,
71030,4,8297,0,,
71030,5,8298,0,,
71030,6,8299,0,,
71030,7,8300,0,,
71030,8,8301,0,,
71030,9,8302,0,,
71030,10,8303,0,,
71030,11,8304,0,,
71030,12,8305,0,,
71030,13,8306,0,,
71030,14,8307,0,,
71030,15,8308,0,,
71030,16,8309,0,,
71030,17,8310,0,,
71030,18,8311,0,,
71030,19,8312,0,,
71030,20,8313,0,,
71030,21,8314,0,,
71030,22,8315,0,,
71030,23,8316,0,,
71030,24,8317,0,,
71030,25,8318,0,,
71030,26,8319,0,,
71030,27,8320,0,,
71030,28,8487,0,,
71030,29,8321,0,,
71030,30,8322,0,,
71030,31,8323,0,,
71030,32,8324,0,,
71030,33,8325,0,,
71030,34,8326,0,,
71030,35,8364,0,,
71030,36,8365,0,,
71030,37,8366,0,,
71030,38,8367,0,,
71030,39,8368,0,,
71030,40,8369,0,,
71030,41,8370,0,,
71030,42,8371,0,,
71030,43,8372,0,,
71030,44,8554,0,,
71040,0,8616,0,,
71040,1,8617,0,,
71040,2,8877,0,,
71040,3,8878,0,,
71040,4,8879,0,,
71040,5,8880,0,,
71040,6,8881,0,,
71040,7,8882,0,,
71040,9,8883,0,,
71040,10,8884,0,,
71040,11,8885,0,,
71040,12,8886,0,,
71040,13,8887,0,,
71040,14,8888,0,,
71040,15,8889,0,,
71040,16,8890,0,,
71040,17,8891,0,,
71040,18,8892,0,,
71040,19,8893,0,,
71040,20,8894,0,,
71040,21,8895,0,,
71040,22,8896,0,,
71040,23,8897,0,,
71040,24,8898,0,,
71040,25,8899,0,,
71040,26,8900,0,,
71040,27,8901,0,,
71040,28,8902,0,,
71040,29,8903,0,,
71040,30,8904,0,,
71040,31,8905,0,,
71040,32,8906,0,,
71040,33,8907,0,,
71040,34,8908,0,,
71041,0,8690,0,,
71041,1,8691,0,,
71041,2,8692,0,,
71041,3,8693,0,,
71041,4,8694,0,,
71041,5,8695,0,,
71041,6,8696,0,,
71041,7,8697,0,,
71041,9,8698,0,,
71041,10,8699,0,,
71041,11,8700,0,,
71041,12,8701,0,,
71041,13,8702,0,,
71041,14,8703,0,,
71041,15,8704,0,,
71041,16,8705,0,,
71041,17,8706,0,,
71041,18,8707,0,,
71041,19,8708,0,,
71041,20,8709,0,,
71041,21,8710,0,,
71041,22,8711,0,,
71041,23,8640,0,,
71041,24,8641,0,,
71041,25,8642,0,,
71041,26,8643,0,,
71041,27,8644,0,,
71041,28,8645,0,,
71041,29,8646,0,,
71041,30,8647,0,,
71041,31,8648,0,,
71041,32,8649,0,,
71041,33,8650,0,,
71041,34,8651,0,,
71041,35,8652,0,,
71041,36,8653,0,,
71041,37,8654,0,,
71041,38,8655,0,,
71041,39,8656,0,,
71041,40,8657,0,,
71042,1,10025,0,,
71042,2,10026,0,,
71042,3,10027,0,,
71042,4,10028,0,,
71042,5,10029,0,,
71042,6,10030,0,,
71042,7,10031,0,,
71042,8,10032,0,,
71042,9,10033,0,,
71042,10,10034,0,,
71042,11,10035,0,,
71042,12,10036,0,,
71042,13,10037,0,,
71042,14,10038,0,,
71042,15,10039,0,,
71042,16,10040,0,,
71042,17,10041,0,,
71042,18,10042,0,,
71042,19,10043,0,,
71042,20,10044,0,,
71042,21,10045,0,,
71042,22,10046,0,,
71042,23,10047,0,,
71042,24,10048,0,,
71042,25,10049,0,,
71042,26,10050,0,,
71042,27,10051,0,,
71042,28,10052,0,,
71042,29,10053,0,,
71042,31,10054,0,,
71042,32,10055,0,,
71042,33,10056,0,,
71042,34,10057,0,,
71042,35,10058,0,,
71042,36,10059,0,,
71042,37,10060,0,,
71042,38,10061,0,,
71042,39,10062,0,,
71042,40,10063,0,,
71042,41,10064,0,,
71042,42,10065,0,,
71042,43,10066,0,,
71042,44,10067,0,,
71042,45,10068,0,,
71042,46,10069,0,,
71042,47,10070,0,,
71042,48,10071,0,,
71042,49,10072,0,,
71042,50,10073,0,,
71042,51,10074,0,,
71042,52,10075,0,,
71042,53,10076,0,,
71042,54,10077,0,,
71042,55,10078,0,,
71042,56,10079,0,,
71042,57,10080,0,,
71042,58,10081,0,,
71042,59,10082,0,,
71042,60,10083,0,,
71042,61,10084,0,,
71042,62,10085,0,,
71042,63,10086,0,,
71042,64,10087,0,,
71042,65,10088,0,,
71042,66,10089,0,,
71042,67,10090,0,,
71042,68,10091,0,,
71042,69,10092,0,,
71042,70,10093,0,,
71042,71,10094,0,,
71042,72,10095,0,,
71042,73,10096,0,,
71042,74,10097,0,,
71042,75,10098,0,,
71042,76,10180,0,,
71042,77,10181,0,,
71042,78,10182,0,,
71042,79,10183,0,,
71042,80,10184,0,,
71042,81,10185,0,,
71042,82,10186,0,,
71042,83,10187,0,,
71042,84,10188,0,,
71042,85,10189,0,,
71042,86,10190,0,,
71042,87,10191,0,,
71042,88,10192,0,,
71042,89,10193,0,,
71042,90,10194,0,,
71042,91,10195,0,,
71042,92,10196,0,,
71042,93,10596,0,,
71042,94,10597,0,,
71042,95,10598,0,,
71042,96,10599,0,,
71042,97,10600,0,,
71042,98,10601,0,,
71042,99,10602,0,,
71042,100,10603,0,,
71042,101,10604,0,,
71042,102,10605,0,,
71043,1,10099,0,,
71043,2,10100,0,,
71043,3,10101,0,,
71043,4,10102,0,,
71043,5,10103,0,,
71043,6,10104,0,,
71043,7,10107,0,,
71043,8,10108,0,,
71043,9,10109,0,,
71043,10,10110,0,,
71043,11,10111,0,,
71043,12,10105,0,,
71043,13,10106,0,,
71044,1,9482,0,,
71044,2,9483,0,,
71044,3,9484,0,,
71044,4,9485,0,,
71044,5,9486,0,,
71044,6,9487,0,,
71044,7,9488,0,,
71044,8,9489,0,,
71044,9,9490,0,,
71044,10,9491,0,,
71044,11,9492,0,,
71044,12,9493,0,,
71044,13,9494,0,,
71044,14,9495,0,,
71044,15,9496,0,,
71044,16,9497,0,,
71044,17,9498,0,,
71044,18,9499,0,,
71044,19,9500,0,,
71044,20,9501,0,,
71044,21,9502,0,,
71044,22,9503,0,,
71044,23,9504,0,,
71044,24,9505,0,,
71044,25,9506,0,,
71044,26,9507,0,,
71044,27,9508,0,,
71044,28,9509,0,,
71044,29,9510,0,,
71044,30,9511,0,,
71044,31,9512,0,,
71044,32,9513,0,,
71044,33,10373,0,,
71044,34,10374,0,,
71044,35,10375,0,,
71044,36,10376,0,,
71044,37,10377,0,,
71044,38,10378,0,,
71044,39,10379,0,,
71044,40,10380,0,,
71044,41,10381,0,,
71044,42,10544,0,,
71044,43,10545,0,,
71044,44,10397,0,,
71044,45,10398,0,,
71044,46,10399,0,,
71044,47,10400,0,,
71044,48,10401,0,,
71044,49,10402,0,,
71044,50,10403,0,,
71044,51,10404,0,,
71044,52,10405,0,,
71044,53,10546,0,,
71044,54,10547,0,,
71045,1,10131,0,,
71045,2,10132,0,,
71045,3,10133,0,,
71045,4,10134,0,,
71045,5,10135,0,,
71045,6,10136,0,,
71045,7,10137,0,,
71045,8,10138,0,,
71045,9,10141,0,,
71045,10,10142,0,,
71045,11,10274,0,,
71045,12,9897,0,,
71045,13,10279,0,,
71045,14,10288,0,,
71045,15,10289,0,,
71045,16,10290,0,,
71045,17,10291,0,,
71045,18,10292,0,,
71045,19,10293,0,,
71045,20,10294,0,,
71045,21,10295,0,,
71045,22,10296,0,,
71045,23,10297,0,,
71045,24,10298,0,,
71045,25,10299,0,,
71045,26,10300,0,,
71045,27,10301,0,,
71045,28,10302,0,,
71045,29,10303,0,,
71045,30,10304,0,,
71045,31,10305,0,,
71045,32,10306,0,,
71046,0,9840,0,,
71046,1,9841,0,,
71046,2,9842,0,,
71046,3,9843,0,,
71046,4,9844,0,,
71046,5,9845,0,,
71046,6,9846,0,,
71046,7,9847,0,,
71046,8,9848,0,,
71046,9,10005,0,,
71046,10,10006,0,,
71046,11,10007,0,,
71046,12,10008,0,,
71046,13,10009,0,,
71046,14,10010,0,,
71046,15,10011,0,,
71046,16,10125,0,,
71046,17,10315,0,,
71046,18,10321,0,,
71046,19,10470,0,,
71046,20,10471,0,,
71046,21,10472,0,,
71046,22,10620,0,,
71046,23,10621,0,,
71046,24,10622,0,,
71046,25,10623,0,,
71046,26,10624,0,,
71046,27,10625,0,,
71046,28,10626,0,,
71046,29,10627,0,,
71046,30,10628,0,,
71046,31,10629,0,,
71046,32,10630,0,,
71046,33,10631,0,,
71046,34,10474,0,,
71046,35,10475,0,,
71046,36,10476,0,,
71046,37,10477,0,,
71046,38,10478,0,,
71046,39,10479,0,,
71046,40,10473,0,,
71047,0,9589,0,,
71047,1,9590,0,,
71047,2,9591,0,,
71047,3,9592,0,,
71047,4,9605,0,,
71047,5,9606,0,,
71047,6,9607,0,,
71047,7,9608,0,,
71047,8,9609,0,,
71047,9,9610,0,,
71047,10,9611,0,,
71047,11,9612,0,,
71047,12,9613,0,,
71047,13,9614,0,,
71047,14,9615,0,,
71047,15,10139,0,,
71047,16,10018,0,,
71047,17,9909,0,,
71047,18,10209,0,,
71047,19,10210,0,,
71047,20,10273,0,,
71047,21,10607,0,,
71047,22,10316,0,,
71047,23,10317,0,,
71047,24,10318,0,,
71047,25,10319,0,,
71047,26,10320,0,,
71047,27,10322,0,,
71047,28,10323,0,,
71047,29,10324,0,,
71047,30,10325,0,,
71047,31,10326,0,,
71047,32,10606,0,,
71048,0,9899,0,,
71048,1,9900,0,,
71048,2,9677,0,,
71048,3,10140,0,,
71048,4,10211,0,,
71048,5,10611,0,,
71049,1,9914,0,,
71049,2,9915,0,,
71049,3,9916,0,,
71049,4,9917,0,,
71049,5,9918,0,,
71049,6,9919,0,,
71049,7,9920,0,,
71049,8,9921,0,,
71049,9,9922,0,,
71049,10,9923,0,,
71049,11,9924,0,,
71049,12,9925,0,,
71049,13,9926,0,,
71049,14,9927,0,,
71049,15,9928,0,,
71049,16,9929,0,,
71049,17,9930,0,,
71049,18,9931,0,,
71049,19,9932,0,,
71049,20,9933,0,,
71049,21,9934,0,,
71049,22,9935,0,,
71049,23,9936,0,,
71049,24,9937,0,,
71049,25,9938,0,,
71049,26,9939,0,,
71049,27,9940,0,,
71049,28,9941,0,,
71049,29,9942,0,,
71049,30,9943,0,,
71049,31,9944,0,,
71049,32,9945,0,,
71049,33,9946,0,,
71049,34,9947,0,,
71049,35,9948,0,,
71049,36,9949,0,,
71049,37,9950,0,,
71049,38,9951,0,,
71049,39,9952,0,,
71049,40,9953,0,,
71049,41,9954,0,,
71049,42,9955,0,,
71049,43,9956,0,,
71049,44,9957,0,,
71049,45,9958,0,,
71049,46,9959,0,,
71049,47,9960,0,,
71049,48,9961,0,,
71049,49,9962,0,,
71049,50,9963,0,,
71049,51,9964,0,,
71049,52,9965,0,,
71049,53,9966,0,,
71049,54,10416,0,,
71049,55,10417,0,,
71049,56,10418,0,,
71049,57,10419,0,,
71049,58,10420,0,,
71049,59,10421,0,,
71049,60,10422,0,,
71049,61,10423,0,,
71049,62,10424,0,,
71049,63,10518,0,,
71049,64,10519,0,,
71049,65,10533,0,,
71049,66,10534,0,,
71049,67,10535,0,,
71049,68,10536,0,,
71049,69,10537,0,,
71049,70,10538,0,,
71049,71,10539,0,,
71049,72,10540,0,,
71049,73,10541,0,,
71049,74,10542,0,,
71049,75,10543,0,,
71050,1,9391,0,,
71050,2,9392,0,,
71050,3,9393,0,,
71050,4,9394,0,,
71050,5,9395,0,,
71050,6,9396,0,,
71050,7,9397,0,,
71050,8,9398,0,,
71050,9,9399,0,,
71050,10,9400,0,,
71050,11,9401,0,,
71050,12,9402,0,,
71050,13,9403,0,,
71050,14,9404,0,,
71050,15,9405,0,,
71050,16,9406,0,,
71050,17,9407,0,,
71050,18,9408,0,,
71050,19,9409,0,,
71050,20,9410,0,,
71050,21,9411,0,,
71050,22,9412,0,,
71050,23,9413,0,,
71050,24,9414,0,,
71050,25,9415,0,,
71050,26,10169,0,,
71050,27,10175,0,,
71050,28,10176,0,,
71050,29,10177,0,,
71050,30,10240,0,,
71050,31,10241,0,,
71050,32,10242,0,,
71050,33,10243,0,,
71050,34,10244,0,,
71050,35,10245,0,,
71050,36,10246,0,,
71050,37,10247,0,,
71050,38,10248,0,,
71050,39,10249,0,,
71050,40,10250,0,,
71050,41,10251,0,,
71050,42,10613,0,,
71050,43,10614,0,,
71050,44,10615,0,,
71050,45,10616,0,,
71050,46,10617,0,,
71050,47,10618,0,,
71050,48,10619,0,,
71051,0,10277,0,,
71051,1,10278,0,,
71051,2,10548,0,,
71052,0,10491,0,,
71052,1,10492,0,,
71052,2,10493,0,,
71052,3,10494,0,,
71052,4,10495,0,,
71052,5,10496,0,,
71052,6,10497,0,,
71052,7,10498,0,,
71052,8,10499,0,,
71052,9,10500,0,,
71052,10,10501,0,,
71052,11,10502,0,,
71052,12,10503,0,,
71052,13,10504,0,,
71052,14,10505,0,,
71052,15,10506,0,,
71052,16,10507,0,,
71052,17,10508,0,,
71052,18,10509,0,,
71052,19,10510,0,,
71052,20,10511,0,,
71052,21,10512,0,,
71052,22,10513,0,,
71052,23,10514,0,,
71053,0,10549,0,,
71053,1,10550,0,,
71053,2,10551,0,,
71053,3,10552,0,,
71053,4,10553,0,,
71053,5,10554,0,,
71053,6,10555,0,,
71053,7,10556,0,,
71053,8,10557,0,,
71053,9,10558,0,,
71053,10,10559,0,,
71053,11,10560,0,,
71053,12,10561,0,,
71053,13,10562,0,,
71053,14,10563,0,,
71053,15,10564,0,,
71053,16,10565,0,,
71053,17,10566,0,,
71053,18,10567,0,,
71053,19,10568,0,,
71053,20,10569,0,,
71053,21,10570,0,,
71053,22,10571,0,,
71053,23,10572,0,,
71053,24,10573,0,,
71053,25,10574,0,,
71053,26,10575,0,,
71053,27,10576,0,,
71053,28,10577,0,,
71053,29,10578,0,,
71053,30,10579,0,,
71053,31,10580,0,,
71053,32,10581,0,,
71053,33,10582,0,,
71053,34,10583,0,,
71053,35,10584,0,,
71053,36,10585,0,,
71053,37,10586,0,,
71053,38,10587,0,,
71053,39,10588,0,,
71053,40,10589,0,,
71053,41,10590,0,,
71053,42,10591,0,,
71053,43,10592,0,,
71053,44,10593,0,,
71053,45,10594,0,,
71053,46,10595,0,,
71054,0,10409,0,,
71054,1,10410,0,,
71054,2,10411,0,,
71054,3,10412,0,,
71054,4,10413,0,,
71054,5,10427,0,,
71054,6,10428,0,,
71054,7,10429,0,,
71054,8,10430,0,,
71054,9,10431,0,,
71054,10,10432,0,,
71054,11,10433,0,,
71054,12,10480,0,,
71054,13,10481,0,,
71054,14,10482,0,,
71054,15,10483,0,,
71054,16,10484,0,,
71054,17,10485,0,,
71054,18,10486,0,,
71054,19,10612,0,,
71054,20,10280,0,,
71054,21,10281,0,,
71054,22,10282,0,,
71054,23,10283,0,,
71054,24,10284,0,,
71054,25,10285,0,,
71054,26,10286,0,,
71054,27,10287,0,,
71054,28,10632,0,,
71054,29,10608,0,,
71054,30,10609,0,,
71054,31,10610,0,,
71054,32,10640,0,,
71054,33,10641,0,,
71054,34,10521,0,,
71054,35,10522,0,,
71054,36,10523,0,,
71054,37,10524,0,,
71054,38,10525,0,,
71054,39,10526,0,,
135383,1,6902,15480,,
135383,2,1829,600,5,3600
135383,3,5169,360,5,3600
135384,1,6902,15480,,
135384,2,1829,600,5,3600
135384,3,5169,360,5,3600
135386,1,6902,15480,,
135386,2,1829,600,5,3600
135386,3,5169,360,5,3600
135388,1,6902,15480,,
135388,2,1829,600,5,3600
135388,3,5169,360,5,3600
135390,1,6902,15480,,
135390,2,1829,600,5,3600
135390,3,5169,360,5,3600
135392,1,6902,15480,,
135392,2,1829,600,5,3600
135392,3,5169,360,5,3600
135394,1,6902,15480,,
135394,2,1829,600,5,3600
135394,3,5169,360,5,3600
135396,1,6902,15480,,
135396,2,1829,600,5,3600
135396,3,5169,360,5,3600
135398,1,6902,15480,,
135398,2,1829,600,5,3600
135398,3,5169,360,5,3600
135400,1,6902,15480,,
135400,2,1829,600,5,3600
135400,3,5169,360,5,3600
135403,1,6902,15480,,
135403,2,1829,600,5,3600
135403,3,5169,360,5,3600
135405,1,6902,15480,,
135405,2,1829,600,5,3600
135405,3,5169,360,5,3600
135407,1,6902,15480,,
135407,2,1829,600,5,3600
135407,3,5169,360,5,3600
135421,1,6902,15480,,
135421,2,6316,360,,
135421,3,1829,600,5,3600
135421,4,5169,360,5,3600
135439,1,6902,15480,,
135439,2,6316,360,,
135439,3,1829,600,5,3600
135439,4,5169,360,5,3600
135441,1,6902,15480,,
135441,2,6316,360,,
135441,3,1829,600,5,3600
135441,4,5169,360,5,3600
135443,1,6902,15480,,
135443,2,6316,360,,
135443,3,1829,600,5,3600
135443,4,5169,360,5,3600
135445,1,6902,15480,,
135445,2,6316,360,,
135445,3,1829,600,5,3600
135445,4,5169,360,5,3600
135447,1,6902,15480,,
135447,2,6316,360,,
135447,3,1829,600,5,3600
135447,4,5169,360,5,3600
135449,1,6902,15480,,
135449,2,6316,360,,
135449,3,1829,600,5,3600
135449,4,5169,360,5,3600
135451,1,6902,15480,,
135451,2,1829,600,5,3600
135451,3,5169,360,5,3600
135453,1,6902,15480,,
135453,2,1829,600,5,3600
135453,3,5169,360,5,3600
135455,1,6902,15480,,
135455,2,1829,600,5,3600
135455,3,5169,360,5,3600
135457,1,6902,15480,,
135457,2,1829,600,5,3600
135457,3,5169,360,5,3600
135459,1,6902,15480,,
135459,2,1829,600,5,3600
135459,3,5169,360,5,3600
135461,1,6902,15480,,
135461,2,1829,600,5,3600
135461,3,5169,360,5,3600
135463,1,6902,15480,,
135463,2,1829,600,5,3600
135463,3,5169,360,5,3600
135465,1,6902,15480,,
135465,2,1829,600,5,3600
135465,3,5169,360,5,3600
135467,1,6902,15480,,
135467,2,1829,600,5,3600
135467,3,5169,360,5,3600
135566,1,6902,15480,,
135566,2,1829,600,5,3600
135566,3,5169,360,5,3600
135568,1,6902,15480,,
135568,2,1829,600,5,3600
135568,3,5169,360,5,3600
135570,1,6902,15480,,
135570,2,1829,600,5,3600
135570,3,5169,360,5,3600
135572,1,6902,15480,,
135572,2,1829,600,5,3600
135572,3,5169,360,5,3600
135574,1,6902,15480,,
135574,2,1829,600,5,3600
135574,3,5169,360,5,3600
135576,1,6902,15480,,
135576,2,1829,600,5,3600
135576,3,5169,360,5,3600
135578,1,6902,15480,,
135578,2,1829,600,5,3600
135578,3,5169,360,5,3600
135580,1,6902,15480,,
135580,2,1829,600,5,3600
135580,3,5169,360,5,3600
135582,1,6902,15480,,
135582,2,1829,600,5,3600
135582,3,5169,360,5,3600
135584,1,6902,15480,,
135584,2,1829,600,5,3600
135584,3,5169,360,5,3600
135586,1,6902,15480,,
135586,2,1829,600,5,3600
135586,3,5169,360,5,3600
235383,1,6902,15480,,
235383,2,1829,600,5,3600
235383,3,5858,120000,1,3600
235383,4,5169,360,10,3600
235383,5,7131,42000,1,3600
235383,6,7132,42000,1,3600
235384,1,6902,15480,,
235384,2,1829,600,5,3600
235384,3,5858,120000,1,3600
235384,4,5169,360,10,3600
235384,5,7126,42000,1,3600
235384,6,7127,42000,1,3600
235386,1,6902,15480,,
235386,2,1829,600,5,3600
235386,3,5858,120000,1,3600
235386,4,5169,360,10,3600
235386,5,7126,42000,1,3600
235386,6,7127,42000,1,3600
235388,1,6902,15480,,
235388,2,1829,600,5,3600
235388,3,5858,120000,1,3600
235388,4,5169,360,10,3600
235388,5,7126,42000,1,3600
235388,6,7127,42000,1,3600
235390,1,6902,15480,,
235390,2,1829,600,5,3600
235390,3,5858,120000,1,3600
235390,4,5169,360,10,3600
235390,5,7126,42000,1,3600
235390,6,7127,42000,1,3600
235392,1,6902,15480,,
235392,2,1829,600,5,3600
235392,3,5858,120000,1,3600
235392,4,5169,360,10,3600
235392,5,7126,42000,1,3600
235392,6,7127,42000,1,3600
235394,1,6902,15480,,
235394,2,1829,600,5,3600
235394,3,5858,120000,1,3600
235394,4,5169,360,10,3600
235394,5,7126,42000,1,3600
235394,6,7127,42000,1,3600
235396,1,6902,15480,,
235396,2,1829,600,5,3600
235396,3,5858,120000,1,3600
235396,4,5169,360,10,3600
235396,5,7126,42000,1,3600
235396,6,7127,42000,1,3600
235398,1,6902,15480,,
235398,2,1829,600,5,3600
235398,3,5858,120000,1,3600
235398,4,5169,360,10,3600
235398,5,7126,42000,1,3600
235398,6,7127,42000,1,3600
235400,1,6902,15480,,
235400,2,1829,600,5,3600
235400,3,5858,120000,1,3600
235400,4,5169,360,10,3600
235400,5,7126,42000,1,3600
235400,6,7127,42000,1,3600
235403,1,6902,15480,,
235403,2,1829,600,5,3600
235403,3,5858,120000,1,7200
235403,4,5169,360,10,3600
235403,5,7131,42000,1,3600
235403,6,7132,42000,1,3600
235405,1,6902,15480,,
235405,2,1829,600,5,3600
235405,3,5858,120000,1,7200
235405,4,5169,360,10,3600
235405,5,7131,42000,1,3600
235405,6,7132,42000,1,3600
235407,1,6902,15480,,
235407,2,1829,600,5,3600
235407,3,5858,120000,1,7200
235407,4,5169,360,10,3600
235407,5,7131,42000,1,3600
235407,6,7132,42000,1,3600
235421,1,6902,15480,,
235421,2,6316,360,,
235421,3,1829,600,5,3600
235421,4,5858,120000,3,3600
235421,5,5169,360,10,3600
235421,6,956,7200,1,7200
235421,7,952,18000,1,18000
235421,8,948,96000,1,90000
235421,9,7124,42000,1,3600
235421,10,7125,42000,1,3600
235439,1,6902,15480,,
235439,2,6316,360,,
235439,3,1829,600,5,3600
235439,4,5858,120000,3,3600
235439,5,5169,360,10,3600
235439,6,7124,42000,1,3600
235439,7,7125,42000,1,3600
235441,1,6902,15480,,
235441,2,6316,360,,
235441,3,1829,600,5,3600
235441,4,5858,120000,3,3600
235441,5,5169,360,10,3600
235441,6,7124,42000,1,3600
235441,7,7125,42000,1,3600
235443,1,6902,15480,,
235443,2,6316,360,,
235443,3,1829,600,5,3600
235443,4,5858,120000,3,3600
235443,5,5169,360,10,3600
235443,6,7124,42000,1,3600
235443,7,7125,42000,1,3600
235445,1,6902,15480,,
235445,2,6316,360,,
235445,3,1829,600,5,3600
235445,4,5858,120000,3,3600
235445,5,5169,360,10,3600
235445,6,7124,42000,1,3600
235445,7,7125,42000,1,3600
235447,1,6902,15480,,
235447,2,6316,360,,
235447,3,1829,600,5,3600
235447,4,5858,120000,3,3600
235447,5,5169,360,10,3600
235447,6,7124,42000,1,3600
235447,7,7125,42000,1,3600
235449,1,6902,15480,,
235449,2,6316,360,,
235449,3,1829,600,5,3600
235449,4,5858,120000,3,3600
235449,5,5169,360,10,3600
235449,6,7124,42000,1,3600
235449,7,7125,42000,1,3600
235451,1,6902,15480,,
235451,2,1829,600,5,3600
235451,3,5858,120000,3,3600
235451,4,5169,360,10,3600
235451,5,7122,42000,1,3600
235451,6,7123,42000,1,3600
235453,1,6902,15480,,
235453,2,1829,600,5,3600
235453,3,5858,120000,3,3600
235453,4,5169,360,10,3600
235453,5,7122,42000,1,3600
235453,6,7123,42000,1,3600
235455,1,6902,15480,,
235455,2,1829,600,5,3600
235455,3,5858,120000,3,3600
235455,4,5169,360,10,3600
235455,5,7122,42000,1,3600
235455,6,7123,42000,1,3600
235457,1,6902,15480,,
235457,2,1829,600,5,3600
235457,3,5858,120000,3,3600
235457,4,5169,360,10,3600
235457,5,7122,42000,1,3600
235457,6,7123,42000,1,3600
235459,1,6902,15480,,
235459,2,1829,600,5,3600
235459,3,5858,120000,3,3600
235459,4,5169,360,10,3600
235459,5,7122,42000,1,3600
235459,6,7123,42000,1,3600
235461,1,6902,15480,,
235461,2,1829,600,5,3600
235461,3,5858,120000,3,3600
235461,4,5169,360,10,3600
235461,5,7129,42000,1,3600
235461,6,7130,42000,1,3600
235463,1,6902,15480,,
235463,2,1829,600,5,3600
235463,3,5858,120000,3,3600
235463,4,5169,360,10,3600
235463,5,7129,42000,1,3600
235463,6,7130,42000,1,3600
235465,1,6902,15480,,
235465,2,1829,600,5,3600
235465,3,5858,120000,3,3600
235465,4,5169,360,10,3600
235465,5,7129,42000,1,3600
235465,6,7130,42000,1,3600
235467,1,6902,15480,,
235467,2,1829,600,5,3600
235467,3,5858,120000,3,3600
235467,4,5169,360,10,3600
235467,5,7129,42000,1,3600
235467,6,7130,42000,1,3600
235566,1,6902,15480,,
235566,2,1829,600,5,3600
235566,3,5858,120000,3,3600
235566,4,5169,360,10,3600
235566,5,7129,42000,1,3600
235566,6,7130,42000,1,3600
235568,1,6902,15480,,
235568,2,1829,600,5,3600
235568,3,5858,120000,3,3600
235568,4,5169,360,10,3600
235568,5,7129,42000,1,3600
235568,6,7130,42000,1,3600
235570,1,6902,15480,,
235570,2,1829,600,5,3600
235570,3,5858,120000,3,3600
235570,4,5169,360,10,3600
235570,5,7129,42000,1,3600
235570,6,7130,42000,1,3600
235572,1,6902,15480,,
235572,2,1829,600,5,3600
235572,3,5858,120000,3,3600
235572,4,5169,360,10,3600
235572,5,7129,42000,1,3600
235572,6,7130,42000,1,3600
235574,1,6902,15480,,
235574,2,1829,600,5,3600
235574,3,5858,120000,3,3600
235574,4,5169,360,10,3600
235574,5,7129,42000,1,3600
235574,6,7130,42000,1,3600
235576,1,6902,15480,,
235576,2,1829,600,5,3600
235576,3,5858,120000,3,3600
235576,4,5169,360,10,3600
235576,5,7129,42000,1,3600
235576,6,7130,42000,1,3600
235578,1,6902,15480,,
235578,2,1829,600,5,3600
235578,3,5858,120000,3,3600
235578,4,5169,360,10,3600
235578,5,7129,42000,1,3600
235578,6,7130,42000,1,3600
235580,1,6902,15480,,
235580,2,1829,600,5,3600
235580,3,5858,120000,3,3600
235580,4,5169,360,10,3600
235580,5,7129,42000,1,3600
235580,6,7130,42000,1,3600
235582,1,6902,15480,,
235582,2,1829,600,5,3600
235582,3,5858,120000,3,3600
235582,4,5169,360,10,3600
235582,5,7129,42000,1,3600
235582,6,7130,42000,1,3600
235584,1,6902,15480,,
235584,2,1829,600,5,3600
235584,3,5858,120000,3,3600
235584,4,5169,360,10,3600
235584,5,7129,42000,1,3600
235584,6,7130,42000,1,3600
235586,1,6902,15480,,
235586,2,1829,600,5,3600
235586,3,5858,120000,3,3600
235586,4,5169,360,10,3600
235586,5,7129,42000,1,3600
235586,6,7130,42000,1,3600
300410,1,5156,0,,
300410,2,5157,0,,
300410,3,5158,0,,
300410,4,5159,0,,
300410,5,5160,0,,
300410,6,5161,0,,
300410,7,5162,0,,
300410,8,5163,0,,
300410,9,5164,0,,
300410,10,5165,0,,
300410,11,5166,0,,
300410,12,5167,0,,
300410,13,5230,0,,
300410,14,5231,0,,
300410,15,5268,0,,
300410,16,5269,0,,
300410,17,5270,0,,
300410,18,5271,0,,
300410,19,5272,0,,
300410,20,5273,0,,
300410,21,5274,0,,
300410,22,5275,0,,
300410,23,5276,0,,
300410,24,5277,0,,
300410,25,5278,0,,
300410,26,5279,0,,
300410,27,5280,0,,
300410,28,5281,0,,
300410,29,5282,0,,
300510,1,4101,0,,
300510,2,4102,0,,
300510,3,4103,0,,
300510,4,4104,0,,
300510,5,4105,0,,
300510,6,4106,0,,
300510,7,4107,0,,
300510,8,4108,0,,
300510,9,4109,0,,
300510,10,4110,0,,
300510,11,4111,0,,
300510,12,4112,0,,
300510,13,4113,0,,
300510,14,4114,0,,
300510,15,4115,0,,
300510,16,4116,0,,
300510,17,4117,0,,
300510,18,4118,0,,
300510,19,4119,0,,
300510,20,4120,0,,
300510,21,4121,0,,
300510,22,4438,0,,
300510,23,4439,0,,
300510,24,5220,0,,
300510,25,5556,0,,
300510,26,5557,0,,
300510,27,5558,0,,
300510,28,5559,0,,
300530,1,7179,0,,
300530,2,7180,0,,
300530,3,7181,0,,
300530,4,7182,0,,
300530,5,7183,0,,
300530,6,7184,0,,
300530,7,7185,0,,
300530,8,7186,0,,
300530,9,7187,0,,
300530,10,7188,0,,
300530,11,7189,0,,
300530,12,7190,0,,
300530,13,7191,0,,
300530,14,7192,0,,
300530,15,7193,0,,
300530,16,7194,0,,
300530,17,7195,0,,
300530,18,7196,0,,
300530,19,7197,0,,
300530,20,7198,0,,
300530,21,7199,0,,
300530,22,7200,0,,
300530,23,7201,0,,
300530,24,7202,0,,
300530,25,7203,0,,
300530,26,7204,0,,
300530,27,7205,0,,
300530,28,7206,0,,
300530,29,7207,0,,
300530,30,7208,0,,
300530,31,7209,0,,
300530,32,7210,0,,
300530,33,7211,0,,
300530,34,7212,0,,
300530,35,7213,0,,
300530,36,7214,0,,
300530,37,7215,0,,
300530,38,7216,0,,
300530,39,7217,0,,
300530,40,7218,0,,
300530,41,7219,0,,
300530,42,7220,0,,
300530,43,7221,0,,
300530,44,7222,0,,
300530,45,7223,0,,
300530,46,7224,0,,
300530,47,7225,0,,
300530,48,7226,0,,
300530,49,7227,0,,
300530,50,7228,0,,
300530,51,7229,0,,
300530,52,7230,0,,
300530,53,7231,0,,
300530,54,7232,0,,
300530,55,7233,0,,
300530,56,7234,0,,
300530,57,7235,0,,
300530,58,7236,0,,
300530,59,7237,0,,
300530,60,7238,0,,
300530,61,7239,0,,
300530,62,7240,0,,
300530,63,7241,0,,
300530,64,7242,0,,
300530,65,7243,0,,
300530,66,7244,0,,
300530,67,7245,0,,
300530,68,7246,0,,
300530,69,7247,0,,
300530,70,7248,0,,
300530,71,7249,0,,
300530,72,7250,0,,
300530,73,7251,0,,
300530,74,7252,0,,
300530,75,7253,0,,
300530,76,7254,0,,
300530,77,7255,0,,
300530,78,7256,0,,
300530,79,7257,0,,
300530,80,7258,0,,
300530,81,7259,0,,
300530,82,7260,0,,
300530,83,7261,0,,
300530,84,7262,0,,
300530,85,7263,0,,
300530,86,7264,0,,
300530,87,7265,0,,
300530,88,7266,0,,
300530,89,7267,0,,
300530,90,7268,0,,
300530,91,7269,0,,
300530,92,7270,0,,
300530,93,7271,0,,
300530,94,7272,0,,
300530,95,7273,0,,
300530,96,7274,0,,
300530,97,7275,0,,
300530,98,7276,0,,
300530,99,7277,0,,
300530,100,7278,0,,
300530,101,7279,0,,
300533,1,5562,0,,
300533,2,5563,0,,
300533,3,5564,0,,
300533,4,5565,0,,
300533,5,5566,0,,
300533,6,5583,0,,
300533,7,5584,0,,
300533,8,5585,0,,
300533,9,5586,0,,
300533,10,5587,0,,
300533,11,4411,0,,
300533,12,4412,0,,
300533,13,4413,0,,
300533,14,4414,0,,
300533,15,4415,0,,
300533,16,4416,0,,
300533,17,4417,0,,
300533,18,5010,0,,
300533,19,7061,0,,
300533,20,7062,0,,
300533,21,7589,0,,
300533,22,6403,0,,
300533,23,6406,0,,
300533,24,6407,0,,
300533,25,6408,0,,
300533,26,6410,0,,
300533,27,6409,0,,
300533,28,5808,0,,
300533,29,6394,0,,
300536,1,6727,0,,
300536,2,6728,0,,
300536,3,6729,0,,
300536,4,6730,0,,
300536,5,6731,0,,
300536,6,6732,0,,
300536,7,6733,0,,
300536,8,6734,0,,
300536,9,6735,0,,
300536,10,6736,0,,
300536,11,6737,0,,
300536,12,6738,0,,
300536,13,6739,0,,
300536,14,6740,0,,
300536,15,6741,0,,
300536,16,6742,0,,
300536,17,6743,0,,
300536,18,6744,0,,
300536,19,6745,0,,
300536,20,6746,0,,
300536,21,6747,0,,
300536,22,6748,0,,
300536,23,6749,0,,
300536,24,6750,0,,
300536,25,6751,0,,
300536,26,6752,0,,
300536,27,6753,0,,
300536,28,6754,0,,
300536,29,6755,0,,
300536,30,6756,0,,
300536,31,6757,0,,
300536,32,6758,0,,
300536,33,6759,0,,
300536,34,6760,0,,
300536,35,6761,0,,
300536,36,6762,0,,
300536,37,6763,0,,
300536,38,6764,0,,
300536,39,6765,0,,
300536,40,6766,0,,
300536,41,6767,0,,
300536,42,6768,0,,
300536,43,6769,0,,
300536,44,6770,0,,
300536,45,6771,0,,
300536,46,6772,0,,
300536,47,6773,0,,
300536,48,6774,0,,
300536,49,6775,0,,
300536,50,6776,0,,
300536,51,6777,0,,
300536,52,6778,0,,
300536,53,7016,0,,
300536,54,7017,0,,
300536,55,7018,0,,
300536,56,7019,0,,
300536,57,7020,0,,
300536,58,7021,0,,
300536,59,7022,0,,
300536,60,7023,0,,
300536,61,7024,0,,
300536,62,7025,0,,
300536,63,7026,0,,
300536,64,7027,0,,
300536,65,7028,0,,
300536,66,7029,0,,
300536,67,7030,0,,
300536,68,7031,0,,
300536,69,7032,0,,
300536,70,7033,0,,
300536,71,7034,0,,
300536,72,7035,0,,
300536,73,7036,0,,
300536,74,7037,0,,
300536,75,7038,0,,
300536,76,7039,0,,
300536,77,7040,0,,
300536,78,7041,0,,
300536,79,7042,0,,
300536,80,7043,0,,
300536,81,7044,0,,
300536,82,7045,0,,
300536,83,7046,0,,
300536,84,7047,0,,
300536,85,7048,0,,
300536,86,7049,0,,
300536,87,7050,0,,
300536,88,7051,0,,
300536,89,7052,0,,
300536,90,7053,0,,
300536,91,7054,0,,
300536,92,7055,0,,
300536,93,7056,0,,
300536,94,7057,0,,
300536,95,6541,0,,
300536,96,6542,0,,
300536,97,6543,0,,
300536,98,6544,0,,
300536,99,6545,0,,
300536,100,6546,0,,
300536,101,6547,0,,
300536,102,6548,0,,
300536,103,6549,0,,
300536,104,6550,0,,
300536,105,6551,0,,
300536,106,6552,0,,
300536,107,6553,0,,
300536,108,6554,0,,
300536,109,6555,0,,
300536,110,6556,0,,
300536,111,6557,0,,
300536,112,6558,0,,
300536,113,6559,0,,
300536,114,6560,0,,
300536,115,6561,0,,
300536,116,6562,0,,
300536,117,6563,0,,
300536,118,6564,0,,
300536,119,6565,0,,
300536,120,6566,0,,
300536,121,6567,0,,
300536,122,6568,0,,
300539,1,6388,0,,
300539,2,6389,0,,
300539,3,6390,0,,
300539,4,6391,0,,
300539,5,6392,0,,
300539,6,6393,0,,
300539,7,6399,0,,
300539,8,6400,0,,
300539,9,6401,0,,
300539,10,6402,0,,
300539,11,6673,0,,
300539,12,6903,0,,
300539,13,7063,0,,
300539,14,7064,0,,
300539,15,7065,0,,
300539,16,7066,0,,
300539,17,7076,0,,
300539,18,7077,0,,
300539,19,7078,0,,
300539,20,7079,0,,
300539,21,7080,0,,
300539,22,7081,0,,
300539,23,7082,0,,
300539,24,7083,0,,
300539,25,7084,0,,
300539,26,7085,0,,
300539,27,7086,0,,
300539,28,7087,0,,
300539,29,7088,0,,
300539,30,7089,0,,
300539,31,7090,0,,
300539,32,7091,0,,
300539,33,7092,0,,
300539,34,7093,0,,
300539,35,7094,0,,
300539,36,7095,0,,
300539,37,7096,0,,
300539,38,7097,0,,
300539,39,7098,0,,
300539,40,7099,0,,
300539,41,7100,0,,
300539,42,7101,0,,
300539,43,7102,0,,
300539,44,7103,0,,
300539,45,7104,0,,
300539,46,7105,0,,
300539,47,7106,0,,
300539,48,7107,0,,
300539,49,7108,0,,
300539,50,7109,0,,
300539,51,7110,0,,
300539,52,7111,0,,
300539,53,7112,0,,
300539,54,7113,0,,
300539,55,7114,0,,
300539,56,7115,0,,
300539,57,7116,0,,
300539,58,7136,0,,
300539,59,7137,0,,
300539,60,7138,0,,
300539,61,7139,0,,
300539,62,7140,0,,
300539,63,7141,0,,
300539,64,7142,0,,
300539,65,7143,0,,
300539,66,7144,0,,
300539,67,7145,0,,
300539,68,7146,0,,
300539,69,7147,0,,
300539,70,7148,0,,
300539,71,7149,0,,
300539,72,7150,0,,
300539,73,7151,0,,
300539,74,7152,0,,
300539,75,7153,0,,
300539,76,7154,0,,
300539,77,7155,0,,
300539,78,7156,0,,
300539,79,7157,0,,
300539,80,7158,0,,
300539,81,7159,0,,
300539,82,7160,0,,
300539,83,7161,0,,
300539,84,7162,0,,
300539,85,7163,0,,
300539,86,7164,0,,
300539,87,7165,0,,
300539,88,7166,0,,
300539,89,7167,0,,
300539,90,7168,0,,
300539,91,7169,0,,
300539,92,7170,0,,
300539,93,7171,0,,
300539,94,7172,0,,
300539,95,7173,0,,
300539,96,7174,0,,
300539,97,7175,0,,
300539,98,7176,0,,
300539,99,7177,0,,
300539,100,7178,0,,
300540,1,7280,0,,
300540,2,7281,0,,
300540,3,7282,0,,
300540,4,7283,0,,
300540,5,7284,0,,
300540,6,7285,0,,
300540,7,7286,0,,
300540,8,7287,0,,
300540,9,7288,0,,
300540,10,7289,0,,
300540,11,7290,0,,
300540,12,7291,0,,
300540,13,7292,0,,
300540,14,7293,0,,
300540,15,7294,0,,
300540,16,7295,0,,
300540,17,7296,0,,
300540,18,7297,0,,
300540,19,7298,0,,
300540,20,7299,0,,
300540,21,7300,0,,
300540,22,7301,0,,
300540,23,7302,0,,
300540,24,7303,0,,
300540,25,7304,0,,
300540,26,7305,0,,
300540,27,7306,0,,
300540,28,7307,0,,
300540,29,7308,0,,
300540,30,7309,0,,
300540,31,7310,0,,
300540,32,7311,0,,
300540,33,7312,0,,
300540,34,7313,0,,
300540,35,7314,0,,
300540,36,7315,0,,
300540,37,7316,0,,
300540,38,7317,0,,
300540,39,7318,0,,
300540,40,7319,0,,
300540,41,7320,0,,
300540,42,7321,0,,
300540,43,7322,0,,
300540,44,7323,0,,
300540,45,7324,0,,
300540,46,7325,0,,
300540,47,7326,0,,
300540,48,7327,0,,
300540,49,7328,0,,
300540,50,7329,0,,
300540,51,7330,0,,
300540,52,7331,0,,
300540,53,7332,0,,
300540,54,7333,0,,
300540,55,7334,0,,
300540,56,7335,0,,
300540,57,7336,0,,
300540,58,7337,0,,
300540,59,7338,0,,
300540,60,7339,0,,
300540,61,7340,0,,
300540,62,7341,0,,
300540,63,7342,0,,
300540,64,7343,0,,
300540,65,7344,0,,
300540,66,7345,0,,
300540,67,7346,0,,
300540,68,7347,0,,
300540,69,7348,0,,
300540,70,7349,0,,
300540,71,7350,0,,
300540,72,7351,0,,
300540,73,7352,0,,
300540,74,7353,0,,
300540,75,7354,0,,
300540,76,7355,0,,
300540,77,7356,0,,
300540,78,7357,0,,
300540,79,7358,0,,
300540,80,7359,0,,
300540,81,7360,0,,
300540,82,7361,0,,
300540,83,7362,0,,
300540,84,7363,0,,
300540,85,7364,0,,
300540,86,7365,0,,
300540,87,7366,0,,
300540,88,7367,0,,
300540,89,7368,0,,
300540,90,7369,0,,
300540,91,7370,0,,
300540,92,7371,0,,
300540,93,7372,0,,
300540,94,7373,0,,
300540,95,7374,0,,
300540,96,7375,0,,
300540,97,7376,0,,
300540,98,7377,0,,
300540,99,7378,0,,
300540,100,7379,0,,
300540,101,7380,0,,
300540,102,7381,0,,
300540,103,7382,0,,
300540,104,7383,0,,
300540,105,7384,0,,
300540,106,7385,0,,
300540,107,7386,0,,
300540,108,7387,0,,
300540,109,7388,0,,
300540,110,7389,0,,
300540,111,7390,0,,
300540,112,7391,0,,
300540,113,7392,0,,
300540,114,7393,0,,
300540,115,7394,0,,
300540,116,7395,0,,
300540,117,7396,0,,
300540,118,7397,0,,
300540,119,7398,0,,
300540,120,7399,0,,
300540,121,7400,0,,
300540,122,7401,0,,
300540,123,7402,0,,
300540,124,7403,0,,
300540,125,7404,0,,
300540,126,7405,0,,
300540,127,7406,0,,
300540,128,7407,0,,
300540,129,7408,0,,
300540,130,7409,0,,
300540,131,7410,0,,
300540,132,7411,0,,
300540,133,7412,0,,
300540,134,7413,0,,
300540,135,7414,0,,
300540,136,7415,0,,
300540,137,7416,0,,
300540,138,7417,0,,
300540,139,7418,0,,
300540,140,7419,0,,
300540,141,7420,0,,
300540,142,7421,0,,
300540,143,7422,0,,
300540,144,7423,0,,
300540,145,7424,0,,
300540,146,7425,0,,
300540,147,7426,0,,
300540,148,7427,0,,
300540,149,7428,0,,
300541,1,7429,0,,
300541,2,7430,0,,
300541,3,7431,0,,
300541,4,7432,0,,
300541,5,7433,0,,
300541,6,7434,0,,
300541,7,7435,0,,
300541,8,7436,0,,
300541,9,7437,0,,
300541,10,7438,0,,
300541,11,7439,0,,
300541,12,7440,0,,
300541,13,7441,0,,
300541,14,7442,0,,
300541,15,7443,0,,
300541,16,7444,0,,
300541,17,7445,0,,
300541,18,7446,0,,
300541,19,7447,0,,
300541,20,7448,0,,
300541,21,7449,0,,
300541,22,7450,0,,
300541,23,7451,0,,
300541,24,7452,0,,
300541,25,7453,0,,
300541,26,7454,0,,
300541,27,7455,0,,
300541,28,7456,0,,
300541,29,7457,0,,
300541,30,7458,0,,
300541,31,7459,0,,
300541,32,7460,0,,
300541,33,7461,0,,
300541,34,7462,0,,
300541,35,7463,0,,
300541,36,7464,0,,
300541,37,7465,0,,
300541,38,7466,0,,
300541,39,7467,0,,
300541,40,7468,0,,
300541,41,7469,0,,
300541,42,7470,0,,
300541,43,7471,0,,
300541,44,7472,0,,
300541,45,7473,0,,
300541,46,7474,0,,
300541,47,7475,0,,
300541,48,7476,0,,
300541,49,7477,0,,
300541,50,7478,0,,
300541,51,7479,0,,
300541,52,7480,0,,
300541,53,7481,0,,
300541,54,7482,0,,
300541,55,7483,0,,
300541,56,7484,0,,
300541,57,7485,0,,
300541,58,7486,0,,
300541,59,7487,0,,
300541,60,7488,0,,
300541,61,7489,0,,
300541,62,7490,0,,
300541,63,7491,0,,
300541,64,7492,0,,
300541,65,7493,0,,
300541,66,7494,0,,
300541,67,7495,0,,
300541,68,7496,0,,
300541,69,7497,0,,
300541,70,7498,0,,
300541,71,7499,0,,
300541,72,7500,0,,
300541,73,7501,0,,
300541,74,7502,0,,
300541,75,7503,0,,
300541,76,7504,0,,
300541,77,7505,0,,
300541,78,7506,0,,
300541,79,7507,0,,
300541,80,7508,0,,
300541,81,7509,0,,
300541,82,7510,0,,
300541,83,7511,0,,
300541,84,7512,0,,
300541,85,7513,0,,
300541,86,7514,0,,
300541,87,7515,0,,
300541,88,7516,0,,
300541,89,7517,0,,
300541,90,7518,0,,
300541,91,7519,0,,
300541,92,7520,0,,
300541,93,7521,0,,
300541,94,7522,0,,
300541,95,7523,0,,
300541,96,7524,0,,
300541,97,7525,0,,
300541,98,7526,0,,
300541,99,7527,0,,
300541,100,7528,0,,
300541,101,7529,0,,
300541,102,7530,0,,
300541,103,7531,0,,
300541,104,7532,0,,
300541,105,7533,0,,
300541,106,7534,0,,
300541,107,7535,0,,
300541,108,7536,0,,
300541,109,7537,0,,
300541,110,7538,0,,
300541,111,7539,0,,
300541,112,7540,0,,
300541,113,7541,0,,
300541,114,7542,0,,
300541,115,7543,0,,
300541,116,7544,0,,
300541,117,7545,0,,
300541,118,7546,0,,
300541,119,7547,0,,
300541,120,7548,0,,
300541,121,7549,0,,
300541,122,7550,0,,
300541,123,7551,0,,
300541,124,7552,0,,
300541,125,7553,0,,
300541,126,7562,0,,
300541,127,7563,0,,
300541,128,7564,0,,
300541,129,7565,0,,
300541,130,7566,0,,
300541,131,7567,0,,
300541,132,7568,0,,
300541,133,7569,0,,
300541,134,7570,0,,
300541,135,7571,0,,
300541,136,7572,0,,
300541,137,7573,0,,
300541,138,7574,0,,
300541,139,7587,0,,
300541,140,7588,0,,
300541,141,7589,0,,
300541,142,7590,0,,
300541,143,7591,0,,
300541,144,7592,0,,
300541,145,7593,0,,
300541,146,7594,0,,
300541,147,7595,0,,
300541,148,7596,0,,
300541,149,7597,0,,
300541,150,7598,0,,
300542,1,7599,0,,
300542,2,7600,0,,
300542,3,7601,0,,
300542,4,7602,0,,
300542,5,7603,0,,
300542,6,7604,0,,
300542,7,7605,0,,
300542,8,7606,0,,
300542,9,7607,0,,
300542,10,7608,0,,
300542,11,7620,0,,
300542,12,7621,0,,
300542,13,7622,0,,
300542,14,7623,0,,
300542,15,7624,0,,
300542,16,7625,0,,
300542,17,7626,0,,
300542,18,7627,0,,
300542,19,7628,0,,
300542,20,7629,0,,
300542,21,7630,0,,
300542,22,7631,0,,
300542,23,7632,0,,
300542,24,7633,0,,
300542,25,7634,0,,
300542,26,7635,0,,
300542,27,7636,0,,
300542,28,7637,0,,
300542,29,7677,0,,
300542,30,7678,0,,
300542,31,7679,0,,
335103,1,5125,690,,
335145,1,5125,690,,
335187,1,5125,690,,
335229,1,5125,690,,
335230,1,5125,690,,
335231,1,5125,690,,
335277,1,5125,690,,
335319,1,5125,690,,
335366,1,5125,690,,
335383,1,6902,15480,,
335383,2,1829,600,5,3600
335383,3,5858,120000,1,3600
335383,4,5169,360,10,3600
335383,5,7131,42000,1,3600
335383,6,7132,42000,1,3600
335383,7,7585,600000,1,7200
335383,8,6926,22,1,3600
335383,9,6929,18,1,3600
335383,10,6931,18,1,3600
335383,11,6920,60,1,3600
335383,12,6922,120000,1,3600
335383,13,7700,120000,1,3600
335383,14,6940,4800,1,3600
335383,15,6941,4800,1,3600
335383,16,6942,4800,1,3600
335383,17,6978,14400,1,3600
335383,18,6979,14400,1,3600
335383,19,6980,14400,1,3600
335383,20,6981,14400,1,3600
335383,21,6982,14400,1,3600
335383,22,6983,14400,1,3600
335383,23,6984,14400,1,3600
335383,24,6985,14400,1,3600
335383,25,6986,14400,1,3600
335383,26,6987,14400,1,3600
335383,27,6988,14400,1,3600
335383,28,6989,14400,1,3600
335384,1,6902,15480,,
335384,2,1829,600,5,3600
335384,3,5858,120000,1,3600
335384,4,5169,360,10,3600
335384,5,7126,42000,1,3600
335384,6,7127,42000,1,3600
335384,7,7583,600000,1,7200
335384,8,6927,79,1,3600
335384,9,6933,288,1,3600
335384,10,6934,576,1,3600
335384,11,6930,43,1,3600
335384,12,6932,43,1,3600
335384,13,6937,576,1,3600
335384,14,6920,60,1,3600
335384,15,6924,120000,1,3600
335384,16,7699,120000,1,3600
335384,17,6943,4800,1,3600
335384,18,6944,4800,1,3600
335384,19,6945,4800,1,3600
335384,20,6946,4800,1,3600
335384,21,6966,12000,1,3600
335384,22,6967,12000,1,3600
335384,23,6968,12000,1,3600
335384,24,6969,12000,1,3600
335384,25,6970,12000,1,3600
335384,26,6971,12000,1,3600
335384,27,6972,12000,1,3600
335384,28,6973,12000,1,3600
335384,29,6974,12000,1,3600
335384,30,6975,12000,1,3600
335384,31,6976,12000,1,3600
335384,32,6977,12000,1,3600
335386,1,6902,15480,,
335386,2,1829,600,5,3600
335386,3,5858,120000,1,3600
335386,4,5169,360,10,3600
335386,5,7126,42000,1,3600
335386,6,7127,42000,1,3600
335386,7,7583,600000,1,7200
335386,8,6927,79,1,3600
335386,9,6933,288,1,3600
335386,10,6934,576,1,3600
335386,11,6930,43,1,3600
335386,12,6932,43,1,3600
335386,13,6937,576,1,3600
335386,14,6920,60,1,3600
335386,15,6924,120000,1,3600
335386,16,7699,120000,1,3600
335386,17,6943,4800,1,3600
335386,18,6944,4800,1,3600
335386,19,6945,4800,1,3600
335386,20,6946,4800,1,3600
335386,21,6966,12000,1,3600
335386,22,6967,12000,1,3600
335386,23,6968,12000,1,3600
335386,24,6969,12000,1,3600
335386,25,6970,12000,1,3600
335386,26,6971,12000,1,3600
335386,27,6972,12000,1,3600
335386,28,6973,12000,1,3600
335386,29,6974,12000,1,3600
335386,30,6975,12000,1,3600
335386,31,6976,12000,1,3600
335386,32,6977,12000,1,3600
335388,1,6902,15480,,
335388,2,1829,600,5,3600
335388,3,5858,120000,1,3600
335388,4,5169,360,10,3600
335388,5,7126,42000,1,3600
335388,6,7127,42000,1,3600
335388,7,7583,600000,1,7200
335388,8,6927,79,1,3600
335388,9,6933,288,1,3600
335388,10,6934,576,1,3600
335388,11,6930,43,1,3600
335388,12,6932,43,1,3600
335388,13,6937,576,1,3600
335388,14,6920,60,1,3600
335388,15,6924,120000,1,3600
335388,16,7699,120000,1,3600
335388,17,6943,4800,1,3600
335388,18,6944,4800,1,3600
335388,19,6945,4800,1,3600
335388,20,6946,4800,1,3600
335388,21,6966,12000,1,3600
335388,22,6967,12000,1,3600
335388,23,6968,12000,1,3600
335388,24,6969,12000,1,3600
335388,25,6970,12000,1,3600
335388,26,6971,12000,1,3600
335388,27,6972,12000,1,3600
335388,28,6973,12000,1,3600
335388,29,6974,12000,1,3600
335388,30,6975,12000,1,3600
335388,31,6976,12000,1,3600
335388,32,6977,12000,1,3600
335390,1,6902,15480,,
335390,2,1829,600,5,3600
335390,3,5858,120000,1,3600
335390,4,5169,360,10,3600
335390,5,7126,42000,1,3600
335390,6,7127,42000,1,3600
335390,7,7583,600000,1,7200
335390,8,6927,79,1,3600
335390,9,6933,288,1,3600
335390,10,6934,576,1,3600
335390,11,6930,43,1,3600
335390,12,6932,43,1,3600
335390,13,6937,576,1,3600
335390,14,6920,60,1,3600
335390,15,6924,120000,1,3600
335390,16,7699,120000,1,3600
335390,17,6943,4800,1,3600
335390,18,6944,4800,1,3600
335390,19,6945,4800,1,3600
335390,20,6946,4800,1,3600
335390,21,6966,12000,1,3600
335390,22,6967,12000,1,3600
335390,23,6968,12000,1,3600
335390,24,6969,12000,1,3600
335390,25,6970,12000,1,3600
335390,26,6971,12000,1,3600
335390,27,6972,12000,1,3600
335390,28,6973,12000,1,3600
335390,29,6974,12000,1,3600
335390,30,6975,12000,1,3600
335390,31,6976,12000,1,3600
335390,32,6977,12000,1,3600
335392,1,6902,15480,,
335392,2,1829,600,5,3600
335392,3,5858,120000,1,3600
335392,4,5169,360,10,3600
335392,5,7126,42000,1,3600
335392,6,7127,42000,1,3600
335392,7,7583,600000,1,7200
335392,8,6927,79,1,3600
335392,9,6933,288,1,3600
335392,10,6934,576,1,3600
335392,11,6930,43,1,3600
335392,12,6932,43,1,3600
335392,13,6937,576,1,3600
335392,14,6920,60,1,3600
335392,15,6924,120000,1,3600
335392,16,7699,120000,1,3600
335392,17,6943,4800,1,3600
335392,18,6944,4800,1,3600
335392,19,6945,4800,1,3600
335392,20,6946,4800,1,3600
335392,21,6966,12000,1,3600
335392,22,6967,12000,1,3600
335392,23,6968,12000,1,3600
335392,24,6969,12000,1,3600
335392,25,6970,12000,1,3600
335392,26,6971,12000,1,3600
335392,27,6972,12000,1,3600
335392,28,6973,12000,1,3600
335392,29,6974,12000,1,3600
335392,30,6975,12000,1,3600
335392,31,6976,12000,1,3600
335392,32,6977,12000,1,3600
335394,1,6902,15480,,
335394,2,1829,600,5,3600
335394,3,5858,120000,1,3600
335394,4,5169,360,10,3600
335394,5,7126,42000,1,3600
335394,6,7127,42000,1,3600
335394,7,7583,600000,1,7200
335394,8,6927,79,1,3600
335394,9,6933,288,1,3600
335394,10,6934,576,1,3600
335394,11,6930,43,1,3600
335394,12,6932,43,1,3600
335394,13,6937,576,1,3600
335394,14,6920,60,1,3600
335394,15,6924,120000,1,3600
335394,16,7699,120000,1,3600
335394,17,6943,4800,1,3600
335394,18,6944,4800,1,3600
335394,19,6945,4800,1,3600
335394,20,6946,4800,1,3600
335394,21,6966,12000,1,3600
335394,22,6967,12000,1,3600
335394,23,6968,12000,1,3600
335394,24,6969,12000,1,3600
335394,25,6970,12000,1,3600
335394,26,6971,12000,1,3600
335394,27,6972,12000,1,3600
335394,28,6973,12000,1,3600
335394,29,6974,12000,1,3600
335394,30,6975,12000,1,3600
335394,31,6976,12000,1,3600
335394,32,6977,12000,1,3600
335396,1,6902,15480,,
335396,2,1829,600,5,3600
335396,3,5858,120000,1,3600
335396,4,5169,360,10,3600
335396,5,7126,42000,1,3600
335396,6,7127,42000,1,3600
335396,7,7583,600000,1,7200
335396,8,6927,79,1,3600
335396,9,6933,288,1,3600
335396,10,6934,576,1,3600
335396,11,6930,43,1,3600
335396,12,6932,43,1,3600
335396,13,6937,576,1,3600
335396,14,6920,60,1,3600
335396,15,6924,120000,1,3600
335396,16,7699,120000,1,3600
335396,17,6943,4800,1,3600
335396,18,6944,4800,1,3600
335396,19,6945,4800,1,3600
335396,20,6946,4800,1,3600
335396,21,6966,12000,1,3600
335396,22,6967,12000,1,3600
335396,23,6968,12000,1,3600
335396,24,6969,12000,1,3600
335396,25,6970,12000,1,3600
335396,26,6971,12000,1,3600
335396,27,6972,12000,1,3600
335396,28,6973,12000,1,3600
335396,29,6974,12000,1,3600
335396,30,6975,12000,1,3600
335396,31,6976,12000,1,3600
335396,32,6977,12000,1,3600
335398,1,6902,15480,,
335398,2,1829,600,5,3600
335398,3,5858,120000,1,3600
335398,4,5169,360,10,3600
335398,5,7126,42000,1,3600
335398,6,7127,42000,1,3600
335398,7,7583,600000,1,7200
335398,8,6927,79,1,3600
335398,9,6933,288,1,3600
335398,10,6934,576,1,3600
335398,11,6930,43,1,3600
335398,12,6932,43,1,3600
335398,13,6937,576,1,3600
335398,14,6920,60,1,3600
335398,15,6924,120000,1,3600
335398,16,7699,120000,1,3600
335398,17,6943,4800,1,3600
335398,18,6944,4800,1,3600
335398,19,6945,4800,1,3600
335398,20,6946,4800,1,3600
335398,21,6966,12000,1,3600
335398,22,6967,12000,1,3600
335398,23,6968,12000,1,3600
335398,24,6969,12000,1,3600
335398,25,6970,12000,1,3600
335398,26,6971,12000,1,3600
335398,27,6972,12000,1,3600
335398,28,6973,12000,1,3600
335398,29,6974,12000,1,3600
335398,30,6975,12000,1,3600
335398,31,6976,12000,1,3600
335398,32,6977,12000,1,3600
335400,1,6902,15480,,
335400,2,1829,600,5,3600
335400,3,5858,120000,1,3600
335400,4,5169,360,10,3600
335400,5,7126,42000,1,3600
335400,6,7127,42000,1,3600
335400,7,7583,600000,1,7200
335400,8,6927,79,1,3600
335400,9,6933,288,1,3600
335400,10,6934,576,1,3600
335400,11,6930,43,1,3600
335400,12,6932,43,1,3600
335400,13,6937,576,1,3600
335400,14,6920,60,1,3600
335400,15,6924,120000,1,3600
335400,16,7699,120000,1,3600
335400,17,6943,4800,1,3600
335400,18,6944,4800,1,3600
335400,19,6945,4800,1,3600
335400,20,6946,4800,1,3600
335400,21,6966,12000,1,3600
335400,22,6967,12000,1,3600
335400,23,6968,12000,1,3600
335400,24,6969,12000,1,3600
335400,25,6970,12000,1,3600
335400,26,6971,12000,1,3600
335400,27,6972,12000,1,3600
335400,28,6973,12000,1,3600
335400,29,6974,12000,1,3600
335400,30,6975,12000,1,3600
335400,31,6976,12000,1,3600
335400,32,6977,12000,1,3600
335403,1,6902,15480,,
335403,2,1829,600,5,3600
335403,3,5858,120000,1,3600
335403,4,5169,360,10,3600
335403,5,7131,42000,1,3600
335403,6,7132,42000,1,3600
335403,7,7585,600000,1,7200
335403,8,6926,22,1,3600
335403,9,6929,18,1,3600
335403,10,6931,18,1,3600
335403,11,6920,60,1,3600
335403,12,6922,120000,1,3600
335403,13,7700,120000,1,3600
335403,14,6940,4800,1,3600
335403,15,6941,4800,1,3600
335403,16,6942,4800,1,3600
335403,17,6954,8400,1,3600
335403,18,6955,8400,1,3600
335403,19,6956,8400,1,3600
335403,20,6957,8400,1,3600
335403,21,6958,8400,1,3600
335403,22,6959,8400,1,3600
335403,23,6960,8400,1,3600
335403,24,6961,8400,1,3600
335403,25,6962,8400,1,3600
335403,26,6963,8400,1,3600
335403,27,6964,8400,1,3600
335403,28,6965,8400,1,3600
335405,1,6902,15480,,
335405,2,1829,600,5,3600
335405,3,5858,120000,1,3600
335405,4,5169,360,10,3600
335405,5,7131,42000,1,3600
335405,6,7132,42000,1,3600
335405,7,7585,600000,1,7200
335405,8,6926,22,1,3600
335405,9,6929,18,1,3600
335405,10,6931,18,1,3600
335405,11,6920,60,1,3600
335405,12,6922,120000,1,3600
335405,13,7700,120000,1,3600
335405,14,6940,4800,1,3600
335405,15,6941,4800,1,3600
335405,16,6942,4800,1,3600
335405,17,6954,8400,1,3600
335405,18,6955,8400,1,3600
335405,19,6956,8400,1,3600
335405,20,6957,8400,1,3600
335405,21,6958,8400,1,3600
335405,22,6959,8400,1,3600
335405,23,6960,8400,1,3600
335405,24,6961,8400,1,3600
335405,25,6962,8400,1,3600
335405,26,6963,8400,1,3600
335405,27,6964,8400,1,3600
335405,28,6965,8400,1,3600
335407,1,6902,15480,,
335407,2,1829,600,5,3600
335407,3,5858,120000,1,3600
335407,4,5169,360,10,3600
335407,5,7131,42000,1,3600
335407,6,7132,42000,1,3600
335407,7,7585,600000,1,7200
335407,8,6926,22,1,3600
335407,9,6929,18,1,3600
335407,10,6931,18,1,3600
335407,11,6920,60,1,3600
335407,12,6922,120000,1,3600
335407,13,7700,120000,1,3600
335407,14,6940,4800,1,3600
335407,15,6941,4800,1,3600
335407,16,6942,4800,1,3600
335407,17,6954,8400,1,3600
335407,18,6955,8400,1,3600
335407,19,6956,8400,1,3600
335407,20,6957,8400,1,3600
335407,21,6958,8400,1,3600
335407,22,6959,8400,1,3600
335407,23,6960,8400,1,3600
335407,24,6961,8400,1,3600
335407,25,6962,8400,1,3600
335407,26,6963,8400,1,3600
335407,27,6964,8400,1,3600
335407,28,6965,8400,1,3600
335421,1,6902,15480,,
335421,2,6316,360,,
335421,3,1829,600,5,3600
335421,4,5858,120000,3,3600
335421,5,5169,360,10,3600
335421,6,956,7200,1,7200
335421,7,952,18000,1,432000
335421,8,948,96000,1,2160000
335421,9,7124,42000,1,3600
335421,10,7125,42000,1,3600
335421,11,7584,600000,1,7200
335421,12,6928,216,1,3600
335421,13,6935,720,1,3600
335421,14,6936,1440,1,3600
335421,15,6938,1440,1,3600
335421,16,6921,300,1,3600
335421,17,6923,120000,1,3600
335421,18,7691,120000,1,3600
335421,19,6947,4800,1,3600
335421,20,6948,4800,1,3600
335421,21,6949,4800,1,3600
335421,22,6950,4800,1,3600
335421,23,6951,4800,1,3600
335421,24,6952,4800,1,3600
335421,25,6953,4800,1,3600
335421,26,7002,34800,1,3600
335421,27,7003,34800,1,3600
335421,28,7004,34800,1,3600
335421,29,7005,34800,1,3600
335421,30,7006,34800,1,3600
335421,31,7007,34800,1,3600
335421,32,7008,34800,1,3600
335421,33,7009,34800,1,3600
335421,34,7010,34800,1,3600
335421,35,7011,34800,1,3600
335421,36,7012,34800,1,3600
335421,37,7013,34800,1,3600
335439,1,6902,15480,,
335439,2,6316,360,,
335439,3,1829,600,5,3600
335439,4,5858,120000,3,3600
335439,5,5169,360,10,3600
335439,6,7124,42000,1,3600
335439,7,7125,42000,1,3600
335439,8,7584,600000,1,7200
335439,9,6928,216,1,3600
335439,10,6935,720,1,3600
335439,11,6936,1440,1,3600
335439,12,6938,1440,1,3600
335439,13,6921,300,1,3600
335439,14,6923,120000,1,3600
335439,15,7691,120000,1,3600
335439,16,6947,4800,1,3600
335439,17,6948,4800,1,3600
335439,18,6949,4800,1,3600
335439,19,6950,4800,1,3600
335439,20,6951,4800,1,3600
335439,21,6952,4800,1,3600
335439,22,6953,4800,1,3600
335439,23,7002,34800,1,3600
335439,24,7003,34800,1,3600
335439,25,7004,34800,1,3600
335439,26,7005,34800,1,3600
335439,27,7006,34800,1,3600
335439,28,7007,34800,1,3600
335439,29,7008,34800,1,3600
335439,30,7009,34800,1,3600
335439,31,7010,34800,1,3600
335439,32,7011,34800,1,3600
335439,33,7012,34800,1,3600
335439,34,7013,34800,1,3600
335441,1,6902,15480,,
335441,2,6316,360,,
335441,3,1829,600,5,3600
335441,4,5858,120000,3,3600
335441,5,5169,360,10,3600
335441,6,7124,42000,1,3600
335441,7,7125,42000,1,3600
335441,8,7584,600000,1,7200
335441,9,6928,216,1,3600
335441,10,6935,720,1,3600
335441,11,6936,1440,1,3600
335441,12,6938,1440,1,3600
335441,13,6921,300,1,3600
335441,14,6923,120000,1,3600
335441,15,7691,120000,1,3600
335441,16,6947,4800,1,3600
335441,17,6948,4800,1,3600
335441,18,6949,4800,1,3600
335441,19,6950,4800,1,3600
335441,20,6951,4800,1,3600
335441,21,6952,4800,1,3600
335441,22,6953,4800,1,3600
335441,23,7002,34800,1,3600
335441,24,7003,34800,1,3600
335441,25,7004,34800,1,3600
335441,26,7005,34800,1,3600
335441,27,7006,34800,1,3600
335441,28,7007,34800,1,3600
335441,29,7008,34800,1,3600
335441,30,7009,34800,1,3600
335441,31,7010,34800,1,3600
335441,32,7011,34800,1,3600
335441,33,7012,34800,1,3600
335441,34,7013,34800,1,3600
335443,1,6902,15480,,
335443,2,6316,360,,
335443,3,1829,600,5,3600
335443,4,5858,120000,3,3600
335443,5,5169,360,10,3600
335443,6,7124,42000,1,3600
335443,7,7125,42000,1,3600
335443,8,7584,600000,1,7200
335443,9,6928,216,1,3600
335443,10,6935,720,1,3600
335443,11,6936,1440,1,3600
335443,12,6938,1440,1,3600
335443,13,6921,300,1,3600
335443,14,6923,120000,1,3600
335443,15,7691,120000,1,3600
335443,16,6947,4800,1,3600
335443,17,6948,4800,1,3600
335443,18,6949,4800,1,3600
335443,19,6950,4800,1,3600
335443,20,6951,4800,1,3600
335443,21,6952,4800,1,3600
335443,22,6953,4800,1,3600
335443,23,7002,34800,1,3600
335443,24,7003,34800,1,3600
335443,25,7004,34800,1,3600
335443,26,7005,34800,1,3600
335443,27,7006,34800,1,3600
335443,28,7007,34800,1,3600
335443,29,7008,34800,1,3600
335443,30,7009,34800,1,3600
335443,31,7010,34800,1,3600
335443,32,7011,34800,1,3600
335443,33,7012,34800,1,3600
335443,34,7013,34800,1,3600
335445,1,6902,15480,,
335445,2,6316,360,,
335445,3,1829,600,5,3600
335445,4,5858,120000,3,3600
335445,5,5169,360,10,3600
335445,6,7124,42000,1,3600
335445,7,7125,42000,1,3600
335445,8,7584,600000,1,7200
335445,9,6928,216,1,3600
335445,10,6935,720,1,3600
335445,11,6936,1440,1,3600
335445,12,6938,1440,1,3600
335445,13,6921,300,1,3600
335445,14,6923,120000,1,3600
335445,15,7691,120000,1,3600
335445,16,6947,4800,1,3600
335445,17,6948,4800,1,3600
335445,18,6949,4800,1,3600
335445,19,6950,4800,1,3600
335445,20,6951,4800,1,3600
335445,21,6952,4800,1,3600
335445,22,6953,4800,1,3600
335445,23,7002,34800,1,3600
335445,24,7003,34800,1,3600
335445,25,7004,34800,1,3600
335445,26,7005,34800,1,3600
335445,27,7006,34800,1,3600
335445,28,7007,34800,1,3600
335445,29,7008,34800,1,3600
335445,30,7009,34800,1,3600
335445,31,7010,34800,1,3600
335445,32,7011,34800,1,3600
335445,33,7012,34800,1,3600
335445,34,7013,34800,1,3600
335447,1,6902,15480,,
335447,2,6316,360,,
335447,3,1829,600,5,3600
335447,4,5858,120000,3,3600
335447,5,5169,360,10,3600
335447,6,7124,42000,1,3600
335447,7,7125,42000,1,3600
335447,8,7584,600000,1,7200
335447,9,6928,216,1,3600
335447,10,6935,720,1,3600
335447,11,6936,1440,1,3600
335447,12,6938,1440,1,3600
335447,13,6921,300,1,3600
335447,14,6923,120000,1,3600
335447,15,7691,120000,1,3600
335447,16,6947,4800,1,3600
335447,17,6948,4800,1,3600
335447,18,6949,4800,1,3600
335447,19,6950,4800,1,3600
335447,20,6951,4800,1,3600
335447,21,6952,4800,1,3600
335447,22,6953,4800,1,3600
335447,23,7002,34800,1,3600
335447,24,7003,34800,1,3600
335447,25,7004,34800,1,3600
335447,26,7005,34800,1,3600
335447,27,7006,34800,1,3600
335447,28,7007,34800,1,3600
335447,29,7008,34800,1,3600
335447,30,7009,34800,1,3600
335447,31,7010,34800,1,3600
335447,32,7011,34800,1,3600
335447,33,7012,34800,1,3600
335447,34,7013,34800,1,3600
335449,1,6902,15480,,
335449,2,6316,360,,
335449,3,1829,600,5,3600
335449,4,5858,120000,3,3600
335449,5,5169,360,10,3600
335449,6,7124,42000,1,3600
335449,7,7125,42000,1,3600
335449,8,7584,600000,1,7200
335449,9,6928,216,1,3600
335449,10,6935,720,1,3600
335449,11,6936,1440,1,3600
335449,12,6938,1440,1,3600
335449,13,6921,300,1,3600
335449,14,6923,120000,1,3600
335449,15,7691,120000,1,3600
335449,16,6947,4800,1,3600
335449,17,6948,4800,1,3600
335449,18,6949,4800,1,3600
335449,19,6950,4800,1,3600
335449,20,6951,4800,1,3600
335449,21,6952,4800,1,3600
335449,22,6953,4800,1,3600
335449,23,7002,34800,1,3600
335449,24,7003,34800,1,3600
335449,25,7004,34800,1,3600
335449,26,7005,34800,1,3600
335449,27,7006,34800,1,3600
335449,28,7007,34800,1,3600
335449,29,7008,34800,1,3600
335449,30,7009,34800,1,3600
335449,31,7010,34800,1,3600
335449,32,7011,34800,1,3600
335449,33,7012,34800,1,3600
335449,34,7013,34800,1,3600
335451,1,6902,15480,,
335451,2,1829,600,5,3600
335451,3,5858,120000,3,3600
335451,4,5169,360,10,3600
335451,5,7122,42000,1,3600
335451,6,7123,42000,1,3600
335451,7,7584,600000,1,7200
335451,8,6928,216,1,3600
335451,9,6935,720,1,3600
335451,10,6936,1440,1,3600
335451,11,6938,1440,1,3600
335451,12,6921,300,1,3600
335451,13,6923,120000,1,3600
335451,14,7691,120000,1,3600
335451,15,6947,4800,1,3600
335451,16,6948,4800,1,3600
335451,17,6949,4800,1,3600
335451,18,6950,4800,1,3600
335451,19,6951,4800,1,3600
335451,20,6952,4800,1,3600
335451,21,6953,4800,1,3600
335451,22,7002,34800,1,3600
335451,23,7003,34800,1,3600
335451,24,7004,34800,1,3600
335451,25,7005,34800,1,3600
335451,26,7006,34800,1,3600
335451,27,7007,34800,1,3600
335451,28,7008,34800,1,3600
335451,29,7009,34800,1,3600
335451,30,7010,34800,1,3600
335451,31,7011,34800,1,3600
335451,32,7012,34800,1,3600
335451,33,7013,34800,1,3600
335453,1,6902,15480,,
335453,2,1829,600,5,3600
335453,3,5858,120000,3,3600
335453,4,5169,360,10,3600
335453,5,7122,42000,1,3600
335453,6,7123,42000,1,3600
335453,7,7584,600000,1,7200
335453,8,6928,216,1,3600
335453,9,6935,720,1,3600
335453,10,6936,1440,1,3600
335453,11,6938,1440,1,3600
335453,12,6921,300,1,3600
335453,13,6923,120000,1,3600
335453,14,7691,120000,1,3600
335453,15,6947,4800,1,3600
335453,16,6948,4800,1,3600
335453,17,6949,4800,1,3600
335453,18,6950,4800,1,3600
335453,19,6951,4800,1,3600
335453,20,6952,4800,1,3600
335453,21,6953,4800,1,3600
335453,22,7002,34800,1,3600
335453,23,7003,34800,1,3600
335453,24,7004,34800,1,3600
335453,25,7005,34800,1,3600
335453,26,7006,34800,1,3600
335453,27,7007,34800,1,3600
335453,28,7008,34800,1,3600
335453,29,7009,34800,1,3600
335453,30,7010,34800,1,3600
335453,31,7011,34800,1,3600
335453,32,7012,34800,1,3600
335453,33,7013,34800,1,3600
335455,1,6902,15480,,
335455,2,1829,600,5,3600
335455,3,5858,120000,3,3600
335455,4,5169,360,10,3600
335455,5,7122,42000,1,3600
335455,6,7123,42000,1,3600
335455,7,7584,600000,1,7200
335455,8,6928,216,1,3600
335455,9,6935,720,1,3600
335455,10,6936,1440,1,3600
335455,11,6938,1440,1,3600
335455,12,6921,300,1,3600
335455,13,6923,120000,1,3600
335455,14,7691,120000,1,3600
335455,15,6947,4800,1,3600
335455,16,6948,4800,1,3600
335455,17,6949,4800,1,3600
335455,18,6950,4800,1,3600
335455,19,6951,4800,1,3600
335455,20,6952,4800,1,3600
335455,21,6953,4800,1,3600
335455,22,7002,34800,1,3600
335455,23,7003,34800,1,3600
335455,24,7004,34800,1,3600
335455,25,7005,34800,1,3600
335455,26,7006,34800,1,3600
335455,27,7007,34800,1,3600
335455,28,7008,34800,1,3600
335455,29,7009,34800,1,3600
335455,30,7010,34800,1,3600
335455,31,7011,34800,1,3600
335455,32,7012,34800,1,3600
335455,33,7013,34800,1,3600
335457,1,6902,15480,,
335457,2,1829,600,5,3600
335457,3,5858,120000,3,3600
335457,4,5169,360,10,3600
335457,5,7122,42000,1,3600
335457,6,7123,42000,1,3600
335457,7,7584,600000,1,7200
335457,8,6928,216,1,3600
335457,9,6935,720,1,3600
335457,10,6936,1440,1,3600
335457,11,6938,1440,1,3600
335457,12,6921,300,1,3600
335457,13,6923,120000,1,3600
335457,14,7691,120000,1,3600
335457,15,6947,4800,1,3600
335457,16,6948,4800,1,3600
335457,17,6949,4800,1,3600
335457,18,6950,4800,1,3600
335457,19,6951,4800,1,3600
335457,20,6952,4800,1,3600
335457,21,6953,4800,1,3600
335457,22,7002,34800,1,3600
335457,23,7003,34800,1,3600
335457,24,7004,34800,1,3600
335457,25,7005,34800,1,3600
335457,26,7006,34800,1,3600
335457,27,7007,34800,1,3600
335457,28,7008,34800,1,3600
335457,29,7009,34800,1,3600
335457,30,7010,34800,1,3600
335457,31,7011,34800,1,3600
335457,32,7012,34800,1,3600
335457,33,7013,34800,1,3600
335459,1,6902,15480,,
335459,2,1829,600,5,3600
335459,3,5858,120000,3,3600
335459,4,5169,360,10,3600
335459,5,7122,42000,1,3600
335459,6,7123,42000,1,3600
335459,7,7584,600000,1,7200
335459,8,6928,216,1,3600
335459,9,6935,720,1,3600
335459,10,6936,1440,1,3600
335459,11,6938,1440,1,3600
335459,12,6921,300,1,3600
335459,13,6923,120000,1,3600
335459,14,7691,120000,1,3600
335459,15,6947,4800,1,3600
335459,16,6948,4800,1,3600
335459,17,6949,4800,1,3600
335459,18,6950,4800,1,3600
335459,19,6951,4800,1,3600
335459,20,6952,4800,1,3600
335459,21,6953,4800,1,3600
335459,22,7002,34800,1,3600
335459,23,7003,34800,1,3600
335459,24,7004,34800,1,3600
335459,25,7005,34800,1,3600
335459,26,7006,34800,1,3600
335459,27,7007,34800,1,3600
335459,28,7008,34800,1,3600
335459,29,7009,34800,1,3600
335459,30,7010,34800,1,3600
335459,31,7011,34800,1,3600
335459,32,7012,34800,1,3600
335459,33,7013,34800,1,3600
335461,1,6902,15480,,
335461,2,1829,600,5,3600
335461,3,5858,120000,3,3600
335461,4,5169,360,10,3600
335461,5,7129,42000,1,3600
335461,6,7130,42000,1,3600
335461,7,7584,600000,1,7200
335461,8,6928,216,1,3600
335461,9,6935,720,1,3600
335461,10,6936,1440,1,3600
335461,11,6938,1440,1,3600
335461,12,6921,300,1,3600
335461,13,6923,120000,1,3600
335461,14,7691,120000,1,3600
335461,15,6947,4800,1,3600
335461,16,6948,4800,1,3600
335461,17,6949,4800,1,3600
335461,18,6950,4800,1,3600
335461,19,6951,4800,1,3600
335461,20,6952,4800,1,3600
335461,21,6953,4800,1,3600
335461,22,7002,34800,1,3600
335461,23,7003,34800,1,3600
335461,24,7004,34800,1,3600
335461,25,7005,34800,1,3600
335461,26,7006,34800,1,3600
335461,27,7007,34800,1,3600
335461,28,7008,34800,1,3600
335461,29,7009,34800,1,3600
335461,30,7010,34800,1,3600
335461,31,7011,34800,1,3600
335461,32,7012,34800,1,3600
335461,33,7013,34800,1,3600
335463,1,6902,15480,,
335463,2,1829,600,5,3600
335463,3,5858,120000,3,3600
335463,4,5169,360,10,3600
335463,5,7129,42000,1,3600
335463,6,7130,42000,1,3600
335463,7,7584,600000,1,7200
335463,8,6928,216,1,3600
335463,9,6935,720,1,3600
335463,10,6936,1440,1,3600
335463,11,6938,1440,1,3600
335463,12,6921,300,1,3600
335463,13,6923,120000,1,3600
335463,14,7691,120000,1,3600
335463,15,6947,4800,1,3600
335463,16,6948,4800,1,3600
335463,17,6949,4800,1,3600
335463,18,6950,4800,1,3600
335463,19,6951,4800,1,3600
335463,20,6952,4800,1,3600
335463,21,6953,4800,1,3600
335463,22,7002,34800,1,3600
335463,23,7003,34800,1,3600
335463,24,7004,34800,1,3600
335463,25,7005,34800,1,3600
335463,26,7006,34800,1,3600
335463,27,7007,34800,1,3600
335463,28,7008,34800,1,3600
335463,29,7009,34800,1,3600
335463,30,7010,34800,1,3600
335463,31,7011,34800,1,3600
335463,32,7012,34800,1,3600
335463,33,7013,34800,1,3600
335465,1,6902,15480,,
335465,2,1829,600,5,3600
335465,3,5858,120000,3,3600
335465,4,5169,360,10,3600
335465,5,7129,42000,1,3600
335465,6,7130,42000,1,3600
335465,7,7584,600000,1,7200
335465,8,6928,216,1,3600
335465,9,6935,720,1,3600
335465,10,6936,1440,1,3600
335465,11,6938,1440,1,3600
335465,12,6921,300,1,3600
335465,13,6923,120000,1,3600
335465,14,7691,120000,1,3600
335465,15,6947,4800,1,3600
335465,16,6948,4800,1,3600
335465,17,6949,4800,1,3600
335465,18,6950,4800,1,3600
335465,19,6951,4800,1,3600
335465,20,6952,4800,1,3600
335465,21,6953,4800,1,3600
335465,22,7002,34800,1,3600
335465,23,7003,34800,1,3600
335465,24,7004,34800,1,3600
335465,25,7005,34800,1,3600
335465,26,7006,34800,1,3600
335465,27,7007,34800,1,3600
335465,28,7008,34800,1,3600
335465,29,7009,34800,1,3600
335465,30,7010,34800,1,3600
335465,31,7011,34800,1,3600
335465,32,7012,34800,1,3600
335465,33,7013,34800,1,3600
335467,1,6902,15480,,
335467,2,1829,600,5,3600
335467,3,5858,120000,3,3600
335467,4,5169,360,10,3600
335467,5,7129,42000,1,3600
335467,6,7130,42000,1,3600
335467,7,7584,600000,1,7200
335467,8,6928,216,1,3600
335467,9,6935,720,1,3600
335467,10,6936,1440,1,3600
335467,11,6938,1440,1,3600
335467,12,6921,300,1,3600
335467,13,6923,120000,1,3600
335467,14,7691,120000,1,3600
335467,15,6947,4800,1,3600
335467,16,6948,4800,1,3600
335467,17,6949,4800,1,3600
335467,18,6950,4800,1,3600
335467,19,6951,4800,1,3600
335467,20,6952,4800,1,3600
335467,21,6953,4800,1,3600
335467,22,7002,34800,1,3600
335467,23,7003,34800,1,3600
335467,24,7004,34800,1,3600
335467,25,7005,34800,1,3600
335467,26,7006,34800,1,3600
335467,27,7007,34800,1,3600
335467,28,7008,34800,1,3600
335467,29,7009,34800,1,3600
335467,30,7010,34800,1,3600
335467,31,7011,34800,1,3600
335467,32,7012,34800,1,3600
335467,33,7013,34800,1,3600
335512,1,5125,690,,
335558,1,5125,690,,
335566,1,6902,15480,,
335566,2,1829,600,5,3600
335566,3,5858,120000,3,3600
335566,4,5169,360,10,3600
335566,5,7129,42000,1,3600
335566,6,7130,42000,1,3600
335566,7,7584,600000,1,7200
335566,8,6928,216,1,3600
335566,9,6935,720,1,3600
335566,10,6936,1440,1,3600
335566,11,6938,1440,1,3600
335566,12,6921,300,1,3600
335566,13,6923,120000,1,3600
335566,14,7691,120000,1,3600
335566,15,6947,4800,1,3600
335566,16,6948,4800,1,3600
335566,17,6949,4800,1,3600
335566,18,6950,4800,1,3600
335566,19,6951,4800,1,3600
335566,20,6952,4800,1,3600
335566,21,6953,4800,1,3600
335566,22,7002,34800,1,3600
335566,23,7003,34800,1,3600
335566,24,7004,34800,1,3600
335566,25,7005,34800,1,3600
335566,26,7006,34800,1,3600
335566,27,7007,34800,1,3600
335566,28,7008,34800,1,3600
335566,29,7009,34800,1,3600
335566,30,7010,34800,1,3600
335566,31,7011,34800,1,3600
335566,32,7012,34800,1,3600
335566,33,7013,34800,1,3600
335568,1,6902,15480,,
335568,2,1829,600,5,3600
335568,3,5858,120000,3,3600
335568,4,5169,360,10,3600
335568,5,7129,42000,1,3600
335568,6,7130,42000,1,3600
335568,7,7584,600000,1,7200
335568,8,6928,216,1,3600
335568,9,6935,720,1,3600
335568,10,6936,1440,1,3600
335568,11,6938,1440,1,3600
335568,12,6921,300,1,3600
335568,13,6923,120000,1,3600
335568,14,7691,120000,1,3600
335568,15,6947,4800,1,3600
335568,16,6948,4800,1,3600
335568,17,6949,4800,1,3600
335568,18,6950,4800,1,3600
335568,19,6951,4800,1,3600
335568,20,6952,4800,1,3600
335568,21,6953,4800,1,3600
335568,22,7002,34800,1,3600
335568,23,7003,34800,1,3600
335568,24,7004,34800,1,3600
335568,25,7005,34800,1,3600
335568,26,7006,34800,1,3600
335568,27,7007,34800,1,3600
335568,28,7008,34800,1,3600
335568,29,7009,34800,1,3600
335568,30,7010,34800,1,3600
335568,31,7011,34800,1,3600
335568,32,7012,34800,1,3600
335568,33,7013,34800,1,3600
335570,1,6902,15480,,
335570,2,1829,600,5,3600
335570,3,5858,120000,3,3600
335570,4,5169,360,10,3600
335570,5,7129,42000,1,3600
335570,6,7130,42000,1,3600
335570,7,7584,600000,1,7200
335570,8,6928,216,1,3600
335570,9,6935,720,1,3600
335570,10,6936,1440,1,3600
335570,11,6938,1440,1,3600
335570,12,6921,300,1,3600
335570,13,6923,120000,1,3600
335570,14,7691,120000,1,3600
335570,15,6947,4800,1,3600
335570,16,6948,4800,1,3600
335570,17,6949,4800,1,3600
335570,18,6950,4800,1,3600
335570,19,6951,4800,1,3600
335570,20,6952,4800,1,3600
335570,21,6953,4800,1,3600
335570,22,7002,34800,1,3600
335570,23,7003,34800,1,3600
335570,24,7004,34800,1,3600
335570,25,7005,34800,1,3600
335570,26,7006,34800,1,3600
335570,27,7007,34800,1,3600
335570,28,7008,34800,1,3600
335570,29,7009,34800,1,3600
335570,30,7010,34800,1,3600
335570,31,7011,34800,1,3600
335570,32,7012,34800,1,3600
335570,33,7013,34800,1,3600
335572,1,6902,15480,,
335572,2,1829,600,5,3600
335572,3,5858,120000,3,3600
335572,4,5169,360,10,3600
335572,5,7129,42000,1,3600
335572,6,7130,42000,1,3600
335572,7,7584,600000,1,7200
335572,8,6928,216,1,3600
335572,9,6935,720,1,3600
335572,10,6936,1440,1,3600
335572,11,6938,1440,1,3600
335572,12,6921,300,1,3600
335572,13,6923,120000,1,3600
335572,14,7691,120000,1,3600
335572,15,6947,4800,1,3600
335572,16,6948,4800,1,3600
335572,17,6949,4800,1,3600
335572,18,6950,4800,1,3600
335572,19,6951,4800,1,3600
335572,20,6952,4800,1,3600
335572,21,6953,4800,1,3600
335572,22,7002,34800,1,3600
335572,23,7003,34800,1,3600
335572,24,7004,34800,1,3600
335572,25,7005,34800,1,3600
335572,26,7006,34800,1,3600
335572,27,7007,34800,1,3600
335572,28,7008,34800,1,3600
335572,29,7009,34800,1,3600
335572,30,7010,34800,1,3600
335572,31,7011,34800,1,3600
335572,32,7012,34800,1,3600
335572,33,7013,34800,1,3600
335574,1,6902,15480,,
335574,2,1829,600,5,3600
335574,3,5858,120000,3,3600
335574,4,5169,360,10,3600
335574,5,7129,42000,1,3600
335574,6,7130,42000,1,3600
335574,7,7584,600000,1,7200
335574,8,6928,216,1,3600
335574,9,6935,720,1,3600
335574,10,6936,1440,1,3600
335574,11,6938,1440,1,3600
335574,12,6921,300,1,3600
335574,13,6923,120000,1,3600
335574,14,7691,120000,1,3600
335574,15,6947,4800,1,3600
335574,16,6948,4800,1,3600
335574,17,6949,4800,1,3600
335574,18,6950,4800,1,3600
335574,19,6951,4800,1,3600
335574,20,6952,4800,1,3600
335574,21,6953,4800,1,3600
335574,22,7002,34800,1,3600
335574,23,7003,34800,1,3600
335574,24,7004,34800,1,3600
335574,25,7005,34800,1,3600
335574,26,7006,34800,1,3600
335574,27,7007,34800,1,3600
335574,28,7008,34800,1,3600
335574,29,7009,34800,1,3600
335574,30,7010,34800,1,3600
335574,31,7011,34800,1,3600
335574,32,7012,34800,1,3600
335574,33,7013,34800,1,3600
335576,1,6902,15480,,
335576,2,1829,600,5,3600
335576,3,5858,120000,3,3600
335576,4,5169,360,10,3600
335576,5,7129,42000,1,3600
335576,6,7130,42000,1,3600
335576,7,7584,600000,1,7200
335576,8,6928,216,1,3600
335576,9,6935,720,1,3600
335576,10,6936,1440,1,3600
335576,11,6938,1440,1,3600
335576,12,6921,300,1,3600
335576,13,6923,120000,1,3600
335576,14,7691,120000,1,3600
335576,15,6947,4800,1,3600
335576,16,6948,4800,1,3600
335576,17,6949,4800,1,3600
335576,18,6950,4800,1,3600
335576,19,6951,4800,1,3600
335576,20,6952,4800,1,3600
335576,21,6953,4800,1,3600
335576,22,7002,34800,1,3600
335576,23,7003,34800,1,3600
335576,24,7004,34800,1,3600
335576,25,7005,34800,1,3600
335576,26,7006,34800,1,3600
335576,27,7007,34800,1,3600
335576,28,7008,34800,1,3600
335576,29,7009,34800,1,3600
335576,30,7010,34800,1,3600
335576,31,7011,34800,1,3600
335576,32,7012,34800,1,3600
335576,33,7013,34800,1,3600
335578,1,6902,15480,,
335578,2,1829,600,5,3600
335578,3,5858,120000,3,3600
335578,4,5169,360,10,3600
335578,5,7129,42000,1,3600
335578,6,7130,42000,1,3600
335578,7,7584,600000,1,7200
335578,8,6928,216,1,3600
335578,9,6935,720,1,3600
335578,10,6936,1440,1,3600
335578,11,6938,1440,1,3600
335578,12,6921,300,1,3600
335578,13,6923,120000,1,3600
335578,14,7691,120000,1,3600
335578,15,6947,4800,1,3600
335578,16,6948,4800,1,3600
335578,17,6949,4800,1,3600
335578,18,6950,4800,1,3600
335578,19,6951,4800,1,3600
335578,20,6952,4800,1,3600
335578,21,6953,4800,1,3600
335578,22,7002,34800,1,3600
335578,23,7003,34800,1,3600
335578,24,7004,34800,1,3600
335578,25,7005,34800,1,3600
335578,26,7006,34800,1,3600
335578,27,7007,34800,1,3600
335578,28,7008,34800,1,3600
335578,29,7009,34800,1,3600
335578,30,7010,34800,1,3600
335578,31,7011,34800,1,3600
335578,32,7012,34800,1,3600
335578,33,7013,34800,1,3600
335580,1,6902,15480,,
335580,2,1829,600,5,3600
335580,3,5858,120000,3,3600
335580,4,5169,360,10,3600
335580,5,7129,42000,1,3600
335580,6,7130,42000,1,3600
335580,7,7584,600000,1,7200
335580,8,6928,216,1,3600
335580,9,6935,720,1,3600
335580,10,6936,1440,1,3600
335580,11,6938,1440,1,3600
335580,12,6921,300,1,3600
335580,13,6923,120000,1,3600
335580,14,7691,120000,1,3600
335580,15,6947,4800,1,3600
335580,16,6948,4800,1,3600
335580,17,6949,4800,1,3600
335580,18,6950,4800,1,3600
335580,19,6951,4800,1,3600
335580,20,6952,4800,1,3600
335580,21,6953,4800,1,3600
335580,22,7002,34800,1,3600
335580,23,7003,34800,1,3600
335580,24,7004,34800,1,3600
335580,25,7005,34800,1,3600
335580,26,7006,34800,1,3600
335580,27,7007,34800,1,3600
335580,28,7008,34800,1,3600
335580,29,7009,34800,1,3600
335580,30,7010,34800,1,3600
335580,31,7011,34800,1,3600
335580,32,7012,34800,1,3600
335580,33,7013,34800,1,3600
335582,1,6902,15480,,
335582,2,1829,600,5,3600
335582,3,5858,120000,3,3600
335582,4,5169,360,10,3600
335582,5,7129,42000,1,3600
335582,6,7130,42000,1,3600
335582,7,7584,600000,1,7200
335582,8,6928,216,1,3600
335582,9,6935,720,1,3600
335582,10,6936,1440,1,3600
335582,11,6938,1440,1,3600
335582,12,6921,300,1,3600
335582,13,6923,120000,1,3600
335582,14,7691,120000,1,3600
335582,15,6947,4800,1,3600
335582,16,6948,4800,1,3600
335582,17,6949,4800,1,3600
335582,18,6950,4800,1,3600
335582,19,6951,4800,1,3600
335582,20,6952,4800,1,3600
335582,21,6953,4800,1,3600
335582,22,7002,34800,1,3600
335582,23,7003,34800,1,3600
335582,24,7004,34800,1,3600
335582,25,7005,34800,1,3600
335582,26,7006,34800,1,3600
335582,27,7007,34800,1,3600
335582,28,7008,34800,1,3600
335582,29,7009,34800,1,3600
335582,30,7010,34800,1,3600
335582,31,7011,34800,1,3600
335582,32,7012,34800,1,3600
335582,33,7013,34800,1,3600
335584,1,6902,15480,,
335584,2,1829,600,5,3600
335584,3,5858,120000,3,3600
335584,4,5169,360,10,3600
335584,5,7129,42000,1,3600
335584,6,7130,42000,1,3600
335584,7,7584,600000,1,7200
335584,8,6928,216,1,3600
335584,9,6935,720,1,3600
335584,10,6936,1440,1,3600
335584,11,6938,1440,1,3600
335584,12,6921,300,1,3600
335584,13,6923,120000,1,3600
335584,14,7691,120000,1,3600
335584,15,6947,4800,1,3600
335584,16,6948,4800,1,3600
335584,17,6949,4800,1,3600
335584,18,6950,4800,1,3600
335584,19,6951,4800,1,3600
335584,20,6952,4800,1,3600
335584,21,6953,4800,1,3600
335584,22,7002,34800,1,3600
335584,23,7003,34800,1,3600
335584,24,7004,34800,1,3600
335584,25,7005,34800,1,3600
335584,26,7006,34800,1,3600
335584,27,7007,34800,1,3600
335584,28,7008,34800,1,3600
335584,29,7009,34800,1,3600
335584,30,7010,34800,1,3600
335584,31,7011,34800,1,3600
335584,32,7012,34800,1,3600
335584,33,7013,34800,1,3600
335586,1,6902,15480,,
335586,2,1829,600,5,3600
335586,3,5858,120000,3,3600
335586,4,5169,360,10,3600
335586,5,7129,42000,1,3600
335586,6,7130,42000,1,3600
335586,7,7584,600000,1,7200
335586,8,6928,216,1,3600
335586,9,6935,720,1,3600
335586,10,6936,1440,1,3600
335586,11,6938,1440,1,3600
335586,12,6921,300,1,3600
335586,13,6923,120000,1,3600
335586,14,7691,120000,1,3600
335586,15,6947,4800,1,3600
335586,16,6948,4800,1,3600
335586,17,6949,4800,1,3600
335586,18,6950,4800,1,3600
335586,19,6951,4800,1,3600
335586,20,6952,4800,1,3600
335586,21,6953,4800,1,3600
335586,22,7002,34800,1,3600
335586,23,7003,34800,1,3600
335586,24,7004,34800,1,3600
335586,25,7005,34800,1,3600
335586,26,7006,34800,1,3600
335586,27,7007,34800,1,3600
335586,28,7008,34800,1,3600
335586,29,7009,34800,1,3600
335586,30,7010,34800,1,3600
335586,31,7011,34800,1,3600
335586,32,7012,34800,1,3600
335586,33,7013,34800,1,3600
335644,1,5125,690,,
335645,1,5125,690,,
351001,1,6316,,,
351001,2,6838,,,
351001,3,7015,,,
351001,4,9607,,,
351001,5,13686,,,
351021,1,3960,30000,,
351021,2,3961,40000,,
351021,3,3962,50000,,
351021,4,3963,150000,,
351021,5,3964,150000,,
351021,6,3965,30000,,
351021,7,3966,40000,,
351021,8,3967,50000,,
351021,9,3968,150000,,
351021,10,3969,150000,,
351021,11,6038,60000,,
351021,12,6039,80000,,
351021,13,6040,100000,,
351021,14,6041,300000,,
351021,15,6042,300000,,
351021,16,6043,60000,,
351021,17,6044,80000,,
351021,18,6045,100000,,
351021,19,6046,300000,,
351021,20,6047,300000,,
351021,21,6115,120000,,
351021,22,6116,160000,,
351021,23,6117,200000,,
351021,24,6118,600000,,
351021,25,6119,600000,,
351021,26,6120,120000,,
351021,27,6121,160000,,
351021,28,6122,200000,,
351021,29,6123,600000,,
351021,30,6124,600000,,
351021,31,6175,30000,,
351021,32,6176,40000,,
351021,33,6177,50000,,
351021,34,6178,150000,,
351021,35,6179,150000,,
351021,36,6180,30000,,
351021,37,6181,40000,,
351021,38,6182,50000,,
351021,39,6183,150000,,
351021,40,6184,150000,,
351021,41,6235,15000,,
351021,42,6236,20000,,
351021,43,6237,25000,,
351021,44,6238,75000,,
351021,45,6239,75000,,
351021,46,6240,15000,,
351021,47,6241,20000,,
351021,48,6242,25000,,
351021,49,6243,75000,,
351021,50,6244,75000,,
351021,51,6295,1200000,,
351021,52,6296,1200000,,
351021,53,3970,1200000,,
351021,54,3971,1200000,,
351021,55,3972,1200000,,
351421,1,6316,,,
351421,2,6835,,,
351421,3,7015,,,
351421,4,9608,,,
351421,5,13686,,,
351441,1,3973,30000,,
351441,2,3974,40000,,
351441,3,3975,50000,,
351441,4,3976,150000,,
351441,5,3977,150000,,
351441,6,3978,30000,,
351441,7,3979,40000,,
351441,8,3980,50000,,
351441,9,3981,150000,,
351441,10,3982,150000,,
351441,11,6051,60000,,
351441,12,6052,80000,,
351441,13,6053,100000,,
351441,14,6054,300000,,
351441,15,6055,300000,,
351441,16,6056,60000,,
351441,17,6057,80000,,
351441,18,6058,100000,,
351441,19,6059,300000,,
351441,20,6060,300000,,
351441,21,6125,120000,,
351441,22,6126,160000,,
351441,23,6127,200000,,
351441,24,6128,600000,,
351441,25,6129,600000,,
351441,26,6130,120000,,
351441,27,6131,160000,,
351441,28,6132,200000,,
351441,29,6133,600000,,
351441,30,6134,600000,,
351441,31,6185,30000,,
351441,32,6186,40000,,
351441,33,6187,50000,,
351441,34,6188,150000,,
351441,35,6189,150000,,
351441,36,6190,30000,,
351441,37,6191,40000,,
351441,38,6192,50000,,
351441,39,6193,150000,,
351441,40,6194,150000,,
351441,41,6245,15000,,
351441,42,6246,20000,,
351441,43,6247,25000,,
351441,44,6248,75000,,
351441,45,6249,75000,,
351441,46,6250,15000,,
351441,47,6251,20000,,
351441,48,6252,25000,,
351441,49,6253,75000,,
351441,50,6254,75000,,
351441,51,6297,1200000,,
351441,52,6298,1200000,,
351441,53,3983,1200000,,
351441,54,3984,1200000,,
351441,55,3985,1200000,,
351841,1,6316,,,
351841,2,6839,,,
351841,3,7015,,,
351841,4,9609,,,
351841,5,13686,,,
351861,1,3986,30000,,
351861,2,3987,40000,,
351861,3,3988,50000,,
351861,4,3989,150000,,
351861,5,3990,150000,,
351861,6,3991,30000,,
351861,7,3992,40000,,
351861,8,3993,50000,,
351861,9,3994,150000,,
351861,10,3995,150000,,
351861,11,6064,60000,,
351861,12,6065,80000,,
351861,13,6066,200000,,
351861,14,6067,300000,,
351861,15,6068,300000,,
351861,16,6069,60000,,
351861,17,6070,80000,,
351861,18,6071,100000,,
351861,19,6072,300000,,
351861,20,6073,300000,,
351861,21,6135,120000,,
351861,22,6136,160000,,
351861,23,6137,200000,,
351861,24,6138,600000,,
351861,25,6139,600000,,
351861,26,6140,120000,,
351861,27,6141,160000,,
351861,28,6142,200000,,
351861,29,6143,600000,,
351861,30,6144,600000,,
351861,31,6195,30000,,
351861,32,6196,40000,,
351861,33,6197,50000,,
351861,34,6198,150000,,
351861,35,6199,150000,,
351861,36,6200,30000,,
351861,37,6201,40000,,
351861,38,6202,50000,,
351861,39,6203,150000,,
351861,40,6204,150000,,
351861,41,6255,15000,,
351861,42,6256,20000,,
351861,43,6257,25000,,
351861,44,6258,75000,,
351861,45,6259,75000,,
351861,46,6260,15000,,
351861,47,6261,20000,,
351861,48,6262,25000,,
351861,49,6263,75000,,
351861,50,6264,75000,,
351861,51,6299,1200000,,
351861,52,6300,1200000,,
351861,53,3996,1200000,,
351861,54,3997,1200000,,
351861,55,3998,1200000,,
352261,1,6316,,,
352261,2,6837,,,
352261,3,7015,,,
352261,4,9610,,,
352261,5,13686,,,
352281,1,3999,30000,,
352281,2,4000,40000,,
352281,3,4001,50000,,
352281,4,4002,150000,,
352281,5,4003,150000,,
352281,6,4004,30000,,
352281,7,4005,40000,,
352281,8,4006,50000,,
352281,9,4007,150000,,
352281,10,4008,150000,,
352281,11,6077,60000,,
352281,12,6078,80000,,
352281,13,6079,100000,,
352281,14,6080,300000,,
352281,15,6081,300000,,
352281,16,6082,60000,,
352281,17,6083,80000,,
352281,18,6084,100000,,
352281,19,6085,300000,,
352281,20,6086,300000,,
352281,21,6145,120000,,
352281,22,6146,160000,,
352281,23,6147,200000,,
352281,24,6148,600000,,
352281,25,6149,600000,,
352281,26,6150,120000,,
352281,27,6151,160000,,
352281,28,6152,200000,,
352281,29,6153,600000,,
352281,30,6154,600000,,
352281,31,6205,30000,,
352281,32,6206,40000,,
352281,33,6207,50000,,
352281,34,6208,150000,,
352281,35,6209,150000,,
352281,36,6210,30000,,
352281,37,6211,40000,,
352281,38,6212,50000,,
352281,39,6213,150000,,
352281,40,6214,150000,,
352281,41,6265,15000,,
352281,42,6266,20000,,
352281,43,6267,25000,,
352281,44,6268,75000,,
352281,45,6269,75000,,
352281,46,6270,15000,,
352281,47,6271,20000,,
352281,48,6272,25000,,
352281,49,6273,75000,,
352281,50,6274,75000,,
352281,51,6301,1200000,,
352281,52,6302,1200000,,
352281,53,4009,1200000,,
352281,54,4010,1200000,,
352281,55,4011,1200000,,
352741,1,6316,,,
352741,2,6840,,,
352741,3,7015,,,
352741,4,9611,,,
352741,5,13686,,,
352761,1,4012,30000,,
352761,2,4013,40000,,
352761,3,4014,50000,,
352761,4,4015,150000,,
352761,5,4016,150000,,
352761,6,4017,30000,,
352761,7,4018,40000,,
352761,8,4019,50000,,
352761,9,4020,150000,,
352761,10,4021,150000,,
352761,11,6090,60000,,
352761,12,6091,80000,,
352761,13,6092,100000,,
352761,14,6093,300000,,
352761,15,6094,300000,,
352761,16,6095,60000,,
352761,17,6096,80000,,
352761,18,6097,100000,,
352761,19,6098,300000,,
352761,20,6099,300000,,
352761,21,6155,120000,,
352761,22,6156,160000,,
352761,23,6157,200000,,
352761,24,6158,600000,,
352761,25,6159,600000,,
352761,26,6160,120000,,
352761,27,6161,160000,,
352761,28,6162,200000,,
352761,29,6163,600000,,
352761,30,6164,600000,,
352761,31,6215,30000,,
352761,32,6216,40000,,
352761,33,6217,50000,,
352761,34,6218,150000,,
352761,35,6219,150000,,
352761,36,6220,30000,,
352761,37,6221,40000,,
352761,38,6222,50000,,
352761,39,6223,150000,,
352761,40,6224,150000,,
352761,41,6275,15000,,
352761,42,6276,20000,,
352761,43,6277,25000,,
352761,44,6278,75000,,
352761,45,6279,75000,,
352761,46,6280,15000,,
352761,47,6281,20000,,
352761,48,6282,25000,,
352761,49,6283,75000,,
352761,50,6284,75000,,
352761,51,6303,1200000,,
352761,52,6304,1200000,,
352761,53,4022,1200000,,
352761,54,4023,1200000,,
352761,55,4024,1200000,,
352761,56,4025,1200000,,
352761,57,4026,1200000,,
353161,1,6316,,,
353161,2,6834,,,
353161,3,7015,,,
353161,4,9612,,,
353161,5,13686,,,
353181,1,5205,36000,,
353181,2,5206,48000,,
353181,3,5207,60000,,
353181,4,5208,180000,,
353181,5,5209,180000,,
353181,6,5210,36000,,
353181,7,5211,48000,,
353181,8,5212,60000,,
353181,9,5213,180000,,
353181,10,5214,180000,,
353181,11,6105,72000,,
353181,12,6106,108000,,
353181,13,6107,240000,,
353181,14,6108,360000,,
353181,15,6109,360000,,
353181,16,6110,72000,,
353181,17,6111,96000,,
353181,18,6112,120000,,
353181,19,6113,360000,,
353181,20,6114,360000,,
353181,21,6165,120000,,
353181,22,6166,160000,,
353181,23,6167,200000,,
353181,24,6168,600000,,
353181,25,6169,600000,,
353181,26,6170,120000,,
353181,27,6171,160000,,
353181,28,6172,200000,,
353181,29,6173,600000,,
353181,30,6174,600000,,
353181,31,6225,30000,,
353181,32,6226,40000,,
353181,33,6227,50000,,
353181,34,6228,150000,,
353181,35,6229,150000,,
353181,36,6230,30000,,
353181,37,6231,40000,,
353181,38,6232,50000,,
353181,39,6233,150000,,
353181,40,6234,150000,,
353181,41,6285,15000,,
353181,42,6286,20000,,
353181,43,6287,25000,,
353181,44,6288,75000,,
353181,45,6289,75000,,
353181,46,6290,15000,,
353181,47,6291,20000,,
353181,48,6292,25000,,
353181,49,6293,75000,,
353181,50,6294,75000,,
353181,51,6305,1200000,,
353181,52,6306,1200000,,
353181,53,5215,1200000,,
353181,54,5218,1200000,,
353181,55,5219,1200000,,
353631,1,6316,,,
353631,2,6836,,,
353631,3,7015,,,
353631,4,9613,,,
353631,5,13686,,,
353651,1,6779,30000,,
353651,2,6780,40000,,
353651,3,6781,50000,,
353651,4,6782,150000,,
353651,5,6783,150000,,
353651,6,6784,30000,,
353651,7,6785,40000,,
353651,8,6786,50000,,
353651,9,6787,150000,,
353651,10,6788,150000,,
353651,11,6792,60000,,
353651,12,6793,90000,,
353651,13,6794,200000,,
353651,14,6795,300000,,
353651,15,6796,300000,,
353651,16,6797,60000,,
353651,17,6798,80000,,
353651,18,6799,100000,,
353651,19,6800,300000,,
353651,20,6801,300000,,
353651,21,6802,120000,,
353651,22,6803,160000,,
353651,23,6804,200000,,
353651,24,6805,600000,,
353651,25,6806,600000,,
353651,26,6807,120000,,
353651,27,6808,160000,,
353651,28,6809,200000,,
353651,29,6810,600000,,
353651,30,6811,600000,,
353651,31,6812,30000,,
353651,32,6813,40000,,
353651,33,6814,50000,,
353651,34,6815,150000,,
353651,35,6816,150000,,
353651,36,6817,30000,,
353651,37,6818,40000,,
353651,38,6819,50000,,
353651,39,6820,150000,,
353651,40,6821,150000,,
353651,41,6822,15000,,
353651,42,6823,20000,,
353651,43,6824,25000,,
353651,44,6825,75000,,
353651,45,6826,75000,,
353651,46,6827,15000,,
353651,47,6828,20000,,
353651,48,6829,25000,,
353651,49,6830,75000,,
353651,50,6831,75000,,
353651,51,6832,1200000,,
353651,52,6833,1200000,,
353651,53,6789,1200000,,
353651,54,6790,1200000,,
353651,55,6791,1200000,,
355091,1,6316,,,
355091,2,8182,,,
355091,3,7015,,,
355091,4,9614,,,
355091,5,13686,,,
355111,1,7973,30000,,
355111,2,7974,40000,,
355111,3,7975,50000,,
355111,4,7976,150000,,
355111,5,7977,150000,,
355111,6,7978,30000,,
355111,7,7979,40000,,
355111,8,7980,50000,,
355111,9,7981,150000,,
355111,10,7982,150000,,
355111,11,7988,60000,,
355111,12,7989,80000,,
355111,13,7990,100000,,
355111,14,7991,300000,,
355111,15,7992,300000,,
355111,16,7993,60000,,
355111,17,7994,80000,,
355111,18,7995,100000,,
355111,19,7996,300000,,
355111,20,7997,300000,,
355111,21,7998,120000,,
355111,22,7999,160000,,
355111,23,8000,200000,,
355111,24,8001,600000,,
355111,25,8002,600000,,
355111,26,8003,120000,,
355111,27,8004,160000,,
355111,28,8005,200000,,
355111,29,8006,600000,,
355111,30,8007,600000,,
355111,31,8008,30000,,
355111,32,8009,40000,,
355111,33,8010,50000,,
355111,34,8011,150000,,
355111,35,8012,150000,,
355111,36,8013,30000,,
355111,37,8014,40000,,
355111,38,8015,50000,,
355111,39,8016,150000,,
355111,40,8017,150000,,
355111,41,8018,15000,,
355111,42,8019,20000,,
355111,43,8020,25000,,
355111,44,8021,75000,,
355111,45,8022,75000,,
355111,46,8023,15000,,
355111,47,8024,20000,,
355111,48,8025,25000,,
355111,49,8026,75000,,
355111,50,8027,75000,,
355111,51,8028,1200000,,
355111,52,8029,1200000,,
355111,53,7983,1200000,,
355111,54,7984,1200000,,
355111,55,7985,1200000,,
355111,56,7986,1200000,,
355111,57,7987,1200000,,
355551,1,6316,,,
355551,2,8183,,,
355551,3,7015,,,
355551,4,9615,,,
355551,5,13686,,,
355571,1,7918,30000,,
355571,2,7919,40000,,
355571,3,7920,50000,,
355571,4,7921,150000,,
355571,5,7922,150000,,
355571,6,7923,30000,,
355571,7,7924,40000,,
355571,8,7925,50000,,
355571,9,7926,150000,,
355571,10,7927,150000,,
355571,11,7931,60000,,
355571,12,7932,80000,,
355571,13,7933,100000,,
355571,14,7934,300000,,
355571,15,7935,300000,,
355571,16,7936,60000,,
355571,17,7937,80000,,
355571,18,7938,100000,,
355571,19,7939,300000,,
355571,20,7940,300000,,
355571,21,7941,120000,,
355571,22,7942,160000,,
355571,23,7943,200000,,
355571,24,7944,600000,,
355571,25,7945,600000,,
355571,26,7946,120000,,
355571,27,7947,160000,,
355571,28,7948,200000,,
355571,29,7949,600000,,
355571,30,7950,600000,,
355571,31,7951,30000,,
355571,32,7952,40000,,
355571,33,7953,50000,,
355571,34,7954,150000,,
355571,35,7955,150000,,
355571,36,7956,30000,,
355571,37,7957,40000,,
355571,38,7958,50000,,
355571,39,7959,150000,,
355571,40,7960,150000,,
355571,41,7961,15000,,
355571,42,7962,20000,,
355571,43,7963,25000,,
355571,44,7964,75000,,
355571,45,7965,75000,,
355571,46,7966,15000,,
355571,47,7967,20000,,
355571,48,7968,25000,,
355571,49,7969,75000,,
355571,50,7970,75000,,
355571,51,7971,1200000,,
355571,52,7972,1200000,,
355571,53,7928,1200000,,
355571,54,7929,1200000,,
3000100,0,1,,,
3000100,1,4,,,
3000100,2,11,,,
3000100,3,13,,,
3000100,4,3,,,
3000100,5,152,,,
3000100,6,12,,,
3000100,7,215,,,
3000100,8,14,,,
3000100,9,5,,,
3000100,10,153,,,
3000100,11,1333,,,
3000100,12,66,,,
3000100,13,67,,,
3000100,14,122,,,
3000100,15,154,,,
3000100,16,216,,,
3000100,17,271,,,
3000100,18,2,,,
3000100,19,218,,,
3000100,20,272,,,
3000100,21,15,,,
3000100,22,5284,,,
3000101,0,7,,,
3000101,1,308,,,
3000101,2,8,,,
3000101,3,99,,,
3000101,4,9,,,
3000101,5,176,,,
3000101,6,310,,,
3000101,7,9577,,,
3000101,8,9583,,,
3000200,0,28,,,
3000200,1,21,,,
3000200,2,29,,,
3000200,3,22,,,
3000200,4,30,,,
3000200,5,2386,,,
3000200,6,23,,,
3000200,7,412,,,
3000200,8,390,,,
3000200,9,24,,,
3000200,10,31,,,
3000200,11,18,,,
3000200,12,19,,,
3000200,13,20,,,
3000200,14,102,,,
3000200,15,48,,,
3000200,16,1119,,,
3000200,17,49,,,
3000200,18,50,,,
3000200,19,1121,,,
3000200,20,35,,,
3000200,21,36,,,
3000200,22,1129,,,
3000200,23,1122,,,
3000200,24,37,,,
3000200,25,38,,,
3000200,26,41,,,
3000200,27,42,,,
3000200,28,43,,,
3000200,29,44,,,
3000200,30,9577,,,
3000200,31,9583,,,
3000201,0,462,,,
3000201,1,426,,,
3000201,2,1103,,,
3000201,3,1100,,,
3000201,4,463,,,
3000201,5,428,,,
3000201,6,464,,,
3000201,7,429,,,
3000201,8,1104,,,
3000201,9,1101,,,
3000201,10,18,,,
3000201,11,19,,,
3000201,12,20,,,
3000201,13,102,,,
3000201,14,48,,,
3000201,15,1119,,,
3000201,16,49,,,
3000201,17,50,,,
3000201,18,1121,,,
3000201,19,35,,,
3000201,20,36,,,
3000201,21,1129,,,
3000201,22,1122,,,
3000201,23,37,,,
3000201,24,38,,,
3000201,25,41,,,
3000201,26,42,,,
3000201,27,43,,,
3000201,28,44,,,
3000201,29,9577,,,
3000201,30,9583,,,
3000300,0,118,,,
3000300,1,906,,,
3000300,2,907,,,
3000300,3,908,,,
3000300,4,112,,,
3000300,5,113,,,
3000300,6,114,,,
3000300,7,115,,,
3000300,8,845,,,
3000300,9,116,,,
3000300,10,875,,,
3000300,11,876,,,
3000300,12,877,,,
3000301,0,1294,,,
3000301,1,1095,,,
3000301,2,1048,,,
3000301,3,1050,,,
3000301,4,1051,,,
3000301,5,1049,,,
3000301,6,1152,,,
3000301,7,1054,,,
3000301,8,1058,,,
3000301,9,1099,,,
3000301,10,1098,,,
3000301,11,1056,,,
3000301,12,1055,,,
3000301,13,1053,,,
3000301,14,1052,,,
3000301,15,1097,,,
3000301,16,1096,,,
3000301,17,1386,,,
3000301,18,1514,,,
3000301,19,1372,,,
3000301,20,1667,,,
3000301,21,1671,,,
3000301,22,1669,,,
3000301,23,1403,,,
3000301,24,1405,,,
3000301,25,1370,,,
3000301,26,1401,,,
3000301,27,4916,,,
3000301,28,1411,,,
3000301,29,1513,,,
3000301,30,1399,,,
3000301,31,1515,,,
3000301,32,1371,,,
3000301,33,1383,,,
3000301,34,1377,,,
3000301,35,3038,,,
3000301,36,10025,,,
3000301,37,10026,,,
3000301,38,10073,,,
3000301,39,10072,,,
3000301,40,10027,,,
3000301,41,10028,,,
3000301,42,3100,,,
3000301,43,3431,,,
3000301,44,3430,,,
3000301,45,3429,,,
3000301,46,3101,,,
3000301,47,3042,,,
3000301,48,3071,,,
3000301,49,3432,,,
3000301,50,3098,,,
3000301,51,3048,,,
3000301,52,3073,,,
3000301,53,3941,,,
3000301,54,7638,,,
3000301,55,3067,,,
3000301,56,3102,,,
3000301,57,3075,,,
3000301,58,3077,,,
3000301,59,3064,,,
3000301,60,3074,,,
3000301,61,3056,,,
3000301,62,4922,,,
3000301,63,3039,,,
3000301,64,4918,,,
3000301,65,3058,,,
3000301,66,5813,,,
3000301,67,3092,,,
3000301,68,4917,,,
3000301,69,3081,,,
3000301,70,3094,,,
3000301,71,3061,,,
3000301,72,3062,,,
3000301,73,4206,,,
3000301,74,3076,,,
3000301,75,3053,,,
3000301,76,3047,,,
3000301,77,3052,,,
3000301,78,3065,,,
3000301,79,4200,,,
3000301,80,3069,,,
3000301,81,3095,,,
3000301,82,3096,,,
3000301,83,3097,,,
3000301,84,3057,,,
3000301,85,3091,,,
3000301,86,3093,,,
3000301,87,3080,,,
3000301,88,3063,,,
3000301,89,4913,,,
3000301,90,4208,,,
3000301,91,3060,,,
3000301,92,3072,,,
3000301,93,3099,,,
3000301,94,3049,,,
3000301,95,3044,,,
3000301,96,3043,,,
3000301,97,3078,,,
3000301,98,6398,,,
3000301,99,3068,,,
3000301,100,3079,,,
3000301,101,3059,,,
3000301,102,3070,,,
3000301,103,3046,,,
3000301,104,5812,,,
3000301,105,3066,,,
3000301,106,8398,,,
3000301,107,8396,,,
3000301,108,8401,,,
3000301,109,8380,,,
3000301,110,7644,,,
3000301,111,7641,,,
3000301,112,8616,,,
3000301,113,8386,,,
3000301,114,8395,,,
3000301,115,8946,,,
3000301,116,8400,,,
3000301,117,8394,,,
3000301,118,8388,,,
3000301,119,8389,,,
3000301,120,1412,,,
3000301,121,8393,,,
3000301,122,1413,,,
3000301,123,8392,,,
3000301,124,8399,,,
3000301,125,8383,,,
3000301,126,8382,,,
3000301,127,8381,,,
3000301,128,8402,,,
3000301,129,8387,,,
3000301,130,8891,,,
3000301,131,5810,,,
3000301,132,4911,,,
3000301,133,5811,,,
3000301,134,5814,,,
3000301,135,8945,,,
3000301,136,4912,,,
3000301,137,4928,,,
3000301,138,6352,,,
3000301,139,4931,,,
3000301,140,4932,,,
3000301,141,5013,,,
3000301,142,12772,,,
3000400,0,1835,,,
3000400,1,2509,,,
3000400,2,3947,,,
3000400,3,5146,,,
3000400,4,5140,,,
3000400,5,5134,,,
3000400,6,5262,,,
3000400,7,5256,,,
3000400,8,5250,,,
3000400,9,17,,,
3000400,10,1341,,,
3000400,11,1060,,,
3000400,12,1831,,,
3000400,13,1833,,,
3000400,14,734,,,
3000400,15,735,,,
3000400,16,6035,,,
3000400,17,736,,,
3000400,18,737,,,
3000400,19,3031,,,
3000400,20,1785,,,
3000400,21,5589,,,
3000400,22,1661,,,
3000400,23,5192,,,
3000400,24,9633,,,
3000400,25,8594,,,
3000400,26,8595,,,
3000400,27,8622,,,
3000400,28,8623,,,
3000400,29,8628,,,
3000400,30,8629,,,
3000400,31,8634,,,
3000400,32,8635,,,
3000400,33,8615,,,
3000400,34,4625,,,
3000400,35,4626,,,
3000400,36,4627,,,
3000400,37,4628,,,
3004700,0,1074,,,
3004700,1,3945,,,
3006000,0,2,,,
3006000,1,218,,,
3006000,2,272,,,
3006000,3,15,,,
3006000,4,68,,,
3006000,5,219,,,
3006000,6,273,,,
3006000,7,155,,,
3006000,8,88,,,
3006000,9,87,,,
3006000,10,16,,,
3006000,11,123,,,
3006000,12,7880,,,
3006000,13,220,,,
3006000,14,221,,,
3006000,15,274,,,
3006000,16,156,,,
3006000,17,166,,,
3006000,18,168,,,
3006000,19,291,,,
3006000,20,69,,,
3006000,21,222,,,
3006000,22,275,,,
3006000,23,277,,,
3006000,24,292,,,
3006000,25,295,,,
3006000,26,256,,,
3006000,27,257,,,
3006000,28,258,,,
3006000,29,259,,,
3006001,0,176,,,
3006001,1,310,,,
3006001,2,177,,,
3006001,3,311,,,
3006001,4,100,,,
3006001,5,178,,,
3006001,6,101,,,
3006001,7,7885,,,
3006001,8,312,,,
3006001,9,314,,,
3006001,10,179,,,
3006001,11,182,,,
3006001,12,183,,,
3006001,13,185,,,
3006001,14,315,,,
3006001,15,83,,,
3006001,16,143,,,
3006001,17,144,,,
3006001,18,238,,,
3006001,19,239,,,
3006001,20,240,,,
3006002,0,11614,,,
3006002,1,11605,,,
3006002,2,11613,,,
3006002,3,11617,,,
3006002,4,11606,,,
3006002,5,11623,,,
3006002,6,11626,,,
3006002,7,11618,,,
3006002,8,11622,,,
3006002,9,11635,,,
3006002,10,11646,,,
3006002,11,11632,,,
3006002,12,11629,,,
3006002,13,11647,,,
3006002,14,11631,,,
3006002,15,11608,,,
3006002,16,11642,,,
3006003,0,11610,,,
3006003,1,11619,,,
3006003,2,11611,,,
3006003,3,11612,,,
3006003,4,11609,,,
3006003,5,11627,,,
3006003,6,11630,,,
3006003,7,11634,,,
3006003,8,11633,,,
3006003,9,11637,,,
3006003,10,11655,,,
3006003,11,11656,,,
3006003,12,11657,,,
3006003,13,11662,,,
3006003,14,11664,,,
3006003,15,11672,,,
3006100,0,412,,,
3006100,1,390,,,
3006100,2,24,,,
3006100,3,31,,,
3006100,4,25,,,
3006100,5,26,,,
3006100,6,33,,,
3006100,7,32,,,
3006100,8,27,,,
3006100,9,34,,,
3006100,10,413,,,
3006100,11,347,,,
3006100,12,376,,,
3006100,13,391,,,
3006100,14,414,,,
3006100,15,392,,,
3006100,16,58,,,
3006100,17,59,,,
3006100,18,102,,,
3006100,19,625,,,
3006100,20,626,,,
3006100,21,627,,,
3006100,22,50,,,
3006100,23,51,,,
3006100,24,604,,,
3006100,25,605,,,
3006100,26,38,,,
3006100,27,39,,,
3006100,28,40,,,
3006100,29,1123,,,
3006100,30,44,,,
3006100,31,1148,,,
3006100,32,45,,,
3006100,33,46,,,
3006100,34,415,,,
3006100,35,393,,,
3006100,36,9577,,,
3006100,37,9578,,,
3006100,38,9583,,,
3006100,39,9584,,,
3006101,0,1104,,,
3006101,1,1101,,,
3006101,2,1105,,,
3006101,3,1102,,,
3006101,4,465,,,
3006101,5,432,,,
3006101,6,467,,,
3006101,7,434,,,
3006101,8,468,,,
3006101,9,435,,,
3006101,10,469,,,
3006101,11,436,,,
3006101,12,102,,,
3006101,13,625,,,
3006101,14,626,,,
3006101,15,627,,,
3006101,16,50,,,
3006101,17,51,,,
3006101,18,604,,,
3006101,19,605,,,
3006101,20,38,,,
3006101,21,39,,,
3006101,22,40,,,
3006101,23,1123,,,
3006101,24,44,,,
3006101,25,1148,,,
3006101,26,45,,,
3006101,27,46,,,
3006101,28,9577,,,
3006101,29,9578,,,
3006101,30,9583,,,
3006101,31,9584,,,
3006102,0,12014,,,
3006102,1,12008,,,
3006102,2,12012,,,
3006102,3,12015,,,
3006102,4,12020,,,
3006102,5,12021,,,
3006102,6,12031,,,
3006102,7,12041,,,
3006102,8,12013,,,
3006102,9,12025,,,
3006102,10,12007,,,
3006102,11,12016,,,
3006102,12,12006,,,
3006102,13,12029,,,
3006102,14,12009,,,
3006102,15,12028,,,
3006102,16,12042,,,
3006102,17,12043,,,
3006103,0,12011,,,
3006103,1,12010,,,
3006103,2,12017,,,
3006103,3,12022,,,
3006103,4,12019,,,
3006103,5,12018,,,
3006103,6,12048,,,
3006103,7,12047,,,
3006103,8,12013,,,
3006103,9,12025,,,
3006103,10,12007,,,
3006103,11,12016,,,
3006103,12,12006,,,
3006103,13,12029,,,
3006103,14,12009,,,
3006103,15,12028,,,
3006200,0,908,,,
3006200,1,909,,,
3006200,2,910,,,
3006200,3,845,,,
3006200,4,846,,,
3006200,5,847,,,
3006200,6,877,,,
3006200,7,878,,,
3006200,8,890,,,
3006201,0,1294,,,
3006201,1,1095,,,
3006201,2,1048,,,
3006201,3,1050,,,
3006201,4,1051,,,
3006201,5,1049,,,
3006201,6,1152,,,
3006201,7,1054,,,
3006201,8,1058,,,
3006201,9,1099,,,
3006201,10,1098,,,
3006201,11,1056,,,
3006201,12,1055,,,
3006201,13,1053,,,
3006201,14,1052,,,
3006201,15,1097,,,
3006201,16,1096,,,
3006201,17,1386,,,
3006201,18,1514,,,
3006201,19,1372,,,
3006201,20,1667,,,
3006201,21,1671,,,
3006201,22,1669,,,
3006201,23,1403,,,
3006201,24,1405,,,
3006201,25,1370,,,
3006201,26,1401,,,
3006201,27,4916,,,
3006201,28,1411,,,
3006201,29,1513,,,
3006201,30,1399,,,
3006201,31,1515,,,
3006201,32,1371,,,
3006201,33,1383,,,
3006201,34,1377,,,
3006201,35,1512,,,
3006201,36,1379,,,
3006201,37,1415,,,
3006201,38,1388,,,
3006201,39,1517,,,
3006201,40,4908,,,
3006201,41,1417,,,
3006201,42,1400,,,
3006201,43,1418,,,
3006201,44,1668,,,
3006201,45,1670,,,
3006201,46,1404,,,
3006201,47,4906,,,
3006201,48,1402,,,
3006201,49,1391,,,
3006201,50,1410,,,
3006201,51,1398,,,
3006201,52,1389,,,
3006201,53,1378,,,
3006201,54,1414,,,
3006201,55,1385,,,
3006201,56,4910,,,
3006201,57,1394,,,
3006201,58,1516,,,
3006201,59,1529,,,
3006201,60,1525,,,
3006201,61,1527,,,
3006201,62,1524,,,
3006201,63,1531,,,
3006201,64,1522,,,
3006201,65,1526,,,
3006201,66,1534,,,
3006201,67,1537,,,
3006201,68,1856,,,
3006201,69,1523,,,
3006201,70,1521,,,
3006201,71,1535,,,
3006201,72,1532,,,
3006201,73,1536,,,
3006201,74,1533,,,
3006201,75,1528,,,
3006201,76,1518,,,
3006201,77,1519,,,
3006201,78,3038,,,
3006201,79,10025,,,
3006201,80,10026,,,
3006201,81,10073,,,
3006201,82,10072,,,
3006201,83,10027,,,
3006201,84,10028,,,
3006201,85,10029,,,
3006201,86,10031,,,
3006201,87,10032,,,
3006201,88,10180,,,
3006201,89,10181,,,
3006201,90,10070,,,
3006201,91,10074,,,
3006201,92,10033,,,
3006201,93,10078,,,
3006201,94,10058,,,
3006201,95,10077,,,
3006201,96,10085,,,
3006201,97,10094,,,
3006201,98,10275,,,
3006202,0,12312,,,
3006202,1,12311,,,
3006202,2,12313,,,
3006300,0,1835,,,
3006300,1,2509,,,
3006300,2,3947,,,
3006300,3,5146,,,
3006300,4,5140,,,
3006300,5,5134,,,
3006300,6,5262,,,
3006300,7,5256,,,
3006300,8,5250,,,
3006300,9,17,,,
3006300,10,1341,,,
3006300,11,1342,,,
3006300,12,1060,,,
3006300,13,1061,,,
3006300,14,1831,,,
3006300,15,1832,,,
3006300,16,1833,,,
3006300,17,1834,,,
3006300,18,734,,,
3006300,19,735,,,
3006300,20,6035,,,
3006300,21,6037,,,
3006300,22,736,,,
3006300,23,737,,,
3006300,24,1829,,,
3006300,25,3031,,,
3006300,26,1785,,,
3006300,27,5589,,,
3006300,28,1661,,,
3006300,29,5192,,,
3006300,30,5193,,,
3006300,31,5194,,,
3006300,32,2130,,,
3006300,33,9633,,,
3006300,34,9634,,,
3006300,35,8594,,,
3006300,36,8595,,,
3006300,37,8596,,,
3006300,38,8597,,,
3006300,39,8622,,,
3006300,40,8623,,,
3006300,41,8624,,,
3006300,42,8629,,,
3006300,43,8634,,,
3006300,44,8635,,,
3006300,45,8636,,,
3006300,46,8637,,,
3006300,47,8615,,,
3006300,48,10409,,,
3006300,49,4625,,,
3006300,50,4626,,,
3006300,51,4627,,,
3006300,52,4628,,,
3006301,0,4445,,,
3006301,1,4446,,,
3006301,2,4447,,,
3006301,3,4448,,,
3006301,4,4449,,,
3006301,5,4450,,,
3006301,6,4451,,,
3006301,7,4452,,,
3006301,8,4453,,,
3006301,9,4454,,,
3006301,10,4455,,,
3006301,11,4456,,,
3006301,12,4457,,,
3006301,13,4458,,,
3006301,14,4459,,,
3006301,15,4460,,,
3006301,16,4461,,,
3006301,17,4462,,,
3006301,18,4463,,,
3006301,19,4464,,,
3006301,20,4465,,,
3006301,21,4466,,,
3006301,22,4467,,,
3006301,23,4468,,,
3006301,24,4481,,,
3006301,25,4482,,,
3006301,26,4483,,,
3006301,27,4484,,,
3006301,28,4485,,,
3006301,29,4486,,,
3006301,30,4487,,,
3006301,31,4488,,,
3006301,32,4489,,,
3006301,33,4490,,,
3006301,34,4491,,,
3006301,35,4492,,,
3007800,0,1835,,,
3007800,1,2509,,,
3007800,2,3947,,,
3007800,3,5146,,,
3007800,4,5140,,,
3007800,5,5134,,,
3007800,6,5262,,,
3007800,7,5256,,,
3007800,8,5250,,,
3007800,9,17,,,
3007800,10,1341,,,
3007800,11,1342,,,
3007800,12,1060,,,
3007800,13,1061,,,
3007800,14,1831,,,
3007800,15,1832,,,
3007800,16,1833,,,
3007800,17,1834,,,
3007800,18,734,,,
3007800,19,735,,,
3007800,20,6035,,,
3007800,21,6037,,,
3007800,22,736,,,
3007800,23,737,,,
3007800,24,1829,,,
3007800,25,3031,,,
3007800,26,1785,,,
3007800,27,5589,,,
3007800,28,1661,,,
3007800,29,5192,,,
3007800,30,5193,,,
3007800,31,5194,,,
3007800,32,2130,,,
3007800,33,9633,,,
3007800,34,9634,,,
3007800,35,8594,,,
3007800,36,8595,,,
3007800,37,8596,,,
3007800,38,8597,,,
3007800,39,8622,,,
3007800,40,8623,,,
3007800,41,8624,,,
3007800,42,8629,,,
3007800,43,8634,,,
3007800,44,8635,,,
3007800,45,8636,,,
3007800,46,8637,,,
3007800,47,8615,,,
3007800,48,10409,,,
3007800,49,4625,,,
3007800,50,4626,,,
3007800,51,4627,,,
3007800,52,4628,,,
3008100,0,1835,,,
3008100,1,2509,,,
3008100,2,3947,,,
3008100,3,5146,,,
3008100,4,5140,,,
3008100,5,5134,,,
3008100,6,5262,,,
3008100,7,5256,,,
3008100,8,5250,,,
3008100,9,17,,,
3008100,10,1341,,,
3008100,11,1342,,,
3008100,12,1060,,,
3008100,13,1061,,,
3008100,14,1831,,,
3008100,15,1832,,,
3008100,16,1833,,,
3008100,17,1834,,,
3008100,18,734,,,
3008100,19,735,,,
3008100,20,6035,,,
3008100,21,6037,,,
3008100,22,736,,,
3008100,23,737,,,
3008100,24,1829,,,
3008100,25,1830,,,
3008100,26,3031,,,
3008100,27,1785,,,
3008100,28,5589,,,
3008100,29,1661,,,
3008100,30,5192,,,
3008100,31,5193,,,
3008100,32,5194,,,
3008100,33,5195,,,
3008100,34,2130,,,
3008100,35,2131,,,
3008100,36,2132,,,
3008100,37,9633,,,
3008100,38,9634,,,
3008100,39,8594,,,
3008100,40,8595,,,
3008100,41,8596,,,
3008100,42,8597,,,
3008100,43,8598,,,
3008100,44,8622,,,
3008100,45,8623,,,
3008100,46,8624,,,
3008100,47,8634,,,
3008100,48,8635,,,
3008100,49,8636,,,
3008100,50,8637,,,
3008100,51,8638,,,
3008100,52,8615,,,
3008100,53,8658,,,
3008100,54,10409,,,
3008100,55,4625,,,
3008100,56,4626,,,
3008100,57,4627,,,
3008100,58,4628,,,
3008101,0,4445,,,
3008101,1,4446,,,
3008101,2,4447,,,
3008101,3,4448,,,
3008101,4,4449,,,
3008101,5,4450,,,
3008101,6,4451,,,
3008101,7,4452,,,
3008101,8,4453,,,
3008101,9,4454,,,
3008101,10,4455,,,
3008101,11,4456,,,
3008101,12,4457,,,
3008101,13,4458,,,
3008101,14,4459,,,
3008101,15,4460,,,
3008101,16,4461,,,
3008101,17,4462,,,
3008101,18,4463,,,
3008101,19,4464,,,
3008101,20,4465,,,
3008101,21,4466,,,
3008101,22,4467,,,
3008101,23,4468,,,
3008101,24,4481,,,
3008101,25,4482,,,
3008101,26,4483,,,
3008101,27,4484,,,
3008101,28,4485,,,
3008101,29,4486,,,
3008101,30,4487,,,
3008101,31,4488,,,
3008101,32,4489,,,
3008101,33,4490,,,
3008101,34,4491,,,
3008101,35,4492,,,
3008101,36,4493,,,
3008101,37,4494,,,
3008101,38,4495,,,
3008101,39,4496,,,
3008101,40,4497,,,
3008101,41,4498,,,
3008101,42,4499,,,
3008101,43,4500,,,
3008101,44,4501,,,
3008101,45,4502,,,
3008101,46,4503,,,
3008101,47,4504,,,
3008101,48,4505,,,
3008101,49,4506,,,
3008101,50,4507,,,
3008101,51,4508,,,
3008101,52,4509,,,
3008101,53,4510,,,
3008101,54,4511,,,
3008101,55,4512,,,
3008101,56,4513,,,
3008101,57,4514,,,
3008101,58,4515,,,
3008101,59,4516,,,
3008101,60,4517,,,
3008101,61,4518,,,
3008101,62,4519,,,
3008101,63,4520,,,
3008101,64,4521,,,
3008101,65,4522,,,
3008101,66,4523,,,
3008101,67,4524,,,
3008101,68,4525,,,
3008101,69,4526,,,
3008101,70,4527,,,
3008101,71,4528,,,
3008101,72,4529,,,
3008101,73,4530,,,
3008101,74,4531,,,
3008101,75,4532,,,
3008101,76,4533,,,
3008101,77,4534,,,
3008101,78,4535,,,
3008101,79,4536,,,
3008101,80,4537,,,
3008101,81,4538,,,
3008101,82,4539,,,
3008101,83,4540,,,
3008101,84,4541,,,
3008101,85,4542,,,
3008101,86,4543,,,
3008101,87,4544,,,
3008101,88,4545,,,
3008101,89,4546,,,
3008101,90,4547,,,
3008101,91,4548,,,
3008101,92,4549,,,
3008101,93,4550,,,
3008101,94,4551,,,
3008101,95,4552,,,
3008101,96,4565,,,
3008101,97,4566,,,
3008101,98,4567,,,
3008101,99,4568,,,
3008101,100,4569,,,
3008101,101,4570,,,
3008101,102,4571,,,
3008101,103,4572,,,
3008101,104,4573,,,
3008101,105,4574,,,
3008101,106,4575,,,
3008101,107,4576,,,
3008101,108,4577,,,
3008101,109,4578,,,
3008101,110,4579,,,
3008101,111,4580,,,
3008101,112,4581,,,
3008101,113,4582,,,
3008101,114,4583,,,
3008101,115,4584,,,
3008101,116,4585,,,
3008101,117,4586,,,
3008101,118,4587,,,
3008101,119,4588,,,
3008200,0,908,,,
3008200,1,909,,,
3008200,2,910,,,
3008200,3,911,,,
3008200,4,912,,,
3008200,5,913,,,
3008200,6,845,,,
3008200,7,846,,,
3008200,8,847,,,
3008200,9,848,,,
3008200,10,849,,,
3008200,11,850,,,
3008200,12,877,,,
3008200,13,878,,,
3008200,14,890,,,
3008200,15,879,,,
3008200,16,880,,,
3008200,17,881,,,
3008200,18,851,,,
3008200,19,882,,,
3008200,20,914,,,
3008201,0,1294,,,
3008201,1,1095,,,
3008201,2,1048,,,
3008201,3,1050,,,
3008201,4,1051,,,
3008201,5,1049,,,
3008201,6,1152,,,
3008201,7,1054,,,
3008201,8,1058,,,
3008201,9,1099,,,
3008201,10,1098,,,
3008201,11,1056,,,
3008201,12,1055,,,
3008201,13,1053,,,
3008201,14,1052,,,
3008201,15,1097,,,
3008201,16,1096,,,
3008201,17,1386,,,
3008201,18,1514,,,
3008201,19,1372,,,
3008201,20,1667,,,
3008201,21,1671,,,
3008201,22,1669,,,
3008201,23,1403,,,
3008201,24,1405,,,
3008201,25,1370,,,
3008201,26,1401,,,
3008201,27,4916,,,
3008201,28,1411,,,
3008201,29,1513,,,
3008201,30,1399,,,
3008201,31,1515,,,
3008201,32,1371,,,
3008201,33,1383,,,
3008201,34,1377,,,
3008201,35,1512,,,
3008201,36,1379,,,
3008201,37,1415,,,
3008201,38,1388,,,
3008201,39,1517,,,
3008201,40,4908,,,
3008201,41,1417,,,
3008201,42,1400,,,
3008201,43,1418,,,
3008201,44,1668,,,
3008201,45,1670,,,
3008201,46,1404,,,
3008201,47,4906,,,
3008201,48,1402,,,
3008201,49,1391,,,
3008201,50,1410,,,
3008201,51,1398,,,
3008201,52,1389,,,
3008201,53,1378,,,
3008201,54,1414,,,
3008201,55,1385,,,
3008201,56,4910,,,
3008201,57,1394,,,
3008201,58,1516,,,
3008201,59,3944,,,
3008201,60,1412,,,
3008201,61,1413,,,
3008201,62,1387,,,
3008201,63,1390,,,
3008201,64,1408,,,
3008201,65,1392,,,
3008201,66,1407,,,
3008201,67,1409,,,
3008201,68,1416,,,
3008201,69,1406,,,
3008201,70,1397,,,
3008201,71,1384,,,
3008201,72,1380,,,
3008201,73,1382,,,
3008201,74,1381,,,
3008201,75,1529,,,
3008201,76,1525,,,
3008201,77,1527,,,
3008201,78,1524,,,
3008201,79,1531,,,
3008201,80,1522,,,
3008201,81,1526,,,
3008201,82,1534,,,
3008201,83,1537,,,
3008201,84,1856,,,
3008201,85,10025,,,
3008201,86,10026,,,
3008201,87,10073,,,
3008201,88,10072,,,
3008201,89,10027,,,
3008201,90,10028,,,
3008201,91,10029,,,
3008201,92,10031,,,
3008201,93,10032,,,
3008201,94,10180,,,
3008201,95,10181,,,
3008201,96,10070,,,
3008201,97,10074,,,
3008201,98,10033,,,
3008201,99,10078,,,
3008201,100,10058,,,
3008201,101,10077,,,
3008201,102,10085,,,
3008201,103,10094,,,
3008201,104,10275,,,
3008201,105,10276,,,
3008201,106,10075,,,
3008201,107,10079,,,
3008201,108,10076,,,
3008202,0,12312,,,
3008202,1,12315,,,
3008202,2,12317,,,
3008202,3,12320,,,
3008202,4,12311,,,
3008202,5,12314,,,
3008202,6,12318,,,
3008202,7,12322,,,
3008202,8,12313,,,
3008202,9,12316,,,
3008202,10,12319,,,
3008202,11,12321,,,
3008202,12,12325,,,
3008202,13,12323,,,
3008202,14,12324,,,
3008400,0,2,,,
3008400,1,218,,,
3008400,2,272,,,
3008400,3,15,,,
3008400,4,68,,,
3008400,5,219,,,
3008400,6,273,,,
3008400,7,155,,,
3008400,8,88,,,
3008400,9,87,,,
3008400,10,16,,,
3008400,11,123,,,
3008400,12,7880,,,
3008400,13,220,,,
3008400,14,221,,,
3008400,15,274,,,
3008400,16,156,,,
3008400,17,166,,,
3008400,18,168,,,
3008400,19,291,,,
3008400,20,69,,,
3008400,21,126,,,
3008400,22,222,,,
3008400,23,275,,,
3008400,24,276,,,
3008400,25,277,,,
3008400,26,86,,,
3008400,27,292,,,
3008400,28,295,,,
3008400,29,124,,,
3008400,30,127,,,
3008400,31,130,,,
3008400,32,223,,,
3008400,33,278,,,
3008400,34,157,,,
3008400,35,293,,,
3008400,36,296,,,
3008400,37,129,,,
3008400,38,224,,,
3008400,39,1660,,,
3008400,40,279,,,
3008400,41,158,,,
3008400,42,7881,,,
3008400,43,7896,,,
3008400,44,172,,,
3008400,45,294,,,
3008400,46,88,,,
3008400,47,93,,,
3008400,48,256,,,
3008400,49,257,,,
3008400,50,258,,,
3008400,51,259,,,
3008400,52,260,,,
3008400,53,261,,,
3008400,54,70,,,
3008400,55,159,,,
3008400,56,225,,,
3008400,57,262,,,
3008400,58,280,,,
3008400,59,297,,,
3008400,60,2499,,,
3008400,61,5284,,,
3008400,62,5285,,,
3008400,63,232,,,
3008400,64,263,,,
3008400,65,281,,,
3008400,66,298,,,
3008400,67,302,,,
3008400,68,73,,,
3008400,69,74,,,
3008400,70,131,,,
3008400,71,133,,,
3008400,72,227,,,
3008400,73,2502,,,
3008400,74,94,,,
3008400,75,282,,,
3008400,76,285,,,
3008400,77,4233,,,
3008400,78,75,,,
3008400,79,76,,,
3008400,80,77,,,
3008400,81,132,,,
3008400,82,134,,,
3008400,83,162,,,
3008400,84,231,,,
3008400,85,233,,,
3008400,86,95,,,
3008400,87,265,,,
3008400,88,283,,,
3008400,89,7882,,,
3008400,90,7898,,,
3008400,91,301,,,
3008400,92,303,,,
3008400,93,135,,,
3008400,94,228,,,
3008400,95,2503,,,
3008400,96,266,,,
3008400,97,286,,,
3008400,98,299,,,
3008400,99,5286,,,
3008400,100,7897,,,
3008401,0,11614,,,
3008401,1,11605,,,
3008401,2,11613,,,
3008401,3,11617,,,
3008401,4,11606,,,
3008401,5,11623,,,
3008401,6,11626,,,
3008401,7,11618,,,
3008401,8,11622,,,
3008401,9,11635,,,
3008401,10,11643,,,
3008401,11,11646,,,
3008401,12,11632,,,
3008401,13,11640,,,
3008401,14,11629,,,
3008401,15,11645,,,
3008401,16,11647,,,
3008401,17,11631,,,
3008401,18,11667,,,
3008401,19,11675,,,
3008401,20,11670,,,
3008401,21,11673,,,
3008401,22,11659,,,
3008401,23,11666,,,
3008401,24,11671,,,
3008401,25,11661,,,
3008401,26,11714,,,
3008401,27,11685,,,
3008401,28,11706,,,
3008401,29,11683,,,
3008401,30,11708,,,
3008401,31,11710,,,
3008401,32,11711,,,
3008401,33,11713,,,
3008401,34,11712,,,
3008401,35,11686,,,
3008401,36,11703,,,
3008401,37,11608,,,
3008401,38,11642,,,
3008401,39,11665,,,
3008401,40,11691,,,
3008401,41,11625,,,
3008401,42,11736,,,
3008401,43,11727,,,
3008401,44,11726,,,
3008401,45,11730,,,
3008401,46,11728,,,
3008401,47,11725,,,
3008401,48,11733,,,
3008401,49,11747,,,
3008401,50,11763,,,
3008401,51,11759,,,
3008401,52,11760,,,
3008401,53,11749,,,
3008401,54,11783,,,
3008401,55,11794,,,
3008401,56,11789,,,
3008401,57,11778,,,
3008401,58,11788,,,
3008401,59,11777,,,
3008401,60,11782,,,
3008401,61,11790,,,
3008401,62,11775,,,
3008401,63,11776,,,
3008401,64,11821,,,
3008401,65,11807,,,
3008401,66,11820,,,
3008401,67,11801,,,
3008401,68,11815,,,
3008401,69,11816,,,
3008401,70,11800,,,
3008401,71,11803,,,
3008401,72,11826,,,
3008401,73,11827,,,
3008401,74,11814,,,
3008401,75,11813,,,
3008401,76,11822,,,
3008401,77,11830,,,
3008401,78,11832,,,
3008401,79,11853,,,
3008401,80,11863,,,
3008401,81,11856,,,
3008401,82,11839,,,
3008401,83,11857,,,
3008401,84,11858,,,
3008401,85,11843,,,
3008401,86,11840,,,
3008500,0,176,,,
3008500,1,310,,,
3008500,2,177,,,
3008500,3,311,,,
3008500,4,100,,,
3008500,5,178,,,
3008500,6,101,,,
3008500,7,7885,,,
3008500,8,312,,,
3008500,9,314,,,
3008500,10,179,,,
3008500,11,182,,,
3008500,12,183,,,
3008500,13,185,,,
3008500,14,315,,,
3008500,15,83,,,
3008500,16,143,,,
3008500,17,144,,,
3008500,18,238,,,
3008500,19,239,,,
3008500,20,240,,,
3008500,21,241,,,
3008500,22,186,,,
3008500,23,316,,,
3008500,24,317,,,
3008500,25,90,,,
3008500,26,7886,,,
3008500,27,7890,,,
3008500,28,318,,,
3008500,29,321,,,
3008500,30,187,,,
3008500,31,188,,,
3008500,32,189,,,
3008500,33,190,,,
3008500,34,192,,,
3008500,35,193,,,
3008500,36,7887,,,
3008500,37,242,,,
3008500,38,325,,,
3008500,39,195,,,
3008500,40,84,,,
3008500,41,145,,,
3008500,42,174,,,
3008500,43,196,,,
3008500,44,201,,,
3008500,45,202,,,
3008500,46,326,,,
3008500,47,197,,,
3008500,48,198,,,
3008500,49,199,,,
3008500,50,200,,,
3008500,51,203,,,
3008500,52,7888,,,
3008500,53,7891,,,
3008500,54,204,,,
3008500,55,205,,,
3008500,56,206,,,
3008500,57,9633,,,
3008500,58,9634,,,
3008501,0,11610,,,
3008501,1,11619,,,
3008501,2,11611,,,
3008501,3,11612,,,
3008501,4,11609,,,
3008501,5,11627,,,
3008501,6,11630,,,
3008501,7,11634,,,
3008501,8,11633,,,
3008501,9,11637,,,
3008501,10,11655,,,
3008501,11,11656,,,
3008501,12,11657,,,
3008501,13,11662,,,
3008501,14,11664,,,
3008501,15,11672,,,
3008501,16,11660,,,
3008501,17,11663,,,
3008501,18,11678,,,
3008501,19,11676,,,
3008501,20,11693,,,
3008501,21,11696,,,
3008501,22,11692,,,
3008501,23,11709,,,
3008501,24,11715,,,
3008501,25,11732,,,
3008501,26,11737,,,
3008501,27,11729,,,
3008501,28,11731,,,
3008501,29,11764,,,
3008501,30,11757,,,
3008501,31,11748,,,
3008501,32,11779,,,
3008501,33,11792,,,
3008501,34,11793,,,
3008501,35,11829,,,
3008501,36,11805,,,
3008501,37,11802,,,
3008501,38,11799,,,
3008501,39,11804,,,
3008501,40,11806,,,
3008501,41,11817,,,
3008501,42,11825,,,
3008501,43,11819,,,
3008501,44,11824,,,
3008501,45,11828,,,
3008501,46,11833,,,
3008501,47,11850,,,
3008501,48,11859,,,
3008501,49,11842,,,
3008501,50,11838,,,
3008501,51,11855,,,
3008700,0,12011,,,
3008700,1,12010,,,
3008700,2,12017,,,
3008700,3,12022,,,
3008700,4,12019,,,
3008700,5,12018,,,
3008700,6,12048,,,
3008700,7,12047,,,
3008700,8,12058,,,
3008700,9,12057,,,
3008700,10,12083,,,
3008700,11,12013,,,
3008700,12,12025,,,
3008700,13,12051,,,
3008700,14,12069,,,
3008700,15,12063,,,
3008700,16,12073,,,
3008700,17,12078,,,
3008700,18,12007,,,
3008700,19,12016,,,
3008700,20,12038,,,
3008700,21,12068,,,
3008700,22,12046,,,
3008700,23,12065,,,
3008700,24,12072,,,
3008700,25,12076,,,
3008700,26,12082,,,
3008700,27,12006,,,
3008700,28,12029,,,
3008700,29,12033,,,
3008700,30,12070,,,
3008700,31,12045,,,
3008700,32,12066,,,
3008700,33,12071,,,
3008700,34,12075,,,
3008700,35,12077,,,
3008700,36,12009,,,
3008700,37,12028,,,
3008700,38,12050,,,
3008700,39,12064,,,
3008700,40,12079,,,
3008700,41,12099,,,
3008700,42,12100,,,
3008700,43,12098,,,
3008700,44,12097,,,
3008700,45,12115,,,
3008700,46,12124,,,
3008700,47,12139,,,
3008700,48,12123,,,
3008700,49,12138,,,
3008701,0,1104,,,
3008701,1,1101,,,
3008701,2,1105,,,
3008701,3,1102,,,
3008701,4,465,,,
3008701,5,432,,,
3008701,6,467,,,
3008701,7,434,,,
3008701,8,468,,,
3008701,9,435,,,
3008701,10,469,,,
3008701,11,436,,,
3008701,12,470,,,
3008701,13,437,,,
3008701,14,438,,,
3008701,15,102,,,
3008701,16,625,,,
3008701,17,626,,,
3008701,18,627,,,
3008701,19,628,,,
3008701,20,629,,,
3008701,21,2493,,,
3008701,22,630,,,
3008701,23,2494,,,
3008701,24,50,,,
3008701,25,51,,,
3008701,26,604,,,
3008701,27,605,,,
3008701,28,63,,,
3008701,29,606,,,
3008701,30,2447,,,
3008701,31,2450,,,
3008701,32,61,,,
3008701,33,607,,,
3008701,34,2451,,,
3008701,35,38,,,
3008701,36,39,,,
3008701,37,40,,,
3008701,38,1123,,,
3008701,39,553,,,
3008701,40,1124,,,
3008701,41,2423,,,
3008701,42,2426,,,
3008701,43,1125,,,
3008701,44,2427,,,
3008701,45,2428,,,
3008701,46,44,,,
3008701,47,1148,,,
3008701,48,45,,,
3008701,49,46,,,
3008701,50,47,,,
3008701,51,2411,,,
3008701,52,2412,,,
3008701,53,439,,,
3008701,54,471,,,
3008701,55,2430,,,
3008701,56,2454,,,
3008701,57,440,,,
3008701,58,472,,,
3008701,59,473,,,
3008701,60,441,,,
3008701,61,442,,,
3008701,62,9577,,,
3008701,63,9578,,,
3008701,64,9583,,,
3008701,65,9584,,,
3008800,0,412,,,
3008800,1,390,,,
3008800,2,24,,,
3008800,3,31,,,
3008800,4,25,,,
3008800,5,26,,,
3008800,6,33,,,
3008800,7,32,,,
3008800,8,27,,,
3008800,9,34,,,
3008800,10,413,,,
3008800,11,347,,,
3008800,12,391,,,
3008800,13,376,,,
3008800,14,414,,,
3008800,15,392,,,
3008800,16,348,,,
3008800,17,349,,,
3008800,18,350,,,
3008800,19,58,,,
3008800,20,59,,,
3008800,21,416,,,
3008800,22,377,,,
3008800,23,351,,,
3008800,24,378,,,
3008800,25,379,,,
3008800,26,393,,,
3008800,27,415,,,
3008800,28,394,,,
3008800,29,2378,,,
3008800,30,352,,,
3008800,31,395,,,
3008800,32,417,,,
3008800,33,2377,,,
3008800,34,353,,,
3008800,35,380,,,
3008800,36,396,,,
3008800,37,102,,,
3008800,38,625,,,
3008800,39,626,,,
3008800,40,627,,,
3008800,41,628,,,
3008800,42,629,,,
3008800,43,2493,,,
3008800,44,630,,,
3008800,45,2494,,,
3008800,46,50,,,
3008800,47,51,,,
3008800,48,604,,,
3008800,49,605,,,
3008800,50,63,,,
3008800,51,606,,,
3008800,52,2446,,,
3008800,53,2448,,,
3008800,54,2449,,,
3008800,55,61,,,
3008800,56,607,,,
3008800,57,38,,,
3008800,58,39,,,
3008800,59,40,,,
3008800,60,1123,,,
3008800,61,553,,,
3008800,62,1124,,,
3008800,63,2422,,,
3008800,64,2424,,,
3008800,65,2425,,,
3008800,66,1125,,,
3008800,67,2427,,,
3008800,68,2428,,,
3008800,69,44,,,
3008800,70,1148,,,
3008800,71,45,,,
3008800,72,46,,,
3008800,73,47,,,
3008800,74,2411,,,
3008800,75,2412,,,
3008800,76,62,,,
3008800,77,354,,,
3008800,78,381,,,
3008800,79,397,,,
3008800,80,631,,,
3008800,81,2387,,,
3008800,82,2429,,,
3008800,83,2431,,,
3008800,84,2432,,,
3008800,85,2433,,,
3008800,86,2452,,,
3008800,87,2453,,,
3008800,88,2495,,,
3008800,89,398,,,
3008800,90,418,,,
3008800,91,2455,,,
3008800,92,2496,,,
3008800,93,60,,,
3008800,94,356,,,
3008800,95,401,,,
3008800,96,632,,,
3008800,97,103,,,
3008800,98,107,,,
3008800,99,2497,,,
3008800,100,382,,,
3008800,101,419,,,
3008800,102,420,,,
3008800,103,500,,,
3008800,104,517,,,
3008800,105,1149,,,
3008800,106,2414,,,
3008800,107,2456,,,
3008800,108,2457,,,
3008800,109,2458,,,
3008800,110,608,,,
3008800,111,2459,,,
3008800,112,2460,,,
3008800,113,2461,,,
3008800,114,2462,,,
3008800,115,2463,,,
3008800,116,1126,,,
3008800,117,2434,,,
3008800,118,64,,,
3008800,119,2435,,,
3008800,120,2436,,,
3008800,121,2437,,,
3008800,122,2438,,,
3008800,123,355,,,
3008800,124,399,,,
3008800,125,400,,,
3008800,126,9577,,,
3008800,127,9578,,,
3008800,128,9583,,,
3008800,129,9584,,,
3008801,0,12014,,,
3008801,1,12008,,,
3008801,2,12015,,,
3008801,3,12012,,,
3008801,4,12020,,,
3008801,5,12021,,,
3008801,6,12024,,,
3008801,7,12032,,,
3008801,8,12030,,,
3008801,9,12031,,,
3008801,10,12041,,,
3008801,11,12034,,,
3008801,12,12023,,,
3008801,13,12044,,,
3008801,14,12049,,,
3008801,15,12039,,,
3008801,16,12043,,,
3008801,17,12042,,,
3008801,18,12036,,,
3008801,19,12060,,,
3008801,20,12059,,,
3008801,21,12056,,,
3008801,22,12054,,,
3008801,23,12052,,,
3008801,24,12081,,,
3008801,25,12080,,,
3008801,26,12074,,,
3008801,27,12013,,,
3008801,28,12025,,,
3008801,29,12051,,,
3008801,30,12069,,,
3008801,31,12063,,,
3008801,32,12073,,,
3008801,33,12078,,,
3008801,34,12007,,,
3008801,35,12016,,,
3008801,36,12038,,,
3008801,37,12068,,,
3008801,38,12037,,,
3008801,39,12055,,,
3008801,40,12061,,,
3008801,41,12072,,,
3008801,42,12076,,,
3008801,43,12006,,,
3008801,44,12029,,,
3008801,45,12033,,,
3008801,46,12070,,,
3008801,47,12035,,,
3008801,48,12053,,,
3008801,49,12062,,,
3008801,50,12071,,,
3008801,51,12075,,,
3008801,52,12077,,,
3008801,53,12009,,,
3008801,54,12028,,,
3008801,55,12050,,,
3008801,56,12064,,,
3008801,57,12079,,,
3008801,58,12085,,,
3008801,59,12095,,,
3008801,60,12094,,,
3008801,61,12086,,,
3008801,62,12091,,,
3008801,63,12084,,,
3008801,64,12093,,,
3008801,65,12101,,,
3008801,66,12088,,,
3008801,67,12089,,,
3008801,68,12087,,,
3008801,69,12092,,,
3008801,70,12096,,,
3008801,71,12128,,,
3008801,72,12144,,,
3008801,73,12135,,,
3008801,74,12107,,,
3008801,75,12129,,,
3008801,76,12126,,,
3008801,77,12143,,,
3008801,78,12109,,,
3008801,79,12111,,,
3008801,80,12130,,,
3008801,81,12106,,,
3008801,82,12127,,,
3008801,83,12120,,,
3008801,84,12145,,,
3008801,85,12108,,,
3008801,86,12116,,,
3008801,87,12112,,,
3008801,88,12119,,,
3008801,89,12122,,,
3008801,90,12131,,,
3008801,91,12134,,,
3008801,92,12141,,,
3008801,93,12137,,,
3008801,94,12118,,,
3008801,95,12114,,,
3008801,96,12125,,,
3008801,97,12121,,,
3008801,98,12132,,,
3008801,99,12136,,,
3008801,100,12142,,,
3008801,101,12110,,,
3008801,102,12113,,,
3008801,103,12133,,,
3009000,0,908,,,
3009000,1,909,,,
3009000,2,910,,,
3009000,3,911,,,
3009000,4,912,,,
3009000,5,913,,,
3009000,6,845,,,
3009000,7,846,,,
3009000,8,847,,,
3009000,9,848,,,
3009000,10,849,,,
3009000,11,850,,,
3009000,12,877,,,
3009000,13,878,,,
3009000,14,890,,,
3009000,15,879,,,
3009000,16,880,,,
3009000,17,881,,,
3009000,18,851,,,
3009000,19,882,,,
3009000,20,914,,,
3009000,21,852,,,
3009000,22,883,,,
3009000,23,915,,,
3009000,24,884,,,
3009000,25,853,,,
3009000,26,916,,,
3009000,27,885,,,
3009000,28,854,,,
3009000,29,917,,,
3009000,30,886,,,
3009000,31,855,,,
3009000,32,119,,,
3009001,0,12312,,,
3009001,1,12315,,,
3009001,2,12317,,,
3009001,3,12320,,,
3009001,4,12311,,,
3009001,5,12314,,,
3009001,6,12318,,,
3009001,7,12322,,,
3009001,8,12313,,,
3009001,9,12316,,,
3009001,10,12319,,,
3009001,11,12321,,,
3009001,12,12325,,,
3009001,13,12323,,,
3009001,14,12324,,,
3009001,15,12326,,,
3009001,16,12328,,,
3009001,17,12327,,,
3009001,18,12331,,,
3009001,19,12329,,,
3009001,20,12330,,,
3009001,21,12333,,,
3009001,22,12332,,,
3009001,23,12334,,,
3009001,24,12337,,,
3009001,25,12335,,,
3009001,26,12336,,,
3009100,0,908,,,
3009100,1,909,,,
3009100,2,910,,,
3009100,3,911,,,
3009100,4,912,,,
3009100,5,913,,,
3009100,6,845,,,
3009100,7,846,,,
3009100,8,847,,,
3009100,9,848,,,
3009100,10,849,,,
3009100,11,850,,,
3009100,12,877,,,
3009100,13,878,,,
3009100,14,890,,,
3009100,15,879,,,
3009100,16,880,,,
3009100,17,881,,,
3009100,18,851,,,
3009100,19,882,,,
3009100,20,914,,,
3009100,21,852,,,
3009100,22,883,,,
3009100,23,915,,,
3009100,24,884,,,
3009100,25,853,,,
3009100,26,916,,,
3009100,27,885,,,
3009100,28,854,,,
3009100,29,917,,,
3009100,30,886,,,
3009100,31,855,,,
3009100,32,119,,,
3009101,0,12312,,,
3009101,1,12315,,,
3009101,2,12317,,,
3009101,3,12320,,,
3009101,4,12311,,,
3009101,5,12314,,,
3009101,6,12318,,,
3009101,7,12322,,,
3009101,8,12313,,,
3009101,9,12316,,,
3009101,10,12319,,,
3009101,11,12321,,,
3009101,12,12325,,,
3009101,13,12323,,,
3009101,14,12324,,,
3009101,15,12326,,,
3009101,16,12328,,,
3009101,17,12327,,,
3009101,18,12331,,,
3009101,19,12329,,,
3009101,20,12330,,,
3009101,21,12333,,,
3009101,22,12332,,,
3009101,23,12334,,,
3009101,24,12337,,,
3009101,25,12335,,,
3009101,26,12336,,,
3009300,0,4445,,,
3009300,1,4446,,,
3009300,2,4447,,,
3009300,3,4448,,,
3009300,4,4449,,,
3009300,5,4450,,,
3009300,6,4451,,,
3009300,7,4452,,,
3009300,8,4453,,,
3009300,9,4454,,,
3009300,10,4455,,,
3009300,11,4456,,,
3009300,12,4457,,,
3009300,13,4458,,,
3009300,14,4459,,,
3009300,15,4460,,,
3009300,16,4461,,,
3009300,17,4462,,,
3009300,18,4463,,,
3009300,19,4464,,,
3009300,20,4465,,,
3009300,21,4466,,,
3009300,22,4467,,,
3009300,23,4468,,,
3009300,24,4481,,,
3009300,25,4482,,,
3009300,26,4483,,,
3009300,27,4484,,,
3009300,28,4485,,,
3009300,29,4486,,,
3009300,30,4487,,,
3009300,31,4488,,,
3009300,32,4489,,,
3009300,33,4490,,,
3009300,34,4491,,,
3009300,35,4492,,,
3009300,36,4493,,,
3009300,37,4494,,,
3009300,38,4495,,,
3009300,39,4496,,,
3009300,40,4497,,,
3009300,41,4498,,,
3009300,42,4499,,,
3009300,43,4500,,,
3009300,44,4501,,,
3009300,45,4502,,,
3009300,46,4503,,,
3009300,47,4504,,,
3009300,48,4505,,,
3009300,49,4506,,,
3009300,50,4507,,,
3009300,51,4508,,,
3009300,52,4509,,,
3009300,53,4510,,,
3009300,54,4511,,,
3009300,55,4512,,,
3009300,56,4513,,,
3009300,57,4514,,,
3009300,58,4515,,,
3009300,59,4516,,,
3009300,60,4517,,,
3009300,61,4518,,,
3009300,62,4519,,,
3009300,63,4520,,,
3009300,64,4521,,,
3009300,65,4522,,,
3009300,66,4523,,,
3009300,67,4524,,,
3009300,68,4525,,,
3009300,69,4526,,,
3009300,70,4527,,,
3009300,71,4528,,,
3009300,72,4529,,,
3009300,73,4530,,,
3009300,74,4531,,,
3009300,75,4532,,,
3009300,76,4533,,,
3009300,77,4534,,,
3009300,78,4535,,,
3009300,79,4536,,,
3009300,80,4537,,,
3009300,81,4538,,,
3009300,82,4539,,,
3009300,83,4540,,,
3009300,84,4541,,,
3009300,85,4542,,,
3009300,86,4543,,,
3009300,87,4544,,,
3009300,88,4545,,,
3009300,89,4546,,,
3009300,90,4547,,,
3009300,91,4548,,,
3009300,92,4549,,,
3009300,93,4550,,,
3009300,94,4551,,,
3009300,95,4552,,,
3009300,96,4565,,,
3009300,97,4566,,,
3009300,98,4567,,,
3009300,99,4568,,,
3009300,100,4569,,,
3009300,101,4570,,,
3009300,102,4571,,,
3009300,103,4572,,,
3009300,104,4573,,,
3009300,105,4574,,,
3009300,106,4575,,,
3009300,107,4576,,,
3009300,108,4577,,,
3009300,109,4578,,,
3009300,110,4579,,,
3009300,111,4580,,,
3009300,112,4581,,,
3009300,113,4582,,,
3009300,114,4583,,,
3009300,115,4584,,,
3009300,116,4585,,,
3009300,117,4586,,,
3009300,118,4587,,,
3009300,119,4588,,,
3009400,0,1294,,,
3009400,1,1095,,,
3009400,2,1048,,,
3009400,3,1050,,,
3009400,4,1051,,,
3009400,5,1049,,,
3009400,6,1152,,,
3009400,7,1054,,,
3009400,8,1058,,,
3009400,9,1099,,,
3009400,10,1098,,,
3009400,11,1056,,,
3009400,12,1055,,,
3009400,13,1053,,,
3009400,14,1052,,,
3009400,15,1097,,,
3009400,16,1096,,,
3009400,17,1386,,,
3009400,18,1514,,,
3009400,19,1372,,,
3009400,20,1667,,,
3009400,21,1671,,,
3009400,22,1669,,,
3009400,23,1403,,,
3009400,24,1405,,,
3009400,25,1370,,,
3009400,26,1401,,,
3009400,27,4916,,,
3009400,28,1411,,,
3009400,29,1513,,,
3009400,30,1399,,,
3009400,31,1515,,,
3009400,32,1371,,,
3009400,33,1383,,,
3009400,34,1377,,,
3009400,35,1512,,,
3009400,36,1379,,,
3009400,37,1415,,,
3009400,38,1388,,,
3009400,39,1517,,,
3009400,40,4908,,,
3009400,41,1417,,,
3009400,42,1400,,,
3009400,43,1418,,,
3009400,44,1668,,,
3009400,45,1670,,,
3009400,46,1404,,,
3009400,47,4906,,,
3009400,48,1402,,,
3009400,49,1391,,,
3009400,50,1410,,,
3009400,51,1398,,,
3009400,52,1389,,,
3009400,53,1378,,,
3009400,54,1414,,,
3009400,55,1385,,,
3009400,56,4910,,,
3009400,57,1394,,,
3009400,58,1516,,,
3009400,59,3944,,,
3009400,60,1412,,,
3009400,61,1413,,,
3009400,62,1387,,,
3009400,63,1390,,,
3009400,64,1408,,,
3009400,65,1392,,,
3009400,66,1407,,,
3009400,67,1409,,,
3009400,68,1416,,,
3009400,69,1406,,,
3009400,70,1397,,,
3009400,71,1384,,,
3009400,72,1380,,,
3009400,73,1382,,,
3009400,74,1381,,,
3009400,75,1529,,,
3009400,76,1525,,,
3009400,77,1527,,,
3009400,78,1524,,,
3009400,79,1531,,,
3009400,80,1522,,,
3009400,81,1526,,,
3009400,82,1534,,,
3009400,83,1537,,,
3009400,84,1856,,,
3009400,85,10025,,,
3009400,86,10026,,,
3009400,87,10073,,,
3009400,88,10072,,,
3009400,89,10027,,,
3009400,90,10028,,,
3009400,91,10029,,,
3009400,92,10031,,,
3009400,93,10032,,,
3009400,94,10180,,,
3009400,95,10181,,,
3009400,96,10070,,,
3009400,97,10074,,,
3009400,98,10033,,,
3009400,99,10078,,,
3009400,100,10058,,,
3009400,101,10077,,,
3009400,102,10085,,,
3009400,103,10094,,,
3009400,104,10275,,,
3009400,105,10276,,,
3009400,106,10075,,,
3009400,107,10079,,,
3009400,108,10076,,,
3009401,0,176,,,
3009401,1,310,,,
3009401,2,177,,,
3009401,3,311,,,
3009401,4,100,,,
3009401,5,178,,,
3009401,6,101,,,
3009401,7,312,,,
3009401,8,314,,,
3009401,9,179,,,
3009401,10,182,,,
3009401,11,183,,,
3009401,12,185,,,
3009401,13,315,,,
3009401,14,83,,,
3009401,15,143,,,
3009401,16,144,,,
3009401,17,238,,,
3009401,18,239,,,
3009401,19,240,,,
3009401,20,241,,,
3009401,21,186,,,
3009401,22,316,,,
3009401,23,317,,,
3009401,24,90,,,
3009401,25,318,,,
3009401,26,321,,,
3009401,27,187,,,
3009401,28,188,,,
3009401,29,189,,,
3009401,30,190,,,
3009401,31,1104,,,
3009401,32,1101,,,
3009401,33,1105,,,
3009401,34,1102,,,
3009401,35,465,,,
3009401,36,432,,,
3009401,37,467,,,
3009401,38,434,,,
3009401,39,468,,,
3009401,40,435,,,
3009401,41,469,,,
3009401,42,436,,,
3009401,43,470,,,
3009401,44,437,,,
3009401,45,438,,,
3009401,46,102,,,
3009401,47,625,,,
3009401,48,626,,,
3009401,49,627,,,
3009401,50,628,,,
3009401,51,629,,,
3009401,52,2493,,,
3009401,53,630,,,
3009401,54,2494,,,
3009401,55,50,,,
3009401,56,51,,,
3009401,57,604,,,
3009401,58,605,,,
3009401,59,63,,,
3009401,60,606,,,
3009401,61,2447,,,
3009401,62,2450,,,
3009401,63,61,,,
3009401,64,607,,,
3009401,65,2451,,,
3009401,66,38,,,
3009401,67,39,,,
3009401,68,40,,,
3009401,69,1123,,,
3009401,70,553,,,
3009401,71,1124,,,
3009401,72,2423,,,
3009401,73,2426,,,
3009401,74,1125,,,
3009401,75,2427,,,
3009401,76,2428,,,
3009401,77,44,,,
3009401,78,1148,,,
3009401,79,45,,,
3009401,80,46,,,
3009401,81,47,,,
3009401,82,2411,,,
3009401,83,2412,,,
3009401,84,9577,,,
3009401,85,9578,,,
3009401,86,9583,,,
3009401,87,9584,,,
3009402,0,11610,,,
3009402,1,11619,,,
3009402,2,11612,,,
3009402,3,11609,,,
3009402,4,11627,,,
3009402,5,11630,,,
3009402,6,11634,,,
3009402,7,11633,,,
3009402,8,11637,,,
3009402,9,11655,,,
3009402,10,11656,,,
3009402,11,11657,,,
3009402,12,11662,,,
3009402,13,11664,,,
3009402,14,11672,,,
3009402,15,11660,,,
3009402,16,11663,,,
3009402,17,11678,,,
3009402,18,11676,,,
3009402,19,11693,,,
3009402,20,11709,,,
3009402,21,11715,,,
3009402,22,11732,,,
3009402,23,11737,,,
3009402,24,11729,,,
3009402,25,11731,,,
3009402,26,12011,,,
3009402,27,12010,,,
3009402,28,12017,,,
3009402,29,12022,,,
3009402,30,12019,,,
3009402,31,12018,,,
3009402,32,12048,,,
3009402,33,12047,,,
3009402,34,12058,,,
3009402,35,12057,,,
3009402,36,12083,,,
3009402,37,12013,,,
3009402,38,12025,,,
3009402,39,12051,,,
3009402,40,12069,,,
3009402,41,12063,,,
3009402,42,12073,,,
3009402,43,12078,,,
3009402,44,12007,,,
3009402,45,12016,,,
3009402,46,12038,,,
3009402,47,12068,,,
3009402,48,12046,,,
3009402,49,12037,,,
3009402,50,12055,,,
3009402,51,12061,,,
3009402,52,12072,,,
3009402,53,12076,,,
3009402,54,12082,,,
3009402,55,12006,,,
3009402,56,12029,,,
3009402,57,12033,,,
3009402,58,12070,,,
3009402,59,12035,,,
3009402,60,12045,,,
3009402,61,12053,,,
3009402,62,12062,,,
3009402,63,12071,,,
3009402,64,12075,,,
3009402,65,12077,,,
3009402,66,12009,,,
3009402,67,12028,,,
3009402,68,12050,,,
3009402,69,12064,,,
3009402,70,12079,,,
3013500,0,1,,,
3013500,1,4,,,
3013500,2,11,,,
3013500,3,13,,,
3013500,4,3,,,
3013500,5,152,,,
3013500,6,12,,,
3013500,7,215,,,
3013500,8,14,,,
3013500,9,5,,,
3013500,10,153,,,
3013500,11,1333,,,
3013500,12,66,,,
3013500,13,67,,,
3013500,14,122,,,
3013500,15,154,,,
3013500,16,216,,,
3013500,17,271,,,
3013500,18,2,,,
3013500,19,218,,,
3013500,20,272,,,
3013500,21,15,,,
3013500,22,5284,,,
3013501,0,7,,,
3013501,1,308,,,
3013501,2,8,,,
3013501,3,99,,,
3013501,4,9,,,
3013501,5,176,,,
3013501,6,310,,,
3013501,7,9577,,,
3013501,8,9583,,,
3013600,0,28,,,
3013600,1,21,,,
3013600,2,29,,,
3013600,3,22,,,
3013600,4,30,,,
3013600,5,2386,,,
3013600,6,23,,,
3013600,7,412,,,
3013600,8,390,,,
3013600,9,24,,,
3013600,10,31,,,
3013600,11,18,,,
3013600,12,19,,,
3013600,13,20,,,
3013600,14,102,,,
3013600,15,48,,,
3013600,16,1119,,,
3013600,17,49,,,
3013600,18,50,,,
3013600,19,1121,,,
3013600,20,35,,,
3013600,21,36,,,
3013600,22,1129,,,
3013600,23,1122,,,
3013600,24,37,,,
3013600,25,38,,,
3013600,26,41,,,
3013600,27,42,,,
3013600,28,43,,,
3013600,29,44,,,
3013600,30,9577,,,
3013600,31,9583,,,
3013601,0,462,,,
3013601,1,426,,,
3013601,2,1103,,,
3013601,3,1100,,,
3013601,4,463,,,
3013601,5,428,,,
3013601,6,464,,,
3013601,7,429,,,
3013601,8,1104,,,
3013601,9,1101,,,
3013601,10,18,,,
3013601,11,19,,,
3013601,12,20,,,
3013601,13,102,,,
3013601,14,48,,,
3013601,15,1119,,,
3013601,16,49,,,
3013601,17,50,,,
3013601,18,1121,,,
3013601,19,35,,,
3013601,20,36,,,
3013601,21,1129,,,
3013601,22,1122,,,
3013601,23,37,,,
3013601,24,38,,,
3013601,25,41,,,
3013601,26,42,,,
3013601,27,43,,,
3013601,28,44,,,
3013601,29,9577,,,
3013601,30,9583,,,
3013700,0,1835,,,
3013700,1,2509,,,
3013700,2,3947,,,
3013700,3,5146,,,
3013700,4,5140,,,
3013700,5,5134,,,
3013700,6,5262,,,
3013700,7,5256,,,
3013700,8,5250,,,
3013700,9,17,,,
3013700,10,1341,,,
3013700,11,1060,,,
3013700,12,1831,,,
3013700,13,1833,,,
3013700,14,734,,,
3013700,15,735,,,
3013700,16,6035,,,
3013700,17,736,,,
3013700,18,737,,,
3013700,19,3031,,,
3013700,20,1785,,,
3013700,21,5589,,,
3013700,22,1661,,,
3013700,23,5192,,,
3013700,24,9633,,,
3013700,25,8594,,,
3013700,26,8595,,,
3013700,27,8622,,,
3013700,28,8623,,,
3013700,29,8628,,,
3013700,30,8629,,,
3013700,31,8634,,,
3013700,32,8635,,,
3013700,33,8615,,,
3013700,34,4625,,,
3013700,35,4626,,,
3013700,36,4627,,,
3013700,37,4628,,,
3013800,0,118,,,
3013800,1,906,,,
3013800,2,907,,,
3013800,3,908,,,
3013800,4,112,,,
3013800,5,113,,,
3013800,6,114,,,
3013800,7,115,,,
3013800,8,845,,,
3013800,9,116,,,
3013800,10,875,,,
3013800,11,876,,,
3013800,12,877,,,
3013801,0,1294,,,
3013801,1,1095,,,
3013801,2,1048,,,
3013801,3,1050,,,
3013801,4,1051,,,
3013801,5,1049,,,
3013801,6,1152,,,
3013801,7,1054,,,
3013801,8,1058,,,
3013801,9,1099,,,
3013801,10,1098,,,
3013801,11,1056,,,
3013801,12,1055,,,
3013801,13,1053,,,
3013801,14,1052,,,
3013801,15,1097,,,
3013801,16,1096,,,
3013801,17,1386,,,
3013801,18,1514,,,
3013801,19,1372,,,
3013801,20,1667,,,
3013801,21,1671,,,
3013801,22,1669,,,
3013801,23,1403,,,
3013801,24,1405,,,
3013801,25,1370,,,
3013801,26,1401,,,
3013801,27,4916,,,
3013801,28,1411,,,
3013801,29,1513,,,
3013801,30,1399,,,
3013801,31,1515,,,
3013801,32,1371,,,
3013801,33,1383,,,
3013801,34,1377,,,
3013801,35,3038,,,
3013801,36,10025,,,
3013801,37,10026,,,
3013801,38,10073,,,
3013801,39,10072,,,
3013801,40,10027,,,
3013801,41,10028,,,
3013801,42,3100,,,
3013801,43,3431,,,
3013801,44,8387,,,
3013801,45,3429,,,
3013801,46,3101,,,
3013801,47,4203,,,
3013801,48,7640,,,
3013801,49,3067,,,
3013801,50,3064,,,
3013801,51,4909,,,
3013801,52,3074,,,
3013801,53,4920,,,
3013801,54,4924,,,
3013801,55,3041,,,
3013801,56,5813,,,
3013801,57,3092,,,
3013801,58,3062,,,
3013801,59,4206,,,
3013801,60,3090,,,
3013801,61,3050,,,
3013801,62,3040,,,
3013801,63,3065,,,
3013801,64,3091,,,
3013801,65,3093,,,
3013801,66,3072,,,
3013801,67,3049,,,
3013801,68,3089,,,
3013801,69,3054,,,
3013801,70,5812,,,
3013801,71,3066,,,
3013801,72,8398,,,
3013801,73,8380,,,
3013801,74,7643,,,
3013801,75,8616,,,
3013801,76,8395,,,
3013801,77,8946,,,
3013801,78,3055,,,
3013801,79,1413,,,
3013801,80,8392,,,
3013801,81,8385,,,
3013801,82,8891,,,
3013801,83,5814,,,
3013801,84,5815,,,
3013801,85,4930,,,
3013801,86,4931,,,
3013801,87,4934,,,
3013801,88,5015,,,
3013801,89,12772,,,
3013801,90,13008,,,
3014700,0,1,,,
3014700,1,4,,,
3014700,2,11,,,
3014700,3,13,,,
3014700,4,3,,,
3014700,5,152,,,
3014700,6,12,,,
3014700,7,215,,,
3014700,8,14,,,
3014700,9,5,,,
3014700,10,153,,,
3014700,11,1333,,,
3014700,12,66,,,
3014700,13,67,,,
3014700,14,122,,,
3014700,15,154,,,
3014700,16,216,,,
3014700,17,271,,,
3014700,18,2,,,
3014700,19,218,,,
3014700,20,272,,,
3014700,21,15,,,
3014700,22,5284,,,
3014701,0,7,,,
3014701,1,308,,,
3014701,2,8,,,
3014701,3,99,,,
3014701,4,9,,,
3014701,5,176,,,
3014701,6,310,,,
3014701,7,9577,,,
3014701,8,9583,,,
3014800,0,28,,,
3014800,1,21,,,
3014800,2,29,,,
3014800,3,22,,,
3014800,4,30,,,
3014800,5,2386,,,
3014800,6,23,,,
3014800,7,412,,,
3014800,8,390,,,
3014800,9,24,,,
3014800,10,31,,,
3014800,11,18,,,
3014800,12,19,,,
3014800,13,20,,,
3014800,14,102,,,
3014800,15,48,,,
3014800,16,1119,,,
3014800,17,49,,,
3014800,18,50,,,
3014800,19,1121,,,
3014800,20,35,,,
3014800,21,36,,,
3014800,22,1129,,,
3014800,23,1122,,,
3014800,24,37,,,
3014800,25,38,,,
3014800,26,41,,,
3014800,27,42,,,
3014800,28,43,,,
3014800,29,44,,,
3014800,30,9577,,,
3014800,31,9583,,,
3014801,0,462,,,
3014801,1,426,,,
3014801,2,1103,,,
3014801,3,1100,,,
3014801,4,463,,,
3014801,5,428,,,
3014801,6,464,,,
3014801,7,429,,,
3014801,8,1104,,,
3014801,9,1101,,,
3014801,10,18,,,
3014801,11,19,,,
3014801,12,20,,,
3014801,13,102,,,
3014801,14,48,,,
3014801,15,1119,,,
3014801,16,49,,,
3014801,17,50,,,
3014801,18,1121,,,
3014801,19,35,,,
3014801,20,36,,,
3014801,21,1129,,,
3014801,22,1122,,,
3014801,23,37,,,
3014801,24,38,,,
3014801,25,41,,,
3014801,26,42,,,
3014801,27,43,,,
3014801,28,44,,,
3014801,29,9577,,,
3014801,30,9583,,,
3014900,0,118,,,
3014900,1,906,,,
3014900,2,907,,,
3014900,3,908,,,
3014900,4,112,,,
3014900,5,113,,,
3014900,6,114,,,
3014900,7,115,,,
3014900,8,845,,,
3014900,9,116,,,
3014900,10,875,,,
3014900,11,876,,,
3014900,12,877,,,
3014901,0,1294,,,
3014901,1,1095,,,
3014901,2,1048,,,
3014901,3,1050,,,
3014901,4,1051,,,
3014901,5,1049,,,
3014901,6,1152,,,
3014901,7,1054,,,
3014901,8,1058,,,
3014901,9,1099,,,
3014901,10,1098,,,
3014901,11,1056,,,
3014901,12,1055,,,
3014901,13,1053,,,
3014901,14,1052,,,
3014901,15,1097,,,
3014901,16,1096,,,
3014901,17,1386,,,
3014901,18,1514,,,
3014901,19,1372,,,
3014901,20,1667,,,
3014901,21,1671,,,
3014901,22,1669,,,
3014901,23,1403,,,
3014901,24,1405,,,
3014901,25,1370,,,
3014901,26,1401,,,
3014901,27,4916,,,
3014901,28,1411,,,
3014901,29,1513,,,
3014901,30,1399,,,
3014901,31,1515,,,
3014901,32,1371,,,
3014901,33,1383,,,
3014901,34,1377,,,
3014901,35,3038,,,
3014901,36,10025,,,
3014901,37,10026,,,
3014901,38,10073,,,
3014901,39,10072,,,
3014901,40,10027,,,
3014901,41,10028,,,
3014901,42,3429,,,
3014901,43,3431,,,
3014901,44,4201,,,
3014901,45,3098,,,
3014901,46,4207,,,
3014901,47,3073,,,
3014901,48,7639,,,
3014901,49,3102,,,
3014901,50,3082,,,
3014901,51,3045,,,
3014901,52,3039,,,
3014901,53,4923,,,
3014901,54,4919,,,
3014901,55,5813,,,
3014901,56,3092,,,
3014901,57,4907,,,
3014901,58,3051,,,
3014901,59,4917,,,
3014901,60,3081,,,
3014901,61,3062,,,
3014901,62,4206,,,
3014901,63,3086,,,
3014901,64,3088,,,
3014901,65,3085,,,
3014901,66,3091,,,
3014901,67,3093,,,
3014901,68,4914,,,
3014901,69,3080,,,
3014901,70,3087,,,
3014901,71,3084,,,
3014901,72,3068,,,
3014901,73,3079,,,
3014901,74,3942,,,
3014901,75,5812,,,
3014901,76,3083,,,
3014901,77,8398,,,
3014901,78,8401,,,
3014901,79,8380,,,
3014901,80,7642,,,
3014901,81,8616,,,
3014901,82,8395,,,
3014901,83,8946,,,
3014901,84,8400,,,
3014901,85,8394,,,
3014901,86,1412,,,
3014901,87,8393,,,
3014901,88,8384,,,
3014901,89,5809,,,
3014901,90,5816,,,
3014901,91,8891,,,
3014901,92,8397,,,
3014901,93,8890,,,
3014901,94,5814,,,
3014901,95,5815,,,
3014901,96,4929,,,
3014901,97,4931,,,
3014901,98,4933,,,
3014901,99,5014,,,
3014901,100,12772,,,
3015000,0,1835,,,
3015000,1,2509,,,
3015000,2,3947,,,
3015000,3,5146,,,
3015000,4,5140,,,
3015000,5,5134,,,
3015000,6,5262,,,
3015000,7,5256,,,
3015000,8,5250,,,
3015000,9,17,,,
3015000,10,1341,,,
3015000,11,1060,,,
3015000,12,1831,,,
3015000,13,1833,,,
3015000,14,734,,,
3015000,15,735,,,
3015000,16,6035,,,
3015000,17,736,,,
3015000,18,737,,,
3015000,19,3031,,,
3015000,20,1785,,,
3015000,21,5589,,,
3015000,22,1661,,,
3015000,23,5192,,,
3015000,24,9633,,,
3015000,25,8594,,,
3015000,26,8595,,,
3015000,27,8622,,,
3015000,28,8623,,,
3015000,29,8628,,,
3015000,30,8629,,,
3015000,31,8634,,,
3015000,32,8635,,,
3015000,33,8615,,,
3015000,34,4625,,,
3015000,35,4626,,,
3015000,36,4627,,,
3015000,37,4628,,,
3016300,0,176,,,
3016300,1,310,,,
3016300,2,177,,,
3016300,3,311,,,
3016300,4,100,,,
3016300,5,178,,,
3016300,6,101,,,
3016300,7,7885,,,
3016300,8,312,,,
3016300,9,314,,,
3016300,10,179,,,
3016300,11,182,,,
3016300,12,183,,,
3016300,13,185,,,
3016300,14,315,,,
3016300,15,83,,,
3016300,16,143,,,
3016300,17,144,,,
3016300,18,238,,,
3016300,19,239,,,
3016300,20,240,,,
3016300,21,241,,,
3016300,22,186,,,
3016300,23,316,,,
3016300,24,317,,,
3016300,25,90,,,
3016300,26,7886,,,
3016300,27,7890,,,
3016300,28,318,,,
3016300,29,321,,,
3016400,0,1104,,,
3016400,1,1101,,,
3016400,2,1105,,,
3016400,3,1102,,,
3016400,4,465,,,
3016400,5,432,,,
3016400,6,467,,,
3016400,7,434,,,
3016400,8,468,,,
3016400,9,435,,,
3016400,10,469,,,
3016400,11,436,,,
3016400,12,470,,,
3016400,13,437,,,
3016400,14,102,,,
3016400,15,625,,,
3016400,16,626,,,
3016400,17,627,,,
3016400,18,628,,,
3016400,19,629,,,
3016400,20,50,,,
3016400,21,51,,,
3016400,22,604,,,
3016400,23,605,,,
3016400,24,63,,,
3016400,25,606,,,
3016400,26,38,,,
3016400,27,39,,,
3016400,28,40,,,
3016400,29,1123,,,
3016400,30,553,,,
3016400,31,1124,,,
3016400,32,44,,,
3016400,33,1148,,,
3016400,34,45,,,
3016400,35,46,,,
3016400,36,47,,,
3016400,37,9577,,,
3016400,38,9578,,,
3016400,39,9583,,,
3016400,40,9584,,,
3016500,0,908,,,
3016500,1,909,,,
3016500,2,910,,,
3016500,3,911,,,
3016500,4,912,,,
3016500,5,913,,,
3016500,6,845,,,
3016500,7,846,,,
3016500,8,847,,,
3016500,9,848,,,
3016500,10,849,,,
3016500,11,850,,,
3016500,12,877,,,
3016500,13,878,,,
3016500,14,890,,,
3016500,15,879,,,
3016500,16,880,,,
3016500,17,881,,,
3016501,0,1835,,,
3016501,1,2509,,,
3016501,2,3947,,,
3016501,3,5146,,,
3016501,4,5140,,,
3016501,5,5134,,,
3016501,6,5262,,,
3016501,7,5256,,,
3016501,8,5250,,,
3016501,9,17,,,
3016501,10,1341,,,
3016501,11,1342,,,
3016501,12,1060,,,
3016501,13,1061,,,
3016501,14,1831,,,
3016501,15,1832,,,
3016501,16,1833,,,
3016501,17,1834,,,
3016501,18,734,,,
3016501,19,735,,,
3016501,20,6035,,,
3016501,21,6037,,,
3016501,22,736,,,
3016501,23,737,,,
3016501,24,1829,,,
3016501,25,1830,,,
3016501,26,5589,,,
3016501,27,1661,,,
3016501,28,8515,,,
3016501,29,8516,,,
3016501,30,8517,,,
3016501,31,8518,,,
3016501,32,8519,,,
3016501,33,8520,,,
3016501,34,8873,,,
3016501,35,8874,,,
3016501,36,8875,,,
3016501,37,8876,,,
3016501,38,9633,,,
3016501,39,9634,,,
3016501,40,4625,,,
3016501,41,4626,,,
3016501,42,4627,,,
3016501,43,4628,,,
3016600,0,1294,,,
3016600,1,1095,,,
3016600,2,1048,,,
3016600,3,1050,,,
3016600,4,1051,,,
3016600,5,1049,,,
3016600,6,1152,,,
3016600,7,1054,,,
3016600,8,1058,,,
3016600,9,1099,,,
3016600,10,1098,,,
3016600,11,1056,,,
3016600,12,1055,,,
3016600,13,1053,,,
3016600,14,1052,,,
3016600,15,1097,,,
3016600,16,1096,,,
3016600,17,1386,,,
3016600,18,1514,,,
3016600,19,1372,,,
3016600,20,1667,,,
3016600,21,1671,,,
3016600,22,1669,,,
3016600,23,1403,,,
3016600,24,1405,,,
3016600,25,1370,,,
3016600,26,1401,,,
3016600,27,4916,,,
3016600,28,1411,,,
3016600,29,1513,,,
3016600,30,1399,,,
3016600,31,1515,,,
3016600,32,1371,,,
3016600,33,1383,,,
3016600,34,1377,,,
3016600,35,1512,,,
3016600,36,1379,,,
3016600,37,1415,,,
3016600,38,1388,,,
3016600,39,1517,,,
3016600,40,4908,,,
3016600,41,1417,,,
3016600,42,1400,,,
3016600,43,1418,,,
3016600,44,1668,,,
3016600,45,1670,,,
3016600,46,1404,,,
3016600,47,4906,,,
3016600,48,1402,,,
3016600,49,1391,,,
3016600,50,1410,,,
3016600,51,1398,,,
3016600,52,1389,,,
3016600,53,1378,,,
3016600,54,1414,,,
3016600,55,1385,,,
3016600,56,4910,,,
3016600,57,1394,,,
3016600,58,1516,,,
3016600,59,3944,,,
3016600,60,1412,,,
3016600,61,1413,,,
3016600,62,1387,,,
3016600,63,1390,,,
3016600,64,1408,,,
3016600,65,1392,,,
3016600,66,1407,,,
3016600,67,1409,,,
3016600,68,1416,,,
3016600,69,1406,,,
3016600,70,1397,,,
3016600,71,1384,,,
3016600,72,1380,,,
3016600,73,1382,,,
3016600,74,1381,,,
3016600,75,8616,,,
3016600,76,8890,,,
3016600,77,8891,,,
3016600,78,8909,,,
3016600,79,8945,,,
3016600,80,8946,,,
3016601,0,4445,,,
3016601,1,4446,,,
3016601,2,4447,,,
3016601,3,4448,,,
3016601,4,4449,,,
3016601,5,4450,,,
3016601,6,4451,,,
3016601,7,4452,,,
3016601,8,4453,,,
3016601,9,4454,,,
3016601,10,4455,,,
3016601,11,4456,,,
3016601,12,4457,,,
3016601,13,4458,,,
3016601,14,4459,,,
3016601,15,4460,,,
3016601,16,4461,,,
3016601,17,4462,,,
3016601,18,4463,,,
3016601,19,4464,,,
3016601,20,4465,,,
3016601,21,4466,,,
3016601,22,4467,,,
3016601,23,4468,,,
3016601,24,4481,,,
3016601,25,4482,,,
3016601,26,4483,,,
3016601,27,4484,,,
3016601,28,4485,,,
3016601,29,4486,,,
3016601,30,4487,,,
3016601,31,4488,,,
3016601,32,4489,,,
3016601,33,4490,,,
3016601,34,4491,,,
3016601,35,4492,,,
3016601,36,4493,,,
3016601,37,4494,,,
3016601,38,4495,,,
3016601,39,4496,,,
3016601,40,4497,,,
3016601,41,4498,,,
3016601,42,4499,,,
3016601,43,4500,,,
3016601,44,4501,,,
3016601,45,4502,,,
3016601,46,4503,,,
3016601,47,4504,,,
3016601,48,4505,,,
3016601,49,4506,,,
3016601,50,4507,,,
3016601,51,4508,,,
3016601,52,4509,,,
3016601,53,4510,,,
3016601,54,4511,,,
3016601,55,4512,,,
3016601,56,4513,,,
3016601,57,4514,,,
3016601,58,4515,,,
3016601,59,4516,,,
3016601,60,4517,,,
3016601,61,4518,,,
3016601,62,4519,,,
3016601,63,4520,,,
3016601,64,4521,,,
3016601,65,4522,,,
3016601,66,4523,,,
3016601,67,4524,,,
3016601,68,4525,,,
3016601,69,4526,,,
3016601,70,4527,,,
3016601,71,4528,,,
3016601,72,4529,,,
3016601,73,4530,,,
3016601,74,4531,,,
3016601,75,4532,,,
3016601,76,4533,,,
3016601,77,4534,,,
3016601,78,4535,,,
3016601,79,4536,,,
3016601,80,4537,,,
3016601,81,4538,,,
3016601,82,4539,,,
3016601,83,4540,,,
3016601,84,4541,,,
3016601,85,4542,,,
3016601,86,4543,,,
3016601,87,4544,,,
3016601,88,4545,,,
3016601,89,4546,,,
3016601,90,4547,,,
3016601,91,4548,,,
3016601,92,4549,,,
3016601,93,4550,,,
3016601,94,4551,,,
3016601,95,4552,,,
3016601,96,4565,,,
3016601,97,4566,,,
3016601,98,4567,,,
3016601,99,4568,,,
3016601,100,4569,,,
3016601,101,4570,,,
3016601,102,4571,,,
3016601,103,4572,,,
3016601,104,4573,,,
3016601,105,4574,,,
3016601,106,4575,,,
3016601,107,4576,,,
3016601,108,4577,,,
3016601,109,4578,,,
3016601,110,4579,,,
3016601,111,4580,,,
3016601,112,4581,,,
3016601,113,4582,,,
3016601,114,4583,,,
3016601,115,4584,,,
3016601,116,4585,,,
3016601,117,4586,,,
3016601,118,4587,,,
3016601,119,4588,,,
3017800,0,412,,,
3017800,1,390,,,
3017800,2,24,,,
3017800,3,31,,,
3017800,4,25,,,
3017800,5,26,,,
3017800,6,33,,,
3017800,7,32,,,
3017800,8,27,,,
3017800,9,34,,,
3017800,10,413,,,
3017800,11,347,,,
3017800,12,376,,,
3017800,13,391,,,
3017800,14,414,,,
3017800,15,392,,,
3017800,16,58,,,
3017800,17,59,,,
3017800,18,102,,,
3017800,19,625,,,
3017800,20,626,,,
3017800,21,627,,,
3017800,22,50,,,
3017800,23,51,,,
3017800,24,604,,,
3017800,25,605,,,
3017800,26,38,,,
3017800,27,39,,,
3017800,28,40,,,
3017800,29,1123,,,
3017800,30,44,,,
3017800,31,1148,,,
3017800,32,45,,,
3017800,33,46,,,
3017800,34,415,,,
3017800,35,393,,,
3017800,36,9577,,,
3017800,37,9578,,,
3017800,38,9583,,,
3017800,39,9584,,,
3017801,0,1104,,,
3017801,1,1101,,,
3017801,2,1105,,,
3017801,3,1102,,,
3017801,4,465,,,
3017801,5,432,,,
3017801,6,467,,,
3017801,7,434,,,
3017801,8,468,,,
3017801,9,435,,,
3017801,10,469,,,
3017801,11,436,,,
3017801,12,102,,,
3017801,13,625,,,
3017801,14,626,,,
3017801,15,627,,,
3017801,16,50,,,
3017801,17,51,,,
3017801,18,604,,,
3017801,19,605,,,
3017801,20,38,,,
3017801,21,39,,,
3017801,22,40,,,
3017801,23,1123,,,
3017801,24,44,,,
3017801,25,1148,,,
3017801,26,45,,,
3017801,27,46,,,
3017801,28,9577,,,
3017801,29,9578,,,
3017801,30,9583,,,
3017801,31,9584,,,
3017802,0,12014,,,
3017802,1,12008,,,
3017802,2,12012,,,
3017802,3,12015,,,
3017802,4,12020,,,
3017802,5,12021,,,
3017802,6,12031,,,
3017802,7,12041,,,
3017802,8,12013,,,
3017802,9,12025,,,
3017802,10,12007,,,
3017802,11,12016,,,
3017802,12,12006,,,
3017802,13,12029,,,
3017802,14,12009,,,
3017802,15,12028,,,
3017802,16,12042,,,
3017802,17,12043,,,
3017803,0,12011,,,
3017803,1,12010,,,
3017803,2,12017,,,
3017803,3,12022,,,
3017803,4,12019,,,
3017803,5,12018,,,
3017803,6,12048,,,
3017803,7,12047,,,
3017803,8,12013,,,
3017803,9,12025,,,
3017803,10,12007,,,
3017803,11,12016,,,
3017803,12,12006,,,
3017803,13,12029,,,
3017803,14,12009,,,
3017803,15,12028,,,
3017900,0,2,,,
3017900,1,218,,,
3017900,2,272,,,
3017900,3,15,,,
3017900,4,68,,,
3017900,5,219,,,
3017900,6,273,,,
3017900,7,155,,,
3017900,8,88,,,
3017900,9,87,,,
3017900,10,16,,,
3017900,11,123,,,
3017900,12,7880,,,
3017900,13,220,,,
3017900,14,221,,,
3017900,15,274,,,
3017900,16,156,,,
3017900,17,166,,,
3017900,18,168,,,
3017900,19,291,,,
3017900,20,69,,,
3017900,21,222,,,
3017900,22,275,,,
3017900,23,277,,,
3017900,24,292,,,
3017900,25,295,,,
3017900,26,256,,,
3017900,27,257,,,
3017900,28,258,,,
3017900,29,259,,,
3017901,0,176,,,
3017901,1,310,,,
3017901,2,177,,,
3017901,3,311,,,
3017901,4,100,,,
3017901,5,178,,,
3017901,6,101,,,
3017901,7,7885,,,
3017901,8,312,,,
3017901,9,314,,,
3017901,10,179,,,
3017901,11,182,,,
3017901,12,183,,,
3017901,13,185,,,
3017901,14,315,,,
3017901,15,83,,,
3017901,16,143,,,
3017901,17,144,,,
3017901,18,238,,,
3017901,19,239,,,
3017901,20,240,,,
3017902,0,11614,,,
3017902,1,11605,,,
3017902,2,11613,,,
3017902,3,11617,,,
3017902,4,11606,,,
3017902,5,11623,,,
3017902,6,11626,,,
3017902,7,11618,,,
3017902,8,11622,,,
3017902,9,11635,,,
3017902,10,11646,,,
3017902,11,11632,,,
3017902,12,11629,,,
3017902,13,11647,,,
3017902,14,11631,,,
3017902,15,11608,,,
3017902,16,11642,,,
3017903,0,11610,,,
3017903,1,11619,,,
3017903,2,11611,,,
3017903,3,11612,,,
3017903,4,11609,,,
3017903,5,11627,,,
3017903,6,11630,,,
3017903,7,11634,,,
3017903,8,11633,,,
3017903,9,11637,,,
3017903,10,11655,,,
3017903,11,11656,,,
3017903,12,11657,,,
3017903,13,11662,,,
3017903,14,11664,,,
3017903,15,11672,,,
3018000,0,1835,,,
3018000,1,2509,,,
3018000,2,3947,,,
3018000,3,5146,,,
3018000,4,5140,,,
3018000,5,5134,,,
3018000,6,5262,,,
3018000,7,5256,,,
3018000,8,5250,,,
3018000,9,17,,,
3018000,10,1341,,,
3018000,11,1342,,,
3018000,12,1060,,,
3018000,13,1061,,,
3018000,14,1831,,,
3018000,15,1832,,,
3018000,16,1833,,,
3018000,17,1834,,,
3018000,18,734,,,
3018000,19,735,,,
3018000,20,6035,,,
3018000,21,6037,,,
3018000,22,736,,,
3018000,23,737,,,
3018000,24,1829,,,
3018000,25,3031,,,
3018000,26,1785,,,
3018000,27,5589,,,
3018000,28,1661,,,
3018000,29,5192,,,
3018000,30,5193,,,
3018000,31,5194,,,
3018000,32,2130,,,
3018000,33,9633,,,
3018000,34,9634,,,
3018000,35,8594,,,
3018000,36,8595,,,
3018000,37,8596,,,
3018000,38,8597,,,
3018000,39,8622,,,
3018000,40,8623,,,
3018000,41,8624,,,
3018000,42,8629,,,
3018000,43,8634,,,
3018000,44,8635,,,
3018000,45,8636,,,
3018000,46,8637,,,
3018000,47,8615,,,
3018000,48,10409,,,
3018000,49,4625,,,
3018000,50,4626,,,
3018000,51,4627,,,
3018000,52,4628,,,
3018001,0,4445,,,
3018001,1,4446,,,
3018001,2,4447,,,
3018001,3,4448,,,
3018001,4,4449,,,
3018001,5,4450,,,
3018001,6,4451,,,
3018001,7,4452,,,
3018001,8,4453,,,
3018001,9,4454,,,
3018001,10,4455,,,
3018001,11,4456,,,
3018001,12,4457,,,
3018001,13,4458,,,
3018001,14,4459,,,
3018001,15,4460,,,
3018001,16,4461,,,
3018001,17,4462,,,
3018001,18,4463,,,
3018001,19,4464,,,
3018001,20,4465,,,
3018001,21,4466,,,
3018001,22,4467,,,
3018001,23,4468,,,
3018001,24,4481,,,
3018001,25,4482,,,
3018001,26,4483,,,
3018001,27,4484,,,
3018001,28,4485,,,
3018001,29,4486,,,
3018001,30,4487,,,
3018001,31,4488,,,
3018001,32,4489,,,
3018001,33,4490,,,
3018001,34,4491,,,
3018001,35,4492,,,
3018100,0,908,,,
3018100,1,909,,,
3018100,2,910,,,
3018100,3,845,,,
3018100,4,846,,,
3018100,5,847,,,
3018100,6,877,,,
3018100,7,878,,,
3018100,8,890,,,
3018101,0,1294,,,
3018101,1,1095,,,
3018101,2,1048,,,
3018101,3,1050,,,
3018101,4,1051,,,
3018101,5,1049,,,
3018101,6,1152,,,
3018101,7,1054,,,
3018101,8,1058,,,
3018101,9,1099,,,
3018101,10,1098,,,
3018101,11,1056,,,
3018101,12,1055,,,
3018101,13,1053,,,
3018101,14,1052,,,
3018101,15,1097,,,
3018101,16,1096,,,
3018101,17,1386,,,
3018101,18,1514,,,
3018101,19,1372,,,
3018101,20,1667,,,
3018101,21,1671,,,
3018101,22,1669,,,
3018101,23,1403,,,
3018101,24,1405,,,
3018101,25,1370,,,
3018101,26,1401,,,
3018101,27,4916,,,
3018101,28,1411,,,
3018101,29,1513,,,
3018101,30,1399,,,
3018101,31,1515,,,
3018101,32,1371,,,
3018101,33,1383,,,
3018101,34,1377,,,
3018101,35,1512,,,
3018101,36,1379,,,
3018101,37,1415,,,
3018101,38,1388,,,
3018101,39,1517,,,
3018101,40,4908,,,
3018101,41,1417,,,
3018101,42,1400,,,
3018101,43,1418,,,
3018101,44,1668,,,
3018101,45,1670,,,
3018101,46,1404,,,
3018101,47,4906,,,
3018101,48,1402,,,
3018101,49,1391,,,
3018101,50,1410,,,
3018101,51,1398,,,
3018101,52,1389,,,
3018101,53,1378,,,
3018101,54,1414,,,
3018101,55,1385,,,
3018101,56,4910,,,
3018101,57,1394,,,
3018101,58,1516,,,
3018101,59,1529,,,
3018101,60,1525,,,
3018101,61,1527,,,
3018101,62,1524,,,
3018101,63,1531,,,
3018101,64,1522,,,
3018101,65,1526,,,
3018101,66,1534,,,
3018101,67,1537,,,
3018101,68,1856,,,
3018101,69,1523,,,
3018101,70,1521,,,
3018101,71,1535,,,
3018101,72,1532,,,
3018101,73,1536,,,
3018101,74,1533,,,
3018101,75,1528,,,
3018101,76,1518,,,
3018101,77,1519,,,
3018101,78,3038,,,
3018101,79,10025,,,
3018101,80,10026,,,
3018101,81,10073,,,
3018101,82,10072,,,
3018101,83,10027,,,
3018101,84,10028,,,
3018101,85,10029,,,
3018101,86,10031,,,
3018101,87,10032,,,
3018101,88,10180,,,
3018101,89,10181,,,
3018101,90,10070,,,
3018101,91,10074,,,
3018101,92,10033,,,
3018101,93,10078,,,
3018101,94,10058,,,
3018101,95,10077,,,
3018101,96,10085,,,
3018101,97,10094,,,
3018101,98,10275,,,
3018102,0,12312,,,
3018102,1,12311,,,
3018102,2,12313,,,
3020700,0,2,,,
3020700,1,218,,,
3020700,2,272,,,
3020700,3,15,,,
3020700,4,68,,,
3020700,5,219,,,
3020700,6,273,,,
3020700,7,155,,,
3020700,8,88,,,
3020700,9,87,,,
3020700,10,16,,,
3020700,11,123,,,
3020700,12,7880,,,
3020700,13,220,,,
3020700,14,221,,,
3020700,15,274,,,
3020700,16,156,,,
3020700,17,166,,,
3020700,18,168,,,
3020700,19,291,,,
3020700,20,69,,,
3020700,21,222,,,
3020700,22,275,,,
3020700,23,277,,,
3020700,24,292,,,
3020700,25,295,,,
3020700,26,256,,,
3020700,27,257,,,
3020700,28,258,,,
3020700,29,259,,,
3020701,0,176,,,
3020701,1,310,,,
3020701,2,177,,,
3020701,3,311,,,
3020701,4,100,,,
3020701,5,178,,,
3020701,6,101,,,
3020701,7,7885,,,
3020701,8,312,,,
3020701,9,314,,,
3020701,10,179,,,
3020701,11,182,,,
3020701,12,183,,,
3020701,13,185,,,
3020701,14,315,,,
3020701,15,83,,,
3020701,16,143,,,
3020701,17,144,,,
3020701,18,238,,,
3020701,19,239,,,
3020701,20,240,,,
3020702,0,11614,,,
3020702,1,11605,,,
3020702,2,11613,,,
3020702,3,11617,,,
3020702,4,11606,,,
3020702,5,11623,,,
3020702,6,11626,,,
3020702,7,11618,,,
3020702,8,11622,,,
3020702,9,11635,,,
3020702,10,11646,,,
3020702,11,11632,,,
3020702,12,11629,,,
3020702,13,11647,,,
3020702,14,11631,,,
3020702,15,11608,,,
3020702,16,11642,,,
3020703,0,11610,,,
3020703,1,11619,,,
3020703,2,11611,,,
3020703,3,11612,,,
3020703,4,11609,,,
3020703,5,11627,,,
3020703,6,11630,,,
3020703,7,11634,,,
3020703,8,11633,,,
3020703,9,11637,,,
3020703,10,11655,,,
3020703,11,11656,,,
3020703,12,11657,,,
3020703,13,11662,,,
3020703,14,11664,,,
3020703,15,11672,,,
3020800,0,412,,,
3020800,1,390,,,
3020800,2,24,,,
3020800,3,31,,,
3020800,4,25,,,
3020800,5,26,,,
3020800,6,33,,,
3020800,7,32,,,
3020800,8,27,,,
3020800,9,34,,,
3020800,10,413,,,
3020800,11,347,,,
3020800,12,376,,,
3020800,13,391,,,
3020800,14,414,,,
3020800,15,392,,,
3020800,16,58,,,
3020800,17,59,,,
3020800,18,102,,,
3020800,19,625,,,
3020800,20,626,,,
3020800,21,627,,,
3020800,22,50,,,
3020800,23,51,,,
3020800,24,604,,,
3020800,25,605,,,
3020800,26,38,,,
3020800,27,39,,,
3020800,28,40,,,
3020800,29,1123,,,
3020800,30,44,,,
3020800,31,1148,,,
3020800,32,45,,,
3020800,33,46,,,
3020800,34,415,,,
3020800,35,393,,,
3020800,36,9577,,,
3020800,37,9578,,,
3020800,38,9583,,,
3020800,39,9584,,,
3020801,0,1104,,,
3020801,1,1101,,,
3020801,2,1105,,,
3020801,3,1102,,,
3020801,4,465,,,
3020801,5,432,,,
3020801,6,467,,,
3020801,7,434,,,
3020801,8,468,,,
3020801,9,435,,,
3020801,10,469,,,
3020801,11,436,,,
3020801,12,102,,,
3020801,13,625,,,
3020801,14,626,,,
3020801,15,627,,,
3020801,16,50,,,
3020801,17,51,,,
3020801,18,604,,,
3020801,19,605,,,
3020801,20,38,,,
3020801,21,39,,,
3020801,22,40,,,
3020801,23,1123,,,
3020801,24,44,,,
3020801,25,1148,,,
3020801,26,45,,,
3020801,27,46,,,
3020801,28,9577,,,
3020801,29,9578,,,
3020801,30,9583,,,
3020801,31,9584,,,
3020802,0,12014,,,
3020802,1,12008,,,
3020802,2,12012,,,
3020802,3,12015,,,
3020802,4,12020,,,
3020802,5,12021,,,
3020802,6,12031,,,
3020802,7,12041,,,
3020802,8,12013,,,
3020802,9,12025,,,
3020802,10,12007,,,
3020802,11,12016,,,
3020802,12,12006,,,
3020802,13,12029,,,
3020802,14,12009,,,
3020802,15,12028,,,
3020802,16,12042,,,
3020802,17,12043,,,
3020803,0,12011,,,
3020803,1,12010,,,
3020803,2,12017,,,
3020803,3,12022,,,
3020803,4,12019,,,
3020803,5,12018,,,
3020803,6,12048,,,
3020803,7,12047,,,
3020803,8,12013,,,
3020803,9,12025,,,
3020803,10,12007,,,
3020803,11,12016,,,
3020803,12,12006,,,
3020803,13,12029,,,
3020803,14,12009,,,
3020803,15,12028,,,
3020900,0,4445,,,
3020900,1,4446,,,
3020900,2,4447,,,
3020900,3,4448,,,
3020900,4,4449,,,
3020900,5,4450,,,
3020900,6,4451,,,
3020900,7,4452,,,
3020900,8,4453,,,
3020900,9,4454,,,
3020900,10,4455,,,
3020900,11,4456,,,
3020900,12,4457,,,
3020900,13,4458,,,
3020900,14,4459,,,
3020900,15,4460,,,
3020900,16,4461,,,
3020900,17,4462,,,
3020900,18,4463,,,
3020900,19,4464,,,
3020900,20,4465,,,
3020900,21,4466,,,
3020900,22,4467,,,
3020900,23,4468,,,
3020900,24,4481,,,
3020900,25,4482,,,
3020900,26,4483,,,
3020900,27,4484,,,
3020900,28,4485,,,
3020900,29,4486,,,
3020900,30,4487,,,
3020900,31,4488,,,
3020900,32,4489,,,
3020900,33,4490,,,
3020900,34,4491,,,
3020900,35,4492,,,
3023000,0,347,,,
3023000,1,376,,,
3023000,2,391,,,
3023000,3,414,,,
3023000,4,392,,,
3023000,5,58,,,
3023000,6,59,,,
3023000,7,102,,,
3023000,8,625,,,
3023000,9,626,,,
3023000,10,627,,,
3023000,11,50,,,
3023000,12,51,,,
3023000,13,604,,,
3023000,14,605,,,
3023000,15,38,,,
3023000,16,39,,,
3023000,17,40,,,
3023000,18,1123,,,
3023000,19,44,,,
3023000,20,1148,,,
3023000,21,45,,,
3023000,22,46,,,
3023000,23,415,,,
3023000,24,393,,,
3023000,25,9577,,,
3023000,26,9578,,,
3023000,27,9583,,,
3023000,28,9584,,,
3023001,0,1104,,,
3023001,1,1101,,,
3023001,2,1105,,,
3023001,3,1102,,,
3023001,4,465,,,
3023001,5,432,,,
3023001,6,467,,,
3023001,7,434,,,
3023001,8,468,,,
3023001,9,435,,,
3023001,10,469,,,
3023001,11,436,,,
3023001,12,102,,,
3023001,13,625,,,
3023001,14,626,,,
3023001,15,627,,,
3023001,16,50,,,
3023001,17,51,,,
3023001,18,604,,,
3023001,19,605,,,
3023001,20,38,,,
3023001,21,39,,,
3023001,22,40,,,
3023001,23,1123,,,
3023001,24,44,,,
3023001,25,1148,,,
3023001,26,45,,,
3023001,27,46,,,
3023001,28,9577,,,
3023001,29,9578,,,
3023001,30,9583,,,
3023001,31,9584,,,
3023002,0,12014,,,
3023002,1,12008,,,
3023002,2,12012,,,
3023002,3,12015,,,
3023002,4,12020,,,
3023002,5,12021,,,
3023002,6,12031,,,
3023002,7,12041,,,
3023002,8,12013,,,
3023002,9,12025,,,
3023002,10,12007,,,
3023002,11,12016,,,
3023002,12,12006,,,
3023002,13,12029,,,
3023002,14,12009,,,
3023002,15,12028,,,
3023002,16,12042,,,
3023002,17,12043,,,
3023003,0,12011,,,
3023003,1,12010,,,
3023003,2,12017,,,
3023003,3,12022,,,
3023003,4,12019,,,
3023003,5,12018,,,
3023003,6,12048,,,
3023003,7,12047,,,
3023003,8,12013,,,
3023003,9,12025,,,
3023003,10,12007,,,
3023003,11,12016,,,
3023003,12,12006,,,
3023003,13,12029,,,
3023003,14,12009,,,
3023003,15,12028,,,
3023100,0,908,,,
3023100,1,909,,,
3023100,2,910,,,
3023100,3,845,,,
3023100,4,846,,,
3023100,5,847,,,
3023100,6,877,,,
3023100,7,878,,,
3023100,8,890,,,
3023101,0,12312,,,
3023101,1,12311,,,
3023101,2,12313,,,
3025300,0,412,,,
3025300,1,390,,,
3025300,2,24,,,
3025300,3,31,,,
3025300,4,25,,,
3025300,5,26,,,
3025300,6,33,,,
3025300,7,32,,,
3025300,8,27,,,
3025300,9,34,,,
3025300,10,413,,,
3025300,11,347,,,
3025300,12,376,,,
3025300,13,391,,,
3025300,14,414,,,
3025300,15,392,,,
3025300,16,58,,,
3025300,17,59,,,
3025300,18,102,,,
3025300,19,625,,,
3025300,20,626,,,
3025300,21,627,,,
3025300,22,50,,,
3025300,23,51,,,
3025300,24,604,,,
3025300,25,605,,,
3025300,26,38,,,
3025300,27,39,,,
3025300,28,40,,,
3025300,29,1123,,,
3025300,30,44,,,
3025300,31,1148,,,
3025300,32,45,,,
3025300,33,46,,,
3025300,34,415,,,
3025300,35,393,,,
3025300,36,9577,,,
3025300,37,9578,,,
3025300,38,9583,,,
3025300,39,9584,,,
3025301,0,1104,,,
3025301,1,1101,,,
3025301,2,1105,,,
3025301,3,1102,,,
3025301,4,465,,,
3025301,5,432,,,
3025301,6,467,,,
3025301,7,434,,,
3025301,8,468,,,
3025301,9,435,,,
3025301,10,469,,,
3025301,11,436,,,
3025301,12,102,,,
3025301,13,625,,,
3025301,14,626,,,
3025301,15,627,,,
3025301,16,50,,,
3025301,17,51,,,
3025301,18,604,,,
3025301,19,605,,,
3025301,20,38,,,
3025301,21,39,,,
3025301,22,40,,,
3025301,23,1123,,,
3025301,24,44,,,
3025301,25,1148,,,
3025301,26,45,,,
3025301,27,46,,,
3025301,28,9577,,,
3025301,29,9578,,,
3025301,30,9583,,,
3025301,31,9584,,,
3025302,0,12014,,,
3025302,1,12008,,,
3025302,2,12012,,,
3025302,3,12015,,,
3025302,4,12020,,,
3025302,5,12021,,,
3025302,6,12031,,,
3025302,7,12041,,,
3025302,8,12013,,,
3025302,9,12025,,,
3025302,10,12007,,,
3025302,11,12016,,,
3025302,12,12006,,,
3025302,13,12029,,,
3025302,14,12009,,,
3025302,15,12028,,,
3025302,16,12042,,,
3025302,17,12043,,,
3025303,0,12011,,,
3025303,1,12010,,,
3025303,2,12017,,,
3025303,3,12022,,,
3025303,4,12019,,,
3025303,5,12018,,,
3025303,6,12048,,,
3025303,7,12047,,,
3025303,8,12013,,,
3025303,9,12025,,,
3025303,10,12007,,,
3025303,11,12016,,,
3025303,12,12006,,,
3025303,13,12029,,,
3025303,14,12009,,,
3025303,15,12028,,,
3025400,0,1835,,,
3025400,1,2509,,,
3025400,2,3947,,,
3025400,3,5146,,,
3025400,4,5140,,,
3025400,5,5134,,,
3025400,6,5262,,,
3025400,7,5256,,,
3025400,8,5250,,,
3025400,9,17,,,
3025400,10,1341,,,
3025400,11,1342,,,
3025400,12,1060,,,
3025400,13,1061,,,
3025400,14,1831,,,
3025400,15,1832,,,
3025400,16,1833,,,
3025400,17,1834,,,
3025400,18,734,,,
3025400,19,735,,,
3025400,20,6035,,,
3025400,21,6037,,,
3025400,22,736,,,
3025400,23,737,,,
3025400,24,1829,,,
3025400,25,3031,,,
3025400,26,1785,,,
3025400,27,5589,,,
3025400,28,1661,,,
3025400,29,5192,,,
3025400,30,5193,,,
3025400,31,5194,,,
3025400,32,2130,,,
3025400,33,9633,,,
3025400,34,9634,,,
3025400,35,8594,,,
3025400,36,8595,,,
3025400,37,8596,,,
3025400,38,8597,,,
3025400,39,8622,,,
3025400,40,8623,,,
3025400,41,8624,,,
3025400,42,8629,,,
3025400,43,8634,,,
3025400,44,8635,,,
3025400,45,8636,,,
3025400,46,8637,,,
3025400,47,8615,,,
3025400,48,10409,,,
3025400,49,4625,,,
3025400,50,4626,,,
3025400,51,4627,,,
3025400,52,4628,,,
3025401,0,4445,,,
3025401,1,4446,,,
3025401,2,4447,,,
3025401,3,4448,,,
3025401,4,4449,,,
3025401,5,4450,,,
3025401,6,4451,,,
3025401,7,4452,,,
3025401,8,4453,,,
3025401,9,4454,,,
3025401,10,4455,,,
3025401,11,4456,,,
3025401,12,4457,,,
3025401,13,4458,,,
3025401,14,4459,,,
3025401,15,4460,,,
3025401,16,4461,,,
3025401,17,4462,,,
3025401,18,4463,,,
3025401,19,4464,,,
3025401,20,4465,,,
3025401,21,4466,,,
3025401,22,4467,,,
3025401,23,4468,,,
3025401,24,4481,,,
3025401,25,4482,,,
3025401,26,4483,,,
3025401,27,4484,,,
3025401,28,4485,,,
3025401,29,4486,,,
3025401,30,4487,,,
3025401,31,4488,,,
3025401,32,4489,,,
3025401,33,4490,,,
3025401,34,4491,,,
3025401,35,4492,,,
3029400,0,908,,,
3029400,1,909,,,
3029400,2,910,,,
3029400,3,845,,,
3029400,4,846,,,
3029400,5,847,,,
3029400,6,877,,,
3029400,7,878,,,
3029400,8,890,,,
3029401,0,1294,,,
3029401,1,1095,,,
3029401,2,1048,,,
3029401,3,1050,,,
3029401,4,1051,,,
3029401,5,1049,,,
3029401,6,1152,,,
3029401,7,1054,,,
3029401,8,1058,,,
3029401,9,1099,,,
3029401,10,1098,,,
3029401,11,1056,,,
3029401,12,1055,,,
3029401,13,1053,,,
3029401,14,1052,,,
3029401,15,1097,,,
3029401,16,1096,,,
3029401,17,1386,,,
3029401,18,1514,,,
3029401,19,1372,,,
3029401,20,1667,,,
3029401,21,1671,,,
3029401,22,1669,,,
3029401,23,1403,,,
3029401,24,1405,,,
3029401,25,1370,,,
3029401,26,1401,,,
3029401,27,4916,,,
3029401,28,1411,,,
3029401,29,1513,,,
3029401,30,1399,,,
3029401,31,1515,,,
3029401,32,1371,,,
3029401,33,1383,,,
3029401,34,1377,,,
3029401,35,1512,,,
3029401,36,1379,,,
3029401,37,1415,,,
3029401,38,1388,,,
3029401,39,1517,,,
3029401,40,4908,,,
3029401,41,1417,,,
3029401,42,1400,,,
3029401,43,1418,,,
3029401,44,1668,,,
3029401,45,1670,,,
3029401,46,1404,,,
3029401,47,4906,,,
3029401,48,1402,,,
3029401,49,1391,,,
3029401,50,1410,,,
3029401,51,1398,,,
3029401,52,1389,,,
3029401,53,1378,,,
3029401,54,1414,,,
3029401,55,1385,,,
3029401,56,4910,,,
3029401,57,1394,,,
3029401,58,1516,,,
3029401,59,1529,,,
3029401,60,1525,,,
3029401,61,1527,,,
3029401,62,1524,,,
3029401,63,1531,,,
3029401,64,1522,,,
3029401,65,1526,,,
3029401,66,1534,,,
3029401,67,1537,,,
3029401,68,1856,,,
3029401,69,1523,,,
3029401,70,1521,,,
3029401,71,1535,,,
3029401,72,1532,,,
3029401,73,1536,,,
3029401,74,1533,,,
3029401,75,1528,,,
3029401,76,1518,,,
3029401,77,1519,,,
3029401,78,3038,,,
3029401,79,10025,,,
3029401,80,10026,,,
3029401,81,10073,,,
3029401,82,10072,,,
3029401,83,10027,,,
3029401,84,10028,,,
3029401,85,10029,,,
3029401,86,10031,,,
3029401,87,10032,,,
3029401,88,10180,,,
3029401,89,10181,,,
3029401,90,10070,,,
3029401,91,10074,,,
3029401,92,10033,,,
3029401,93,10078,,,
3029401,94,10058,,,
3029401,95,10077,,,
3029401,96,10085,,,
3029401,97,10094,,,
3029401,98,10275,,,
3030100,0,1835,,,
3030100,1,2509,,,
3030100,2,3947,,,
3030100,3,5146,,,
3030100,4,5140,,,
3030100,5,5134,,,
3030100,6,5262,,,
3030100,7,5256,,,
3030100,8,5250,,,
3030100,9,17,,,
3030100,10,1341,,,
3030100,11,1342,,,
3030100,12,1060,,,
3030100,13,1061,,,
3030100,14,1831,,,
3030100,15,1832,,,
3030100,16,1833,,,
3030100,17,1834,,,
3030100,18,734,,,
3030100,19,735,,,
3030100,20,6035,,,
3030100,21,6037,,,
3030100,22,736,,,
3030100,23,737,,,
3030100,24,1829,,,
3030100,25,3031,,,
3030100,26,1785,,,
3030100,27,5589,,,
3030100,28,1661,,,
3030100,29,5192,,,
3030100,30,5193,,,
3030100,31,5194,,,
3030100,32,2130,,,
3030100,33,9633,,,
3030100,34,9634,,,
3030100,35,8594,,,
3030100,36,8595,,,
3030100,37,8596,,,
3030100,38,8597,,,
3030100,39,8622,,,
3030100,40,8623,,,
3030100,41,8624,,,
3030100,42,8629,,,
3030100,43,8634,,,
3030100,44,8635,,,
3030100,45,8636,,,
3030100,46,8637,,,
3030100,47,8615,,,
3030100,48,10409,,,
3030100,49,4625,,,
3030100,50,4626,,,
3030100,51,4627,,,
3030100,52,4628,,,
3030101,0,4445,,,
3030101,1,4446,,,
3030101,2,4447,,,
3030101,3,4448,,,
3030101,4,4449,,,
3030101,5,4450,,,
3030101,6,4451,,,
3030101,7,4452,,,
3030101,8,4453,,,
3030101,9,4454,,,
3030101,10,4455,,,
3030101,11,4456,,,
3030101,12,4457,,,
3030101,13,4458,,,
3030101,14,4459,,,
3030101,15,4460,,,
3030101,16,4461,,,
3030101,17,4462,,,
3030101,18,4463,,,
3030101,19,4464,,,
3030101,20,4465,,,
3030101,21,4466,,,
3030101,22,4467,,,
3030101,23,4468,,,
3030101,24,4481,,,
3030101,25,4482,,,
3030101,26,4483,,,
3030101,27,4484,,,
3030101,28,4485,,,
3030101,29,4486,,,
3030101,30,4487,,,
3030101,31,4488,,,
3030101,32,4489,,,
3030101,33,4490,,,
3030101,34,4491,,,
3030101,35,4492,,,
3031300,0,1294,,,
3031300,1,1095,,,
3031300,2,1048,,,
3031300,3,1050,,,
3031300,4,1051,,,
3031300,5,1049,,,
3031300,6,1152,,,
3031300,7,1054,,,
3031300,8,1058,,,
3031300,9,1099,,,
3031300,10,1098,,,
3031300,11,1056,,,
3031300,12,1055,,,
3031300,13,1053,,,
3031300,14,1052,,,
3031300,15,1097,,,
3031300,16,1096,,,
3031300,17,1386,,,
3031300,18,1514,,,
3031300,19,1372,,,
3031300,20,1667,,,
3031300,21,1671,,,
3031300,22,1669,,,
3031300,23,1403,,,
3031300,24,1405,,,
3031300,25,1370,,,
3031300,26,1401,,,
3031300,27,4916,,,
3031300,28,1411,,,
3031300,29,1513,,,
3031300,30,1399,,,
3031300,31,1515,,,
3031300,32,1371,,,
3031300,33,1383,,,
3031300,34,1377,,,
3031300,35,1512,,,
3031300,36,1379,,,
3031300,37,1415,,,
3031300,38,1388,,,
3031300,39,1517,,,
3031300,40,4908,,,
3031300,41,1417,,,
3031300,42,1400,,,
3031300,43,1418,,,
3031300,44,1668,,,
3031300,45,1670,,,
3031300,46,1404,,,
3031300,47,4906,,,
3031300,48,1402,,,
3031300,49,1391,,,
3031300,50,1410,,,
3031300,51,1398,,,
3031300,52,1389,,,
3031300,53,1378,,,
3031300,54,1414,,,
3031300,55,1385,,,
3031300,56,4910,,,
3031300,57,1394,,,
3031300,58,1516,,,
3031300,59,1529,,,
3031300,60,1525,,,
3031300,61,1527,,,
3031300,62,1524,,,
3031300,63,1531,,,
3031300,64,1522,,,
3031300,65,1526,,,
3031300,66,1534,,,
3031300,67,1537,,,
3031300,68,1856,,,
3031300,69,1523,,,
3031300,70,1521,,,
3031300,71,1535,,,
3031300,72,1532,,,
3031300,73,1536,,,
3031300,74,1533,,,
3031300,75,1528,,,
3031300,76,1518,,,
3031300,77,1519,,,
3031300,78,3038,,,
3031300,79,10025,,,
3031300,80,10026,,,
3031300,81,10073,,,
3031300,82,10072,,,
3031300,83,10027,,,
3031300,84,10028,,,
3031300,85,10029,,,
3031300,86,10031,,,
3031300,87,10032,,,
3031300,88,10180,,,
3031300,89,10181,,,
3031300,90,10070,,,
3031300,91,10074,,,
3031300,92,10033,,,
3031300,93,10078,,,
3031300,94,10058,,,
3031300,95,10077,,,
3031300,96,10085,,,
3031300,97,10094,,,
3031300,98,10275,,,
3031400,0,908,,,
3031400,1,909,,,
3031400,2,910,,,
3031400,3,845,,,
3031400,4,846,,,
3031400,5,847,,,
3031400,6,877,,,
3031400,7,878,,,
3031400,8,890,,,
3031401,0,1294,,,
3031401,1,1095,,,
3031401,2,1048,,,
3031401,3,1050,,,
3031401,4,1051,,,
3031401,5,1049,,,
3031401,6,1152,,,
3031401,7,1054,,,
3031401,8,1058,,,
3031401,9,1099,,,
3031401,10,1098,,,
3031401,11,1056,,,
3031401,12,1055,,,
3031401,13,1053,,,
3031401,14,1052,,,
3031401,15,1097,,,
3031401,16,1096,,,
3031401,17,1386,,,
3031401,18,1514,,,
3031401,19,1372,,,
3031401,20,1667,,,
3031401,21,1671,,,
3031401,22,1669,,,
3031401,23,1403,,,
3031401,24,1405,,,
3031401,25,1370,,,
3031401,26,1401,,,
3031401,27,4916,,,
3031401,28,1411,,,
3031401,29,1513,,,
3031401,30,1399,,,
3031401,31,1515,,,
3031401,32,1371,,,
3031401,33,1383,,,
3031401,34,1377,,,
3031401,35,1512,,,
3031401,36,1379,,,
3031401,37,1415,,,
3031401,38,1388,,,
3031401,39,1517,,,
3031401,40,4908,,,
3031401,41,1417,,,
3031401,42,1400,,,
3031401,43,1418,,,
3031401,44,1668,,,
3031401,45,1670,,,
3031401,46,1404,,,
3031401,47,4906,,,
3031401,48,1402,,,
3031401,49,1391,,,
3031401,50,1410,,,
3031401,51,1398,,,
3031401,52,1389,,,
3031401,53,1378,,,
3031401,54,1414,,,
3031401,55,1385,,,
3031401,56,4910,,,
3031401,57,1394,,,
3031401,58,1516,,,
3031401,59,1529,,,
3031401,60,1525,,,
3031401,61,1527,,,
3031401,62,1524,,,
3031401,63,1531,,,
3031401,64,1522,,,
3031401,65,1526,,,
3031401,66,1534,,,
3031401,67,1537,,,
3031401,68,1856,,,
3031401,69,1523,,,
3031401,70,1521,,,
3031401,71,1535,,,
3031401,72,1532,,,
3031401,73,1536,,,
3031401,74,1533,,,
3031401,75,1528,,,
3031401,76,1518,,,
3031401,77,1519,,,
3031401,78,3038,,,
3031401,79,10025,,,
3031401,80,10026,,,
3031401,81,10073,,,
3031401,82,10072,,,
3031401,83,10027,,,
3031401,84,10028,,,
3031401,85,10029,,,
3031401,86,10031,,,
3031401,87,10032,,,
3031401,88,10180,,,
3031401,89,10181,,,
3031401,90,10070,,,
3031401,91,10074,,,
3031401,92,10033,,,
3031401,93,10078,,,
3031401,94,10058,,,
3031401,95,10077,,,
3031401,96,10085,,,
3031401,97,10094,,,
3031401,98,10275,,,
3031402,0,12312,,,
3031402,1,12311,,,
3031402,2,12313,,,
3031500,0,1835,,,
3031500,1,2509,,,
3031500,2,3947,,,
3031500,3,5146,,,
3031500,4,5140,,,
3031500,5,5134,,,
3031500,6,5262,,,
3031500,7,5256,,,
3031500,8,5250,,,
3031500,9,17,,,
3031500,10,1341,,,
3031500,11,1342,,,
3031500,12,1060,,,
3031500,13,1061,,,
3031500,14,1831,,,
3031500,15,1832,,,
3031500,16,1833,,,
3031500,17,1834,,,
3031500,18,734,,,
3031500,19,735,,,
3031500,20,6035,,,
3031500,21,6037,,,
3031500,22,736,,,
3031500,23,737,,,
3031500,24,1829,,,
3031500,25,3031,,,
3031500,26,1785,,,
3031500,27,5589,,,
3031500,28,1661,,,
3031500,29,5192,,,
3031500,30,5193,,,
3031500,31,5194,,,
3031500,32,2130,,,
3031500,33,9633,,,
3031500,34,9634,,,
3031500,35,8594,,,
3031500,36,8595,,,
3031500,37,8596,,,
3031500,38,8597,,,
3031500,39,8622,,,
3031500,40,8623,,,
3031500,41,8624,,,
3031500,42,8629,,,
3031500,43,8634,,,
3031500,44,8635,,,
3031500,45,8636,,,
3031500,46,8637,,,
3031500,47,8615,,,
3031500,48,10409,,,
3031500,49,4625,,,
3031500,50,4626,,,
3031500,51,4627,,,
3031500,52,4628,,,
3032100,0,2,,,
3032100,1,218,,,
3032100,2,272,,,
3032100,3,15,,,
3032100,4,68,,,
3032100,5,219,,,
3032100,6,273,,,
3032100,7,155,,,
3032100,8,88,,,
3032100,9,87,,,
3032100,10,16,,,
3032100,11,123,,,
3032100,12,7880,,,
3032100,13,220,,,
3032100,14,221,,,
3032100,15,274,,,
3032100,16,156,,,
3032100,17,166,,,
3032100,18,168,,,
3032100,19,291,,,
3032100,20,69,,,
3032100,21,222,,,
3032100,22,275,,,
3032100,23,277,,,
3032100,24,292,,,
3032100,25,295,,,
3032100,26,256,,,
3032100,27,257,,,
3032100,28,258,,,
3032100,29,259,,,
3032101,0,176,,,
3032101,1,310,,,
3032101,2,177,,,
3032101,3,311,,,
3032101,4,100,,,
3032101,5,178,,,
3032101,6,101,,,
3032101,7,7885,,,
3032101,8,312,,,
3032101,9,314,,,
3032101,10,179,,,
3032101,11,182,,,
3032101,12,183,,,
3032101,13,185,,,
3032101,14,315,,,
3032101,15,83,,,
3032101,16,143,,,
3032101,17,144,,,
3032101,18,238,,,
3032101,19,239,,,
3032101,20,240,,,
3032102,0,11614,,,
3032102,1,11605,,,
3032102,2,11613,,,
3032102,3,11617,,,
3032102,4,11606,,,
3032102,5,11623,,,
3032102,6,11626,,,
3032102,7,11618,,,
3032102,8,11622,,,
3032102,9,11635,,,
3032102,10,11646,,,
3032102,11,11632,,,
3032102,12,11629,,,
3032102,13,11647,,,
3032102,14,11631,,,
3032102,15,11608,,,
3032102,16,11642,,,
3032103,0,11610,,,
3032103,1,11619,,,
3032103,2,11611,,,
3032103,3,11612,,,
3032103,4,11609,,,
3032103,5,11627,,,
3032103,6,11630,,,
3032103,7,11634,,,
3032103,8,11633,,,
3032103,9,11637,,,
3032103,10,11655,,,
3032103,11,11656,,,
3032103,12,11657,,,
3032103,13,11662,,,
3032103,14,11664,,,
3032103,15,11672,,,
3038700,0,1075,,,
3038700,1,7905,,,
3042000,0,1835,,,
3042000,1,2509,,,
3042000,2,3947,,,
3042000,3,5146,,,
3042000,4,5140,,,
3042000,5,5134,,,
3042000,6,5262,,,
3042000,7,5256,,,
3042000,8,5250,,,
3042000,9,17,,,
3042000,10,1341,,,
3042000,11,1342,,,
3042000,12,1060,,,
3042000,13,1061,,,
3042000,14,1831,,,
3042000,15,1832,,,
3042000,16,1833,,,
3042000,17,1834,,,
3042000,18,734,,,
3042000,19,735,,,
3042000,20,6035,,,
3042000,21,6037,,,
3042000,22,736,,,
3042000,23,737,,,
3042000,24,1829,,,
3042000,25,3031,,,
3042000,26,1785,,,
3042000,27,5589,,,
3042000,28,1661,,,
3042000,29,5192,,,
3042000,30,5193,,,
3042000,31,5194,,,
3042000,32,2130,,,
3042000,33,9633,,,
3042000,34,9634,,,
3042000,35,8594,,,
3042000,36,8595,,,
3042000,37,8596,,,
3042000,38,8597,,,
3042000,39,8622,,,
3042000,40,8623,,,
3042000,41,8624,,,
3042000,42,8629,,,
3042000,43,8634,,,
3042000,44,8635,,,
3042000,45,8636,,,
3042000,46,8637,,,
3042000,47,8615,,,
3042000,48,10409,,,
3042000,49,4625,,,
3042000,50,4626,,,
3042000,51,4627,,,
3042000,52,4628,,,
3043600,0,1835,,,
3043600,1,2509,,,
3043600,2,3947,,,
3043600,3,5146,,,
3043600,4,5140,,,
3043600,5,5134,,,
3043600,6,5262,,,
3043600,7,5256,,,
3043600,8,5250,,,
3043600,9,17,,,
3043600,10,1341,,,
3043600,11,1342,,,
3043600,12,1060,,,
3043600,13,1061,,,
3043600,14,1831,,,
3043600,15,1832,,,
3043600,16,1833,,,
3043600,17,1834,,,
3043600,18,734,,,
3043600,19,735,,,
3043600,20,6035,,,
3043600,21,6037,,,
3043600,22,736,,,
3043600,23,737,,,
3043600,24,1829,,,
3043600,25,3031,,,
3043600,26,1785,,,
3043600,27,5589,,,
3043600,28,1661,,,
3043600,29,5192,,,
3043600,30,5193,,,
3043600,31,5194,,,
3043600,32,2130,,,
3043600,33,9633,,,
3043600,34,9634,,,
3043600,35,8594,,,
3043600,36,8595,,,
3043600,37,8596,,,
3043600,38,8597,,,
3043600,39,8622,,,
3043600,40,8623,,,
3043600,41,8624,,,
3043600,42,8629,,,
3043600,43,8634,,,
3043600,44,8635,,,
3043600,45,8636,,,
3043600,46,8637,,,
3043600,47,8615,,,
3043600,48,10409,,,
3043600,49,4625,,,
3043600,50,4626,,,
3043600,51,4627,,,
3043600,52,4628,,,
3043700,0,1835,,,
3043700,1,2509,,,
3043700,2,3947,,,
3043700,3,5146,,,
3043700,4,5140,,,
3043700,5,5134,,,
3043700,6,5262,,,
3043700,7,5256,,,
3043700,8,5250,,,
3043700,9,17,,,
3043700,10,1341,,,
3043700,11,1342,,,
3043700,12,1060,,,
3043700,13,1061,,,
3043700,14,1831,,,
3043700,15,1832,,,
3043700,16,1833,,,
3043700,17,1834,,,
3043700,18,734,,,
3043700,19,735,,,
3043700,20,6035,,,
3043700,21,6037,,,
3043700,22,736,,,
3043700,23,737,,,
3043700,24,1829,,,
3043700,25,3031,,,
3043700,26,1785,,,
3043700,27,5589,,,
3043700,28,1661,,,
3043700,29,5192,,,
3043700,30,5193,,,
3043700,31,5194,,,
3043700,32,2130,,,
3043700,33,9633,,,
3043700,34,9634,,,
3043700,35,8594,,,
3043700,36,8595,,,
3043700,37,8596,,,
3043700,38,8597,,,
3043700,39,8622,,,
3043700,40,8623,,,
3043700,41,8624,,,
3043700,42,8629,,,
3043700,43,8634,,,
3043700,44,8635,,,
3043700,45,8636,,,
3043700,46,8637,,,
3043700,47,8615,,,
3043700,48,10409,,,
3043700,49,4625,,,
3043700,50,4626,,,
3043700,51,4627,,,
3043700,52,4628,,,
3051600,0,1,,,
3051600,1,4,,,
3051600,2,11,,,
3051600,3,13,,,
3051600,4,3,,,
3051600,5,152,,,
3051600,6,12,,,
3051600,7,215,,,
3051600,8,14,,,
3051600,9,5,,,
3051600,10,153,,,
3051600,11,1333,,,
3051600,12,66,,,
3051600,13,67,,,
3051600,14,122,,,
3051600,15,154,,,
3051600,16,216,,,
3051600,17,271,,,
3051600,18,2,,,
3051600,19,218,,,
3051600,20,272,,,
3051600,21,15,,,
3051600,22,5284,,,
3051601,0,7,,,
3051601,1,308,,,
3051601,2,8,,,
3051601,3,99,,,
3051601,4,9,,,
3051601,5,176,,,
3051601,6,310,,,
3051601,7,9577,,,
3051601,8,9583,,,
3051700,0,28,,,
3051700,1,21,,,
3051700,2,29,,,
3051700,3,22,,,
3051700,4,30,,,
3051700,5,2386,,,
3051700,6,23,,,
3051700,7,412,,,
3051700,8,390,,,
3051700,9,24,,,
3051700,10,31,,,
3051700,11,18,,,
3051700,12,19,,,
3051700,13,20,,,
3051700,14,102,,,
3051700,15,48,,,
3051700,16,1119,,,
3051700,17,49,,,
3051700,18,50,,,
3051700,19,1121,,,
3051700,20,35,,,
3051700,21,36,,,
3051700,22,1129,,,
3051700,23,1122,,,
3051700,24,37,,,
3051700,25,38,,,
3051700,26,41,,,
3051700,27,42,,,
3051700,28,43,,,
3051700,29,44,,,
3051700,30,9577,,,
3051700,31,9583,,,
3051701,0,462,,,
3051701,1,426,,,
3051701,2,1103,,,
3051701,3,1100,,,
3051701,4,463,,,
3051701,5,428,,,
3051701,6,464,,,
3051701,7,429,,,
3051701,8,1104,,,
3051701,9,1101,,,
3051701,10,18,,,
3051701,11,19,,,
3051701,12,20,,,
3051701,13,102,,,
3051701,14,48,,,
3051701,15,1119,,,
3051701,16,49,,,
3051701,17,50,,,
3051701,18,1121,,,
3051701,19,35,,,
3051701,20,36,,,
3051701,21,1129,,,
3051701,22,1122,,,
3051701,23,37,,,
3051701,24,38,,,
3051701,25,41,,,
3051701,26,42,,,
3051701,27,43,,,
3051701,28,44,,,
3051701,29,9577,,,
3051701,30,9583,,,
3051800,0,118,,,
3051800,1,906,,,
3051800,2,907,,,
3051800,3,908,,,
3051800,4,112,,,
3051800,5,113,,,
3051800,6,114,,,
3051800,7,115,,,
3051800,8,845,,,
3051800,9,116,,,
3051800,10,875,,,
3051800,11,876,,,
3051800,12,877,,,
3051900,0,1835,,,
3051900,1,2509,,,
3051900,2,3947,,,
3051900,3,5146,,,
3051900,4,5140,,,
3051900,5,5134,,,
3051900,6,5262,,,
3051900,7,5256,,,
3051900,8,5250,,,
3051900,9,17,,,
3051900,10,1341,,,
3051900,11,1060,,,
3051900,12,1831,,,
3051900,13,1833,,,
3051900,14,734,,,
3051900,15,735,,,
3051900,16,6035,,,
3051900,17,736,,,
3051900,18,737,,,
3051900,19,3031,,,
3051900,20,1785,,,
3051900,21,5589,,,
3051900,22,1661,,,
3051900,23,5192,,,
3051900,24,5193,,,
3051900,25,5194,,,
3051900,26,5195,,,
3051900,27,2130,,,
3051900,28,9633,,,
3051900,29,8594,,,
3051900,30,8595,,,
3051900,31,8622,,,
3051900,32,8623,,,
3051900,33,8628,,,
3051900,34,8629,,,
3051900,35,8634,,,
3051900,36,8635,,,
3051900,37,8615,,,
3051900,38,4625,,,
3051900,39,4626,,,
3051900,40,4627,,,
3051900,41,4628,,,
3051901,0,1294,,,
3051901,1,1095,,,
3051901,2,1048,,,
3051901,3,1050,,,
3051901,4,1051,,,
3051901,5,1049,,,
3051901,6,1152,,,
3051901,7,1054,,,
3051901,8,1058,,,
3051901,9,1099,,,
3051901,10,1098,,,
3051901,11,1056,,,
3051901,12,1055,,,
3051901,13,1053,,,
3051901,14,1052,,,
3051901,15,1097,,,
3051901,16,1096,,,
3051901,17,1386,,,
3051901,18,1514,,,
3051901,19,1372,,,
3051901,20,1667,,,
3051901,21,1671,,,
3051901,22,1669,,,
3051901,23,1403,,,
3051901,24,1405,,,
3051901,25,1370,,,
3051901,26,1401,,,
3051901,27,4916,,,
3051901,28,1411,,,
3051901,29,1513,,,
3051901,30,1399,,,
3051901,31,1515,,,
3051901,32,1371,,,
3051901,33,1383,,,
3051901,34,1377,,,
3051901,35,3038,,,
3051901,36,10025,,,
3051901,37,10026,,,
3051901,38,10073,,,
3051901,39,10072,,,
3051901,40,10027,,,
3051901,41,10028,,,
3051901,42,3940,,,
3051901,43,4921,,,
3051901,44,4915,,,
3051901,45,8909,,,
3055800,0,1,,,
3055800,1,4,,,
3055800,2,11,,,
3055800,3,13,,,
3055800,4,3,,,
3055800,5,152,,,
3055800,6,12,,,
3055800,7,215,,,
3055800,8,14,,,
3055800,9,5,,,
3055800,10,153,,,
3055800,11,1333,,,
3055800,12,66,,,
3055800,13,67,,,
3055800,14,122,,,
3055800,15,154,,,
3055800,16,216,,,
3055800,17,271,,,
3055800,18,2,,,
3055800,19,218,,,
3055800,20,272,,,
3055800,21,15,,,
3055800,22,5284,,,
3055800,23,253,,,
3055800,24,254,,,
3055800,25,255,,,
3055800,26,256,,,
3055801,0,7,,,
3055801,1,308,,,
3055801,2,8,,,
3055801,3,99,,,
3055801,4,9,,,
3055801,5,176,,,
3055801,6,310,,,
3055801,7,9577,,,
3055801,8,9583,,,
3055900,0,28,,,
3055900,1,21,,,
3055900,2,29,,,
3055900,3,22,,,
3055900,4,30,,,
3055900,5,2386,,,
3055900,6,23,,,
3055900,7,412,,,
3055900,8,390,,,
3055900,9,24,,,
3055900,10,31,,,
3055900,11,18,,,
3055900,12,19,,,
3055900,13,20,,,
3055900,14,102,,,
3055900,15,48,,,
3055900,16,1119,,,
3055900,17,49,,,
3055900,18,50,,,
3055900,19,1121,,,
3055900,20,35,,,
3055900,21,36,,,
3055900,22,1129,,,
3055900,23,1122,,,
3055900,24,37,,,
3055900,25,38,,,
3055900,26,41,,,
3055900,27,42,,,
3055900,28,43,,,
3055900,29,44,,,
3055900,30,9577,,,
3055900,31,9583,,,
3055901,0,462,,,
3055901,1,426,,,
3055901,2,1103,,,
3055901,3,1100,,,
3055901,4,463,,,
3055901,5,428,,,
3055901,6,464,,,
3055901,7,429,,,
3055901,8,1104,,,
3055901,9,1101,,,
3055901,10,18,,,
3055901,11,19,,,
3055901,12,20,,,
3055901,13,102,,,
3055901,14,48,,,
3055901,15,1119,,,
3055901,16,49,,,
3055901,17,50,,,
3055901,18,1121,,,
3055901,19,35,,,
3055901,20,36,,,
3055901,21,1129,,,
3055901,22,1122,,,
3055901,23,37,,,
3055901,24,38,,,
3055901,25,41,,,
3055901,26,42,,,
3055901,27,43,,,
3055901,28,44,,,
3055901,29,9577,,,
3055901,30,9583,,,
3056000,0,118,,,
3056000,1,906,,,
3056000,2,907,,,
3056000,3,908,,,
3056000,4,112,,,
3056000,5,113,,,
3056000,6,114,,,
3056000,7,115,,,
3056000,8,845,,,
3056000,9,116,,,
3056000,10,875,,,
3056000,11,876,,,
3056000,12,877,,,
3056001,0,1529,,,
3056001,1,1525,,,
3056001,2,1527,,,
3056001,3,1524,,,
3056001,4,1531,,,
3056001,5,1522,,,
3056001,6,1526,,,
3056001,7,1534,,,
3056001,8,1537,,,
3056001,9,1856,,,
3056001,10,1523,,,
3056001,11,1521,,,
3056001,12,1535,,,
3056001,13,3104,,,
3056001,14,3114,,,
3056001,15,3110,,,
3056001,16,3105,,,
3056001,17,3113,,,
3056001,18,3103,,,
3056001,19,3117,,,
3056001,20,4204,,,
3056001,21,3115,,,
3056001,22,4205,,,
3056001,23,3112,,,
3056001,24,4926,,,
3056001,25,3107,,,
3056001,26,3108,,,
3056001,27,3118,,,
3056001,28,6397,,,
3056001,29,3943,,,
3056001,30,3109,,,
3056001,31,3111,,,
3056001,32,3106,,,
3056001,33,6396,,,
3056001,34,3116,,,
3056001,35,6395,,,
3056001,36,4925,,,
3056001,37,8391,,,
3056001,38,8390,,,
3056001,39,4927,,,
3056001,40,6351,,,
3056001,41,6350,,,
3056100,0,1835,,,
3056100,1,2509,,,
3056100,2,3947,,,
3056100,3,5146,,,
3056100,4,5140,,,
3056100,5,5134,,,
3056100,6,5262,,,
3056100,7,5256,,,
3056100,8,5250,,,
3056100,9,17,,,
3056100,10,1341,,,
3056100,11,1060,,,
3056100,12,1831,,,
3056100,13,1833,,,
3056100,14,734,,,
3056100,15,735,,,
3056100,16,6035,,,
3056100,17,736,,,
3056100,18,737,,,
3056100,19,3031,,,
3056100,20,1785,,,
3056100,21,5589,,,
3056100,22,1661,,,
3056100,23,5192,,,
3056100,24,9633,,,
3056100,25,8594,,,
3056100,26,8595,,,
3056100,27,8622,,,
3056100,28,8623,,,
3056100,29,8628,,,
3056100,30,8629,,,
3056100,31,8634,,,
3056100,32,8635,,,
3056100,33,8615,,,
3056100,34,4625,,,
3056100,35,4626,,,
3056100,36,4627,,,
3056100,37,4628,,,
3068400,0,2,,,
3068400,1,218,,,
3068400,2,272,,,
3068400,3,15,,,
3068400,4,68,,,
3068400,5,219,,,
3068400,6,273,,,
3068400,7,155,,,
3068400,8,88,,,
3068400,9,87,,,
3068400,10,16,,,
3068400,11,123,,,
3068400,12,7880,,,
3068400,13,220,,,
3068400,14,221,,,
3068400,15,274,,,
3068400,16,156,,,
3068400,17,166,,,
3068400,18,168,,,
3068400,19,291,,,
3068400,20,69,,,
3068400,21,222,,,
3068400,22,275,,,
3068400,23,277,,,
3068400,24,292,,,
3068400,25,295,,,
3068400,26,256,,,
3068400,27,257,,,
3068400,28,258,,,
3068400,29,259,,,
3068401,0,176,,,
3068401,1,310,,,
3068401,2,177,,,
3068401,3,311,,,
3068401,4,100,,,
3068401,5,178,,,
3068401,6,101,,,
3068401,7,7885,,,
3068401,8,312,,,
3068401,9,314,,,
3068401,10,179,,,
3068401,11,182,,,
3068401,12,183,,,
3068401,13,185,,,
3068401,14,315,,,
3068401,15,83,,,
3068401,16,143,,,
3068401,17,144,,,
3068401,18,238,,,
3068401,19,239,,,
3068401,20,240,,,
3068402,0,11614,,,
3068402,1,11605,,,
3068402,2,11613,,,
3068402,3,11617,,,
3068402,4,11606,,,
3068402,5,11623,,,
3068402,6,11626,,,
3068402,7,11618,,,
3068402,8,11622,,,
3068402,9,11635,,,
3068402,10,11646,,,
3068402,11,11632,,,
3068402,12,11629,,,
3068402,13,11647,,,
3068402,14,11631,,,
3068402,15,11608,,,
3068402,16,11642,,,
3068403,0,11610,,,
3068403,1,11619,,,
3068403,2,11611,,,
3068403,3,11612,,,
3068403,4,11609,,,
3068403,5,11627,,,
3068403,6,11630,,,
3068403,7,11634,,,
3068403,8,11633,,,
3068403,9,11637,,,
3068403,10,11655,,,
3068403,11,11656,,,
3068403,12,11657,,,
3068403,13,11662,,,
3068403,14,11664,,,
3068403,15,11672,,,
3073100,0,2505,,,
3073100,1,3439,,,
3073100,2,3902,,,
3073100,3,3903,,,
3073100,4,3904,,,
3073100,5,3905,,,
3073100,6,3906,,,
3073100,7,2506,,,
3073100,8,3891,,,
3073100,9,3892,,,
3073100,10,3893,,,
3073100,11,3894,,,
3073100,12,3895,,,
3073100,13,3896,,,
3073100,14,2515,,,
3073100,15,3920,,,
3073100,16,3921,,,
3073100,17,3922,,,
3073100,18,3923,,,
3073100,19,5187,,,
3073100,20,5188,,,
3073100,21,3913,,,
3073100,22,3914,,,
3073100,23,3915,,,
3073100,24,3916,,,
3073100,25,5182,,,
3073100,26,5183,,,
3073100,27,4038,,,
3073100,28,5176,,,
3073100,29,5177,,,
3073100,30,5178,,,
3073100,31,5170,,,
3073100,32,5171,,,
3073100,33,5172,,,
3073100,34,5168,,,
3073100,35,6645,,,
3073100,36,6646,,,
3073100,37,6647,,,
3073100,38,7582,,,
3073100,39,8541,,,
3073100,40,9656,,,
3073100,41,9657,,,
3073100,42,9658,,,
3073100,43,9662,,,
3073100,44,9663,,,
3073100,45,9664,,,
3073100,46,9668,,,
3073100,47,10515,,,
3073100,48,10516,,,
3073100,49,10517,,,
3073100,50,10425,,,
3073100,51,12740,,,
3073100,52,12741,,,
3073100,53,12742,,,
3073100,54,12743,,,
3073100,55,12744,,,
3073100,56,12745,,,
3073100,57,12746,,,
3073100,58,12747,,,
3073100,59,12748,,,
3073100,60,12749,,,
3073100,61,12750,,,
3073100,62,12751,,,
3073100,63,12752,,,
3082700,0,2505,,,
3082700,1,3439,,,
3082700,2,3902,,,
3082700,3,3903,,,
3082700,4,3904,,,
3082700,5,3905,,,
3082700,6,3906,,,
3082700,7,2506,,,
3082700,8,3891,,,
3082700,9,3892,,,
3082700,10,3893,,,
3082700,11,3894,,,
3082700,12,3895,,,
3082700,13,3896,,,
3082700,14,2515,,,
3082700,15,3920,,,
3082700,16,3921,,,
3082700,17,3922,,,
3082700,18,3923,,,
3082700,19,5187,,,
3082700,20,5188,,,
3082700,21,3913,,,
3082700,22,3914,,,
3082700,23,3915,,,
3082700,24,3916,,,
3082700,25,5182,,,
3082700,26,5183,,,
3082700,27,4038,,,
3082700,28,5176,,,
3082700,29,5177,,,
3082700,30,5178,,,
3082700,31,5170,,,
3082700,32,5171,,,
3082700,33,5172,,,
3082700,34,5168,,,
3082700,35,6645,,,
3082700,36,6646,,,
3082700,37,6647,,,
3082700,38,7582,,,
3082700,39,8541,,,
3082700,40,9656,,,
3082700,41,9657,,,
3082700,42,9658,,,
3082700,43,9662,,,
3082700,44,9663,,,
3082700,45,9664,,,
3082700,46,9668,,,
3082700,47,10515,,,
3082700,48,10516,,,
3082700,49,10517,,,
3082700,50,10425,,,
3082700,51,12740,,,
3082700,52,12741,,,
3082700,53,12742,,,
3082700,54,12743,,,
3082700,55,12744,,,
3082700,56,12745,,,
3082700,57,12746,,,
3082700,58,12747,,,
3082700,59,12748,,,
3082700,60,12749,,,
3082700,61,12750,,,
3082700,62,12751,,,
3082700,63,12752,,,
3082800,0,2505,,,
3082800,1,3439,,,
3082800,2,3902,,,
3082800,3,3903,,,
3082800,4,3904,,,
3082800,5,3905,,,
3082800,6,3906,,,
3082800,7,2506,,,
3082800,8,3891,,,
3082800,9,3892,,,
3082800,10,3893,,,
3082800,11,3894,,,
3082800,12,3895,,,
3082800,13,3896,,,
3082800,14,2515,,,
3082800,15,3920,,,
3082800,16,3921,,,
3082800,17,3922,,,
3082800,18,3923,,,
3082800,19,5187,,,
3082800,20,5188,,,
3082800,21,3913,,,
3082800,22,3914,,,
3082800,23,3915,,,
3082800,24,3916,,,
3082800,25,5182,,,
3082800,26,5183,,,
3082800,27,4038,,,
3082800,28,5176,,,
3082800,29,5177,,,
3082800,30,5178,,,
3082800,31,5170,,,
3082800,32,5171,,,
3082800,33,5172,,,
3082800,34,5168,,,
3082800,35,6645,,,
3082800,36,6646,,,
3082800,37,6647,,,
3082800,38,7582,,,
3082800,39,8541,,,
3082800,40,9656,,,
3082800,41,9657,,,
3082800,42,9658,,,
3082800,43,9662,,,
3082800,44,9663,,,
3082800,45,9664,,,
3082800,46,9668,,,
3082800,47,10515,,,
3082800,48,10516,,,
3082800,49,10517,,,
3082800,50,10425,,,
3082800,51,12740,,,
3082800,52,12741,,,
3082800,53,12742,,,
3082800,54,12743,,,
3082800,55,12744,,,
3082800,56,12745,,,
3082800,57,12746,,,
3082800,58,12747,,,
3082800,59,12748,,,
3082800,60,12749,,,
3082800,61,12750,,,
3082800,62,12751,,,
3082800,63,12752,,,
3082900,0,2505,,,
3082900,1,3439,,,
3082900,2,3902,,,
3082900,3,3903,,,
3082900,4,3904,,,
3082900,5,3905,,,
3082900,6,3906,,,
3082900,7,2506,,,
3082900,8,3891,,,
3082900,9,3892,,,
3082900,10,3893,,,
3082900,11,3894,,,
3082900,12,3895,,,
3082900,13,3896,,,
3082900,14,2515,,,
3082900,15,3920,,,
3082900,16,3921,,,
3082900,17,3922,,,
3082900,18,3923,,,
3082900,19,5187,,,
3082900,20,5188,,,
3082900,21,5189,,,
3082900,22,5190,,,
3082900,23,5191,,,
3082900,24,3913,,,
3082900,25,3914,,,
3082900,26,3915,,,
3082900,27,3916,,,
3082900,28,5182,,,
3082900,29,5183,,,
3082900,30,5184,,,
3082900,31,5185,,,
3082900,32,5186,,,
3082900,33,4038,,,
3082900,34,5176,,,
3082900,35,5177,,,
3082900,36,5178,,,
3082900,37,5179,,,
3082900,38,5180,,,
3082900,39,5181,,,
3082900,40,5170,,,
3082900,41,5171,,,
3082900,42,5172,,,
3082900,43,5173,,,
3082900,44,5174,,,
3082900,45,5175,,,
3082900,46,5168,,,
3082900,47,6645,,,
3082900,48,6646,,,
3082900,49,6647,,,
3082900,50,7582,,,
3082900,51,8541,,,
3082900,52,9656,,,
3082900,53,9657,,,
3082900,54,9658,,,
3082900,55,9659,,,
3082900,56,9660,,,
3082900,57,9661,,,
3082900,58,9662,,,
3082900,59,9663,,,
3082900,60,9664,,,
3082900,61,9665,,,
3082900,62,9666,,,
3082900,63,9667,,,
3082900,64,9668,,,
3082900,65,10515,,,
3082900,66,10516,,,
3082900,67,10517,,,
3082900,68,10425,,,
3082900,69,12740,,,
3082900,70,12741,,,
3082900,71,12742,,,
3082900,72,12743,,,
3082900,73,12744,,,
3082900,74,12745,,,
3082900,75,12746,,,
3082900,76,12747,,,
3082900,77,12748,,,
3082900,78,12749,,,
3082900,79,12750,,,
3082900,80,12751,,,
3082900,81,12752,,,
3083000,0,2505,,,
3083000,1,3439,,,
3083000,2,3902,,,
3083000,3,3903,,,
3083000,4,3904,,,
3083000,5,3905,,,
3083000,6,3906,,,
3083000,7,2506,,,
3083000,8,3891,,,
3083000,9,3892,,,
3083000,10,3893,,,
3083000,11,3894,,,
3083000,12,3895,,,
3083000,13,3896,,,
3083000,14,2515,,,
3083000,15,3920,,,
3083000,16,3921,,,
3083000,17,3922,,,
3083000,18,3923,,,
3083000,19,5187,,,
3083000,20,5188,,,
3083000,21,3913,,,
3083000,22,3914,,,
3083000,23,3915,,,
3083000,24,3916,,,
3083000,25,5182,,,
3083000,26,5183,,,
3083000,27,4038,,,
3083000,28,5176,,,
3083000,29,5177,,,
3083000,30,5178,,,
3083000,31,5170,,,
3083000,32,5171,,,
3083000,33,5172,,,
3083000,34,5168,,,
3083000,35,6645,,,
3083000,36,6646,,,
3083000,37,6647,,,
3083000,38,7582,,,
3083000,39,8541,,,
3083000,40,9656,,,
3083000,41,9657,,,
3083000,42,9658,,,
3083000,43,9662,,,
3083000,44,9663,,,
3083000,45,9664,,,
3083000,46,9668,,,
3083000,47,10515,,,
3083000,48,10516,,,
3083000,49,10517,,,
3083000,50,10425,,,
3083000,51,12740,,,
3083000,52,12741,,,
3083000,53,12742,,,
3083000,54,12743,,,
3083000,55,12744,,,
3083000,56,12745,,,
3083000,57,12746,,,
3083000,58,12747,,,
3083000,59,12748,,,
3083000,60,12749,,,
3083000,61,12750,,,
3083000,62,12751,,,
3083000,63,12752,,,
3083100,0,2505,,,
3083100,1,3439,,,
3083100,2,3902,,,
3083100,3,3903,,,
3083100,4,3904,,,
3083100,5,3905,,,
3083100,6,3906,,,
3083100,7,2506,,,
3083100,8,3891,,,
3083100,9,3892,,,
3083100,10,3893,,,
3083100,11,3894,,,
3083100,12,3895,,,
3083100,13,3896,,,
3083100,14,2515,,,
3083100,15,3920,,,
3083100,16,3921,,,
3083100,17,3922,,,
3083100,18,3923,,,
3083100,19,5187,,,
3083100,20,5188,,,
3083100,21,3913,,,
3083100,22,3914,,,
3083100,23,3915,,,
3083100,24,3916,,,
3083100,25,5182,,,
3083100,26,5183,,,
3083100,27,4038,,,
3083100,28,5176,,,
3083100,29,5177,,,
3083100,30,5178,,,
3083100,31,5170,,,
3083100,32,5171,,,
3083100,33,5172,,,
3083100,34,5168,,,
3083100,35,6645,,,
3083100,36,6646,,,
3083100,37,6647,,,
3083100,38,7582,,,
3083100,39,8541,,,
3083100,40,9656,,,
3083100,41,9657,,,
3083100,42,9658,,,
3083100,43,9662,,,
3083100,44,9663,,,
3083100,45,9664,,,
3083100,46,9668,,,
3083100,47,10515,,,
3083100,48,10516,,,
3083100,49,10517,,,
3083100,50,10425,,,
3083400,0,176,,,
3083400,1,310,,,
3083400,2,177,,,
3083400,3,311,,,
3083400,4,100,,,
3083400,5,178,,,
3083400,6,101,,,
3083400,7,312,,,
3083400,8,314,,,
3083400,9,179,,,
3083400,10,182,,,
3083400,11,183,,,
3083400,12,185,,,
3083400,13,315,,,
3083400,14,83,,,
3083400,15,143,,,
3083400,16,144,,,
3083400,17,238,,,
3083400,18,239,,,
3083400,19,240,,,
3083400,20,241,,,
3083400,21,186,,,
3083400,22,316,,,
3083400,23,317,,,
3083400,24,90,,,
3083400,25,318,,,
3083400,26,321,,,
3083400,27,1104,,,
3083400,28,1101,,,
3083400,29,1105,,,
3083400,30,1102,,,
3083400,31,465,,,
3083400,32,432,,,
3083400,33,467,,,
3083400,34,434,,,
3083400,35,468,,,
3083400,36,435,,,
3083400,37,469,,,
3083400,38,436,,,
3083400,39,470,,,
3083400,40,437,,,
3083400,41,102,,,
3083400,42,625,,,
3083400,43,626,,,
3083400,44,627,,,
3083400,45,628,,,
3083400,46,629,,,
3083400,47,50,,,
3083400,48,51,,,
3083400,49,604,,,
3083400,50,605,,,
3083400,51,63,,,
3083400,52,606,,,
3083400,53,38,,,
3083400,54,39,,,
3083400,55,40,,,
3083400,56,1123,,,
3083400,57,553,,,
3083400,58,1124,,,
3083400,59,44,,,
3083400,60,1148,,,
3083400,61,45,,,
3083400,62,46,,,
3083400,63,47,,,
3083400,64,9577,,,
3083400,65,9578,,,
3083400,66,9583,,,
3083400,67,9584,,,
3083401,0,1835,,,
3083401,1,2509,,,
3083401,2,3947,,,
3083401,3,5146,,,
3083401,4,5140,,,
3083401,5,5134,,,
3083401,6,5262,,,
3083401,7,5256,,,
3083401,8,5250,,,
3083401,9,17,,,
3083401,10,1341,,,
3083401,11,1342,,,
3083401,12,1060,,,
3083401,13,1061,,,
3083401,14,1831,,,
3083401,15,1832,,,
3083401,16,1833,,,
3083401,17,1834,,,
3083401,18,734,,,
3083401,19,735,,,
3083401,20,6035,,,
3083401,21,6037,,,
3083401,22,736,,,
3083401,23,737,,,
3083401,24,1829,,,
3083401,25,1830,,,
3083401,26,5589,,,
3083401,27,1661,,,
3083401,28,2508,,,
3083401,29,9633,,,
3083401,30,9634,,,
3083401,31,10409,,,
3083401,32,4625,,,
3083401,33,4626,,,
3083401,34,4627,,,
3083401,35,4628,,,
3083700,0,2,,,
3083700,1,218,,,
3083700,2,272,,,
3083700,3,15,,,
3083700,4,68,,,
3083700,5,219,,,
3083700,6,273,,,
3083700,7,155,,,
3083700,8,88,,,
3083700,9,87,,,
3083700,10,16,,,
3083700,11,123,,,
3083700,12,7880,,,
3083700,13,220,,,
3083700,14,221,,,
3083700,15,274,,,
3083700,16,156,,,
3083700,17,166,,,
3083700,18,168,,,
3083700,19,291,,,
3083700,20,69,,,
3083700,21,222,,,
3083700,22,275,,,
3083700,23,277,,,
3083700,24,292,,,
3083700,25,295,,,
3083700,26,256,,,
3083700,27,257,,,
3083700,28,258,,,
3083700,29,259,,,
3083700,30,71,,,
3083700,31,72,,,
3083700,32,89,,,
3083700,33,96,,,
3083700,34,160,,,
3083700,35,161,,,
3083700,36,173,,,
3083700,37,191,,,
3083700,38,194,,,
3083700,39,226,,,
3083700,40,232,,,
3083700,41,263,,,
3083700,42,281,,,
3083700,43,298,,,
3083700,44,302,,,
3083700,45,73,,,
3083700,46,74,,,
3083700,47,131,,,
3083700,48,133,,,
3083700,49,227,,,
3083700,50,2502,,,
3083700,51,94,,,
3083700,52,282,,,
3083700,53,285,,,
3083700,54,4233,,,
3083700,55,75,,,
3083700,56,76,,,
3083700,57,77,,,
3083700,58,132,,,
3083700,59,134,,,
3083700,60,162,,,
3083700,61,231,,,
3083700,62,233,,,
3083700,63,95,,,
3083700,64,265,,,
3083700,65,283,,,
3083700,66,7882,,,
3083700,67,7898,,,
3083700,68,301,,,
3083700,69,303,,,
3083700,70,135,,,
3083700,71,228,,,
3083700,72,2503,,,
3083700,73,266,,,
3083700,74,286,,,
3083700,75,299,,,
3083700,76,5286,,,
3083700,77,7897,,,
3083701,0,176,,,
3083701,1,310,,,
3083701,2,177,,,
3083701,3,311,,,
3083701,4,100,,,
3083701,5,178,,,
3083701,6,101,,,
3083701,7,7885,,,
3083701,8,312,,,
3083701,9,314,,,
3083701,10,179,,,
3083701,11,182,,,
3083701,12,183,,,
3083701,13,185,,,
3083701,14,315,,,
3083701,15,83,,,
3083701,16,143,,,
3083701,17,144,,,
3083701,18,238,,,
3083701,19,239,,,
3083701,20,240,,,
3083701,21,192,,,
3083701,22,193,,,
3083701,23,7887,,,
3083701,24,242,,,
3083701,25,325,,,
3083701,26,195,,,
3083701,27,84,,,
3083701,28,145,,,
3083701,29,174,,,
3083701,30,196,,,
3083701,31,201,,,
3083701,32,202,,,
3083701,33,326,,,
3083701,34,197,,,
3083701,35,198,,,
3083701,36,199,,,
3083701,37,200,,,
3083701,38,203,,,
3083701,39,7888,,,
3083701,40,7891,,,
3083701,41,204,,,
3083701,42,205,,,
3083701,43,206,,,
3083702,0,11614,,,
3083702,1,11605,,,
3083702,2,11613,,,
3083702,3,11617,,,
3083702,4,11606,,,
3083702,5,11623,,,
3083702,6,11626,,,
3083702,7,11618,,,
3083702,8,11622,,,
3083702,9,11635,,,
3083702,10,11646,,,
3083702,11,11632,,,
3083702,12,11629,,,
3083702,13,11647,,,
3083702,14,11631,,,
3083702,15,11608,,,
3083702,16,11642,,,
3083702,17,11766,,,
3083702,18,11756,,,
3083702,19,11765,,,
3083702,20,11751,,,
3083702,21,11750,,,
3083702,22,11761,,,
3083702,23,11755,,,
3083702,24,11768,,,
3083702,25,11767,,,
3083702,26,11762,,,
3083702,27,11747,,,
3083702,28,11763,,,
3083702,29,11759,,,
3083702,30,11760,,,
3083702,31,11749,,,
3083702,32,11783,,,
3083702,33,11794,,,
3083702,34,11789,,,
3083702,35,11778,,,
3083702,36,11788,,,
3083702,37,11777,,,
3083702,38,11782,,,
3083702,39,11790,,,
3083702,40,11775,,,
3083702,41,11776,,,
3083702,42,11821,,,
3083702,43,11807,,,
3083702,44,11820,,,
3083702,45,11801,,,
3083702,46,11815,,,
3083702,47,11816,,,
3083702,48,11800,,,
3083702,49,11803,,,
3083702,50,11826,,,
3083702,51,11827,,,
3083702,52,11814,,,
3083702,53,11813,,,
3083702,54,11822,,,
3083702,55,11830,,,
3083702,56,11832,,,
3083702,57,11853,,,
3083702,58,11863,,,
3083702,59,11856,,,
3083702,60,11839,,,
3083702,61,11857,,,
3083702,62,11858,,,
3083702,63,11843,,,
3083702,64,11840,,,
3083703,0,11610,,,
3083703,1,11619,,,
3083703,2,11611,,,
3083703,3,11612,,,
3083703,4,11609,,,
3083703,5,11627,,,
3083703,6,11630,,,
3083703,7,11634,,,
3083703,8,11633,,,
3083703,9,11637,,,
3083703,10,11655,,,
3083703,11,11656,,,
3083703,12,11657,,,
3083703,13,11662,,,
3083703,14,11664,,,
3083703,15,11672,,,
3083703,16,11764,,,
3083703,17,11757,,,
3083703,18,11748,,,
3083703,19,11779,,,
3083703,20,11792,,,
3083703,21,11793,,,
3083703,22,11829,,,
3083703,23,11805,,,
3083703,24,11802,,,
3083703,25,11799,,,
3083703,26,11804,,,
3083703,27,11806,,,
3083703,28,11817,,,
3083703,29,11825,,,
3083703,30,11819,,,
3083703,31,11824,,,
3083703,32,11828,,,
3083703,33,11833,,,
3083703,34,11850,,,
3083703,35,11859,,,
3083703,36,11842,,,
3083703,37,11838,,,
3083703,38,11855,,,
3083800,0,412,,,
3083800,1,390,,,
3083800,2,24,,,
3083800,3,31,,,
3083800,4,25,,,
3083800,5,26,,,
3083800,6,33,,,
3083800,7,32,,,
3083800,8,27,,,
3083800,9,34,,,
3083800,10,413,,,
3083800,11,347,,,
3083800,12,391,,,
3083800,13,376,,,
3083800,14,414,,,
3083800,15,392,,,
3083800,16,348,,,
3083800,17,349,,,
3083800,18,350,,,
3083800,19,58,,,
3083800,20,59,,,
3083800,21,416,,,
3083800,22,377,,,
3083800,23,351,,,
3083800,24,378,,,
3083800,25,379,,,
3083800,26,393,,,
3083800,27,415,,,
3083800,28,394,,,
3083800,29,2378,,,
3083800,30,352,,,
3083800,31,395,,,
3083800,32,417,,,
3083800,33,2377,,,
3083800,34,353,,,
3083800,35,380,,,
3083800,36,396,,,
3083800,37,102,,,
3083800,38,625,,,
3083800,39,626,,,
3083800,40,627,,,
3083800,41,628,,,
3083800,42,629,,,
3083800,43,2493,,,
3083800,44,630,,,
3083800,45,2494,,,
3083800,46,50,,,
3083800,47,51,,,
3083800,48,604,,,
3083800,49,605,,,
3083800,50,63,,,
3083800,51,606,,,
3083800,52,2446,,,
3083800,53,2448,,,
3083800,54,2449,,,
3083800,55,61,,,
3083800,56,607,,,
3083800,57,38,,,
3083800,58,39,,,
3083800,59,40,,,
3083800,60,1123,,,
3083800,61,553,,,
3083800,62,1124,,,
3083800,63,2422,,,
3083800,64,2424,,,
3083800,65,2425,,,
3083800,66,1125,,,
3083800,67,2427,,,
3083800,68,2428,,,
3083800,69,44,,,
3083800,70,1148,,,
3083800,71,45,,,
3083800,72,46,,,
3083800,73,47,,,
3083800,74,2411,,,
3083800,75,2412,,,
3083800,76,62,,,
3083800,77,354,,,
3083800,78,381,,,
3083800,79,397,,,
3083800,80,631,,,
3083800,81,2387,,,
3083800,82,2429,,,
3083800,83,2431,,,
3083800,84,2432,,,
3083800,85,2433,,,
3083800,86,2452,,,
3083800,87,2453,,,
3083800,88,2495,,,
3083800,89,398,,,
3083800,90,418,,,
3083800,91,2455,,,
3083800,92,2496,,,
3083800,93,60,,,
3083800,94,356,,,
3083800,95,401,,,
3083800,96,632,,,
3083800,97,103,,,
3083800,98,107,,,
3083800,99,2497,,,
3083800,100,382,,,
3083800,101,419,,,
3083800,102,420,,,
3083800,103,500,,,
3083800,104,517,,,
3083800,105,1149,,,
3083800,106,2414,,,
3083800,107,2456,,,
3083800,108,2457,,,
3083800,109,2458,,,
3083800,110,608,,,
3083800,111,2460,,,
3083800,112,2461,,,
3083800,113,2462,,,
3083800,114,1126,,,
3083800,115,2434,,,
3083800,116,64,,,
3083800,117,2436,,,
3083800,118,2437,,,
3083800,119,2438,,,
3083800,120,355,,,
3083800,121,399,,,
3083800,122,400,,,
3083800,123,9577,,,
3083800,124,9578,,,
3083800,125,9583,,,
3083800,126,9584,,,
3083801,0,1104,,,
3083801,1,1101,,,
3083801,2,1105,,,
3083801,3,1102,,,
3083801,4,465,,,
3083801,5,432,,,
3083801,6,467,,,
3083801,7,434,,,
3083801,8,468,,,
3083801,9,435,,,
3083801,10,469,,,
3083801,11,436,,,
3083801,12,102,,,
3083801,13,625,,,
3083801,14,626,,,
3083801,15,627,,,
3083801,16,2493,,,
3083801,17,50,,,
3083801,18,51,,,
3083801,19,604,,,
3083801,20,605,,,
3083801,21,2447,,,
3083801,22,2450,,,
3083801,23,2459,,,
3083801,24,2463,,,
3083801,25,38,,,
3083801,26,39,,,
3083801,27,40,,,
3083801,28,1123,,,
3083801,29,2423,,,
3083801,30,2426,,,
3083801,31,2435,,,
3083801,32,44,,,
3083801,33,1148,,,
3083801,34,45,,,
3083801,35,46,,,
3083801,36,439,,,
3083801,37,471,,,
3083801,38,2430,,,
3083801,39,2454,,,
3083801,40,440,,,
3083801,41,472,,,
3083801,42,473,,,
3083801,43,441,,,
3083801,44,442,,,
3083801,45,9577,,,
3083801,46,9578,,,
3083801,47,9583,,,
3083801,48,9584,,,
3083802,0,12014,,,
3083802,1,12008,,,
3083802,2,12015,,,
3083802,3,12012,,,
3083802,4,12020,,,
3083802,5,12021,,,
3083802,6,12024,,,
3083802,7,12032,,,
3083802,8,12030,,,
3083802,9,12031,,,
3083802,10,12041,,,
3083802,11,12034,,,
3083802,12,12023,,,
3083802,13,12044,,,
3083802,14,12049,,,
3083802,15,12039,,,
3083802,16,12043,,,
3083802,17,12042,,,
3083802,18,12036,,,
3083802,19,12060,,,
3083802,20,12059,,,
3083802,21,12056,,,
3083802,22,12054,,,
3083802,23,12052,,,
3083802,24,12081,,,
3083802,25,12080,,,
3083802,26,12074,,,
3083802,27,12013,,,
3083802,28,12025,,,
3083802,29,12051,,,
3083802,30,12069,,,
3083802,31,12063,,,
3083802,32,12073,,,
3083802,33,12078,,,
3083802,34,12007,,,
3083802,35,12016,,,
3083802,36,12038,,,
3083802,37,12068,,,
3083802,38,12037,,,
3083802,39,12055,,,
3083802,40,12061,,,
3083802,41,12072,,,
3083802,42,12076,,,
3083802,43,12006,,,
3083802,44,12029,,,
3083802,45,12033,,,
3083802,46,12070,,,
3083802,47,12035,,,
3083802,48,12053,,,
3083802,49,12062,,,
3083802,50,12071,,,
3083802,51,12075,,,
3083802,52,12077,,,
3083802,53,12009,,,
3083802,54,12028,,,
3083802,55,12050,,,
3083802,56,12079,,,
3083802,57,12085,,,
3083802,58,12095,,,
3083802,59,12094,,,
3083802,60,12086,,,
3083802,61,12091,,,
3083802,62,12084,,,
3083802,63,12093,,,
3083802,64,12101,,,
3083802,65,12088,,,
3083802,66,12089,,,
3083802,67,12087,,,
3083802,68,12092,,,
3083802,69,12096,,,
3083802,70,12128,,,
3083802,71,12144,,,
3083802,72,12135,,,
3083802,73,12107,,,
3083802,74,12129,,,
3083802,75,12126,,,
3083802,76,12143,,,
3083802,77,12109,,,
3083802,78,12111,,,
3083802,79,12130,,,
3083802,80,12106,,,
3083802,81,12127,,,
3083802,82,12120,,,
3083802,83,12145,,,
3083802,84,12108,,,
3083802,85,12116,,,
3083802,86,12112,,,
3083802,87,12119,,,
3083802,88,12131,,,
3083802,89,12134,,,
3083802,90,12141,,,
3083802,91,12118,,,
3083802,92,12114,,,
3083802,93,12125,,,
3083802,94,12132,,,
3083802,95,12136,,,
3083802,96,12142,,,
3083802,97,12110,,,
3083802,98,12113,,,
3083802,99,12133,,,
3083803,0,12011,,,
3083803,1,12010,,,
3083803,2,12017,,,
3083803,3,12022,,,
3083803,4,12019,,,
3083803,5,12018,,,
3083803,6,12048,,,
3083803,7,12047,,,
3083803,8,12013,,,
3083803,9,12025,,,
3083803,10,12063,,,
3083803,11,12007,,,
3083803,12,12016,,,
3083803,13,12046,,,
3083803,14,12065,,,
3083803,15,12122,,,
3083803,16,12006,,,
3083803,17,12137,,,
3083803,18,12029,,,
3083803,19,12045,,,
3083803,20,12066,,,
3083803,21,12121,,,
3083803,22,12009,,,
3083803,23,12028,,,
3083803,24,12099,,,
3083803,25,12100,,,
3083803,26,12098,,,
3083803,27,12097,,,
3083803,28,12115,,,
3083803,29,12124,,,
3083803,30,12139,,,
3083803,31,12123,,,
3083803,32,12138,,,
3083900,0,1835,,,
3083900,1,2509,,,
3083900,2,3947,,,
3083900,3,5146,,,
3083900,4,5140,,,
3083900,5,5134,,,
3083900,6,5262,,,
3083900,7,5256,,,
3083900,8,5250,,,
3083900,9,17,,,
3083900,10,1341,,,
3083900,11,1342,,,
3083900,12,1060,,,
3083900,13,1061,,,
3083900,14,1831,,,
3083900,15,1832,,,
3083900,16,1833,,,
3083900,17,1834,,,
3083900,18,734,,,
3083900,19,735,,,
3083900,20,6035,,,
3083900,21,6037,,,
3083900,22,736,,,
3083900,23,737,,,
3083900,24,1829,,,
3083900,25,1830,,,
3083900,26,3031,,,
3083900,27,1785,,,
3083900,28,5589,,,
3083900,29,1661,,,
3083900,30,5192,,,
3083900,31,5193,,,
3083900,32,5194,,,
3083900,33,5195,,,
3083900,34,5196,,,
3083900,35,2130,,,
3083900,36,9633,,,
3083900,37,9634,,,
3083900,38,8594,,,
3083900,39,8595,,,
3083900,40,8596,,,
3083900,41,8597,,,
3083900,42,8598,,,
3083900,43,8599,,,
3083900,44,8622,,,
3083900,45,8623,,,
3083900,46,8624,,,
3083900,47,8634,,,
3083900,48,8635,,,
3083900,49,8636,,,
3083900,50,8637,,,
3083900,51,8638,,,
3083900,52,8639,,,
3083900,53,8615,,,
3083900,54,8658,,,
3083900,55,8871,,,
3083900,56,10409,,,
3083900,57,4625,,,
3083900,58,4626,,,
3083900,59,4627,,,
3083900,60,4628,,,
3084000,0,1294,,,
3084000,1,1095,,,
3084000,2,1048,,,
3084000,3,1050,,,
3084000,4,1051,,,
3084000,5,1049,,,
3084000,6,1152,,,
3084000,7,1054,,,
3084000,8,1058,,,
3084000,9,1099,,,
3084000,10,1098,,,
3084000,11,1056,,,
3084000,12,1055,,,
3084000,13,1053,,,
3084000,14,1052,,,
3084000,15,1097,,,
3084000,16,1096,,,
3084000,17,1386,,,
3084000,18,1514,,,
3084000,19,1372,,,
3084000,20,1667,,,
3084000,21,1671,,,
3084000,22,1669,,,
3084000,23,1403,,,
3084000,24,1405,,,
3084000,25,1370,,,
3084000,26,1401,,,
3084000,27,4916,,,
3084000,28,1411,,,
3084000,29,1513,,,
3084000,30,1399,,,
3084000,31,1515,,,
3084000,32,1371,,,
3084000,33,1383,,,
3084000,34,1377,,,
3084000,35,1512,,,
3084000,36,1379,,,
3084000,37,1415,,,
3084000,38,1388,,,
3084000,39,1517,,,
3084000,40,4908,,,
3084000,41,1417,,,
3084000,42,1400,,,
3084000,43,1418,,,
3084000,44,1668,,,
3084000,45,1670,,,
3084000,46,1404,,,
3084000,47,4906,,,
3084000,48,1402,,,
3084000,49,1391,,,
3084000,50,1410,,,
3084000,51,1398,,,
3084000,52,1389,,,
3084000,53,1378,,,
3084000,54,1414,,,
3084000,55,1385,,,
3084000,56,4910,,,
3084000,57,1394,,,
3084000,58,1516,,,
3084000,59,1529,,,
3084000,60,1525,,,
3084000,61,1527,,,
3084000,62,1524,,,
3084000,63,1531,,,
3084000,64,1522,,,
3084000,65,1526,,,
3084000,66,1534,,,
3084000,67,1537,,,
3084000,68,1856,,,
3084000,69,1523,,,
3084000,70,1521,,,
3084000,71,1535,,,
3084000,72,1532,,,
3084000,73,1536,,,
3084000,74,1533,,,
3084000,75,1528,,,
3084000,76,1518,,,
3084000,77,1519,,,
3084000,78,3038,,,
3084000,79,10025,,,
3084000,80,10026,,,
3084000,81,10073,,,
3084000,82,10072,,,
3084000,83,10027,,,
3084000,84,10028,,,
3084000,85,10029,,,
3084000,86,10031,,,
3084000,87,10032,,,
3084000,88,10180,,,
3084000,89,10181,,,
3084000,90,10070,,,
3084000,91,10074,,,
3084000,92,10033,,,
3084000,93,10078,,,
3084000,94,10058,,,
3084000,95,10077,,,
3084000,96,10085,,,
3084000,97,10094,,,
3084000,98,10275,,,
3084100,0,908,,,
3084100,1,909,,,
3084100,2,910,,,
3084100,3,845,,,
3084100,4,846,,,
3084100,5,847,,,
3084100,6,877,,,
3084100,7,878,,,
3084100,8,890,,,
3084100,9,852,,,
3084100,10,883,,,
3084100,11,915,,,
3084101,0,4445,,,
3084101,1,4446,,,
3084101,2,4447,,,
3084101,3,4448,,,
3084101,4,4449,,,
3084101,5,4450,,,
3084101,6,4451,,,
3084101,7,4452,,,
3084101,8,4453,,,
3084101,9,4454,,,
3084101,10,4455,,,
3084101,11,4456,,,
3084101,12,4457,,,
3084101,13,4458,,,
3084101,14,4459,,,
3084101,15,4460,,,
3084101,16,4461,,,
3084101,17,4462,,,
3084101,18,4463,,,
3084101,19,4464,,,
3084101,20,4465,,,
3084101,21,4466,,,
3084101,22,4467,,,
3084101,23,4468,,,
3084101,24,4481,,,
3084101,25,4482,,,
3084101,26,4483,,,
3084101,27,4484,,,
3084101,28,4485,,,
3084101,29,4486,,,
3084101,30,4487,,,
3084101,31,4488,,,
3084101,32,4489,,,
3084101,33,4490,,,
3084101,34,4491,,,
3084101,35,4492,,,
3084200,0,908,,,
3084200,1,909,,,
3084200,2,910,,,
3084200,3,845,,,
3084200,4,846,,,
3084200,5,847,,,
3084200,6,877,,,
3084200,7,878,,,
3084200,8,890,,,
3084200,9,852,,,
3084200,10,883,,,
3084200,11,915,,,
3084200,12,884,,,
3084200,13,853,,,
3084200,14,916,,,
3084200,15,885,,,
3084200,16,854,,,
3084200,17,917,,,
3084200,18,886,,,
3084200,19,855,,,
3084200,20,119,,,
3084201,0,12312,,,
3084201,1,12311,,,
3084201,2,12313,,,
3084201,3,12326,,,
3084201,4,12328,,,
3084201,5,12327,,,
3084201,6,12331,,,
3084201,7,12329,,,
3084201,8,12330,,,
3084201,9,12333,,,
3084201,10,12332,,,
3084201,11,12334,,,
3084201,12,12337,,,
3084201,13,12335,,,
3084201,14,12336,,,
3086900,0,2505,,,
3086900,1,3439,,,
3086900,2,3902,,,
3086900,3,3903,,,
3086900,4,3904,,,
3086900,5,3905,,,
3086900,6,3906,,,
3086900,7,2506,,,
3086900,8,3891,,,
3086900,9,3892,,,
3086900,10,3893,,,
3086900,11,3894,,,
3086900,12,3895,,,
3086900,13,3896,,,
3086900,14,2515,,,
3086900,15,3920,,,
3086900,16,3921,,,
3086900,17,3922,,,
3086900,18,3923,,,
3086900,19,5187,,,
3086900,20,5188,,,
3086900,21,3913,,,
3086900,22,3914,,,
3086900,23,3915,,,
3086900,24,3916,,,
3086900,25,5182,,,
3086900,26,5183,,,
3086900,27,4038,,,
3086900,28,5176,,,
3086900,29,5177,,,
3086900,30,5178,,,
3086900,31,5170,,,
3086900,32,5171,,,
3086900,33,5172,,,
3086900,34,5168,,,
3086900,35,6645,,,
3086900,36,6646,,,
3086900,37,6647,,,
3086900,38,7582,,,
3086900,39,8541,,,
3086900,40,9656,,,
3086900,41,9657,,,
3086900,42,9658,,,
3086900,43,9662,,,
3086900,44,9663,,,
3086900,45,9664,,,
3086900,46,9668,,,
3086900,47,10515,,,
3086900,48,10516,,,
3086900,49,10517,,,
3086900,50,10425,,,
3087900,0,3946,,,
3089000,0,412,,,
3089000,1,390,,,
3089000,2,24,,,
3089000,3,31,,,
3089000,4,25,,,
3089000,5,26,,,
3089000,6,33,,,
3089000,7,32,,,
3089000,8,27,,,
3089000,9,34,,,
3089000,10,413,,,
3089000,11,347,,,
3089000,12,391,,,
3089000,13,376,,,
3089000,14,414,,,
3089000,15,392,,,
3089000,16,348,,,
3089000,17,349,,,
3089000,18,350,,,
3089000,19,58,,,
3089000,20,59,,,
3089000,21,416,,,
3089000,22,377,,,
3089000,23,351,,,
3089000,24,378,,,
3089000,25,379,,,
3089000,26,393,,,
3089000,27,415,,,
3089000,28,394,,,
3089000,29,2378,,,
3089000,30,352,,,
3089000,31,395,,,
3089000,32,417,,,
3089000,33,2377,,,
3089000,34,353,,,
3089000,35,380,,,
3089000,36,396,,,
3089000,37,102,,,
3089000,38,625,,,
3089000,39,626,,,
3089000,40,627,,,
3089000,41,628,,,
3089000,42,629,,,
3089000,43,2493,,,
3089000,44,630,,,
3089000,45,2494,,,
3089000,46,50,,,
3089000,47,51,,,
3089000,48,604,,,
3089000,49,605,,,
3089000,50,63,,,
3089000,51,606,,,
3089000,52,2446,,,
3089000,53,2448,,,
3089000,54,61,,,
3089000,55,607,,,
3089000,56,38,,,
3089000,57,39,,,
3089000,58,40,,,
3089000,59,1123,,,
3089000,60,553,,,
3089000,61,1124,,,
3089000,62,2422,,,
3089000,63,2424,,,
3089000,64,2425,,,
3089000,65,1125,,,
3089000,66,2427,,,
3089000,67,2428,,,
3089000,68,44,,,
3089000,69,1148,,,
3089000,70,45,,,
3089000,71,46,,,
3089000,72,47,,,
3089000,73,2411,,,
3089000,74,2412,,,
3089000,75,9577,,,
3089000,76,9578,,,
3089000,77,9583,,,
3089000,78,9584,,,
3089001,0,1104,,,
3089001,1,1101,,,
3089001,2,1105,,,
3089001,3,1102,,,
3089001,4,465,,,
3089001,5,432,,,
3089001,6,467,,,
3089001,7,434,,,
3089001,8,468,,,
3089001,9,435,,,
3089001,10,469,,,
3089001,11,436,,,
3089001,12,470,,,
3089001,13,437,,,
3089001,14,438,,,
3089001,15,102,,,
3089001,16,625,,,
3089001,17,626,,,
3089001,18,627,,,
3089001,19,628,,,
3089001,20,629,,,
3089001,21,2493,,,
3089001,22,630,,,
3089001,23,2494,,,
3089001,24,50,,,
3089001,25,51,,,
3089001,26,604,,,
3089001,27,605,,,
3089001,28,63,,,
3089001,29,606,,,
3089001,30,2447,,,
3089001,31,2450,,,
3089001,32,61,,,
3089001,33,607,,,
3089001,34,2451,,,
3089001,35,38,,,
3089001,36,39,,,
3089001,37,40,,,
3089001,38,1123,,,
3089001,39,553,,,
3089001,40,1124,,,
3089001,41,2423,,,
3089001,42,2426,,,
3089001,43,1125,,,
3089001,44,2427,,,
3089001,45,2428,,,
3089001,46,44,,,
3089001,47,1148,,,
3089001,48,45,,,
3089001,49,46,,,
3089001,50,47,,,
3089001,51,2411,,,
3089001,52,2412,,,
3089001,53,9577,,,
3089001,54,9578,,,
3089001,55,9583,,,
3089001,56,9584,,,
3089002,0,12014,,,
3089002,1,12008,,,
3089002,2,12015,,,
3089002,3,12012,,,
3089002,4,12020,,,
3089002,5,12021,,,
3089002,6,12024,,,
3089002,7,12032,,,
3089002,8,12030,,,
3089002,9,12031,,,
3089002,10,12041,,,
3089002,11,12034,,,
3089002,12,12023,,,
3089002,13,12044,,,
3089002,14,12049,,,
3089002,15,12039,,,
3089002,16,12043,,,
3089002,17,12042,,,
3089002,18,12036,,,
3089002,19,12060,,,
3089002,20,12059,,,
3089002,21,12056,,,
3089002,22,12054,,,
3089002,23,12052,,,
3089002,24,12081,,,
3089002,25,12080,,,
3089002,26,12074,,,
3089002,27,12013,,,
3089002,28,12025,,,
3089002,29,12051,,,
3089002,30,12069,,,
3089002,31,12073,,,
3089002,32,12078,,,
3089002,33,12007,,,
3089002,34,12016,,,
3089002,35,12038,,,
3089002,36,12068,,,
3089002,37,12037,,,
3089002,38,12072,,,
3089002,39,12076,,,
3089002,40,12006,,,
3089002,41,12029,,,
3089002,42,12033,,,
3089002,43,12070,,,
3089002,44,12035,,,
3089002,45,12071,,,
3089002,46,12075,,,
3089002,47,12077,,,
3089002,48,12009,,,
3089002,49,12028,,,
3089002,50,12050,,,
3089002,51,12079,,,
3089003,0,12011,,,
3089003,1,12010,,,
3089003,2,12017,,,
3089003,3,12022,,,
3089003,4,12019,,,
3089003,5,12018,,,
3089003,6,12048,,,
3089003,7,12047,,,
3089003,8,12058,,,
3089003,9,12057,,,
3089003,10,12083,,,
3089003,11,12013,,,
3089003,12,12025,,,
3089003,13,12051,,,
3089003,14,12069,,,
3089003,15,12063,,,
3089003,16,12073,,,
3089003,17,12078,,,
3089003,18,12007,,,
3089003,19,12016,,,
3089003,20,12038,,,
3089003,21,12068,,,
3089003,22,12046,,,
3089003,23,12065,,,
3089003,24,12072,,,
3089003,25,12076,,,
3089003,26,12082,,,
3089003,27,12006,,,
3089003,28,12029,,,
3089003,29,12033,,,
3089003,30,12070,,,
3089003,31,12045,,,
3089003,32,12066,,,
3089003,33,12071,,,
3089003,34,12075,,,
3089003,35,12077,,,
3089003,36,12009,,,
3089003,37,12028,,,
3089003,38,12050,,,
3089003,39,12079,,,
3089100,0,2,,,
3089100,1,218,,,
3089100,2,272,,,
3089100,3,15,,,
3089100,4,68,,,
3089100,5,219,,,
3089100,6,273,,,
3089100,7,155,,,
3089100,8,88,,,
3089100,9,87,,,
3089100,10,16,,,
3089100,11,123,,,
3089100,12,7880,,,
3089100,13,220,,,
3089100,14,221,,,
3089100,15,274,,,
3089100,16,156,,,
3089100,17,166,,,
3089100,18,168,,,
3089100,19,291,,,
3089100,20,69,,,
3089100,21,126,,,
3089100,22,222,,,
3089100,23,275,,,
3089100,24,276,,,
3089100,25,277,,,
3089100,26,86,,,
3089100,27,292,,,
3089100,28,295,,,
3089100,29,124,,,
3089100,30,127,,,
3089100,31,130,,,
3089100,32,223,,,
3089100,33,278,,,
3089100,34,157,,,
3089100,35,293,,,
3089100,36,296,,,
3089100,37,129,,,
3089100,38,224,,,
3089100,39,1660,,,
3089100,40,279,,,
3089100,41,158,,,
3089100,42,7881,,,
3089100,43,7896,,,
3089100,44,172,,,
3089100,45,294,,,
3089100,46,88,,,
3089100,47,93,,,
3089100,48,256,,,
3089100,49,257,,,
3089100,50,258,,,
3089100,51,259,,,
3089100,52,260,,,
3089100,53,261,,,
3089100,54,5284,,,
3089100,55,5285,,,
3089100,56,70,,,
3089100,57,159,,,
3089100,58,225,,,
3089100,59,262,,,
3089100,60,280,,,
3089100,61,297,,,
3089100,62,2499,,,
3089101,0,176,,,
3089101,1,310,,,
3089101,2,177,,,
3089101,3,311,,,
3089101,4,100,,,
3089101,5,178,,,
3089101,6,101,,,
3089101,7,7885,,,
3089101,8,312,,,
3089101,9,314,,,
3089101,10,179,,,
3089101,11,182,,,
3089101,12,183,,,
3089101,13,185,,,
3089101,14,315,,,
3089101,15,83,,,
3089101,16,143,,,
3089101,17,144,,,
3089101,18,238,,,
3089101,19,239,,,
3089101,20,240,,,
3089101,21,241,,,
3089101,22,186,,,
3089101,23,316,,,
3089101,24,317,,,
3089101,25,90,,,
3089101,26,7886,,,
3089101,27,7890,,,
3089101,28,318,,,
3089101,29,321,,,
3089101,30,187,,,
3089101,31,188,,,
3089101,32,189,,,
3089101,33,190,,,
3089102,0,11646,,,
3089102,1,11632,,,
3089102,2,11640,,,
3089102,3,11629,,,
3089102,4,11645,,,
3089102,5,11647,,,
3089102,6,11631,,,
3089102,7,11667,,,
3089102,8,11675,,,
3089102,9,11670,,,
3089102,10,11673,,,
3089102,11,11659,,,
3089102,12,11666,,,
3089102,13,11671,,,
3089102,14,11661,,,
3089102,15,11714,,,
3089102,16,11685,,,
3089102,17,11706,,,
3089102,18,11683,,,
3089102,19,11708,,,
3089102,20,11710,,,
3089102,21,11711,,,
3089102,22,11713,,,
3089102,23,11712,,,
3089102,24,11686,,,
3089102,25,11703,,,
3089102,26,11608,,,
3089102,27,11642,,,
3089102,28,11665,,,
3089102,29,11691,,,
3089102,30,11625,,,
3089102,31,11736,,,
3089102,32,11727,,,
3089102,33,11726,,,
3089102,34,11730,,,
3089102,35,11728,,,
3089102,36,11725,,,
3089102,37,11733,,,
3089103,0,11610,,,
3089103,1,11619,,,
3089103,2,11611,,,
3089103,3,11612,,,
3089103,4,11609,,,
3089103,5,11627,,,
3089103,6,11630,,,
3089103,7,11634,,,
3089103,8,11633,,,
3089103,9,11637,,,
3089103,10,11655,,,
3089103,11,11656,,,
3089103,12,11657,,,
3089103,13,11662,,,
3089103,14,11664,,,
3089103,15,11672,,,
3089103,16,11660,,,
3089103,17,11663,,,
3089103,18,11678,,,
3089103,19,11676,,,
3089103,20,11693,,,
3089103,21,11696,,,
3089103,22,11692,,,
3089103,23,11709,,,
3089103,24,11715,,,
3089103,25,11732,,,
3089103,26,11737,,,
3089103,27,11729,,,
3089103,28,11731,,,
3089200,0,908,,,
3089200,1,909,,,
3089200,2,910,,,
3089200,3,911,,,
3089200,4,912,,,
3089200,5,913,,,
3089200,6,845,,,
3089200,7,846,,,
3089200,8,847,,,
3089200,9,848,,,
3089200,10,849,,,
3089200,11,850,,,
3089200,12,877,,,
3089200,13,878,,,
3089200,14,890,,,
3089200,15,879,,,
3089200,16,880,,,
3089200,17,881,,,
3089200,18,851,,,
3089200,19,882,,,
3089200,20,914,,,
3089201,0,1294,,,
3089201,1,1095,,,
3089201,2,1048,,,
3089201,3,1050,,,
3089201,4,1051,,,
3089201,5,1049,,,
3089201,6,1152,,,
3089201,7,1054,,,
3089201,8,1058,,,
3089201,9,1099,,,
3089201,10,1098,,,
3089201,11,1056,,,
3089201,12,1055,,,
3089201,13,1053,,,
3089201,14,1052,,,
3089201,15,1097,,,
3089201,16,1096,,,
3089201,17,1386,,,
3089201,18,1514,,,
3089201,19,1372,,,
3089201,20,1667,,,
3089201,21,1671,,,
3089201,22,1669,,,
3089201,23,1403,,,
3089201,24,1405,,,
3089201,25,1370,,,
3089201,26,1401,,,
3089201,27,4916,,,
3089201,28,1411,,,
3089201,29,1513,,,
3089201,30,1399,,,
3089201,31,1515,,,
3089201,32,1371,,,
3089201,33,1383,,,
3089201,34,1377,,,
3089201,35,1512,,,
3089201,36,1379,,,
3089201,37,1415,,,
3089201,38,1388,,,
3089201,39,1517,,,
3089201,40,4908,,,
3089201,41,1417,,,
3089201,42,1400,,,
3089201,43,1418,,,
3089201,44,1668,,,
3089201,45,1670,,,
3089201,46,1404,,,
3089201,47,4906,,,
3089201,48,1402,,,
3089201,49,1391,,,
3089201,50,1410,,,
3089201,51,1398,,,
3089201,52,1389,,,
3089201,53,1378,,,
3089201,54,1414,,,
3089201,55,1385,,,
3089201,56,4910,,,
3089201,57,1394,,,
3089201,58,1516,,,
3089201,59,3944,,,
3089201,60,1412,,,
3089201,61,1413,,,
3089201,62,1387,,,
3089201,63,1390,,,
3089201,64,1408,,,
3089201,65,1392,,,
3089201,66,1407,,,
3089201,67,1409,,,
3089201,68,1416,,,
3089201,69,1406,,,
3089201,70,1397,,,
3089201,71,1384,,,
3089201,72,1380,,,
3089201,73,1382,,,
3089201,74,1381,,,
3089201,75,1529,,,
3089201,76,1525,,,
3089201,77,1527,,,
3089201,78,1524,,,
3089201,79,1531,,,
3089201,80,1522,,,
3089201,81,1526,,,
3089201,82,1534,,,
3089201,83,1537,,,
3089201,84,1856,,,
3089201,85,10025,,,
3089201,86,10026,,,
3089201,87,10073,,,
3089201,88,10072,,,
3089201,89,10027,,,
3089201,90,10028,,,
3089201,91,10029,,,
3089201,92,10031,,,
3089201,93,10032,,,
3089201,94,10180,,,
3089201,95,10181,,,
3089201,96,10070,,,
3089201,97,10074,,,
3089201,98,10033,,,
3089201,99,10078,,,
3089201,100,10058,,,
3089201,101,10077,,,
3089201,102,10085,,,
3089201,103,10094,,,
3089201,104,10275,,,
3089201,105,10276,,,
3089201,106,10075,,,
3089201,107,10079,,,
3089201,108,10076,,,
3089202,0,12312,,,
3089202,1,12315,,,
3089202,2,12317,,,
3089202,3,12320,,,
3089202,4,12311,,,
3089202,5,12314,,,
3089202,6,12318,,,
3089202,7,12322,,,
3089202,8,12313,,,
3089202,9,12316,,,
3089202,10,12319,,,
3089202,11,12321,,,
3089202,12,12325,,,
3089202,13,12323,,,
3089202,14,12324,,,
3089300,0,1835,,,
3089300,1,2509,,,
3089300,2,3947,,,
3089300,3,5146,,,
3089300,4,5140,,,
3089300,5,5134,,,
3089300,6,5262,,,
3089300,7,5256,,,
3089300,8,5250,,,
3089300,9,17,,,
3089300,10,1341,,,
3089300,11,1342,,,
3089300,12,1060,,,
3089300,13,1061,,,
3089300,14,1831,,,
3089300,15,1832,,,
3089300,16,1833,,,
3089300,17,1834,,,
3089300,18,734,,,
3089300,19,735,,,
3089300,20,6035,,,
3089300,21,6037,,,
3089300,22,736,,,
3089300,23,737,,,
3089300,24,1829,,,
3089300,25,1830,,,
3089300,26,3031,,,
3089300,27,1785,,,
3089300,28,5589,,,
3089300,29,1661,,,
3089300,30,5192,,,
3089300,31,5193,,,
3089300,32,5194,,,
3089300,33,5195,,,
3089300,34,2130,,,
3089300,35,2131,,,
3089300,36,2132,,,
3089300,37,4679,,,
3089300,38,9633,,,
3089300,39,9634,,,
3089300,40,8594,,,
3089300,41,8595,,,
3089300,42,8596,,,
3089300,43,8597,,,
3089300,44,8622,,,
3089300,45,8623,,,
3089300,46,8624,,,
3089300,47,8634,,,
3089300,48,8635,,,
3089300,49,8636,,,
3089300,50,8637,,,
3089300,51,8615,,,
3089300,52,8658,,,
3089300,53,10409,,,
3089300,54,4625,,,
3089300,55,4626,,,
3089300,56,4627,,,
3089300,57,4628,,,
3089301,0,4445,,,
3089301,1,4446,,,
3089301,2,4447,,,
3089301,3,4448,,,
3089301,4,4449,,,
3089301,5,4450,,,
3089301,6,4451,,,
3089301,7,4452,,,
3089301,8,4453,,,
3089301,9,4454,,,
3089301,10,4455,,,
3089301,11,4456,,,
3089301,12,4457,,,
3089301,13,4458,,,
3089301,14,4459,,,
3089301,15,4460,,,
3089301,16,4461,,,
3089301,17,4462,,,
3089301,18,4463,,,
3089301,19,4464,,,
3089301,20,4465,,,
3089301,21,4466,,,
3089301,22,4467,,,
3089301,23,4468,,,
3089301,24,4481,,,
3089301,25,4482,,,
3089301,26,4483,,,
3089301,27,4484,,,
3089301,28,4485,,,
3089301,29,4486,,,
3089301,30,4487,,,
3089301,31,4488,,,
3089301,32,4489,,,
3089301,33,4490,,,
3089301,34,4491,,,
3089301,35,4492,,,
3089301,36,4493,,,
3089301,37,4494,,,
3089301,38,4495,,,
3089301,39,4496,,,
3089301,40,4497,,,
3089301,41,4498,,,
3089301,42,4499,,,
3089301,43,4500,,,
3089301,44,4501,,,
3089301,45,4502,,,
3089301,46,4503,,,
3089301,47,4504,,,
3089301,48,4505,,,
3089301,49,4506,,,
3089301,50,4507,,,
3089301,51,4508,,,
3089301,52,4509,,,
3089301,53,4510,,,
3089301,54,4511,,,
3089301,55,4512,,,
3089301,56,4513,,,
3089301,57,4514,,,
3089301,58,4515,,,
3089301,59,4516,,,
3089301,60,4517,,,
3089301,61,4518,,,
3089301,62,4519,,,
3089301,63,4520,,,
3089301,64,4521,,,
3089301,65,4522,,,
3089301,66,4523,,,
3089301,67,4524,,,
3089301,68,4525,,,
3089301,69,4526,,,
3089301,70,4527,,,
3089301,71,4528,,,
3089301,72,4529,,,
3089301,73,4530,,,
3089301,74,4531,,,
3089301,75,4532,,,
3089301,76,4533,,,
3089301,77,4534,,,
3089301,78,4535,,,
3089301,79,4536,,,
3089301,80,4537,,,
3089301,81,4538,,,
3089301,82,4539,,,
3089301,83,4540,,,
3089301,84,4541,,,
3089301,85,4542,,,
3089301,86,4543,,,
3089301,87,4544,,,
3089301,88,4545,,,
3089301,89,4546,,,
3089301,90,4547,,,
3089301,91,4548,,,
3089301,92,4549,,,
3089301,93,4550,,,
3089301,94,4551,,,
3089301,95,4552,,,
3089301,96,4565,,,
3089301,97,4566,,,
3089301,98,4567,,,
3089301,99,4568,,,
3089301,100,4569,,,
3089301,101,4570,,,
3089301,102,4571,,,
3089301,103,4572,,,
3089301,104,4573,,,
3089301,105,4574,,,
3089301,106,4575,,,
3089301,107,4576,,,
3089301,108,4577,,,
3089301,109,4578,,,
3089301,110,4579,,,
3089301,111,4580,,,
3089301,112,4581,,,
3089301,113,4582,,,
3089301,114,4583,,,
3089301,115,4584,,,
3089301,116,4585,,,
3089301,117,4586,,,
3089301,118,4587,,,
3089301,119,4588,,,
3104400,0,1835,,,
3104400,1,2509,,,
3104400,2,3947,,,
3104400,3,5146,,,
3104400,4,5140,,,
3104400,5,5134,,,
3104400,6,5262,,,
3104400,7,5256,,,
3104400,8,5250,,,
3104400,9,17,,,
3104400,10,1341,,,
3104400,11,1342,,,
3104400,12,1060,,,
3104400,13,1061,,,
3104400,14,1831,,,
3104400,15,1832,,,
3104400,16,1833,,,
3104400,17,1834,,,
3104400,18,734,,,
3104400,19,735,,,
3104400,20,6035,,,
3104400,21,6037,,,
3104400,22,736,,,
3104400,23,737,,,
3104400,24,1829,,,
3104400,25,3031,,,
3104400,26,1785,,,
3104400,27,5589,,,
3104400,28,1661,,,
3104400,29,5192,,,
3104400,30,5193,,,
3104400,31,5194,,,
3104400,32,2130,,,
3104400,33,9633,,,
3104400,34,9634,,,
3104400,35,8594,,,
3104400,36,8595,,,
3104400,37,8596,,,
3104400,38,8597,,,
3104400,39,8622,,,
3104400,40,8623,,,
3104400,41,8624,,,
3104400,42,8629,,,
3104400,43,8634,,,
3104400,44,8635,,,
3104400,45,8636,,,
3104400,46,8637,,,
3104400,47,8615,,,
3104400,48,10409,,,
3104400,49,4625,,,
3104400,50,4626,,,
3104400,51,4627,,,
3104400,52,4628,,,
3104500,0,1835,,,
3104500,1,2509,,,
3104500,2,3947,,,
3104500,3,5146,,,
3104500,4,5140,,,
3104500,5,5134,,,
3104500,6,5262,,,
3104500,7,5256,,,
3104500,8,5250,,,
3104500,9,17,,,
3104500,10,1341,,,
3104500,11,1342,,,
3104500,12,1060,,,
3104500,13,1061,,,
3104500,14,1831,,,
3104500,15,1832,,,
3104500,16,1833,,,
3104500,17,1834,,,
3104500,18,734,,,
3104500,19,735,,,
3104500,20,6035,,,
3104500,21,6037,,,
3104500,22,736,,,
3104500,23,737,,,
3104500,24,1829,,,
3104500,25,3031,,,
3104500,26,1785,,,
3104500,27,5589,,,
3104500,28,1661,,,
3104500,29,5192,,,
3104500,30,5193,,,
3104500,31,5194,,,
3104500,32,2130,,,
3104500,33,9633,,,
3104500,34,9634,,,
3104500,35,8594,,,
3104500,36,8595,,,
3104500,37,8596,,,
3104500,38,8597,,,
3104500,39,8622,,,
3104500,40,8623,,,
3104500,41,8624,,,
3104500,42,8629,,,
3104500,43,8634,,,
3104500,44,8635,,,
3104500,45,8636,,,
3104500,46,8637,,,
3104500,47,8615,,,
3104500,48,10409,,,
3104500,49,4625,,,
3104500,50,4626,,,
3104500,51,4627,,,
3104500,52,4628,,,
3106700,0,2505,,,
3106700,1,3439,,,
3106700,2,3902,,,
3106700,3,3903,,,
3106700,4,3904,,,
3106700,5,3905,,,
3106700,6,3906,,,
3106700,7,2506,,,
3106700,8,3891,,,
3106700,9,3892,,,
3106700,10,3893,,,
3106700,11,3894,,,
3106700,12,3895,,,
3106700,13,3896,,,
3106700,14,2515,,,
3106700,15,3920,,,
3106700,16,3921,,,
3106700,17,3922,,,
3106700,18,3923,,,
3106700,19,5187,,,
3106700,20,5188,,,
3106700,21,5189,,,
3106700,22,5190,,,
3106700,23,5191,,,
3106700,24,3913,,,
3106700,25,3914,,,
3106700,26,3915,,,
3106700,27,3916,,,
3106700,28,5182,,,
3106700,29,5183,,,
3106700,30,5184,,,
3106700,31,5185,,,
3106700,32,5186,,,
3106700,33,4038,,,
3106700,34,5176,,,
3106700,35,5177,,,
3106700,36,5178,,,
3106700,37,5179,,,
3106700,38,5180,,,
3106700,39,5181,,,
3106700,40,5170,,,
3106700,41,5171,,,
3106700,42,5172,,,
3106700,43,5173,,,
3106700,44,5174,,,
3106700,45,5175,,,
3106700,46,5168,,,
3106700,47,6645,,,
3106700,48,6646,,,
3106700,49,6647,,,
3106700,50,7582,,,
3106700,51,8541,,,
3106700,52,9656,,,
3106700,53,9657,,,
3106700,54,9658,,,
3106700,55,9659,,,
3106700,56,9660,,,
3106700,57,9661,,,
3106700,58,9662,,,
3106700,59,9663,,,
3106700,60,9664,,,
3106700,61,9665,,,
3106700,62,9666,,,
3106700,63,9667,,,
3106700,64,9668,,,
3106700,65,10515,,,
3106700,66,10516,,,
3106700,67,10517,,,
3106700,68,10425,,,
3125600,0,2,,,
3125600,1,218,,,
3125600,2,272,,,
3125600,3,15,,,
3125600,4,68,,,
3125600,5,219,,,
3125600,6,273,,,
3125600,7,155,,,
3125600,8,87,,,
3125600,9,16,,,
3125600,10,123,,,
3125600,11,7880,,,
3125600,12,220,,,
3125600,13,221,,,
3125600,14,274,,,
3125600,15,156,,,
3125600,16,166,,,
3125600,17,168,,,
3125600,18,291,,,
3125600,19,69,,,
3125600,20,126,,,
3125600,21,222,,,
3125600,22,275,,,
3125600,23,276,,,
3125600,24,277,,,
3125600,25,86,,,
3125600,26,292,,,
3125600,27,295,,,
3125600,28,124,,,
3125600,29,127,,,
3125600,30,130,,,
3125600,31,223,,,
3125600,32,278,,,
3125600,33,157,,,
3125600,34,293,,,
3125600,35,296,,,
3125600,36,129,,,
3125600,37,224,,,
3125600,38,1660,,,
3125600,39,279,,,
3125600,40,158,,,
3125600,41,7881,,,
3125600,42,7896,,,
3125600,43,172,,,
3125600,44,294,,,
3125600,45,93,,,
3125600,46,256,,,
3125600,47,257,,,
3125600,48,258,,,
3125600,49,259,,,
3125600,50,260,,,
3125600,51,261,,,
3125600,52,5284,,,
3125600,53,5285,,,
3125601,0,176,,,
3125601,1,310,,,
3125601,2,177,,,
3125601,3,311,,,
3125601,4,100,,,
3125601,5,178,,,
3125601,6,101,,,
3125601,7,7885,,,
3125601,8,312,,,
3125601,9,314,,,
3125601,10,179,,,
3125601,11,182,,,
3125601,12,183,,,
3125601,13,185,,,
3125601,14,315,,,
3125601,15,83,,,
3125601,16,143,,,
3125601,17,144,,,
3125601,18,238,,,
3125601,19,239,,,
3125601,20,240,,,
3125601,21,241,,,
3125601,22,186,,,
3125601,23,316,,,
3125601,24,317,,,
3125601,25,90,,,
3125601,26,7886,,,
3125601,27,7890,,,
3125601,28,318,,,
3125601,29,321,,,
3125700,0,2,,,
3125700,1,218,,,
3125700,2,272,,,
3125700,3,15,,,
3125700,4,68,,,
3125700,5,219,,,
3125700,6,273,,,
3125700,7,155,,,
3125700,8,87,,,
3125700,9,16,,,
3125700,10,123,,,
3125700,11,7880,,,
3125700,12,220,,,
3125700,13,221,,,
3125700,14,274,,,
3125700,15,156,,,
3125700,16,166,,,
3125700,17,168,,,
3125700,18,291,,,
3125700,19,69,,,
3125700,20,126,,,
3125700,21,222,,,
3125700,22,275,,,
3125700,23,276,,,
3125700,24,277,,,
3125700,25,86,,,
3125700,26,292,,,
3125700,27,295,,,
3125700,28,124,,,
3125700,29,127,,,
3125700,30,130,,,
3125700,31,223,,,
3125700,32,278,,,
3125700,33,157,,,
3125700,34,293,,,
3125700,35,296,,,
3125700,36,129,,,
3125700,37,224,,,
3125700,38,1660,,,
3125700,39,279,,,
3125700,40,158,,,
3125700,41,7881,,,
3125700,42,7896,,,
3125700,43,172,,,
3125700,44,294,,,
3125700,45,93,,,
3125700,46,256,,,
3125700,47,257,,,
3125700,48,258,,,
3125700,49,259,,,
3125700,50,260,,,
3125700,51,261,,,
3125700,52,5284,,,
3125700,53,5285,,,
3125701,0,176,,,
3125701,1,310,,,
3125701,2,177,,,
3125701,3,311,,,
3125701,4,100,,,
3125701,5,178,,,
3125701,6,101,,,
3125701,7,7885,,,
3125701,8,312,,,
3125701,9,314,,,
3125701,10,179,,,
3125701,11,182,,,
3125701,12,183,,,
3125701,13,185,,,
3125701,14,315,,,
3125701,15,83,,,
3125701,16,143,,,
3125701,17,144,,,
3125701,18,238,,,
3125701,19,239,,,
3125701,20,240,,,
3125701,21,241,,,
3125701,22,186,,,
3125701,23,316,,,
3125701,24,317,,,
3125701,25,90,,,
3125701,26,7886,,,
3125701,27,7890,,,
3125701,28,318,,,
3125701,29,321,,,
3125800,0,412,,,
3125800,1,390,,,
3125800,2,24,,,
3125800,3,31,,,
3125800,4,25,,,
3125800,5,26,,,
3125800,6,33,,,
3125800,7,32,,,
3125800,8,27,,,
3125800,9,34,,,
3125800,10,413,,,
3125800,11,347,,,
3125800,12,391,,,
3125800,13,376,,,
3125800,14,414,,,
3125800,15,392,,,
3125800,16,348,,,
3125800,17,349,,,
3125800,18,350,,,
3125800,19,58,,,
3125800,20,59,,,
3125800,21,416,,,
3125800,22,377,,,
3125800,23,351,,,
3125800,24,378,,,
3125800,25,379,,,
3125800,26,393,,,
3125800,27,415,,,
3125800,28,394,,,
3125800,29,2378,,,
3125800,30,352,,,
3125800,31,395,,,
3125800,32,417,,,
3125800,33,102,,,
3125800,34,625,,,
3125800,35,626,,,
3125800,36,627,,,
3125800,37,628,,,
3125800,38,629,,,
3125800,39,50,,,
3125800,40,51,,,
3125800,41,604,,,
3125800,42,605,,,
3125800,43,63,,,
3125800,44,606,,,
3125800,45,38,,,
3125800,46,39,,,
3125800,47,40,,,
3125800,48,1123,,,
3125800,49,553,,,
3125800,50,1124,,,
3125800,51,44,,,
3125800,52,1148,,,
3125800,53,45,,,
3125800,54,46,,,
3125800,55,47,,,
3125800,56,9577,,,
3125800,57,9578,,,
3125800,58,9583,,,
3125800,59,9584,,,
3125801,0,1104,,,
3125801,1,1101,,,
3125801,2,1105,,,
3125801,3,1102,,,
3125801,4,465,,,
3125801,5,432,,,
3125801,6,467,,,
3125801,7,434,,,
3125801,8,468,,,
3125801,9,435,,,
3125801,10,469,,,
3125801,11,436,,,
3125801,12,470,,,
3125801,13,437,,,
3125801,14,102,,,
3125801,15,625,,,
3125801,16,626,,,
3125801,17,627,,,
3125801,18,628,,,
3125801,19,629,,,
3125801,20,50,,,
3125801,21,51,,,
3125801,22,604,,,
3125801,23,605,,,
3125801,24,63,,,
3125801,25,606,,,
3125801,26,38,,,
3125801,27,39,,,
3125801,28,40,,,
3125801,29,1123,,,
3125801,30,553,,,
3125801,31,1124,,,
3125801,32,44,,,
3125801,33,1148,,,
3125801,34,45,,,
3125801,35,46,,,
3125801,36,47,,,
3125801,37,9577,,,
3125801,38,9578,,,
3125801,39,9583,,,
3125801,40,9584,,,
3125900,0,412,,,
3125900,1,390,,,
3125900,2,24,,,
3125900,3,31,,,
3125900,4,25,,,
3125900,5,26,,,
3125900,6,33,,,
3125900,7,32,,,
3125900,8,27,,,
3125900,9,34,,,
3125900,10,413,,,
3125900,11,347,,,
3125900,12,391,,,
3125900,13,376,,,
3125900,14,414,,,
3125900,15,392,,,
3125900,16,348,,,
3125900,17,349,,,
3125900,18,350,,,
3125900,19,58,,,
3125900,20,59,,,
3125900,21,416,,,
3125900,22,377,,,
3125900,23,351,,,
3125900,24,378,,,
3125900,25,379,,,
3125900,26,393,,,
3125900,27,415,,,
3125900,28,394,,,
3125900,29,2378,,,
3125900,30,352,,,
3125900,31,395,,,
3125900,32,417,,,
3125900,33,102,,,
3125900,34,625,,,
3125900,35,626,,,
3125900,36,627,,,
3125900,37,628,,,
3125900,38,629,,,
3125900,39,50,,,
3125900,40,51,,,
3125900,41,604,,,
3125900,42,605,,,
3125900,43,63,,,
3125900,44,606,,,
3125900,45,38,,,
3125900,46,39,,,
3125900,47,40,,,
3125900,48,1123,,,
3125900,49,553,,,
3125900,50,1124,,,
3125900,51,44,,,
3125900,52,1148,,,
3125900,53,45,,,
3125900,54,46,,,
3125900,55,47,,,
3125900,56,9577,,,
3125900,57,9578,,,
3125900,58,9583,,,
3125900,59,9584,,,
3125901,0,1104,,,
3125901,1,1101,,,
3125901,2,1105,,,
3125901,3,1102,,,
3125901,4,465,,,
3125901,5,432,,,
3125901,6,467,,,
3125901,7,434,,,
3125901,8,468,,,
3125901,9,435,,,
3125901,10,469,,,
3125901,11,436,,,
3125901,12,470,,,
3125901,13,437,,,
3125901,14,102,,,
3125901,15,625,,,
3125901,16,626,,,
3125901,17,627,,,
3125901,18,628,,,
3125901,19,629,,,
3125901,20,50,,,
3125901,21,51,,,
3125901,22,604,,,
3125901,23,605,,,
3125901,24,63,,,
3125901,25,606,,,
3125901,26,38,,,
3125901,27,39,,,
3125901,28,40,,,
3125901,29,1123,,,
3125901,30,553,,,
3125901,31,1124,,,
3125901,32,44,,,
3125901,33,1148,,,
3125901,34,45,,,
3125901,35,46,,,
3125901,36,47,,,
3125901,37,9577,,,
3125901,38,9578,,,
3125901,39,9583,,,
3125901,40,9584,,,
3126000,0,908,,,
3126000,1,909,,,
3126000,2,910,,,
3126000,3,911,,,
3126000,4,912,,,
3126000,5,913,,,
3126000,6,845,,,
3126000,7,846,,,
3126000,8,847,,,
3126000,9,848,,,
3126000,10,849,,,
3126000,11,850,,,
3126000,12,877,,,
3126000,13,878,,,
3126000,14,890,,,
3126000,15,879,,,
3126000,16,880,,,
3126000,17,881,,,
3126100,0,908,,,
3126100,1,909,,,
3126100,2,910,,,
3126100,3,911,,,
3126100,4,912,,,
3126100,5,913,,,
3126100,6,845,,,
3126100,7,846,,,
3126100,8,847,,,
3126100,9,848,,,
3126100,10,849,,,
3126100,11,850,,,
3126100,12,877,,,
3126100,13,878,,,
3126100,14,890,,,
3126100,15,879,,,
3126100,16,880,,,
3126100,17,881,,,
3126200,0,1294,,,
3126200,1,1095,,,
3126200,2,1048,,,
3126200,3,1050,,,
3126200,4,1051,,,
3126200,5,1049,,,
3126200,6,1152,,,
3126200,7,1054,,,
3126200,8,1058,,,
3126200,9,1099,,,
3126200,10,1098,,,
3126200,11,1056,,,
3126200,12,1055,,,
3126200,13,1053,,,
3126200,14,1052,,,
3126200,15,1097,,,
3126200,16,1096,,,
3126200,17,1386,,,
3126200,18,1514,,,
3126200,19,1372,,,
3126200,20,1667,,,
3126200,21,1671,,,
3126200,22,1669,,,
3126200,23,1403,,,
3126200,24,1405,,,
3126200,25,1370,,,
3126200,26,1401,,,
3126200,27,4916,,,
3126200,28,1411,,,
3126200,29,1513,,,
3126200,30,1399,,,
3126200,31,1515,,,
3126200,32,1371,,,
3126200,33,1383,,,
3126200,34,1377,,,
3126200,35,1512,,,
3126200,36,1379,,,
3126200,37,1415,,,
3126200,38,1388,,,
3126200,39,1517,,,
3126200,40,4908,,,
3126200,41,1417,,,
3126200,42,1400,,,
3126200,43,1418,,,
3126200,44,1668,,,
3126200,45,1670,,,
3126200,46,1404,,,
3126200,47,4906,,,
3126200,48,1402,,,
3126200,49,1391,,,
3126200,50,1410,,,
3126200,51,1398,,,
3126200,52,1389,,,
3126200,53,1378,,,
3126200,54,1414,,,
3126200,55,1385,,,
3126200,56,4910,,,
3126200,57,1394,,,
3126200,58,1516,,,
3126200,59,3944,,,
3126200,60,1412,,,
3126200,61,1413,,,
3126200,62,1387,,,
3126200,63,1390,,,
3126200,64,1408,,,
3126200,65,1392,,,
3126200,66,1407,,,
3126200,67,1409,,,
3126200,68,1416,,,
3126200,69,1406,,,
3126200,70,1397,,,
3126200,71,1384,,,
3126200,72,1380,,,
3126200,73,1382,,,
3126200,74,1381,,,
3126200,75,1529,,,
3126200,76,1525,,,
3126200,77,1527,,,
3126200,78,1524,,,
3126200,79,1531,,,
3126200,80,1522,,,
3126200,81,1526,,,
3126200,82,1534,,,
3126200,83,1537,,,
3126200,84,1856,,,
3126200,85,1523,,,
3126200,86,1521,,,
3126200,87,1535,,,
3126200,88,1532,,,
3126200,89,1536,,,
3126200,90,1533,,,
3126200,91,1528,,,
3126200,92,1518,,,
3126200,93,1519,,,
3126200,94,1520,,,
3126200,95,1530,,,
3126200,96,3038,,,
3126200,97,10025,,,
3126200,98,10026,,,
3126200,99,10073,,,
3126200,100,10072,,,
3126200,101,10027,,,
3126200,102,10028,,,
3126200,103,10029,,,
3126200,104,10031,,,
3126200,105,10032,,,
3126200,106,10180,,,
3126200,107,10181,,,
3126200,108,10070,,,
3126200,109,10074,,,
3126200,110,10033,,,
3126200,111,10078,,,
3126200,112,10058,,,
3126200,113,10077,,,
3126200,114,10085,,,
3126200,115,10094,,,
3126200,116,10275,,,
3126200,117,10276,,,
3126200,118,10075,,,
3126200,119,10079,,,
3126200,120,10076,,,
3126200,121,8616,,,
3126200,122,8890,,,
3126200,123,8891,,,
3126200,124,8909,,,
3126200,125,8945,,,
3126200,126,8946,,,
3126300,0,4445,,,
3126300,1,4446,,,
3126300,2,4447,,,
3126300,3,4448,,,
3126300,4,4449,,,
3126300,5,4450,,,
3126300,6,4451,,,
3126300,7,4452,,,
3126300,8,4453,,,
3126300,9,4454,,,
3126300,10,4455,,,
3126300,11,4456,,,
3126300,12,4457,,,
3126300,13,4458,,,
3126300,14,4459,,,
3126300,15,4460,,,
3126300,16,4461,,,
3126300,17,4462,,,
3126300,18,4463,,,
3126300,19,4464,,,
3126300,20,4465,,,
3126300,21,4466,,,
3126300,22,4467,,,
3126300,23,4468,,,
3126300,24,4481,,,
3126300,25,4482,,,
3126300,26,4483,,,
3126300,27,4484,,,
3126300,28,4485,,,
3126300,29,4486,,,
3126300,30,4487,,,
3126300,31,4488,,,
3126300,32,4489,,,
3126300,33,4490,,,
3126300,34,4491,,,
3126300,35,4492,,,
3126300,36,4493,,,
3126300,37,4494,,,
3126300,38,4495,,,
3126300,39,4496,,,
3126300,40,4497,,,
3126300,41,4498,,,
3126300,42,4499,,,
3126300,43,4500,,,
3126300,44,4501,,,
3126300,45,4502,,,
3126300,46,4503,,,
3126300,47,4504,,,
3126300,48,4505,,,
3126300,49,4506,,,
3126300,50,4507,,,
3126300,51,4508,,,
3126300,52,4509,,,
3126300,53,4510,,,
3126300,54,4511,,,
3126300,55,4512,,,
3126300,56,4513,,,
3126300,57,4514,,,
3126300,58,4515,,,
3126300,59,4516,,,
3126300,60,4517,,,
3126300,61,4518,,,
3126300,62,4519,,,
3126300,63,4520,,,
3126300,64,4521,,,
3126300,65,4522,,,
3126300,66,4523,,,
3126300,67,4524,,,
3126300,68,4525,,,
3126300,69,4526,,,
3126300,70,4527,,,
3126300,71,4528,,,
3126300,72,4529,,,
3126300,73,4530,,,
3126300,74,4531,,,
3126300,75,4532,,,
3126300,76,4533,,,
3126300,77,4534,,,
3126300,78,4535,,,
3126300,79,4536,,,
3126300,80,4537,,,
3126300,81,4538,,,
3126300,82,4539,,,
3126300,83,4540,,,
3126300,84,4541,,,
3126300,85,4542,,,
3126300,86,4543,,,
3126300,87,4544,,,
3126300,88,4545,,,
3126300,89,4546,,,
3126300,90,4547,,,
3126300,91,4548,,,
3126300,92,4549,,,
3126300,93,4550,,,
3126300,94,4551,,,
3126300,95,4552,,,
3126300,96,4565,,,
3126300,97,4566,,,
3126300,98,4567,,,
3126300,99,4568,,,
3126300,100,4569,,,
3126300,101,4570,,,
3126300,102,4571,,,
3126300,103,4572,,,
3126300,104,4573,,,
3126300,105,4574,,,
3126300,106,4575,,,
3126300,107,4576,,,
3126300,108,4577,,,
3126300,109,4578,,,
3126300,110,4579,,,
3126300,111,4580,,,
3126300,112,4581,,,
3126300,113,4582,,,
3126300,114,4583,,,
3126300,115,4584,,,
3126300,116,4585,,,
3126300,117,4586,,,
3126300,118,4587,,,
3126300,119,4588,,,
3126301,0,1835,,,
3126301,1,2509,,,
3126301,2,3947,,,
3126301,3,5146,,,
3126301,4,5140,,,
3126301,5,5134,,,
3126301,6,5262,,,
3126301,7,5256,,,
3126301,8,5250,,,
3126301,9,17,,,
3126301,10,1341,,,
3126301,11,1342,,,
3126301,12,1060,,,
3126301,13,1061,,,
3126301,14,1831,,,
3126301,15,1832,,,
3126301,16,1833,,,
3126301,17,1834,,,
3126301,18,734,,,
3126301,19,735,,,
3126301,20,6035,,,
3126301,21,6037,,,
3126301,22,736,,,
3126301,23,737,,,
3126301,24,1829,,,
3126301,25,1830,,,
3126301,26,3031,,,
3126301,27,1785,,,
3126301,28,5589,,,
3126301,29,1661,,,
3126301,30,5192,,,
3126301,31,5193,,,
3126301,32,5194,,,
3126301,33,5195,,,
3126301,34,2130,,,
3126301,35,2131,,,
3126301,36,2132,,,
3126301,37,9633,,,
3126301,38,9634,,,
3126301,39,8594,,,
3126301,40,8595,,,
3126301,41,8596,,,
3126301,42,8597,,,
3126301,43,8598,,,
3126301,44,8622,,,
3126301,45,8623,,,
3126301,46,8624,,,
3126301,47,8634,,,
3126301,48,8635,,,
3126301,49,8636,,,
3126301,50,8637,,,
3126301,51,8638,,,
3126301,52,8615,,,
3126301,53,8658,,,
3126301,54,10409,,,
3126301,55,4625,,,
3126301,56,4626,,,
3126301,57,4627,,,
3126301,58,4628,,,
3126500,0,2505,,,
3126500,1,3439,,,
3126500,2,3902,,,
3126500,3,3903,,,
3126500,4,3904,,,
3126500,5,3905,,,
3126500,6,3906,,,
3126500,7,2506,,,
3126500,8,3891,,,
3126500,9,3892,,,
3126500,10,3893,,,
3126500,11,3894,,,
3126500,12,3895,,,
3126500,13,3896,,,
3126500,14,2515,,,
3126500,15,3920,,,
3126500,16,3921,,,
3126500,17,3922,,,
3126500,18,3923,,,
3126500,19,5187,,,
3126500,20,5188,,,
3126500,21,5189,,,
3126500,22,5190,,,
3126500,23,5191,,,
3126500,24,3913,,,
3126500,25,3914,,,
3126500,26,3915,,,
3126500,27,3916,,,
3126500,28,5182,,,
3126500,29,5183,,,
3126500,30,5184,,,
3126500,31,5185,,,
3126500,32,5186,,,
3126500,33,4038,,,
3126500,34,5176,,,
3126500,35,5177,,,
3126500,36,5178,,,
3126500,37,5179,,,
3126500,38,5180,,,
3126500,39,5181,,,
3126500,40,5170,,,
3126500,41,5171,,,
3126500,42,5172,,,
3126500,43,5173,,,
3126500,44,5174,,,
3126500,45,5175,,,
3126500,46,5168,,,
3126500,47,6645,,,
3126500,48,6646,,,
3126500,49,6647,,,
3126500,50,7582,,,
3126500,51,8541,,,
3126500,52,9656,,,
3126500,53,9657,,,
3126500,54,9658,,,
3126500,55,9659,,,
3126500,56,9660,,,
3126500,57,9661,,,
3126500,58,9662,,,
3126500,59,9663,,,
3126500,60,9664,,,
3126500,61,9665,,,
3126500,62,9666,,,
3126500,63,9667,,,
3126500,64,9668,,,
3126500,65,10515,,,
3126500,66,10516,,,
3126500,67,10517,,,
3126500,68,10425,,,
3127400,0,3031,,,
3127400,1,1785,,,
3127400,2,5192,,,
3127400,3,5193,,,
3127400,4,5194,,,
3127400,5,5195,,,
3127400,6,2130,,,
3127400,7,2131,,,
3127400,8,2132,,,
3128400,0,1294,,,
3128400,1,1095,,,
3128400,2,1048,,,
3128400,3,1050,,,
3128400,4,1051,,,
3128400,5,1049,,,
3128400,6,1152,,,
3128400,7,1054,,,
3128400,8,1058,,,
3128400,9,1099,,,
3128400,10,1098,,,
3128400,11,1056,,,
3128400,12,1055,,,
3128400,13,1053,,,
3128400,14,1052,,,
3128400,15,1097,,,
3128400,16,1096,,,
3128400,17,1386,,,
3128400,18,1514,,,
3128400,19,1372,,,
3128400,20,1667,,,
3128400,21,1671,,,
3128400,22,1669,,,
3128400,23,1403,,,
3128400,24,1405,,,
3128400,25,1370,,,
3128400,26,1401,,,
3128400,27,4916,,,
3128400,28,1411,,,
3128400,29,1513,,,
3128400,30,1399,,,
3128400,31,1515,,,
3128400,32,1371,,,
3128400,33,1383,,,
3128400,34,1377,,,
3128400,35,1512,,,
3128400,36,1379,,,
3128400,37,1415,,,
3128400,38,1388,,,
3128400,39,1517,,,
3128400,40,4908,,,
3128400,41,1417,,,
3128400,42,1400,,,
3128400,43,1418,,,
3128400,44,1668,,,
3128400,45,1670,,,
3128400,46,1404,,,
3128400,47,4906,,,
3128400,48,1402,,,
3128400,49,1391,,,
3128400,50,1410,,,
3128400,51,1398,,,
3128400,52,1389,,,
3128400,53,1378,,,
3128400,54,1414,,,
3128400,55,1385,,,
3128400,56,4910,,,
3128400,57,1394,,,
3128400,58,1516,,,
3128400,59,3944,,,
3128400,60,1412,,,
3128400,61,1413,,,
3128400,62,1387,,,
3128400,63,1390,,,
3128400,64,1408,,,
3128400,65,1392,,,
3128400,66,1407,,,
3128400,67,1409,,,
3128400,68,1416,,,
3128400,69,1406,,,
3128400,70,1397,,,
3128400,71,1384,,,
3128400,72,1380,,,
3128400,73,1382,,,
3128400,74,1381,,,
3128400,75,10025,,,
3128400,76,10026,,,
3128400,77,10073,,,
3128400,78,10072,,,
3128400,79,10027,,,
3128400,80,10028,,,
3128400,81,10029,,,
3128400,82,10031,,,
3128400,83,10032,,,
3128400,84,10180,,,
3128400,85,10181,,,
3128400,86,10070,,,
3128400,87,10074,,,
3128400,88,10033,,,
3128400,89,10078,,,
3128400,90,10058,,,
3128400,91,10077,,,
3128400,92,10085,,,
3128400,93,10094,,,
3128400,94,10275,,,
3128400,95,10276,,,
3128400,96,10075,,,
3128400,97,10079,,,
3128400,98,10076,,,
3130000,0,2,,,
3130000,1,218,,,
3130000,2,272,,,
3130000,3,15,,,
3130000,4,68,,,
3130000,5,219,,,
3130000,6,273,,,
3130000,7,155,,,
3130000,8,87,,,
3130000,9,16,,,
3130000,10,123,,,
3130000,11,7880,,,
3130000,12,220,,,
3130000,13,221,,,
3130000,14,274,,,
3130000,15,156,,,
3130000,16,166,,,
3130000,17,168,,,
3130000,18,291,,,
3130000,19,69,,,
3130000,20,126,,,
3130000,21,222,,,
3130000,22,275,,,
3130000,23,276,,,
3130000,24,277,,,
3130000,25,86,,,
3130000,26,292,,,
3130000,27,295,,,
3130000,28,124,,,
3130000,29,127,,,
3130000,30,130,,,
3130000,31,223,,,
3130000,32,278,,,
3130000,33,157,,,
3130000,34,293,,,
3130000,35,296,,,
3130000,36,129,,,
3130000,37,224,,,
3130000,38,1660,,,
3130000,39,279,,,
3130000,40,158,,,
3130000,41,7881,,,
3130000,42,7896,,,
3130000,43,172,,,
3130000,44,294,,,
3130000,45,88,,,
3130000,46,93,,,
3130000,47,256,,,
3130000,48,257,,,
3130000,49,258,,,
3130000,50,259,,,
3130000,51,260,,,
3130000,52,261,,,
3130000,53,70,,,
3130000,54,159,,,
3130000,55,225,,,
3130000,56,262,,,
3130000,57,280,,,
3130000,58,297,,,
3130000,59,2499,,,
3130000,60,5284,,,
3130000,61,5285,,,
3130000,62,232,,,
3130000,63,263,,,
3130000,64,281,,,
3130000,65,298,,,
3130000,66,302,,,
3130000,67,73,,,
3130000,68,74,,,
3130000,69,131,,,
3130000,70,133,,,
3130000,71,227,,,
3130000,72,2502,,,
3130000,73,94,,,
3130000,74,282,,,
3130000,75,285,,,
3130000,76,4233,,,
3130000,77,75,,,
3130000,78,76,,,
3130000,79,77,,,
3130000,80,132,,,
3130000,81,134,,,
3130000,82,162,,,
3130000,83,231,,,
3130000,84,233,,,
3130000,85,95,,,
3130000,86,265,,,
3130000,87,283,,,
3130000,88,7882,,,
3130000,89,7898,,,
3130000,90,301,,,
3130000,91,303,,,
3130000,92,135,,,
3130000,93,228,,,
3130000,94,2503,,,
3130000,95,266,,,
3130000,96,286,,,
3130000,97,299,,,
3130000,98,5286,,,
3130000,99,7897,,,
3130001,0,176,,,
3130001,1,310,,,
3130001,2,177,,,
3130001,3,311,,,
3130001,4,100,,,
3130001,5,178,,,
3130001,6,101,,,
3130001,7,7885,,,
3130001,8,312,,,
3130001,9,314,,,
3130001,10,179,,,
3130001,11,182,,,
3130001,12,183,,,
3130001,13,185,,,
3130001,14,315,,,
3130001,15,83,,,
3130001,16,143,,,
3130001,17,144,,,
3130001,18,238,,,
3130001,19,239,,,
3130001,20,240,,,
3130001,21,241,,,
3130001,22,186,,,
3130001,23,316,,,
3130001,24,317,,,
3130001,25,90,,,
3130001,26,7886,,,
3130001,27,7890,,,
3130001,28,318,,,
3130001,29,321,,,
3130001,30,187,,,
3130001,31,188,,,
3130001,32,189,,,
3130001,33,190,,,
3130001,34,192,,,
3130001,35,193,,,
3130001,36,7887,,,
3130001,37,242,,,
3130001,38,325,,,
3130001,39,195,,,
3130001,40,84,,,
3130001,41,145,,,
3130001,42,174,,,
3130001,43,196,,,
3130001,44,201,,,
3130001,45,202,,,
3130001,46,326,,,
3130001,47,197,,,
3130001,48,198,,,
3130001,49,199,,,
3130001,50,200,,,
3130001,51,203,,,
3130001,52,7888,,,
3130001,53,7891,,,
3130001,54,204,,,
3130001,55,205,,,
3130001,56,206,,,
3130001,57,9633,,,
3130001,58,9634,,,
3130002,0,11614,,,
3130002,1,11605,,,
3130002,2,11613,,,
3130002,3,11617,,,
3130002,4,11606,,,
3130002,5,11623,,,
3130002,6,11626,,,
3130002,7,11618,,,
3130002,8,11622,,,
3130002,9,11635,,,
3130002,10,11643,,,
3130002,11,11646,,,
3130002,12,11632,,,
3130002,13,11640,,,
3130002,14,11629,,,
3130002,15,11645,,,
3130002,16,11647,,,
3130002,17,11631,,,
3130002,18,11667,,,
3130002,19,11675,,,
3130002,20,11670,,,
3130002,21,11673,,,
3130002,22,11659,,,
3130002,23,11666,,,
3130002,24,11671,,,
3130002,25,11661,,,
3130002,26,11714,,,
3130002,27,11685,,,
3130002,28,11706,,,
3130002,29,11683,,,
3130002,30,11708,,,
3130002,31,11710,,,
3130002,32,11711,,,
3130002,33,11713,,,
3130002,34,11712,,,
3130002,35,11686,,,
3130002,36,11703,,,
3130002,37,11608,,,
3130002,38,11642,,,
3130002,39,11665,,,
3130002,40,11691,,,
3130002,41,11625,,,
3130002,42,11736,,,
3130002,43,11727,,,
3130002,44,11726,,,
3130002,45,11730,,,
3130002,46,11728,,,
3130002,47,11725,,,
3130002,48,11733,,,
3130002,49,11747,,,
3130002,50,11763,,,
3130002,51,11759,,,
3130002,52,11760,,,
3130002,53,11749,,,
3130002,54,11783,,,
3130002,55,11794,,,
3130002,56,11789,,,
3130002,57,11778,,,
3130002,58,11788,,,
3130002,59,11777,,,
3130002,60,11782,,,
3130002,61,11790,,,
3130002,62,11775,,,
3130002,63,11776,,,
3130002,64,11821,,,
3130002,65,11807,,,
3130002,66,11820,,,
3130002,67,11801,,,
3130002,68,11815,,,
3130002,69,11816,,,
3130002,70,11800,,,
3130002,71,11803,,,
3130002,72,11826,,,
3130002,73,11827,,,
3130002,74,11814,,,
3130002,75,11813,,,
3130002,76,11822,,,
3130002,77,11830,,,
3130002,78,11832,,,
3130002,79,11853,,,
3130002,80,11863,,,
3130002,81,11856,,,
3130002,82,11839,,,
3130002,83,11857,,,
3130002,84,11858,,,
3130002,85,11843,,,
3130002,86,11840,,,
3130003,0,11610,,,
3130003,1,11619,,,
3130003,2,11611,,,
3130003,3,11612,,,
3130003,4,11609,,,
3130003,5,11627,,,
3130003,6,11630,,,
3130003,7,11634,,,
3130003,8,11633,,,
3130003,9,11637,,,
3130003,10,11655,,,
3130003,11,11656,,,
3130003,12,11657,,,
3130003,13,11662,,,
3130003,14,11664,,,
3130003,15,11672,,,
3130003,16,11660,,,
3130003,17,11663,,,
3130003,18,11678,,,
3130003,19,11676,,,
3130003,20,11693,,,
3130003,21,11696,,,
3130003,22,11692,,,
3130003,23,11709,,,
3130003,24,11715,,,
3130003,25,11732,,,
3130003,26,11737,,,
3130003,27,11729,,,
3130003,28,11731,,,
3130003,29,11764,,,
3130003,30,11757,,,
3130003,31,11748,,,
3130003,32,11779,,,
3130003,33,11792,,,
3130003,34,11793,,,
3130003,35,11829,,,
3130003,36,11805,,,
3130003,37,11802,,,
3130003,38,11799,,,
3130003,39,11804,,,
3130003,40,11806,,,
3130003,41,11817,,,
3130003,42,11825,,,
3130003,43,11819,,,
3130003,44,11824,,,
3130003,45,11828,,,
3130003,46,11833,,,
3130003,47,11850,,,
3130003,48,11859,,,
3130003,49,11842,,,
3130003,50,11838,,,
3130003,51,11855,,,
3130100,0,2,,,
3130100,1,218,,,
3130100,2,272,,,
3130100,3,15,,,
3130100,4,68,,,
3130100,5,219,,,
3130100,6,273,,,
3130100,7,155,,,
3130100,8,87,,,
3130100,9,16,,,
3130100,10,123,,,
3130100,11,7880,,,
3130100,12,220,,,
3130100,13,221,,,
3130100,14,274,,,
3130100,15,156,,,
3130100,16,166,,,
3130100,17,168,,,
3130100,18,291,,,
3130100,19,69,,,
3130100,20,126,,,
3130100,21,222,,,
3130100,22,275,,,
3130100,23,276,,,
3130100,24,277,,,
3130100,25,86,,,
3130100,26,292,,,
3130100,27,295,,,
3130100,28,124,,,
3130100,29,127,,,
3130100,30,130,,,
3130100,31,223,,,
3130100,32,278,,,
3130100,33,157,,,
3130100,34,293,,,
3130100,35,296,,,
3130100,36,129,,,
3130100,37,224,,,
3130100,38,1660,,,
3130100,39,279,,,
3130100,40,158,,,
3130100,41,7881,,,
3130100,42,7896,,,
3130100,43,172,,,
3130100,44,294,,,
3130100,45,88,,,
3130100,46,93,,,
3130100,47,256,,,
3130100,48,257,,,
3130100,49,258,,,
3130100,50,259,,,
3130100,51,260,,,
3130100,52,261,,,
3130100,53,70,,,
3130100,54,159,,,
3130100,55,225,,,
3130100,56,262,,,
3130100,57,280,,,
3130100,58,297,,,
3130100,59,2499,,,
3130100,60,5284,,,
3130100,61,5285,,,
3130100,62,232,,,
3130100,63,263,,,
3130100,64,281,,,
3130100,65,298,,,
3130100,66,302,,,
3130100,67,73,,,
3130100,68,74,,,
3130100,69,131,,,
3130100,70,133,,,
3130100,71,227,,,
3130100,72,2502,,,
3130100,73,94,,,
3130100,74,282,,,
3130100,75,285,,,
3130100,76,4233,,,
3130100,77,75,,,
3130100,78,76,,,
3130100,79,77,,,
3130100,80,132,,,
3130100,81,134,,,
3130100,82,162,,,
3130100,83,231,,,
3130100,84,233,,,
3130100,85,95,,,
3130100,86,265,,,
3130100,87,283,,,
3130100,88,7882,,,
3130100,89,7898,,,
3130100,90,301,,,
3130100,91,303,,,
3130100,92,135,,,
3130100,93,228,,,
3130100,94,2503,,,
3130100,95,266,,,
3130100,96,286,,,
3130100,97,299,,,
3130100,98,5286,,,
3130100,99,7897,,,
3130101,0,176,,,
3130101,1,310,,,
3130101,2,177,,,
3130101,3,311,,,
3130101,4,100,,,
3130101,5,178,,,
3130101,6,101,,,
3130101,7,7885,,,
3130101,8,312,,,
3130101,9,314,,,
3130101,10,179,,,
3130101,11,182,,,
3130101,12,183,,,
3130101,13,185,,,
3130101,14,315,,,
3130101,15,83,,,
3130101,16,143,,,
3130101,17,144,,,
3130101,18,238,,,
3130101,19,239,,,
3130101,20,240,,,
3130101,21,241,,,
3130101,22,186,,,
3130101,23,316,,,
3130101,24,317,,,
3130101,25,90,,,
3130101,26,7886,,,
3130101,27,7890,,,
3130101,28,318,,,
3130101,29,321,,,
3130101,30,187,,,
3130101,31,188,,,
3130101,32,189,,,
3130101,33,190,,,
3130101,34,192,,,
3130101,35,193,,,
3130101,36,7887,,,
3130101,37,242,,,
3130101,38,325,,,
3130101,39,195,,,
3130101,40,84,,,
3130101,41,145,,,
3130101,42,174,,,
3130101,43,196,,,
3130101,44,201,,,
3130101,45,202,,,
3130101,46,326,,,
3130101,47,197,,,
3130101,48,198,,,
3130101,49,199,,,
3130101,50,200,,,
3130101,51,203,,,
3130101,52,7888,,,
3130101,53,7891,,,
3130101,54,204,,,
3130101,55,205,,,
3130101,56,206,,,
3130101,57,9633,,,
3130101,58,9634,,,
3130102,0,11614,,,
3130102,1,11605,,,
3130102,2,11613,,,
3130102,3,11617,,,
3130102,4,11606,,,
3130102,5,11623,,,
3130102,6,11626,,,
3130102,7,11618,,,
3130102,8,11622,,,
3130102,9,11635,,,
3130102,10,11643,,,
3130102,11,11646,,,
3130102,12,11632,,,
3130102,13,11640,,,
3130102,14,11629,,,
3130102,15,11645,,,
3130102,16,11647,,,
3130102,17,11631,,,
3130102,18,11667,,,
3130102,19,11675,,,
3130102,20,11670,,,
3130102,21,11673,,,
3130102,22,11659,,,
3130102,23,11666,,,
3130102,24,11671,,,
3130102,25,11661,,,
3130102,26,11714,,,
3130102,27,11685,,,
3130102,28,11706,,,
3130102,29,11683,,,
3130102,30,11708,,,
3130102,31,11710,,,
3130102,32,11711,,,
3130102,33,11713,,,
3130102,34,11712,,,
3130102,35,11686,,,
3130102,36,11703,,,
3130102,37,11608,,,
3130102,38,11642,,,
3130102,39,11665,,,
3130102,40,11691,,,
3130102,41,11625,,,
3130102,42,11736,,,
3130102,43,11727,,,
3130102,44,11726,,,
3130102,45,11730,,,
3130102,46,11728,,,
3130102,47,11725,,,
3130102,48,11733,,,
3130102,49,11747,,,
3130102,50,11763,,,
3130102,51,11759,,,
3130102,52,11760,,,
3130102,53,11749,,,
3130102,54,11783,,,
3130102,55,11794,,,
3130102,56,11789,,,
3130102,57,11778,,,
3130102,58,11788,,,
3130102,59,11777,,,
3130102,60,11782,,,
3130102,61,11790,,,
3130102,62,11775,,,
3130102,63,11776,,,
3130102,64,11821,,,
3130102,65,11807,,,
3130102,66,11820,,,
3130102,67,11801,,,
3130102,68,11815,,,
3130102,69,11816,,,
3130102,70,11800,,,
3130102,71,11803,,,
3130102,72,11826,,,
3130102,73,11827,,,
3130102,74,11814,,,
3130102,75,11813,,,
3130102,76,11822,,,
3130102,77,11830,,,
3130102,78,11832,,,
3130102,79,11853,,,
3130102,80,11863,,,
3130102,81,11856,,,
3130102,82,11839,,,
3130102,83,11857,,,
3130102,84,11858,,,
3130102,85,11843,,,
3130102,86,11840,,,
3130103,0,11610,,,
3130103,1,11619,,,
3130103,2,11611,,,
3130103,3,11612,,,
3130103,4,11609,,,
3130103,5,11627,,,
3130103,6,11630,,,
3130103,7,11634,,,
3130103,8,11633,,,
3130103,9,11637,,,
3130103,10,11655,,,
3130103,11,11656,,,
3130103,12,11657,,,
3130103,13,11662,,,
3130103,14,11664,,,
3130103,15,11672,,,
3130103,16,11660,,,
3130103,17,11663,,,
3130103,18,11678,,,
3130103,19,11676,,,
3130103,20,11693,,,
3130103,21,11696,,,
3130103,22,11692,,,
3130103,23,11709,,,
3130103,24,11715,,,
3130103,25,11732,,,
3130103,26,11737,,,
3130103,27,11729,,,
3130103,28,11731,,,
3130103,29,11764,,,
3130103,30,11757,,,
3130103,31,11748,,,
3130103,32,11779,,,
3130103,33,11792,,,
3130103,34,11793,,,
3130103,35,11829,,,
3130103,36,11805,,,
3130103,37,11802,,,
3130103,38,11799,,,
3130103,39,11804,,,
3130103,40,11806,,,
3130103,41,11817,,,
3130103,42,11825,,,
3130103,43,11819,,,
3130103,44,11824,,,
3130103,45,11828,,,
3130103,46,11833,,,
3130103,47,11850,,,
3130103,48,11859,,,
3130103,49,11842,,,
3130103,50,11838,,,
3130103,51,11855,,,
3130200,0,412,,,
3130200,1,390,,,
3130200,2,24,,,
3130200,3,31,,,
3130200,4,25,,,
3130200,5,26,,,
3130200,6,33,,,
3130200,7,32,,,
3130200,8,27,,,
3130200,9,34,,,
3130200,10,413,,,
3130200,11,347,,,
3130200,12,391,,,
3130200,13,376,,,
3130200,14,414,,,
3130200,15,392,,,
3130200,16,348,,,
3130200,17,349,,,
3130200,18,350,,,
3130200,19,58,,,
3130200,20,59,,,
3130200,21,416,,,
3130200,22,377,,,
3130200,23,351,,,
3130200,24,378,,,
3130200,25,379,,,
3130200,26,393,,,
3130200,27,415,,,
3130200,28,394,,,
3130200,29,2378,,,
3130200,30,352,,,
3130200,31,395,,,
3130200,32,417,,,
3130200,33,2377,,,
3130200,34,353,,,
3130200,35,380,,,
3130200,36,396,,,
3130200,37,102,,,
3130200,38,625,,,
3130200,39,626,,,
3130200,40,627,,,
3130200,41,628,,,
3130200,42,629,,,
3130200,43,2493,,,
3130200,44,630,,,
3130200,45,2494,,,
3130200,46,50,,,
3130200,47,51,,,
3130200,48,604,,,
3130200,49,605,,,
3130200,50,63,,,
3130200,51,606,,,
3130200,52,2446,,,
3130200,53,2448,,,
3130200,54,2449,,,
3130200,55,61,,,
3130200,56,607,,,
3130200,57,38,,,
3130200,58,39,,,
3130200,59,40,,,
3130200,60,1123,,,
3130200,61,553,,,
3130200,62,1124,,,
3130200,63,2422,,,
3130200,64,2424,,,
3130200,65,2425,,,
3130200,66,1125,,,
3130200,67,2427,,,
3130200,68,2428,,,
3130200,69,44,,,
3130200,70,1148,,,
3130200,71,45,,,
3130200,72,46,,,
3130200,73,47,,,
3130200,74,2411,,,
3130200,75,2412,,,
3130200,76,62,,,
3130200,77,354,,,
3130200,78,381,,,
3130200,79,397,,,
3130200,80,631,,,
3130200,81,2387,,,
3130200,82,2429,,,
3130200,83,2431,,,
3130200,84,2432,,,
3130200,85,2433,,,
3130200,86,2452,,,
3130200,87,2453,,,
3130200,88,2495,,,
3130200,89,398,,,
3130200,90,418,,,
3130200,91,2455,,,
3130200,92,2496,,,
3130200,93,60,,,
3130200,94,356,,,
3130200,95,401,,,
3130200,96,632,,,
3130200,97,103,,,
3130200,98,107,,,
3130200,99,2497,,,
3130200,100,382,,,
3130200,101,419,,,
3130200,102,420,,,
3130200,103,500,,,
3130200,104,517,,,
3130200,105,1149,,,
3130200,106,2414,,,
3130200,107,2456,,,
3130200,108,2457,,,
3130200,109,2458,,,
3130200,110,608,,,
3130200,111,2460,,,
3130200,112,2461,,,
3130200,113,2462,,,
3130200,114,1126,,,
3130200,115,2434,,,
3130200,116,64,,,
3130200,117,2436,,,
3130200,118,2437,,,
3130200,119,2438,,,
3130200,120,355,,,
3130200,121,399,,,
3130200,122,400,,,
3130200,123,9577,,,
3130200,124,9578,,,
3130200,125,9583,,,
3130200,126,9584,,,
3130201,0,1104,,,
3130201,1,1101,,,
3130201,2,1105,,,
3130201,3,1102,,,
3130201,4,465,,,
3130201,5,432,,,
3130201,6,467,,,
3130201,7,434,,,
3130201,8,468,,,
3130201,9,435,,,
3130201,10,469,,,
3130201,11,436,,,
3130201,12,470,,,
3130201,13,437,,,
3130201,14,438,,,
3130201,15,102,,,
3130201,16,625,,,
3130201,17,626,,,
3130201,18,627,,,
3130201,19,628,,,
3130201,20,629,,,
3130201,21,2493,,,
3130201,22,630,,,
3130201,23,2494,,,
3130201,24,50,,,
3130201,25,51,,,
3130201,26,604,,,
3130201,27,605,,,
3130201,28,63,,,
3130201,29,606,,,
3130201,30,2447,,,
3130201,31,2450,,,
3130201,32,61,,,
3130201,33,607,,,
3130201,34,2451,,,
3130201,35,2459,,,
3130201,36,2463,,,
3130201,37,38,,,
3130201,38,39,,,
3130201,39,40,,,
3130201,40,1123,,,
3130201,41,553,,,
3130201,42,1124,,,
3130201,43,2423,,,
3130201,44,2426,,,
3130201,45,1125,,,
3130201,46,2427,,,
3130201,47,2428,,,
3130201,48,2435,,,
3130201,49,44,,,
3130201,50,1148,,,
3130201,51,45,,,
3130201,52,46,,,
3130201,53,47,,,
3130201,54,2411,,,
3130201,55,2412,,,
3130201,56,439,,,
3130201,57,471,,,
3130201,58,2430,,,
3130201,59,2454,,,
3130201,60,440,,,
3130201,61,472,,,
3130201,62,473,,,
3130201,63,441,,,
3130201,64,442,,,
3130201,65,9577,,,
3130201,66,9578,,,
3130201,67,9583,,,
3130201,68,9584,,,
3130202,0,12014,,,
3130202,1,12008,,,
3130202,2,12015,,,
3130202,3,12012,,,
3130202,4,12020,,,
3130202,5,12021,,,
3130202,6,12024,,,
3130202,7,12032,,,
3130202,8,12030,,,
3130202,9,12031,,,
3130202,10,12041,,,
3130202,11,12034,,,
3130202,12,12023,,,
3130202,13,12044,,,
3130202,14,12049,,,
3130202,15,12039,,,
3130202,16,12043,,,
3130202,17,12042,,,
3130202,18,12036,,,
3130202,19,12060,,,
3130202,20,12059,,,
3130202,21,12056,,,
3130202,22,12054,,,
3130202,23,12052,,,
3130202,24,12081,,,
3130202,25,12080,,,
3130202,26,12074,,,
3130202,27,12013,,,
3130202,28,12025,,,
3130202,29,12051,,,
3130202,30,12069,,,
3130202,31,12063,,,
3130202,32,12073,,,
3130202,33,12078,,,
3130202,34,12007,,,
3130202,35,12016,,,
3130202,36,12038,,,
3130202,37,12068,,,
3130202,38,12037,,,
3130202,39,12055,,,
3130202,40,12061,,,
3130202,41,12072,,,
3130202,42,12076,,,
3130202,43,12006,,,
3130202,44,12029,,,
3130202,45,12033,,,
3130202,46,12070,,,
3130202,47,12035,,,
3130202,48,12053,,,
3130202,49,12062,,,
3130202,50,12071,,,
3130202,51,12075,,,
3130202,52,12077,,,
3130202,53,12009,,,
3130202,54,12028,,,
3130202,55,12050,,,
3130202,56,12064,,,
3130202,57,12079,,,
3130202,58,12085,,,
3130202,59,12095,,,
3130202,60,12094,,,
3130202,61,12086,,,
3130202,62,12091,,,
3130202,63,12084,,,
3130202,64,12093,,,
3130202,65,12101,,,
3130202,66,12088,,,
3130202,67,12089,,,
3130202,68,12087,,,
3130202,69,12092,,,
3130202,70,12096,,,
3130202,71,12128,,,
3130202,72,12144,,,
3130202,73,12135,,,
3130202,74,12107,,,
3130202,75,12129,,,
3130202,76,12126,,,
3130202,77,12143,,,
3130202,78,12109,,,
3130202,79,12111,,,
3130202,80,12130,,,
3130202,81,12106,,,
3130202,82,12127,,,
3130202,83,12120,,,
3130202,84,12145,,,
3130202,85,12108,,,
3130202,86,12116,,,
3130202,87,12112,,,
3130202,88,12119,,,
3130202,89,12131,,,
3130202,90,12134,,,
3130202,91,12141,,,
3130202,92,12118,,,
3130202,93,12114,,,
3130202,94,12125,,,
3130202,95,12132,,,
3130202,96,12136,,,
3130202,97,12142,,,
3130202,98,12110,,,
3130202,99,12113,,,
3130202,100,12133,,,
3130203,0,12011,,,
3130203,1,12010,,,
3130203,2,12017,,,
3130203,3,12022,,,
3130203,4,12019,,,
3130203,5,12018,,,
3130203,6,12048,,,
3130203,7,12047,,,
3130203,8,12058,,,
3130203,9,12057,,,
3130203,10,12083,,,
3130203,11,12013,,,
3130203,12,12025,,,
3130203,13,12051,,,
3130203,14,12069,,,
3130203,15,12063,,,
3130203,16,12073,,,
3130203,17,12078,,,
3130203,18,12007,,,
3130203,19,12016,,,
3130203,20,12038,,,
3130203,21,12068,,,
3130203,22,12046,,,
3130203,23,12065,,,
3130203,24,12072,,,
3130203,25,12076,,,
3130203,26,12082,,,
3130203,27,12006,,,
3130203,28,12029,,,
3130203,29,12033,,,
3130203,30,12070,,,
3130203,31,12045,,,
3130203,32,12066,,,
3130203,33,12122,,,
3130203,34,12137,,,
3130203,35,12071,,,
3130203,36,12075,,,
3130203,37,12077,,,
3130203,38,12121,,,
3130203,39,12009,,,
3130203,40,12028,,,
3130203,41,12050,,,
3130203,42,12064,,,
3130203,43,12079,,,
3130203,44,12099,,,
3130203,45,12100,,,
3130203,46,12098,,,
3130203,47,12097,,,
3130203,48,12115,,,
3130203,49,12124,,,
3130203,50,12139,,,
3130203,51,12123,,,
3130203,52,12138,,,
3130300,0,412,,,
3130300,1,390,,,
3130300,2,24,,,
3130300,3,31,,,
3130300,4,25,,,
3130300,5,26,,,
3130300,6,33,,,
3130300,7,32,,,
3130300,8,27,,,
3130300,9,34,,,
3130300,10,413,,,
3130300,11,347,,,
3130300,12,391,,,
3130300,13,376,,,
3130300,14,414,,,
3130300,15,392,,,
3130300,16,348,,,
3130300,17,349,,,
3130300,18,350,,,
3130300,19,58,,,
3130300,20,59,,,
3130300,21,416,,,
3130300,22,377,,,
3130300,23,351,,,
3130300,24,378,,,
3130300,25,379,,,
3130300,26,393,,,
3130300,27,415,,,
3130300,28,394,,,
3130300,29,2378,,,
3130300,30,352,,,
3130300,31,395,,,
3130300,32,417,,,
3130300,33,102,,,
3130300,34,625,,,
3130300,35,626,,,
3130300,36,627,,,
3130300,37,628,,,
3130300,38,629,,,
3130300,39,50,,,
3130300,40,51,,,
3130300,41,604,,,
3130300,42,605,,,
3130300,43,63,,,
3130300,44,606,,,
3130300,45,38,,,
3130300,46,39,,,
3130300,47,40,,,
3130300,48,1123,,,
3130300,49,553,,,
3130300,50,1124,,,
3130300,51,44,,,
3130300,52,1148,,,
3130300,53,45,,,
3130300,54,46,,,
3130300,55,47,,,
3130300,56,62,,,
3130300,57,354,,,
3130300,58,381,,,
3130300,59,397,,,
3130300,60,631,,,
3130300,61,2387,,,
3130300,62,2429,,,
3130300,63,2431,,,
3130300,64,2432,,,
3130300,65,2433,,,
3130300,66,2452,,,
3130300,67,2453,,,
3130300,68,2495,,,
3130300,69,9577,,,
3130300,70,9578,,,
3130300,71,9583,,,
3130300,72,9584,,,
3130301,0,1104,,,
3130301,1,1101,,,
3130301,2,1105,,,
3130301,3,1102,,,
3130301,4,465,,,
3130301,5,432,,,
3130301,6,467,,,
3130301,7,434,,,
3130301,8,468,,,
3130301,9,435,,,
3130301,10,469,,,
3130301,11,436,,,
3130301,12,470,,,
3130301,13,437,,,
3130301,14,102,,,
3130301,15,625,,,
3130301,16,626,,,
3130301,17,627,,,
3130301,18,628,,,
3130301,19,629,,,
3130301,20,50,,,
3130301,21,51,,,
3130301,22,604,,,
3130301,23,605,,,
3130301,24,63,,,
3130301,25,606,,,
3130301,26,38,,,
3130301,27,39,,,
3130301,28,40,,,
3130301,29,1123,,,
3130301,30,553,,,
3130301,31,1124,,,
3130301,32,44,,,
3130301,33,1148,,,
3130301,34,45,,,
3130301,35,46,,,
3130301,36,47,,,
3130301,37,439,,,
3130301,38,471,,,
3130301,39,2430,,,
3130301,40,2454,,,
3130301,41,9577,,,
3130301,42,9578,,,
3130301,43,9583,,,
3130301,44,9584,,,
3130302,0,12014,,,
3130302,1,12008,,,
3130302,2,12015,,,
3130302,3,12012,,,
3130302,4,12020,,,
3130302,5,12021,,,
3130302,6,12024,,,
3130302,7,12032,,,
3130302,8,12030,,,
3130302,9,12031,,,
3130302,10,12041,,,
3130302,11,12034,,,
3130302,12,12023,,,
3130302,13,12044,,,
3130302,14,12049,,,
3130302,15,12039,,,
3130302,16,12043,,,
3130302,17,12042,,,
3130302,18,12036,,,
3130302,19,12060,,,
3130302,20,12059,,,
3130302,21,12056,,,
3130302,22,12054,,,
3130302,23,12052,,,
3130302,24,12081,,,
3130302,25,12080,,,
3130302,26,12074,,,
3130302,27,12013,,,
3130302,28,12025,,,
3130302,29,12051,,,
3130302,30,12069,,,
3130302,31,12063,,,
3130302,32,12073,,,
3130302,33,12078,,,
3130302,34,12007,,,
3130302,35,12016,,,
3130302,36,12038,,,
3130302,37,12068,,,
3130302,38,12037,,,
3130302,39,12055,,,
3130302,40,12061,,,
3130302,41,12072,,,
3130302,42,12076,,,
3130302,43,12006,,,
3130302,44,12029,,,
3130302,45,12033,,,
3130302,46,12070,,,
3130302,47,12035,,,
3130302,48,12053,,,
3130302,49,12062,,,
3130302,50,12071,,,
3130302,51,12075,,,
3130302,52,12077,,,
3130302,53,12009,,,
3130302,54,12028,,,
3130302,55,12050,,,
3130302,56,12064,,,
3130302,57,12079,,,
3130302,58,12085,,,
3130302,59,12095,,,
3130302,60,12094,,,
3130302,61,12086,,,
3130302,62,12091,,,
3130302,63,12084,,,
3130302,64,12093,,,
3130302,65,12101,,,
3130302,66,12088,,,
3130302,67,12089,,,
3130302,68,12087,,,
3130302,69,12092,,,
3130302,70,12096,,,
3130302,71,12128,,,
3130302,72,12144,,,
3130302,73,12135,,,
3130302,74,12107,,,
3130302,75,12129,,,
3130302,76,12126,,,
3130302,77,12143,,,
3130302,78,12109,,,
3130302,79,12111,,,
3130302,80,12130,,,
3130302,81,12106,,,
3130302,82,12127,,,
3130302,83,12120,,,
3130302,84,12145,,,
3130302,85,12108,,,
3130302,86,12116,,,
3130302,87,12112,,,
3130302,88,12119,,,
3130302,89,12131,,,
3130302,90,12134,,,
3130302,91,12141,,,
3130302,92,12118,,,
3130302,93,12114,,,
3130302,94,12125,,,
3130302,95,12132,,,
3130302,96,12136,,,
3130302,97,12142,,,
3130302,98,12110,,,
3130302,99,12113,,,
3130302,100,12133,,,
3130303,0,12011,,,
3130303,1,12010,,,
3130303,2,12017,,,
3130303,3,12022,,,
3130303,4,12019,,,
3130303,5,12018,,,
3130303,6,12048,,,
3130303,7,12047,,,
3130303,8,12058,,,
3130303,9,12057,,,
3130303,10,12083,,,
3130303,11,12013,,,
3130303,12,12025,,,
3130303,13,12051,,,
3130303,14,12069,,,
3130303,15,12063,,,
3130303,16,12073,,,
3130303,17,12078,,,
3130303,18,12007,,,
3130303,19,12016,,,
3130303,20,12038,,,
3130303,21,12068,,,
3130303,22,12046,,,
3130303,23,12065,,,
3130303,24,12072,,,
3130303,25,12076,,,
3130303,26,12082,,,
3130303,27,12006,,,
3130303,28,12029,,,
3130303,29,12033,,,
3130303,30,12070,,,
3130303,31,12045,,,
3130303,32,12066,,,
3130303,33,12122,,,
3130303,34,12137,,,
3130303,35,12071,,,
3130303,36,12075,,,
3130303,37,12077,,,
3130303,38,12121,,,
3130303,39,12009,,,
3130303,40,12028,,,
3130303,41,12050,,,
3130303,42,12064,,,
3130303,43,12079,,,
3130303,44,12099,,,
3130303,45,12100,,,
3130303,46,12098,,,
3130303,47,12097,,,
3130303,48,12115,,,
3130303,49,12124,,,
3130303,50,12139,,,
3130303,51,12123,,,
3130303,52,12138,,,
3130400,0,878,,,
3130400,1,890,,,
3130400,2,879,,,
3130400,3,880,,,
3130400,4,881,,,
3130400,5,851,,,
3130400,6,882,,,
3130400,7,914,,,
3130400,8,852,,,
3130400,9,883,,,
3130400,10,915,,,
3130400,11,884,,,
3130400,12,853,,,
3130400,13,916,,,
3130400,14,885,,,
3130400,15,854,,,
3130400,16,917,,,
3130400,17,886,,,
3130400,18,855,,,
3130400,19,119,,,
3130401,0,12312,,,
3130401,1,12315,,,
3130401,2,12317,,,
3130401,3,12320,,,
3130401,4,12311,,,
3130401,5,12314,,,
3130401,6,12318,,,
3130401,7,12322,,,
3130401,8,12313,,,
3130401,9,12316,,,
3130401,10,12319,,,
3130401,11,12321,,,
3130401,12,12325,,,
3130401,13,12323,,,
3130401,14,12324,,,
3130401,15,12326,,,
3130401,16,12328,,,
3130401,17,12327,,,
3130401,18,12331,,,
3130401,19,12329,,,
3130401,20,12330,,,
3130401,21,12333,,,
3130401,22,12332,,,
3130401,23,12334,,,
3130401,24,12337,,,
3130401,25,12335,,,
3130401,26,12336,,,
3130500,0,878,,,
3130500,1,890,,,
3130500,2,879,,,
3130500,3,880,,,
3130500,4,881,,,
3130500,5,851,,,
3130500,6,882,,,
3130500,7,914,,,
3130500,8,852,,,
3130500,9,883,,,
3130500,10,915,,,
3130500,11,884,,,
3130500,12,853,,,
3130500,13,916,,,
3130500,14,885,,,
3130500,15,854,,,
3130500,16,917,,,
3130500,17,886,,,
3130500,18,855,,,
3130500,19,119,,,
3130501,0,12312,,,
3130501,1,12315,,,
3130501,2,12317,,,
3130501,3,12320,,,
3130501,4,12311,,,
3130501,5,12314,,,
3130501,6,12318,,,
3130501,7,12322,,,
3130501,8,12313,,,
3130501,9,12316,,,
3130501,10,12319,,,
3130501,11,12321,,,
3130501,12,12325,,,
3130501,13,12323,,,
3130501,14,12324,,,
3130501,15,12326,,,
3130501,16,12328,,,
3130501,17,12327,,,
3130501,18,12331,,,
3130501,19,12329,,,
3130501,20,12330,,,
3130501,21,12333,,,
3130501,22,12332,,,
3130501,23,12334,,,
3130501,24,12337,,,
3130501,25,12335,,,
3130501,26,12336,,,
3130600,0,1294,,,
3130600,1,1095,,,
3130600,2,1048,,,
3130600,3,1050,,,
3130600,4,1051,,,
3130600,5,1049,,,
3130600,6,1152,,,
3130600,7,1054,,,
3130600,8,1058,,,
3130600,9,1099,,,
3130600,10,1098,,,
3130600,11,1056,,,
3130600,12,1055,,,
3130600,13,1053,,,
3130600,14,1052,,,
3130600,15,1097,,,
3130600,16,1096,,,
3130600,17,1386,,,
3130600,18,1514,,,
3130600,19,1372,,,
3130600,20,1667,,,
3130600,21,1671,,,
3130600,22,1669,,,
3130600,23,1403,,,
3130600,24,1405,,,
3130600,25,1370,,,
3130600,26,1401,,,
3130600,27,4916,,,
3130600,28,1411,,,
3130600,29,1513,,,
3130600,30,1399,,,
3130600,31,1515,,,
3130600,32,1371,,,
3130600,33,1383,,,
3130600,34,1377,,,
3130600,35,1512,,,
3130600,36,1379,,,
3130600,37,1415,,,
3130600,38,1388,,,
3130600,39,1517,,,
3130600,40,4908,,,
3130600,41,1417,,,
3130600,42,1400,,,
3130600,43,1418,,,
3130600,44,1668,,,
3130600,45,1670,,,
3130600,46,1404,,,
3130600,47,4906,,,
3130600,48,1402,,,
3130600,49,1391,,,
3130600,50,1410,,,
3130600,51,1398,,,
3130600,52,1389,,,
3130600,53,1378,,,
3130600,54,1414,,,
3130600,55,1385,,,
3130600,56,4910,,,
3130600,57,1394,,,
3130600,58,1516,,,
3130600,59,3944,,,
3130600,60,1412,,,
3130600,61,1413,,,
3130600,62,1387,,,
3130600,63,1390,,,
3130600,64,1408,,,
3130600,65,1392,,,
3130600,66,1407,,,
3130600,67,1409,,,
3130600,68,1416,,,
3130600,69,1406,,,
3130600,70,1397,,,
3130600,71,1384,,,
3130600,72,1380,,,
3130600,73,1382,,,
3130600,74,1381,,,
3130600,75,1529,,,
3130600,76,1525,,,
3130600,77,1527,,,
3130600,78,1524,,,
3130600,79,1531,,,
3130600,80,1522,,,
3130600,81,1526,,,
3130600,82,1534,,,
3130600,83,1537,,,
3130600,84,1856,,,
3130600,85,1523,,,
3130600,86,1521,,,
3130600,87,1535,,,
3130600,88,1532,,,
3130600,89,1536,,,
3130600,90,1533,,,
3130600,91,1528,,,
3130600,92,1518,,,
3130600,93,1519,,,
3130600,94,1520,,,
3130600,95,1530,,,
3130600,96,3038,,,
3130600,97,10025,,,
3130600,98,10026,,,
3130600,99,10073,,,
3130600,100,10072,,,
3130600,101,10027,,,
3130600,102,10028,,,
3130600,103,10029,,,
3130600,104,10031,,,
3130600,105,10032,,,
3130600,106,10180,,,
3130600,107,10181,,,
3130600,108,10070,,,
3130600,109,10074,,,
3130600,110,10033,,,
3130600,111,10078,,,
3130600,112,10058,,,
3130600,113,10077,,,
3130600,114,10085,,,
3130600,115,10094,,,
3130600,116,10275,,,
3130600,117,10276,,,
3130600,118,10075,,,
3130600,119,10079,,,
3130600,120,10076,,,
3130600,121,8616,,,
3130600,122,8890,,,
3130600,123,8891,,,
3130600,124,8909,,,
3130600,125,8945,,,
3130600,126,8946,,,
3130700,0,4445,,,
3130700,1,4446,,,
3130700,2,4447,,,
3130700,3,4448,,,
3130700,4,4449,,,
3130700,5,4450,,,
3130700,6,4451,,,
3130700,7,4452,,,
3130700,8,4453,,,
3130700,9,4454,,,
3130700,10,4455,,,
3130700,11,4456,,,
3130700,12,4457,,,
3130700,13,4458,,,
3130700,14,4459,,,
3130700,15,4460,,,
3130700,16,4461,,,
3130700,17,4462,,,
3130700,18,4463,,,
3130700,19,4464,,,
3130700,20,4465,,,
3130700,21,4466,,,
3130700,22,4467,,,
3130700,23,4468,,,
3130700,24,4481,,,
3130700,25,4482,,,
3130700,26,4483,,,
3130700,27,4484,,,
3130700,28,4485,,,
3130700,29,4486,,,
3130700,30,4487,,,
3130700,31,4488,,,
3130700,32,4489,,,
3130700,33,4490,,,
3130700,34,4491,,,
3130700,35,4492,,,
3130700,36,4493,,,
3130700,37,4494,,,
3130700,38,4495,,,
3130700,39,4496,,,
3130700,40,4497,,,
3130700,41,4498,,,
3130700,42,4499,,,
3130700,43,4500,,,
3130700,44,4501,,,
3130700,45,4502,,,
3130700,46,4503,,,
3130700,47,4504,,,
3130700,48,4505,,,
3130700,49,4506,,,
3130700,50,4507,,,
3130700,51,4508,,,
3130700,52,4509,,,
3130700,53,4510,,,
3130700,54,4511,,,
3130700,55,4512,,,
3130700,56,4513,,,
3130700,57,4514,,,
3130700,58,4515,,,
3130700,59,4516,,,
3130700,60,4517,,,
3130700,61,4518,,,
3130700,62,4519,,,
3130700,63,4520,,,
3130700,64,4521,,,
3130700,65,4522,,,
3130700,66,4523,,,
3130700,67,4524,,,
3130700,68,4525,,,
3130700,69,4526,,,
3130700,70,4527,,,
3130700,71,4528,,,
3130700,72,4529,,,
3130700,73,4530,,,
3130700,74,4531,,,
3130700,75,4532,,,
3130700,76,4533,,,
3130700,77,4534,,,
3130700,78,4535,,,
3130700,79,4536,,,
3130700,80,4537,,,
3130700,81,4538,,,
3130700,82,4539,,,
3130700,83,4540,,,
3130700,84,4541,,,
3130700,85,4542,,,
3130700,86,4543,,,
3130700,87,4544,,,
3130700,88,4545,,,
3130700,89,4546,,,
3130700,90,4547,,,
3130700,91,4548,,,
3130700,92,4549,,,
3130700,93,4550,,,
3130700,94,4551,,,
3130700,95,4552,,,
3130700,96,4565,,,
3130700,97,4566,,,
3130700,98,4567,,,
3130700,99,4568,,,
3130700,100,4569,,,
3130700,101,4570,,,
3130700,102,4571,,,
3130700,103,4572,,,
3130700,104,4573,,,
3130700,105,4574,,,
3130700,106,4575,,,
3130700,107,4576,,,
3130700,108,4577,,,
3130700,109,4578,,,
3130700,110,4579,,,
3130700,111,4580,,,
3130700,112,4581,,,
3130700,113,4582,,,
3130700,114,4583,,,
3130700,115,4584,,,
3130700,116,4585,,,
3130700,117,4586,,,
3130700,118,4587,,,
3130700,119,4588,,,
3130701,0,1835,,,
3130701,1,2509,,,
3130701,2,3947,,,
3130701,3,5146,,,
3130701,4,5140,,,
3130701,5,5134,,,
3130701,6,5262,,,
3130701,7,5256,,,
3130701,8,5250,,,
3130701,9,17,,,
3130701,10,1341,,,
3130701,11,1342,,,
3130701,12,1060,,,
3130701,13,1061,,,
3130701,14,1831,,,
3130701,15,1832,,,
3130701,16,1833,,,
3130701,17,1834,,,
3130701,18,734,,,
3130701,19,735,,,
3130701,20,6035,,,
3130701,21,6037,,,
3130701,22,736,,,
3130701,23,737,,,
3130701,24,1829,,,
3130701,25,1830,,,
3130701,26,3031,,,
3130701,27,1785,,,
3130701,28,5589,,,
3130701,29,1661,,,
3130701,30,5192,,,
3130701,31,5193,,,
3130701,32,5194,,,
3130701,33,5195,,,
3130701,34,2130,,,
3130701,35,2131,,,
3130701,36,2132,,,
3130701,37,9633,,,
3130701,38,9634,,,
3130701,39,8594,,,
3130701,40,8595,,,
3130701,41,8596,,,
3130701,42,8597,,,
3130701,43,8598,,,
3130701,44,8622,,,
3130701,45,8623,,,
3130701,46,8624,,,
3130701,47,8634,,,
3130701,48,8635,,,
3130701,49,8636,,,
3130701,50,8637,,,
3130701,51,8638,,,
3130701,52,8615,,,
3130701,53,8658,,,
3130701,54,8871,,,
3130701,55,8872,,,
3130701,56,4625,,,
3130701,57,4626,,,
3130701,58,4627,,,
3130701,59,4628,,,
3130900,0,2505,,,
3130900,1,3439,,,
3130900,2,3902,,,
3130900,3,3903,,,
3130900,4,3904,,,
3130900,5,3905,,,
3130900,6,3906,,,
3130900,7,2506,,,
3130900,8,3891,,,
3130900,9,3892,,,
3130900,10,3893,,,
3130900,11,3894,,,
3130900,12,3895,,,
3130900,13,3896,,,
3130900,14,2515,,,
3130900,15,3920,,,
3130900,16,3921,,,
3130900,17,3922,,,
3130900,18,3923,,,
3130900,19,5187,,,
3130900,20,5188,,,
3130900,21,5189,,,
3130900,22,5190,,,
3130900,23,5191,,,
3130900,24,3913,,,
3130900,25,3914,,,
3130900,26,3915,,,
3130900,27,3916,,,
3130900,28,5182,,,
3130900,29,5183,,,
3130900,30,5184,,,
3130900,31,5185,,,
3130900,32,5186,,,
3130900,33,4038,,,
3130900,34,5176,,,
3130900,35,5177,,,
3130900,36,5178,,,
3130900,37,5179,,,
3130900,38,5180,,,
3130900,39,5181,,,
3130900,40,5170,,,
3130900,41,5171,,,
3130900,42,5172,,,
3130900,43,5173,,,
3130900,44,5174,,,
3130900,45,5175,,,
3130900,46,5168,,,
3130900,47,6645,,,
3130900,48,6646,,,
3130900,49,6647,,,
3130900,50,7582,,,
3130900,51,8541,,,
3130900,52,9656,,,
3130900,53,9657,,,
3130900,54,9658,,,
3130900,55,9659,,,
3130900,56,9660,,,
3130900,57,9661,,,
3130900,58,9662,,,
3130900,59,9663,,,
3130900,60,9664,,,
3130900,61,9665,,,
3130900,62,9666,,,
3130900,63,9667,,,
3130900,64,9668,,,
3130900,65,10515,,,
3130900,66,10516,,,
3130900,67,10517,,,
3130900,68,10425,,,
3131800,0,3038,,,
3131900,0,3031,,,
3131900,1,1785,,,
3131900,2,5192,,,
3131900,3,5193,,,
3131900,4,5194,,,
3131900,5,5195,,,
3131900,6,2130,,,
3131900,7,2131,,,
3131900,8,2132,,,
3133800,0,1294,,,
3133800,1,1095,,,
3133800,2,1048,,,
3133800,3,1050,,,
3133800,4,1051,,,
3133800,5,1049,,,
3133800,6,1152,,,
3133800,7,1054,,,
3133800,8,1058,,,
3133800,9,1099,,,
3133800,10,1098,,,
3133800,11,1056,,,
3133800,12,1055,,,
3133800,13,1053,,,
3133800,14,1052,,,
3133800,15,1097,,,
3133800,16,1096,,,
3133800,17,1386,,,
3133800,18,1514,,,
3133800,19,1372,,,
3133800,20,1667,,,
3133800,21,1671,,,
3133800,22,1669,,,
3133800,23,1403,,,
3133800,24,1405,,,
3133800,25,1370,,,
3133800,26,1401,,,
3133800,27,4916,,,
3133800,28,1411,,,
3133800,29,1513,,,
3133800,30,1399,,,
3133800,31,1515,,,
3133800,32,1371,,,
3133800,33,1383,,,
3133800,34,1377,,,
3133800,35,1512,,,
3133800,36,1379,,,
3133800,37,1415,,,
3133800,38,1388,,,
3133800,39,1517,,,
3133800,40,4908,,,
3133800,41,1417,,,
3133800,42,1400,,,
3133800,43,1418,,,
3133800,44,1668,,,
3133800,45,1670,,,
3133800,46,1404,,,
3133800,47,4906,,,
3133800,48,1402,,,
3133800,49,1391,,,
3133800,50,1410,,,
3133800,51,1398,,,
3133800,52,1389,,,
3133800,53,1378,,,
3133800,54,1414,,,
3133800,55,1385,,,
3133800,56,4910,,,
3133800,57,1394,,,
3133800,58,1516,,,
3133800,59,3944,,,
3133800,60,1412,,,
3133800,61,1413,,,
3133800,62,1387,,,
3133800,63,1390,,,
3133800,64,1408,,,
3133800,65,1392,,,
3133800,66,1407,,,
3133800,67,1409,,,
3133800,68,1416,,,
3133800,69,1406,,,
3133800,70,1397,,,
3133800,71,1384,,,
3133800,72,1380,,,
3133800,73,1382,,,
3133800,74,1381,,,
3133800,75,10025,,,
3133800,76,10026,,,
3133800,77,10073,,,
3133800,78,10072,,,
3133800,79,10027,,,
3133800,80,10028,,,
3133800,81,10029,,,
3133800,82,10031,,,
3133800,83,10032,,,
3133800,84,10180,,,
3133800,85,10181,,,
3133800,86,10070,,,
3133800,87,10074,,,
3133800,88,10033,,,
3133800,89,10078,,,
3133800,90,10058,,,
3133800,91,10077,,,
3133800,92,10085,,,
3133800,93,10094,,,
3133800,94,10275,,,
3133800,95,10276,,,
3133800,96,10075,,,
3133800,97,10079,,,
3133800,98,10076,,,
3133900,0,1529,,,
3133900,1,1525,,,
3133900,2,1527,,,
3133900,3,1524,,,
3133900,4,1531,,,
3133900,5,1522,,,
3133900,6,1526,,,
3133900,7,1534,,,
3133900,8,1537,,,
3133900,9,1856,,,
3133900,10,1523,,,
3133900,11,1521,,,
3133900,12,1535,,,
3133900,13,1532,,,
3133900,14,1536,,,
3133900,15,1533,,,
3133900,16,1528,,,
3133900,17,1518,,,
3133900,18,1519,,,
3133900,19,1520,,,
3133900,20,1530,,,
3135100,0,7904,,,
3135100,1,8924,,,
3135100,2,8925,,,
3136600,0,6643,,,
3136600,1,6644,,,
3136600,2,734,,,
3136600,3,735,,,
3136600,4,1061,,,
3136600,5,737,,,
3138600,0,1835,,,
3138600,1,2509,,,
3138600,2,3947,,,
3138600,3,5146,,,
3138600,4,5140,,,
3138600,5,5134,,,
3138600,6,5262,,,
3138600,7,5256,,,
3138600,8,5250,,,
3138600,9,17,,,
3138600,10,1341,,,
3138600,11,1342,,,
3138600,12,1060,,,
3138600,13,1061,,,
3138600,14,1831,,,
3138600,15,1832,,,
3138600,16,1833,,,
3138600,17,1834,,,
3138600,18,734,,,
3138600,19,735,,,
3138600,20,6035,,,
3138600,21,6037,,,
3138600,22,736,,,
3138600,23,737,,,
3138600,24,1829,,,
3138600,25,3031,,,
3138600,26,1785,,,
3138600,27,5589,,,
3138600,28,1661,,,
3138600,29,5192,,,
3138600,30,5193,,,
3138600,31,5194,,,
3138600,32,2130,,,
3138600,33,9633,,,
3138600,34,9634,,,
3138600,35,8594,,,
3138600,36,8595,,,
3138600,37,8596,,,
3138600,38,8597,,,
3138600,39,8622,,,
3138600,40,8623,,,
3138600,41,8624,,,
3138600,42,8629,,,
3138600,43,8634,,,
3138600,44,8635,,,
3138600,45,8636,,,
3138600,46,8637,,,
3138600,47,8615,,,
3138600,48,10409,,,
3138600,49,4625,,,
3138600,50,4626,,,
3138600,51,4627,,,
3138600,52,4628,,,
3141300,0,1294,,,
3141300,1,1095,,,
3141300,2,1048,,,
3141300,3,1050,,,
3141300,4,1051,,,
3141300,5,1049,,,
3141300,6,1152,,,
3141300,7,1054,,,
3141300,8,1058,,,
3141300,9,1099,,,
3141300,10,1098,,,
3141300,11,1056,,,
3141300,12,1055,,,
3141300,13,1053,,,
3141300,14,1052,,,
3141300,15,1097,,,
3141300,16,1096,,,
3141300,17,1386,,,
3141300,18,1514,,,
3141300,19,1372,,,
3141300,20,1667,,,
3141300,21,1671,,,
3141300,22,1669,,,
3141300,23,1403,,,
3141300,24,1405,,,
3141300,25,1370,,,
3141300,26,1401,,,
3141300,27,4916,,,
3141300,28,1411,,,
3141300,29,1513,,,
3141300,30,1399,,,
3141300,31,1515,,,
3141300,32,1371,,,
3141300,33,1383,,,
3141300,34,1377,,,
3141300,35,3038,,,
3141300,36,10025,,,
3141300,37,10026,,,
3141300,38,10073,,,
3141300,39,10072,,,
3141300,40,10027,,,
3141300,41,10028,,,
3141400,0,1294,,,
3141400,1,1095,,,
3141400,2,1048,,,
3141400,3,1050,,,
3141400,4,1051,,,
3141400,5,1049,,,
3141400,6,1152,,,
3141400,7,1054,,,
3141400,8,1058,,,
3141400,9,1099,,,
3141400,10,1098,,,
3141400,11,1056,,,
3141400,12,1055,,,
3141400,13,1053,,,
3141400,14,1052,,,
3141400,15,1097,,,
3141400,16,1096,,,
3141400,17,1386,,,
3141400,18,1514,,,
3141400,19,1372,,,
3141400,20,1667,,,
3141400,21,1671,,,
3141400,22,1669,,,
3141400,23,1403,,,
3141400,24,1405,,,
3141400,25,1370,,,
3141400,26,1401,,,
3141400,27,4916,,,
3141400,28,1411,,,
3141400,29,1513,,,
3141400,30,1399,,,
3141400,31,1515,,,
3141400,32,1371,,,
3141400,33,1383,,,
3141400,34,1377,,,
3141400,35,3038,,,
3141400,36,10025,,,
3141400,37,10026,,,
3141400,38,10073,,,
3141400,39,10072,,,
3141400,40,10027,,,
3141400,41,10028,,,
3141500,0,1294,,,
3141500,1,1095,,,
3141500,2,1048,,,
3141500,3,1050,,,
3141500,4,1051,,,
3141500,5,1049,,,
3141500,6,1152,,,
3141500,7,1054,,,
3141500,8,1058,,,
3141500,9,1099,,,
3141500,10,1098,,,
3141500,11,1056,,,
3141500,12,1055,,,
3141500,13,1053,,,
3141500,14,1052,,,
3141500,15,1097,,,
3141500,16,1096,,,
3141500,17,1386,,,
3141500,18,1514,,,
3141500,19,1372,,,
3141500,20,1667,,,
3141500,21,1671,,,
3141500,22,1669,,,
3141500,23,1403,,,
3141500,24,1405,,,
3141500,25,1370,,,
3141500,26,1401,,,
3141500,27,4916,,,
3141500,28,1411,,,
3141500,29,1513,,,
3141500,30,1399,,,
3141500,31,1515,,,
3141500,32,1371,,,
3141500,33,1383,,,
3141500,34,1377,,,
3141500,35,3038,,,
3141500,36,10025,,,
3141500,37,10026,,,
3141500,38,10073,,,
3141500,39,10072,,,
3141500,40,10027,,,
3141500,41,10028,,,
3141600,0,1294,,,
3141600,1,1095,,,
3141600,2,1048,,,
3141600,3,1050,,,
3141600,4,1051,,,
3141600,5,1049,,,
3141600,6,1152,,,
3141600,7,1054,,,
3141600,8,1058,,,
3141600,9,1099,,,
3141600,10,1098,,,
3141600,11,1056,,,
3141600,12,1055,,,
3141600,13,1053,,,
3141600,14,1052,,,
3141600,15,1097,,,
3141600,16,1096,,,
3141600,17,1386,,,
3141600,18,1514,,,
3141600,19,1372,,,
3141600,20,1667,,,
3141600,21,1671,,,
3141600,22,1669,,,
3141600,23,1403,,,
3141600,24,1405,,,
3141600,25,1370,,,
3141600,26,1401,,,
3141600,27,4916,,,
3141600,28,1411,,,
3141600,29,1513,,,
3141600,30,1399,,,
3141600,31,1515,,,
3141600,32,1371,,,
3141600,33,1383,,,
3141600,34,1377,,,
3141600,35,1512,,,
3141600,36,1379,,,
3141600,37,1415,,,
3141600,38,1388,,,
3141600,39,1517,,,
3141600,40,4908,,,
3141600,41,1417,,,
3141600,42,1400,,,
3141600,43,1418,,,
3141600,44,1668,,,
3141600,45,1670,,,
3141600,46,1404,,,
3141600,47,4906,,,
3141600,48,1402,,,
3141600,49,1391,,,
3141600,50,1410,,,
3141600,51,1398,,,
3141600,52,1389,,,
3141600,53,1378,,,
3141600,54,1414,,,
3141600,55,1385,,,
3141600,56,4910,,,
3141600,57,1394,,,
3141600,58,1516,,,
3141600,59,10025,,,
3141600,60,10026,,,
3141600,61,10073,,,
3141600,62,10072,,,
3141600,63,10027,,,
3141600,64,10028,,,
3141600,65,10029,,,
3141600,66,10031,,,
3141600,67,10032,,,
3141600,68,10180,,,
3141600,69,10181,,,
3141600,70,10070,,,
3141600,71,10074,,,
3141600,72,10033,,,
3141600,73,10078,,,
3141600,74,10058,,,
3141600,75,10077,,,
3141600,76,10085,,,
3141600,77,10094,,,
3141600,78,10275,,,
3141700,0,1294,,,
3141700,1,1095,,,
3141700,2,1048,,,
3141700,3,1050,,,
3141700,4,1051,,,
3141700,5,1049,,,
3141700,6,1152,,,
3141700,7,1054,,,
3141700,8,1058,,,
3141700,9,1099,,,
3141700,10,1098,,,
3141700,11,1056,,,
3141700,12,1055,,,
3141700,13,1053,,,
3141700,14,1052,,,
3141700,15,1097,,,
3141700,16,1096,,,
3141700,17,1386,,,
3141700,18,1514,,,
3141700,19,1372,,,
3141700,20,1667,,,
3141700,21,1671,,,
3141700,22,1669,,,
3141700,23,1403,,,
3141700,24,1405,,,
3141700,25,1370,,,
3141700,26,1401,,,
3141700,27,4916,,,
3141700,28,1411,,,
3141700,29,1513,,,
3141700,30,1399,,,
3141700,31,1515,,,
3141700,32,1371,,,
3141700,33,1383,,,
3141700,34,1377,,,
3141700,35,1512,,,
3141700,36,1379,,,
3141700,37,1415,,,
3141700,38,1388,,,
3141700,39,1517,,,
3141700,40,4908,,,
3141700,41,1417,,,
3141700,42,1400,,,
3141700,43,1418,,,
3141700,44,1668,,,
3141700,45,1670,,,
3141700,46,1404,,,
3141700,47,4906,,,
3141700,48,1402,,,
3141700,49,1391,,,
3141700,50,1410,,,
3141700,51,1398,,,
3141700,52,1389,,,
3141700,53,1378,,,
3141700,54,1414,,,
3141700,55,1385,,,
3141700,56,4910,,,
3141700,57,1394,,,
3141700,58,1516,,,
3141700,59,10025,,,
3141700,60,10026,,,
3141700,61,10073,,,
3141700,62,10072,,,
3141700,63,10027,,,
3141700,64,10028,,,
3141700,65,10029,,,
3141700,66,10031,,,
3141700,67,10032,,,
3141700,68,10180,,,
3141700,69,10181,,,
3141700,70,10070,,,
3141700,71,10074,,,
3141700,72,10033,,,
3141700,73,10078,,,
3141700,74,10058,,,
3141700,75,10077,,,
3141700,76,10085,,,
3141700,77,10094,,,
3141700,78,10275,,,
3141800,0,1294,,,
3141800,1,1095,,,
3141800,2,1048,,,
3141800,3,1050,,,
3141800,4,1051,,,
3141800,5,1049,,,
3141800,6,1152,,,
3141800,7,1054,,,
3141800,8,1058,,,
3141800,9,1099,,,
3141800,10,1098,,,
3141800,11,1056,,,
3141800,12,1055,,,
3141800,13,1053,,,
3141800,14,1052,,,
3141800,15,1097,,,
3141800,16,1096,,,
3141800,17,1386,,,
3141800,18,1514,,,
3141800,19,1372,,,
3141800,20,1667,,,
3141800,21,1671,,,
3141800,22,1669,,,
3141800,23,1403,,,
3141800,24,1405,,,
3141800,25,1370,,,
3141800,26,1401,,,
3141800,27,4916,,,
3141800,28,1411,,,
3141800,29,1513,,,
3141800,30,1399,,,
3141800,31,1515,,,
3141800,32,1371,,,
3141800,33,1383,,,
3141800,34,1377,,,
3141800,35,1512,,,
3141800,36,1379,,,
3141800,37,1415,,,
3141800,38,1388,,,
3141800,39,1517,,,
3141800,40,4908,,,
3141800,41,1417,,,
3141800,42,1400,,,
3141800,43,1418,,,
3141800,44,1668,,,
3141800,45,1670,,,
3141800,46,1404,,,
3141800,47,4906,,,
3141800,48,1402,,,
3141800,49,1391,,,
3141800,50,1410,,,
3141800,51,1398,,,
3141800,52,1389,,,
3141800,53,1378,,,
3141800,54,1414,,,
3141800,55,1385,,,
3141800,56,4910,,,
3141800,57,1394,,,
3141800,58,1516,,,
3141800,59,10025,,,
3141800,60,10026,,,
3141800,61,10073,,,
3141800,62,10072,,,
3141800,63,10027,,,
3141800,64,10028,,,
3141800,65,10029,,,
3141800,66,10031,,,
3141800,67,10032,,,
3141800,68,10180,,,
3141800,69,10181,,,
3141800,70,10070,,,
3141800,71,10074,,,
3141800,72,10033,,,
3141800,73,10078,,,
3141800,74,10058,,,
3141800,75,10077,,,
3141800,76,10085,,,
3141800,77,10094,,,
3141800,78,10275,,,
3141900,0,1294,,,
3141900,1,1095,,,
3141900,2,1048,,,
3141900,3,1050,,,
3141900,4,1051,,,
3141900,5,1049,,,
3141900,6,1152,,,
3141900,7,1054,,,
3141900,8,1058,,,
3141900,9,1099,,,
3141900,10,1098,,,
3141900,11,1056,,,
3141900,12,1055,,,
3141900,13,1053,,,
3141900,14,1052,,,
3141900,15,1097,,,
3141900,16,1096,,,
3141900,17,1386,,,
3141900,18,1514,,,
3141900,19,1372,,,
3141900,20,1667,,,
3141900,21,1671,,,
3141900,22,1669,,,
3141900,23,1403,,,
3141900,24,1405,,,
3141900,25,1370,,,
3141900,26,1401,,,
3141900,27,4916,,,
3141900,28,1411,,,
3141900,29,1513,,,
3141900,30,1399,,,
3141900,31,1515,,,
3141900,32,1371,,,
3141900,33,1383,,,
3141900,34,1377,,,
3141900,35,1512,,,
3141900,36,1379,,,
3141900,37,1415,,,
3141900,38,1388,,,
3141900,39,1517,,,
3141900,40,4908,,,
3141900,41,1417,,,
3141900,42,1400,,,
3141900,43,1418,,,
3141900,44,1668,,,
3141900,45,1670,,,
3141900,46,1404,,,
3141900,47,4906,,,
3141900,48,1402,,,
3141900,49,1391,,,
3141900,50,1410,,,
3141900,51,1398,,,
3141900,52,1389,,,
3141900,53,1378,,,
3141900,54,1414,,,
3141900,55,1385,,,
3141900,56,4910,,,
3141900,57,1394,,,
3141900,58,1516,,,
3141900,59,3944,,,
3141900,60,1412,,,
3141900,61,1413,,,
3141900,62,1387,,,
3141900,63,1390,,,
3141900,64,1408,,,
3141900,65,1392,,,
3141900,66,1407,,,
3141900,67,1409,,,
3141900,68,1416,,,
3141900,69,1406,,,
3141900,70,1397,,,
3141900,71,1384,,,
3141900,72,1380,,,
3141900,73,1382,,,
3141900,74,1381,,,
3141900,75,10025,,,
3141900,76,10026,,,
3141900,77,10073,,,
3141900,78,10072,,,
3141900,79,10027,,,
3141900,80,10028,,,
3141900,81,10029,,,
3141900,82,10031,,,
3141900,83,10032,,,
3141900,84,10180,,,
3141900,85,10181,,,
3141900,86,10070,,,
3141900,87,10074,,,
3141900,88,10033,,,
3141900,89,10078,,,
3141900,90,10058,,,
3141900,91,10077,,,
3141900,92,10085,,,
3141900,93,10094,,,
3141900,94,10275,,,
3141900,95,10276,,,
3141900,96,10075,,,
3141900,97,10079,,,
3141900,98,10076,,,
3142000,0,1294,,,
3142000,1,1095,,,
3142000,2,1048,,,
3142000,3,1050,,,
3142000,4,1051,,,
3142000,5,1049,,,
3142000,6,1152,,,
3142000,7,1054,,,
3142000,8,1058,,,
3142000,9,1099,,,
3142000,10,1098,,,
3142000,11,1056,,,
3142000,12,1055,,,
3142000,13,1053,,,
3142000,14,1052,,,
3142000,15,1097,,,
3142000,16,1096,,,
3142000,17,1386,,,
3142000,18,1514,,,
3142000,19,1372,,,
3142000,20,1667,,,
3142000,21,1671,,,
3142000,22,1669,,,
3142000,23,1403,,,
3142000,24,1405,,,
3142000,25,1370,,,
3142000,26,1401,,,
3142000,27,4916,,,
3142000,28,1411,,,
3142000,29,1513,,,
3142000,30,1399,,,
3142000,31,1515,,,
3142000,32,1371,,,
3142000,33,1383,,,
3142000,34,1377,,,
3142000,35,1512,,,
3142000,36,1379,,,
3142000,37,1415,,,
3142000,38,1388,,,
3142000,39,1517,,,
3142000,40,4908,,,
3142000,41,1417,,,
3142000,42,1400,,,
3142000,43,1418,,,
3142000,44,1668,,,
3142000,45,1670,,,
3142000,46,1404,,,
3142000,47,4906,,,
3142000,48,1402,,,
3142000,49,1391,,,
3142000,50,1410,,,
3142000,51,1398,,,
3142000,52,1389,,,
3142000,53,1378,,,
3142000,54,1414,,,
3142000,55,1385,,,
3142000,56,4910,,,
3142000,57,1394,,,
3142000,58,1516,,,
3142000,59,3944,,,
3142000,60,1412,,,
3142000,61,1413,,,
3142000,62,1387,,,
3142000,63,1390,,,
3142000,64,1408,,,
3142000,65,1392,,,
3142000,66,1407,,,
3142000,67,1409,,,
3142000,68,1416,,,
3142000,69,1406,,,
3142000,70,1397,,,
3142000,71,1384,,,
3142000,72,1380,,,
3142000,73,1382,,,
3142000,74,1381,,,
3142000,75,10025,,,
3142000,76,10026,,,
3142000,77,10073,,,
3142000,78,10072,,,
3142000,79,10027,,,
3142000,80,10028,,,
3142000,81,10029,,,
3142000,82,10031,,,
3142000,83,10032,,,
3142000,84,10180,,,
3142000,85,10181,,,
3142000,86,10070,,,
3142000,87,10074,,,
3142000,88,10033,,,
3142000,89,10078,,,
3142000,90,10058,,,
3142000,91,10077,,,
3142000,92,10085,,,
3142000,93,10094,,,
3142000,94,10275,,,
3142000,95,10276,,,
3142000,96,10075,,,
3142000,97,10079,,,
3142000,98,10076,,,
3142100,0,1294,,,
3142100,1,1095,,,
3142100,2,1048,,,
3142100,3,1050,,,
3142100,4,1051,,,
3142100,5,1049,,,
3142100,6,1152,,,
3142100,7,1054,,,
3142100,8,1058,,,
3142100,9,1099,,,
3142100,10,1098,,,
3142100,11,1056,,,
3142100,12,1055,,,
3142100,13,1053,,,
3142100,14,1052,,,
3142100,15,1097,,,
3142100,16,1096,,,
3142100,17,1386,,,
3142100,18,1514,,,
3142100,19,1372,,,
3142100,20,1667,,,
3142100,21,1671,,,
3142100,22,1669,,,
3142100,23,1403,,,
3142100,24,1405,,,
3142100,25,1370,,,
3142100,26,1401,,,
3142100,27,4916,,,
3142100,28,1411,,,
3142100,29,1513,,,
3142100,30,1399,,,
3142100,31,1515,,,
3142100,32,1371,,,
3142100,33,1383,,,
3142100,34,1377,,,
3142100,35,1512,,,
3142100,36,1379,,,
3142100,37,1415,,,
3142100,38,1388,,,
3142100,39,1517,,,
3142100,40,4908,,,
3142100,41,1417,,,
3142100,42,1400,,,
3142100,43,1418,,,
3142100,44,1668,,,
3142100,45,1670,,,
3142100,46,1404,,,
3142100,47,4906,,,
3142100,48,1402,,,
3142100,49,1391,,,
3142100,50,1410,,,
3142100,51,1398,,,
3142100,52,1389,,,
3142100,53,1378,,,
3142100,54,1414,,,
3142100,55,1385,,,
3142100,56,4910,,,
3142100,57,1394,,,
3142100,58,1516,,,
3142100,59,3944,,,
3142100,60,1412,,,
3142100,61,1413,,,
3142100,62,1387,,,
3142100,63,1390,,,
3142100,64,1408,,,
3142100,65,1392,,,
3142100,66,1407,,,
3142100,67,1409,,,
3142100,68,1416,,,
3142100,69,1406,,,
3142100,70,1397,,,
3142100,71,1384,,,
3142100,72,1380,,,
3142100,73,1382,,,
3142100,74,1381,,,
3142100,75,10025,,,
3142100,76,10026,,,
3142100,77,10073,,,
3142100,78,10072,,,
3142100,79,10027,,,
3142100,80,10028,,,
3142100,81,10029,,,
3142100,82,10031,,,
3142100,83,10032,,,
3142100,84,10180,,,
3142100,85,10181,,,
3142100,86,10070,,,
3142100,87,10074,,,
3142100,88,10033,,,
3142100,89,10078,,,
3142100,90,10058,,,
3142100,91,10077,,,
3142100,92,10085,,,
3142100,93,10094,,,
3142100,94,10275,,,
3142100,95,10276,,,
3142100,96,10075,,,
3142100,97,10079,,,
3142100,98,10076,,,
3142200,0,1294,,,
3142200,1,1095,,,
3142200,2,1048,,,
3142200,3,1050,,,
3142200,4,1051,,,
3142200,5,1049,,,
3142200,6,1152,,,
3142200,7,1054,,,
3142200,8,1058,,,
3142200,9,1099,,,
3142200,10,1098,,,
3142200,11,1056,,,
3142200,12,1055,,,
3142200,13,1053,,,
3142200,14,1052,,,
3142200,15,1097,,,
3142200,16,1096,,,
3142200,17,1386,,,
3142200,18,1514,,,
3142200,19,1372,,,
3142200,20,1667,,,
3142200,21,1671,,,
3142200,22,1669,,,
3142200,23,1403,,,
3142200,24,1405,,,
3142200,25,1370,,,
3142200,26,1401,,,
3142200,27,4916,,,
3142200,28,1411,,,
3142200,29,1513,,,
3142200,30,1399,,,
3142200,31,1515,,,
3142200,32,1371,,,
3142200,33,1383,,,
3142200,34,1377,,,
3142200,35,1512,,,
3142200,36,1379,,,
3142200,37,1415,,,
3142200,38,1388,,,
3142200,39,1517,,,
3142200,40,4908,,,
3142200,41,1417,,,
3142200,42,1400,,,
3142200,43,1418,,,
3142200,44,1668,,,
3142200,45,1670,,,
3142200,46,1404,,,
3142200,47,4906,,,
3142200,48,1402,,,
3142200,49,1391,,,
3142200,50,1410,,,
3142200,51,1398,,,
3142200,52,1389,,,
3142200,53,1378,,,
3142200,54,1414,,,
3142200,55,1385,,,
3142200,56,4910,,,
3142200,57,1394,,,
3142200,58,1516,,,
3142200,59,10025,,,
3142200,60,10026,,,
3142200,61,10073,,,
3142200,62,10072,,,
3142200,63,10027,,,
3142200,64,10028,,,
3142200,65,10029,,,
3142200,66,10031,,,
3142200,67,10032,,,
3142200,68,10180,,,
3142200,69,10181,,,
3142200,70,10070,,,
3142200,71,10074,,,
3142200,72,10033,,,
3142200,73,10078,,,
3142200,74,10058,,,
3142200,75,10077,,,
3142200,76,10085,,,
3142200,77,10094,,,
3142200,78,10275,,,
3142300,0,1294,,,
3142300,1,1095,,,
3142300,2,1048,,,
3142300,3,1050,,,
3142300,4,1051,,,
3142300,5,1049,,,
3142300,6,1152,,,
3142300,7,1054,,,
3142300,8,1058,,,
3142300,9,1099,,,
3142300,10,1098,,,
3142300,11,1056,,,
3142300,12,1055,,,
3142300,13,1053,,,
3142300,14,1052,,,
3142300,15,1097,,,
3142300,16,1096,,,
3142300,17,1386,,,
3142300,18,1514,,,
3142300,19,1372,,,
3142300,20,1667,,,
3142300,21,1671,,,
3142300,22,1669,,,
3142300,23,1403,,,
3142300,24,1405,,,
3142300,25,1370,,,
3142300,26,1401,,,
3142300,27,4916,,,
3142300,28,1411,,,
3142300,29,1513,,,
3142300,30,1399,,,
3142300,31,1515,,,
3142300,32,1371,,,
3142300,33,1383,,,
3142300,34,1377,,,
3142300,35,1512,,,
3142300,36,1379,,,
3142300,37,1415,,,
3142300,38,1388,,,
3142300,39,1517,,,
3142300,40,4908,,,
3142300,41,1417,,,
3142300,42,1400,,,
3142300,43,1418,,,
3142300,44,1668,,,
3142300,45,1670,,,
3142300,46,1404,,,
3142300,47,4906,,,
3142300,48,1402,,,
3142300,49,1391,,,
3142300,50,1410,,,
3142300,51,1398,,,
3142300,52,1389,,,
3142300,53,1378,,,
3142300,54,1414,,,
3142300,55,1385,,,
3142300,56,4910,,,
3142300,57,1394,,,
3142300,58,1516,,,
3142300,59,10025,,,
3142300,60,10026,,,
3142300,61,10073,,,
3142300,62,10072,,,
3142300,63,10027,,,
3142300,64,10028,,,
3142300,65,10029,,,
3142300,66,10031,,,
3142300,67,10032,,,
3142300,68,10180,,,
3142300,69,10181,,,
3142300,70,10070,,,
3142300,71,10074,,,
3142300,72,10033,,,
3142300,73,10078,,,
3142300,74,10058,,,
3142300,75,10077,,,
3142300,76,10085,,,
3142300,77,10094,,,
3142300,78,10275,,,
3142400,0,1529,,,
3142400,1,1525,,,
3142400,2,1527,,,
3142400,3,1524,,,
3142400,4,1531,,,
3142400,5,1522,,,
3142400,6,1526,,,
3142400,7,1534,,,
3142400,8,1537,,,
3142400,9,1856,,,
3142400,10,1523,,,
3142400,11,1521,,,
3142400,12,1535,,,
3142500,0,1529,,,
3142500,1,1525,,,
3142500,2,1527,,,
3142500,3,1524,,,
3142500,4,1531,,,
3142500,5,1522,,,
3142500,6,1526,,,
3142500,7,1534,,,
3142500,8,1537,,,
3142500,9,1856,,,
3142500,10,1523,,,
3142500,11,1521,,,
3142500,12,1535,,,
3142500,13,1532,,,
3142500,14,1536,,,
3142500,15,1533,,,
3142500,16,1528,,,
3142500,17,1518,,,
3142500,18,1519,,,
3142600,0,1529,,,
3142600,1,1525,,,
3142600,2,1527,,,
3142600,3,1524,,,
3142600,4,1531,,,
3142600,5,1522,,,
3142600,6,1526,,,
3142600,7,1534,,,
3142600,8,1537,,,
3142600,9,1856,,,
3142600,10,1523,,,
3142600,11,1521,,,
3142600,12,1535,,,
3142600,13,1532,,,
3142600,14,1536,,,
3142600,15,1533,,,
3142600,16,1528,,,
3142600,17,1518,,,
3142600,18,1519,,,
3142700,0,1529,,,
3142700,1,1525,,,
3142700,2,1527,,,
3142700,3,1524,,,
3142700,4,1531,,,
3142700,5,1522,,,
3142700,6,1526,,,
3142700,7,1534,,,
3142700,8,1537,,,
3142700,9,1856,,,
3142700,10,1523,,,
3142700,11,1521,,,
3142700,12,1535,,,
3142700,13,1532,,,
3142700,14,1536,,,
3142700,15,1533,,,
3142700,16,1528,,,
3142700,17,1518,,,
3142700,18,1519,,,
3142800,0,1529,,,
3142800,1,1525,,,
3142800,2,1527,,,
3142800,3,1524,,,
3142800,4,1531,,,
3142800,5,1522,,,
3142800,6,1526,,,
3142800,7,1534,,,
3142800,8,1537,,,
3142800,9,1856,,,
3142800,10,1523,,,
3142800,11,1521,,,
3142800,12,1535,,,
3142800,13,1532,,,
3142800,14,1536,,,
3142800,15,1533,,,
3142800,16,1528,,,
3142800,17,1518,,,
3142800,18,1519,,,
3142800,19,1520,,,
3142800,20,1530,,,
3142900,0,1529,,,
3142900,1,1525,,,
3142900,2,1527,,,
3142900,3,1524,,,
3142900,4,1531,,,
3142900,5,1522,,,
3142900,6,1526,,,
3142900,7,1534,,,
3142900,8,1537,,,
3142900,9,1856,,,
3142900,10,1523,,,
3142900,11,1521,,,
3142900,12,1535,,,
3142900,13,1532,,,
3142900,14,1536,,,
3142900,15,1533,,,
3142900,16,1528,,,
3142900,17,1518,,,
3142900,18,1519,,,
3142900,19,1520,,,
3142900,20,1530,,,
3143000,0,1529,,,
3143000,1,1525,,,
3143000,2,1527,,,
3143000,3,1524,,,
3143000,4,1531,,,
3143000,5,1522,,,
3143000,6,1526,,,
3143000,7,1534,,,
3143000,8,1537,,,
3143000,9,1856,,,
3143000,10,1523,,,
3143000,11,1521,,,
3143000,12,1535,,,
3143000,13,1532,,,
3143000,14,1536,,,
3143000,15,1533,,,
3143000,16,1528,,,
3143000,17,1518,,,
3143000,18,1519,,,
3143100,0,1529,,,
3143100,1,1525,,,
3143100,2,1527,,,
3143100,3,1524,,,
3143100,4,1531,,,
3143100,5,1522,,,
3143100,6,1526,,,
3143100,7,1534,,,
3143100,8,1537,,,
3143100,9,1856,,,
3143100,10,1523,,,
3143100,11,1521,,,
3143100,12,1535,,,
3143100,13,1532,,,
3143100,14,1536,,,
3143100,15,1533,,,
3143100,16,1528,,,
3143100,17,1518,,,
3143100,18,1519,,,
3143200,0,3038,,,
3143300,0,3038,,,
3143400,0,3038,,,
3143500,0,3038,,,
3143600,0,3038,,,
3143700,0,3038,,,
3143800,0,3038,,,
3143900,0,3031,,,
3143900,1,1785,,,
3143900,2,5192,,,
3143900,3,5193,,,
3143900,4,5194,,,
3143900,5,2130,,,
3144000,0,3031,,,
3144000,1,1785,,,
3144000,2,5192,,,
3144000,3,5193,,,
3144000,4,5194,,,
3144000,5,2130,,,
3144100,0,3031,,,
3144100,1,1785,,,
3144100,2,5192,,,
3144100,3,5193,,,
3144100,4,5194,,,
3144100,5,2130,,,
3144200,0,3031,,,
3144200,1,1785,,,
3144200,2,5192,,,
3144200,3,5193,,,
3144200,4,5194,,,
3144200,5,5195,,,
3144200,6,2130,,,
3144200,7,2131,,,
3144200,8,2132,,,
3144300,0,3031,,,
3144300,1,1785,,,
3144300,2,5192,,,
3144300,3,5193,,,
3144300,4,5194,,,
3144300,5,5195,,,
3144300,6,2130,,,
3144300,7,2131,,,
3144300,8,2132,,,
3144400,0,3031,,,
3144400,1,1785,,,
3144400,2,5192,,,
3144400,3,5193,,,
3144400,4,5194,,,
3144400,5,2130,,,
3144500,0,3031,,,
3144500,1,1785,,,
3144500,2,5192,,,
3144500,3,5193,,,
3144500,4,5194,,,
3144500,5,2130,,,
3156200,0,7807,,,
3156200,1,7808,,,
3156200,2,7809,,,
3156200,3,6520,,,
3156200,4,6523,,,
3156200,5,6526,,,
3156200,6,8506,,,
3156200,7,8509,,,
3156200,8,8512,,,
3156200,9,8484,,,
3156200,10,8485,,,
3156200,11,8486,,,
3156200,12,6529,,,
3156200,13,6530,,,
3156200,14,6531,,,
3156200,15,6532,,,
3156200,16,6533,,,
3156200,17,6534,,,
3156200,18,7561,,,
3156200,19,8193,,,
3156200,20,8194,,,
3156200,21,8195,,,
3156200,22,8196,,,
3156200,23,8197,,,
3156200,24,8198,,,
3156200,25,8199,,,
3156200,26,8200,,,
3156200,27,8202,,,
3156300,0,7807,,,
3156300,1,7808,,,
3156300,2,7809,,,
3156300,3,6520,,,
3156300,4,6523,,,
3156300,5,6526,,,
3156300,6,8506,,,
3156300,7,8509,,,
3156300,8,8512,,,
3156300,9,8484,,,
3156300,10,8485,,,
3156300,11,8486,,,
3156300,12,6529,,,
3156300,13,6530,,,
3156300,14,6531,,,
3156300,15,6532,,,
3156300,16,6533,,,
3156300,17,6534,,,
3156300,18,7561,,,
3156300,19,8193,,,
3156300,20,8194,,,
3156300,21,8195,,,
3156300,22,8196,,,
3156300,23,8197,,,
3156300,24,8198,,,
3156300,25,8199,,,
3156300,26,8200,,,
3156300,27,8202,,,
3156400,0,7807,,,
3156400,1,7808,,,
3156400,2,7809,,,
3156400,3,6520,,,
3156400,4,6523,,,
3156400,5,6526,,,
3156400,6,8506,,,
3156400,7,8509,,,
3156400,8,8512,,,
3156400,9,8484,,,
3156400,10,8485,,,
3156400,11,8486,,,
3156400,12,6529,,,
3156400,13,6530,,,
3156400,14,6531,,,
3156400,15,6532,,,
3156400,16,6533,,,
3156400,17,6534,,,
3156400,18,7561,,,
3156400,19,8193,,,
3156400,20,8194,,,
3156400,21,8195,,,
3156400,22,8196,,,
3156400,23,8197,,,
3156400,24,8198,,,
3156400,25,8199,,,
3156400,26,8200,,,
3156400,27,8202,,,
3156500,0,7807,,,
3156500,1,7808,,,
3156500,2,7809,,,
3156500,3,6520,,,
3156500,4,6523,,,
3156500,5,6526,,,
3156500,6,8506,,,
3156500,7,8509,,,
3156500,8,8512,,,
3156500,9,8484,,,
3156500,10,8485,,,
3156500,11,8486,,,
3156500,12,6529,,,
3156500,13,6530,,,
3156500,14,6531,,,
3156500,15,6532,,,
3156500,16,6533,,,
3156500,17,6534,,,
3156500,18,7561,,,
3156500,19,8193,,,
3156500,20,8194,,,
3156500,21,8195,,,
3156500,22,8196,,,
3156500,23,8197,,,
3156500,24,8198,,,
3156500,25,8199,,,
3156500,26,8200,,,
3156500,27,8202,,,
3156600,0,7807,,,
3156600,1,7808,,,
3156600,2,7809,,,
3156600,3,6520,,,
3156600,4,6523,,,
3156600,5,6526,,,
3156600,6,8506,,,
3156600,7,8509,,,
3156600,8,8512,,,
3156600,9,8484,,,
3156600,10,8485,,,
3156600,11,8486,,,
3156600,12,6529,,,
3156600,13,6530,,,
3156600,14,6531,,,
3156600,15,6532,,,
3156600,16,6533,,,
3156600,17,6534,,,
3156600,18,7561,,,
3156600,19,8193,,,
3156600,20,8194,,,
3156600,21,8195,,,
3156600,22,8196,,,
3156600,23,8197,,,
3156600,24,8198,,,
3156600,25,8199,,,
3156600,26,8200,,,
3156600,27,8202,,,
3156700,0,7807,,,
3156700,1,7808,,,
3156700,2,7809,,,
3156700,3,6520,,,
3156700,4,6523,,,
3156700,5,6526,,,
3156700,6,8506,,,
3156700,7,8509,,,
3156700,8,8512,,,
3156700,9,8484,,,
3156700,10,8485,,,
3156700,11,8486,,,
3156700,12,6529,,,
3156700,13,6530,,,
3156700,14,6531,,,
3156700,15,6532,,,
3156700,16,6533,,,
3156700,17,6534,,,
3156700,18,7561,,,
3156700,19,8193,,,
3156700,20,8194,,,
3156700,21,8195,,,
3156700,22,8196,,,
3156700,23,8197,,,
3156700,24,8198,,,
3156700,25,8199,,,
3156700,26,8200,,,
3156700,27,8202,,,
3156800,0,7807,,,
3156800,1,7808,,,
3156800,2,7809,,,
3156800,3,6520,,,
3156800,4,6523,,,
3156800,5,6526,,,
3156800,6,8506,,,
3156800,7,8509,,,
3156800,8,8512,,,
3156800,9,8484,,,
3156800,10,8485,,,
3156800,11,8486,,,
3156800,12,6529,,,
3156800,13,6530,,,
3156800,14,6531,,,
3156800,15,6532,,,
3156800,16,6533,,,
3156800,17,6534,,,
3156800,18,7561,,,
3156800,19,8193,,,
3156800,20,8194,,,
3156800,21,8195,,,
3156800,22,8196,,,
3156800,23,8197,,,
3156800,24,8198,,,
3156800,25,8199,,,
3156800,26,8200,,,
3156800,27,8202,,,
3156900,0,7807,,,
3156900,1,7808,,,
3156900,2,7809,,,
3156900,3,6520,,,
3156900,4,6523,,,
3156900,5,6526,,,
3156900,6,8506,,,
3156900,7,8509,,,
3156900,8,8512,,,
3156900,9,8484,,,
3156900,10,8485,,,
3156900,11,8486,,,
3156900,12,6529,,,
3156900,13,6530,,,
3156900,14,6531,,,
3156900,15,6532,,,
3156900,16,6533,,,
3156900,17,6534,,,
3156900,18,7561,,,
3156900,19,8193,,,
3156900,20,8194,,,
3156900,21,8195,,,
3156900,22,8196,,,
3156900,23,8197,,,
3156900,24,8198,,,
3156900,25,8199,,,
3156900,26,8200,,,
3156900,27,8202,,,
3157000,0,7807,,,
3157000,1,7808,,,
3157000,2,7809,,,
3157000,3,6520,,,
3157000,4,6523,,,
3157000,5,6526,,,
3157000,6,8506,,,
3157000,7,8509,,,
3157000,8,8512,,,
3157000,9,8484,,,
3157000,10,8485,,,
3157000,11,8486,,,
3157000,12,6529,,,
3157000,13,6530,,,
3157000,14,6531,,,
3157000,15,6532,,,
3157000,16,6533,,,
3157000,17,6534,,,
3157000,18,7561,,,
3157000,19,8193,,,
3157000,20,8194,,,
3157000,21,8195,,,
3157000,22,8196,,,
3157000,23,8197,,,
3157000,24,8198,,,
3157000,25,8199,,,
3157000,26,8200,,,
3157000,27,8202,,,
3157100,0,7807,,,
3157100,1,7808,,,
3157100,2,7809,,,
3157100,3,6520,,,
3157100,4,6523,,,
3157100,5,6526,,,
3157100,6,8506,,,
3157100,7,8509,,,
3157100,8,8512,,,
3157100,9,8484,,,
3157100,10,8485,,,
3157100,11,8486,,,
3157100,12,6529,,,
3157100,13,6530,,,
3157100,14,6531,,,
3157100,15,6532,,,
3157100,16,6533,,,
3157100,17,6534,,,
3157100,18,7561,,,
3157100,19,8193,,,
3157100,20,8194,,,
3157100,21,8195,,,
3157100,22,8196,,,
3157100,23,8197,,,
3157100,24,8198,,,
3157100,25,8199,,,
3157100,26,8200,,,
3157100,27,8202,,,
3157200,0,7807,,,
3157200,1,7808,,,
3157200,2,7809,,,
3157200,3,6520,,,
3157200,4,6523,,,
3157200,5,6526,,,
3157200,6,8506,,,
3157200,7,8509,,,
3157200,8,8512,,,
3157200,9,8484,,,
3157200,10,8485,,,
3157200,11,8486,,,
3157200,12,6529,,,
3157200,13,6530,,,
3157200,14,6531,,,
3157200,15,6532,,,
3157200,16,6533,,,
3157200,17,6534,,,
3157200,18,7561,,,
3157200,19,8193,,,
3157200,20,8194,,,
3157200,21,8195,,,
3157200,22,8196,,,
3157200,23,8197,,,
3157200,24,8198,,,
3157200,25,8199,,,
3157200,26,8200,,,
3157200,27,8202,,,
3157300,0,7807,,,
3157300,1,7808,,,
3157300,2,7809,,,
3157300,3,6520,,,
3157300,4,6523,,,
3157300,5,6526,,,
3157300,6,8506,,,
3157300,7,8509,,,
3157300,8,8512,,,
3157300,9,8484,,,
3157300,10,8485,,,
3157300,11,8486,,,
3157300,12,6529,,,
3157300,13,6530,,,
3157300,14,6531,,,
3157300,15,6532,,,
3157300,16,6533,,,
3157300,17,6534,,,
3157300,18,7561,,,
3157300,19,8193,,,
3157300,20,8194,,,
3157300,21,8195,,,
3157300,22,8196,,,
3157300,23,8197,,,
3157300,24,8198,,,
3157300,25,8199,,,
3157300,26,8200,,,
3157300,27,8202,,,
3157400,0,7807,,,
3157400,1,7808,,,
3157400,2,7809,,,
3157400,3,6520,,,
3157400,4,6523,,,
3157400,5,6526,,,
3157400,6,8506,,,
3157400,7,8509,,,
3157400,8,8512,,,
3157400,9,8484,,,
3157400,10,8485,,,
3157400,11,8486,,,
3157400,12,6529,,,
3157400,13,6530,,,
3157400,14,6531,,,
3157400,15,6532,,,
3157400,16,6533,,,
3157400,17,6534,,,
3157400,18,7561,,,
3157400,19,8193,,,
3157400,20,8194,,,
3157400,21,8195,,,
3157400,22,8196,,,
3157400,23,8197,,,
3157400,24,8198,,,
3157400,25,8199,,,
3157400,26,8200,,,
3157400,27,8202,,,
3157500,0,7807,,,
3157500,1,7808,,,
3157500,2,7809,,,
3157500,3,6520,,,
3157500,4,6523,,,
3157500,5,6526,,,
3157500,6,8506,,,
3157500,7,8509,,,
3157500,8,8512,,,
3157500,9,8484,,,
3157500,10,8485,,,
3157500,11,8486,,,
3157500,12,6529,,,
3157500,13,6530,,,
3157500,14,6531,,,
3157500,15,6532,,,
3157500,16,6533,,,
3157500,17,6534,,,
3157500,18,7561,,,
3157500,19,8193,,,
3157500,20,8194,,,
3157500,21,8195,,,
3157500,22,8196,,,
3157500,23,8197,,,
3157500,24,8198,,,
3157500,25,8199,,,
3157500,26,8200,,,
3157500,27,8202,,,
3157600,0,7807,,,
3157600,1,7808,,,
3157600,2,7809,,,
3157600,3,6520,,,
3157600,4,6523,,,
3157600,5,6526,,,
3157600,6,8506,,,
3157600,7,8509,,,
3157600,8,8512,,,
3157600,9,8484,,,
3157600,10,8485,,,
3157600,11,8486,,,
3157600,12,6529,,,
3157600,13,6530,,,
3157600,14,6531,,,
3157600,15,6532,,,
3157600,16,6533,,,
3157600,17,6534,,,
3157600,18,7561,,,
3157600,19,8193,,,
3157600,20,8194,,,
3157600,21,8195,,,
3157600,22,8196,,,
3157600,23,8197,,,
3157600,24,8198,,,
3157600,25,8199,,,
3157600,26,8200,,,
3157600,27,8202,,,
3157700,0,7807,,,
3157700,1,7808,,,
3157700,2,7809,,,
3157700,3,6520,,,
3157700,4,6523,,,
3157700,5,6526,,,
3157700,6,8506,,,
3157700,7,8509,,,
3157700,8,8512,,,
3157700,9,8484,,,
3157700,10,8485,,,
3157700,11,8486,,,
3157700,12,6529,,,
3157700,13,6530,,,
3157700,14,6531,,,
3157700,15,6532,,,
3157700,16,6533,,,
3157700,17,6534,,,
3157700,18,7561,,,
3157700,19,8193,,,
3157700,20,8194,,,
3157700,21,8195,,,
3157700,22,8196,,,
3157700,23,8197,,,
3157700,24,8198,,,
3157700,25,8199,,,
3157700,26,8200,,,
3157700,27,8202,,,
3157800,0,7807,,,
3157800,1,7808,,,
3157800,2,7809,,,
3157800,3,6520,,,
3157800,4,6523,,,
3157800,5,6526,,,
3157800,6,8506,,,
3157800,7,8509,,,
3157800,8,8512,,,
3157800,9,8484,,,
3157800,10,8485,,,
3157800,11,8486,,,
3157800,12,6529,,,
3157800,13,6530,,,
3157800,14,6531,,,
3157800,15,6532,,,
3157800,16,6533,,,
3157800,17,6534,,,
3157800,18,7561,,,
3157800,19,8193,,,
3157800,20,8194,,,
3157800,21,8195,,,
3157800,22,8196,,,
3157800,23,8197,,,
3157800,24,8198,,,
3157800,25,8199,,,
3157800,26,8200,,,
3157800,27,8202,,,
3157900,0,7807,,,
3157900,1,7808,,,
3157900,2,7809,,,
3157900,3,6520,,,
3157900,4,6523,,,
3157900,5,6526,,,
3157900,6,8506,,,
3157900,7,8509,,,
3157900,8,8512,,,
3157900,9,8484,,,
3157900,10,8485,,,
3157900,11,8486,,,
3157900,12,6529,,,
3157900,13,6530,,,
3157900,14,6531,,,
3157900,15,6532,,,
3157900,16,6533,,,
3157900,17,6534,,,
3157900,18,7561,,,
3157900,19,8548,,,
3157900,20,8193,,,
3157900,21,8194,,,
3157900,22,8195,,,
3157900,23,8196,,,
3157900,24,8197,,,
3157900,25,8198,,,
3157900,26,8199,,,
3157900,27,8200,,,
3157900,28,8202,,,
3166600,0,1294,,,
3166600,1,1095,,,
3166600,2,1048,,,
3166600,3,1050,,,
3166600,4,1051,,,
3166600,5,1049,,,
3166600,6,1152,,,
3166600,7,1054,,,
3166600,8,1058,,,
3166600,9,1099,,,
3166600,10,1098,,,
3166600,11,1056,,,
3166600,12,1055,,,
3166600,13,1053,,,
3166600,14,1052,,,
3166600,15,1097,,,
3166600,16,1096,,,
3166600,17,1386,,,
3166600,18,1514,,,
3166600,19,1372,,,
3166600,20,1667,,,
3166600,21,1671,,,
3166600,22,1669,,,
3166600,23,1403,,,
3166600,24,1405,,,
3166600,25,1370,,,
3166600,26,1401,,,
3166600,27,4916,,,
3166600,28,1411,,,
3166600,29,1513,,,
3166600,30,1399,,,
3166600,31,1515,,,
3166600,32,1371,,,
3166600,33,1383,,,
3166600,34,1377,,,
3166600,35,1512,,,
3166600,36,1379,,,
3166600,37,1415,,,
3166600,38,1388,,,
3166600,39,1517,,,
3166600,40,4908,,,
3166600,41,1417,,,
3166600,42,1400,,,
3166600,43,1418,,,
3166600,44,1668,,,
3166600,45,1670,,,
3166600,46,1404,,,
3166600,47,4906,,,
3166600,48,1402,,,
3166600,49,1391,,,
3166600,50,1410,,,
3166600,51,1398,,,
3166600,52,1389,,,
3166600,53,1378,,,
3166600,54,1414,,,
3166600,55,1385,,,
3166600,56,4910,,,
3166600,57,1394,,,
3166600,58,1516,,,
3166600,59,10025,,,
3166600,60,10026,,,
3166600,61,10073,,,
3166600,62,10072,,,
3166600,63,10027,,,
3166600,64,10028,,,
3166600,65,10029,,,
3166600,66,10031,,,
3166600,67,10032,,,
3166600,68,10180,,,
3166600,69,10181,,,
3166600,70,10070,,,
3166600,71,10074,,,
3166600,72,10033,,,
3166600,73,10078,,,
3166600,74,10058,,,
3166600,75,10077,,,
3166600,76,10085,,,
3166600,77,10094,,,
3166600,78,10275,,,
3166700,0,1529,,,
3166700,1,1525,,,
3166700,2,1527,,,
3166700,3,1524,,,
3166700,4,1531,,,
3166700,5,1522,,,
3166700,6,1526,,,
3166700,7,1534,,,
3166700,8,1537,,,
3166700,9,1856,,,
3166700,10,1523,,,
3166700,11,1521,,,
3166700,12,1535,,,
3166700,13,1532,,,
3166700,14,1536,,,
3166700,15,1533,,,
3166700,16,1528,,,
3166700,17,1518,,,
3166700,18,1519,,,
3166800,0,3038,,,
3166900,0,3031,,,
3166900,1,1785,,,
3166900,2,5192,,,
3166900,3,5193,,,
3166900,4,5194,,,
3166900,5,2130,,,
3167000,0,1294,,,
3167000,1,1095,,,
3167000,2,1048,,,
3167000,3,1050,,,
3167000,4,1051,,,
3167000,5,1049,,,
3167000,6,1152,,,
3167000,7,1054,,,
3167000,8,1058,,,
3167000,9,1099,,,
3167000,10,1098,,,
3167000,11,1056,,,
3167000,12,1055,,,
3167000,13,1053,,,
3167000,14,1052,,,
3167000,15,1097,,,
3167000,16,1096,,,
3167000,17,1386,,,
3167000,18,1514,,,
3167000,19,1372,,,
3167000,20,1667,,,
3167000,21,1671,,,
3167000,22,1669,,,
3167000,23,1403,,,
3167000,24,1405,,,
3167000,25,1370,,,
3167000,26,1401,,,
3167000,27,4916,,,
3167000,28,1411,,,
3167000,29,1513,,,
3167000,30,1399,,,
3167000,31,1515,,,
3167000,32,1371,,,
3167000,33,1383,,,
3167000,34,1377,,,
3167000,35,1512,,,
3167000,36,1379,,,
3167000,37,1415,,,
3167000,38,1388,,,
3167000,39,1517,,,
3167000,40,4908,,,
3167000,41,1417,,,
3167000,42,1400,,,
3167000,43,1418,,,
3167000,44,1668,,,
3167000,45,1670,,,
3167000,46,1404,,,
3167000,47,4906,,,
3167000,48,1402,,,
3167000,49,1391,,,
3167000,50,1410,,,
3167000,51,1398,,,
3167000,52,1389,,,
3167000,53,1378,,,
3167000,54,1414,,,
3167000,55,1385,,,
3167000,56,4910,,,
3167000,57,1394,,,
3167000,58,1516,,,
3167000,59,10025,,,
3167000,60,10026,,,
3167000,61,10073,,,
3167000,62,10072,,,
3167000,63,10027,,,
3167000,64,10028,,,
3167000,65,10029,,,
3167000,66,10031,,,
3167000,67,10032,,,
3167000,68,10180,,,
3167000,69,10181,,,
3167000,70,10070,,,
3167000,71,10074,,,
3167000,72,10033,,,
3167000,73,10078,,,
3167000,74,10058,,,
3167000,75,10077,,,
3167000,76,10085,,,
3167000,77,10094,,,
3167000,78,10275,,,
3169600,0,7807,,,
3169600,1,7808,,,
3169600,2,7809,,,
3169600,3,6520,,,
3169600,4,6523,,,
3169600,5,6526,,,
3169600,6,8506,,,
3169600,7,8509,,,
3169600,8,8512,,,
3169600,9,8484,,,
3169600,10,8485,,,
3169600,11,8486,,,
3169600,12,6529,,,
3169600,13,6530,,,
3169600,14,6531,,,
3169600,15,6532,,,
3169600,16,6533,,,
3169600,17,6534,,,
3169600,18,7561,,,
3169600,19,8193,,,
3169600,20,8194,,,
3169600,21,8195,,,
3169600,22,8196,,,
3169600,23,8197,,,
3169600,24,8198,,,
3169600,25,8199,,,
3169600,26,8200,,,
3169600,27,8202,,,
3169700,0,7807,,,
3169700,1,7808,,,
3169700,2,7809,,,
3169700,3,6520,,,
3169700,4,6523,,,
3169700,5,6526,,,
3169700,6,8506,,,
3169700,7,8509,,,
3169700,8,8512,,,
3169700,9,8484,,,
3169700,10,8485,,,
3169700,11,8486,,,
3169700,12,6529,,,
3169700,13,6530,,,
3169700,14,6531,,,
3169700,15,6532,,,
3169700,16,6533,,,
3169700,17,6534,,,
3169700,18,7561,,,
3169700,19,8193,,,
3169700,20,8194,,,
3169700,21,8195,,,
3169700,22,8196,,,
3169700,23,8197,,,
3169700,24,8198,,,
3169700,25,8199,,,
3169700,26,8200,,,
3169700,27,8202,,,
3194500,0,2,,,
3194500,1,218,,,
3194500,2,272,,,
3194500,3,15,,,
3194500,4,68,,,
3194500,5,219,,,
3194500,6,273,,,
3194500,7,155,,,
3194500,8,88,,,
3194500,9,87,,,
3194500,10,16,,,
3194500,11,123,,,
3194500,12,7880,,,
3194500,13,220,,,
3194500,14,221,,,
3194500,15,274,,,
3194500,16,156,,,
3194500,17,166,,,
3194500,18,168,,,
3194500,19,291,,,
3194500,20,69,,,
3194500,21,126,,,
3194500,22,222,,,
3194500,23,275,,,
3194500,24,276,,,
3194500,25,277,,,
3194500,26,86,,,
3194500,27,292,,,
3194500,28,295,,,
3194500,29,124,,,
3194500,30,127,,,
3194500,31,130,,,
3194500,32,223,,,
3194500,33,278,,,
3194500,34,157,,,
3194500,35,293,,,
3194500,36,296,,,
3194500,37,129,,,
3194500,38,224,,,
3194500,39,1660,,,
3194500,40,279,,,
3194500,41,158,,,
3194500,42,7881,,,
3194500,43,7896,,,
3194500,44,172,,,
3194500,45,294,,,
3194500,46,88,,,
3194500,47,93,,,
3194500,48,256,,,
3194500,49,257,,,
3194500,50,258,,,
3194500,51,259,,,
3194500,52,260,,,
3194500,53,261,,,
3194500,54,5284,,,
3194500,55,5285,,,
3194500,56,70,,,
3194500,57,159,,,
3194500,58,225,,,
3194500,59,262,,,
3194500,60,280,,,
3194500,61,297,,,
3194500,62,2499,,,
3194501,0,176,,,
3194501,1,310,,,
3194501,2,177,,,
3194501,3,311,,,
3194501,4,100,,,
3194501,5,178,,,
3194501,6,101,,,
3194501,7,7885,,,
3194501,8,312,,,
3194501,9,314,,,
3194501,10,179,,,
3194501,11,182,,,
3194501,12,183,,,
3194501,13,185,,,
3194501,14,315,,,
3194501,15,83,,,
3194501,16,143,,,
3194501,17,144,,,
3194501,18,238,,,
3194501,19,239,,,
3194501,20,240,,,
3194501,21,241,,,
3194501,22,186,,,
3194501,23,316,,,
3194501,24,317,,,
3194501,25,90,,,
3194501,26,7886,,,
3194501,27,7890,,,
3194501,28,318,,,
3194501,29,321,,,
3194501,30,187,,,
3194501,31,188,,,
3194501,32,189,,,
3194501,33,190,,,
3194502,0,11614,,,
3194502,1,11605,,,
3194502,2,11613,,,
3194502,3,11617,,,
3194502,4,11606,,,
3194502,5,11623,,,
3194502,6,11626,,,
3194502,7,11618,,,
3194502,8,11622,,,
3194502,9,11635,,,
3194502,10,11643,,,
3194502,11,11646,,,
3194502,12,11632,,,
3194502,13,11640,,,
3194502,14,11629,,,
3194502,15,11645,,,
3194502,16,11647,,,
3194502,17,11631,,,
3194502,18,11667,,,
3194502,19,11675,,,
3194502,20,11670,,,
3194502,21,11673,,,
3194502,22,11659,,,
3194502,23,11666,,,
3194502,24,11671,,,
3194502,25,11661,,,
3194502,26,11714,,,
3194502,27,11685,,,
3194502,28,11706,,,
3194502,29,11683,,,
3194502,30,11708,,,
3194502,31,11710,,,
3194502,32,11711,,,
3194502,33,11713,,,
3194502,34,11712,,,
3194502,35,11686,,,
3194502,36,11703,,,
3194502,37,11608,,,
3194502,38,11642,,,
3194502,39,11665,,,
3194502,40,11691,,,
3194502,41,11625,,,
3194502,42,11736,,,
3194502,43,11727,,,
3194502,44,11726,,,
3194502,45,11730,,,
3194502,46,11728,,,
3194502,47,11725,,,
3194502,48,11733,,,
3194503,0,11610,,,
3194503,1,11619,,,
3194503,2,11611,,,
3194503,3,11612,,,
3194503,4,11609,,,
3194503,5,11627,,,
3194503,6,11630,,,
3194503,7,11634,,,
3194503,8,11633,,,
3194503,9,11637,,,
3194503,10,11655,,,
3194503,11,11656,,,
3194503,12,11657,,,
3194503,13,11662,,,
3194503,14,11664,,,
3194503,15,11672,,,
3194503,16,11660,,,
3194503,17,11663,,,
3194503,18,11678,,,
3194503,19,11676,,,
3194503,20,11693,,,
3194503,21,11696,,,
3194503,22,11692,,,
3194503,23,11709,,,
3194503,24,11715,,,
3194503,25,11732,,,
3194503,26,11737,,,
3194503,27,11729,,,
3194503,28,11731,,,
3194600,0,2,,,
3194600,1,218,,,
3194600,2,272,,,
3194600,3,15,,,
3194600,4,68,,,
3194600,5,219,,,
3194600,6,273,,,
3194600,7,155,,,
3194600,8,88,,,
3194600,9,87,,,
3194600,10,16,,,
3194600,11,123,,,
3194600,12,7880,,,
3194600,13,220,,,
3194600,14,221,,,
3194600,15,274,,,
3194600,16,156,,,
3194600,17,166,,,
3194600,18,168,,,
3194600,19,291,,,
3194600,20,69,,,
3194600,21,126,,,
3194600,22,222,,,
3194600,23,275,,,
3194600,24,276,,,
3194600,25,277,,,
3194600,26,86,,,
3194600,27,292,,,
3194600,28,295,,,
3194600,29,124,,,
3194600,30,127,,,
3194600,31,130,,,
3194600,32,223,,,
3194600,33,278,,,
3194600,34,157,,,
3194600,35,293,,,
3194600,36,296,,,
3194600,37,129,,,
3194600,38,224,,,
3194600,39,1660,,,
3194600,40,279,,,
3194600,41,158,,,
3194600,42,7881,,,
3194600,43,7896,,,
3194600,44,172,,,
3194600,45,294,,,
3194600,46,88,,,
3194600,47,93,,,
3194600,48,256,,,
3194600,49,257,,,
3194600,50,258,,,
3194600,51,259,,,
3194600,52,260,,,
3194600,53,261,,,
3194600,54,5284,,,
3194600,55,5285,,,
3194600,56,70,,,
3194600,57,159,,,
3194600,58,225,,,
3194600,59,262,,,
3194600,60,280,,,
3194600,61,297,,,
3194600,62,2499,,,
3194601,0,176,,,
3194601,1,310,,,
3194601,2,177,,,
3194601,3,311,,,
3194601,4,100,,,
3194601,5,178,,,
3194601,6,101,,,
3194601,7,7885,,,
3194601,8,312,,,
3194601,9,314,,,
3194601,10,179,,,
3194601,11,182,,,
3194601,12,183,,,
3194601,13,185,,,
3194601,14,315,,,
3194601,15,83,,,
3194601,16,143,,,
3194601,17,144,,,
3194601,18,238,,,
3194601,19,239,,,
3194601,20,240,,,
3194601,21,241,,,
3194601,22,186,,,
3194601,23,316,,,
3194601,24,317,,,
3194601,25,90,,,
3194601,26,7886,,,
3194601,27,7890,,,
3194601,28,318,,,
3194601,29,321,,,
3194601,30,187,,,
3194601,31,188,,,
3194601,32,189,,,
3194601,33,190,,,
3194602,0,11614,,,
3194602,1,11605,,,
3194602,2,11613,,,
3194602,3,11617,,,
3194602,4,11606,,,
3194602,5,11623,,,
3194602,6,11626,,,
3194602,7,11618,,,
3194602,8,11622,,,
3194602,9,11635,,,
3194602,10,11643,,,
3194602,11,11646,,,
3194602,12,11632,,,
3194602,13,11640,,,
3194602,14,11629,,,
3194602,15,11645,,,
3194602,16,11647,,,
3194602,17,11631,,,
3194602,18,11667,,,
3194602,19,11675,,,
3194602,20,11670,,,
3194602,21,11673,,,
3194602,22,11659,,,
3194602,23,11666,,,
3194602,24,11671,,,
3194602,25,11661,,,
3194602,26,11714,,,
3194602,27,11685,,,
3194602,28,11706,,,
3194602,29,11683,,,
3194602,30,11708,,,
3194602,31,11710,,,
3194602,32,11711,,,
3194602,33,11713,,,
3194602,34,11712,,,
3194602,35,11686,,,
3194602,36,11703,,,
3194602,37,11608,,,
3194602,38,11642,,,
3194602,39,11665,,,
3194602,40,11691,,,
3194602,41,11625,,,
3194602,42,11736,,,
3194602,43,11727,,,
3194602,44,11726,,,
3194602,45,11730,,,
3194602,46,11728,,,
3194602,47,11725,,,
3194602,48,11733,,,
3194603,0,11610,,,
3194603,1,11619,,,
3194603,2,11611,,,
3194603,3,11612,,,
3194603,4,11609,,,
3194603,5,11627,,,
3194603,6,11630,,,
3194603,7,11634,,,
3194603,8,11633,,,
3194603,9,11637,,,
3194603,10,11655,,,
3194603,11,11656,,,
3194603,12,11657,,,
3194603,13,11662,,,
3194603,14,11664,,,
3194603,15,11672,,,
3194603,16,11660,,,
3194603,17,11663,,,
3194603,18,11678,,,
3194603,19,11676,,,
3194603,20,11693,,,
3194603,21,11696,,,
3194603,22,11692,,,
3194603,23,11709,,,
3194603,24,11715,,,
3194603,25,11732,,,
3194603,26,11737,,,
3194603,27,11729,,,
3194603,28,11731,,,
3194700,0,412,,,
3194700,1,390,,,
3194700,2,24,,,
3194700,3,31,,,
3194700,4,25,,,
3194700,5,26,,,
3194700,6,33,,,
3194700,7,32,,,
3194700,8,27,,,
3194700,9,34,,,
3194700,10,413,,,
3194700,11,347,,,
3194700,12,391,,,
3194700,13,376,,,
3194700,14,414,,,
3194700,15,392,,,
3194700,16,348,,,
3194700,17,349,,,
3194700,18,350,,,
3194700,19,58,,,
3194700,20,59,,,
3194700,21,416,,,
3194700,22,377,,,
3194700,23,351,,,
3194700,24,378,,,
3194700,25,379,,,
3194700,26,393,,,
3194700,27,415,,,
3194700,28,394,,,
3194700,29,2378,,,
3194700,30,352,,,
3194700,31,395,,,
3194700,32,417,,,
3194700,33,2377,,,
3194700,34,353,,,
3194700,35,380,,,
3194700,36,396,,,
3194700,37,102,,,
3194700,38,625,,,
3194700,39,626,,,
3194700,40,627,,,
3194700,41,628,,,
3194700,42,629,,,
3194700,43,2493,,,
3194700,44,630,,,
3194700,45,2494,,,
3194700,46,50,,,
3194700,47,51,,,
3194700,48,604,,,
3194700,49,605,,,
3194700,50,63,,,
3194700,51,606,,,
3194700,52,2446,,,
3194700,53,2448,,,
3194700,54,61,,,
3194700,55,607,,,
3194700,56,38,,,
3194700,57,39,,,
3194700,58,40,,,
3194700,59,1123,,,
3194700,60,553,,,
3194700,61,1124,,,
3194700,62,2422,,,
3194700,63,2424,,,
3194700,64,2425,,,
3194700,65,1125,,,
3194700,66,2427,,,
3194700,67,2428,,,
3194700,68,44,,,
3194700,69,1148,,,
3194700,70,45,,,
3194700,71,46,,,
3194700,72,47,,,
3194700,73,2411,,,
3194700,74,2412,,,
3194700,75,9577,,,
3194700,76,9578,,,
3194700,77,9583,,,
3194700,78,9584,,,
3194701,0,1104,,,
3194701,1,1101,,,
3194701,2,1105,,,
3194701,3,1102,,,
3194701,4,465,,,
3194701,5,432,,,
3194701,6,467,,,
3194701,7,434,,,
3194701,8,468,,,
3194701,9,435,,,
3194701,10,469,,,
3194701,11,436,,,
3194701,12,470,,,
3194701,13,437,,,
3194701,14,438,,,
3194701,15,102,,,
3194701,16,625,,,
3194701,17,626,,,
3194701,18,627,,,
3194701,19,628,,,
3194701,20,629,,,
3194701,21,2493,,,
3194701,22,630,,,
3194701,23,2494,,,
3194701,24,50,,,
3194701,25,51,,,
3194701,26,604,,,
3194701,27,605,,,
3194701,28,63,,,
3194701,29,606,,,
3194701,30,2447,,,
3194701,31,2450,,,
3194701,32,61,,,
3194701,33,607,,,
3194701,34,2451,,,
3194701,35,38,,,
3194701,36,39,,,
3194701,37,40,,,
3194701,38,1123,,,
3194701,39,553,,,
3194701,40,1124,,,
3194701,41,2423,,,
3194701,42,2426,,,
3194701,43,1125,,,
3194701,44,2427,,,
3194701,45,2428,,,
3194701,46,44,,,
3194701,47,1148,,,
3194701,48,45,,,
3194701,49,46,,,
3194701,50,47,,,
3194701,51,2411,,,
3194701,52,2412,,,
3194701,53,9577,,,
3194701,54,9578,,,
3194701,55,9583,,,
3194701,56,9584,,,
3194702,0,12014,,,
3194702,1,12008,,,
3194702,2,12015,,,
3194702,3,12012,,,
3194702,4,12020,,,
3194702,5,12021,,,
3194702,6,12024,,,
3194702,7,12032,,,
3194702,8,12030,,,
3194702,9,12031,,,
3194702,10,12041,,,
3194702,11,12034,,,
3194702,12,12023,,,
3194702,13,12044,,,
3194702,14,12049,,,
3194702,15,12039,,,
3194702,16,12043,,,
3194702,17,12042,,,
3194702,18,12036,,,
3194702,19,12060,,,
3194702,20,12059,,,
3194702,21,12056,,,
3194702,22,12054,,,
3194702,23,12052,,,
3194702,24,12081,,,
3194702,25,12080,,,
3194702,26,12074,,,
3194702,27,12013,,,
3194702,28,12025,,,
3194702,29,12051,,,
3194702,30,12069,,,
3194702,31,12073,,,
3194702,32,12078,,,
3194702,33,12007,,,
3194702,34,12016,,,
3194702,35,12038,,,
3194702,36,12068,,,
3194702,37,12037,,,
3194702,38,12072,,,
3194702,39,12076,,,
3194702,40,12006,,,
3194702,41,12029,,,
3194702,42,12033,,,
3194702,43,12070,,,
3194702,44,12035,,,
3194702,45,12071,,,
3194702,46,12075,,,
3194702,47,12077,,,
3194702,48,12009,,,
3194702,49,12028,,,
3194702,50,12050,,,
3194702,51,12079,,,
3194703,0,12011,,,
3194703,1,12010,,,
3194703,2,12017,,,
3194703,3,12022,,,
3194703,4,12019,,,
3194703,5,12018,,,
3194703,6,12048,,,
3194703,7,12047,,,
3194703,8,12058,,,
3194703,9,12057,,,
3194703,10,12083,,,
3194703,11,12013,,,
3194703,12,12025,,,
3194703,13,12051,,,
3194703,14,12069,,,
3194703,15,12063,,,
3194703,16,12073,,,
3194703,17,12078,,,
3194703,18,12007,,,
3194703,19,12016,,,
3194703,20,12038,,,
3194703,21,12068,,,
3194703,22,12046,,,
3194703,23,12065,,,
3194703,24,12072,,,
3194703,25,12076,,,
3194703,26,12082,,,
3194703,27,12006,,,
3194703,28,12029,,,
3194703,29,12033,,,
3194703,30,12070,,,
3194703,31,12045,,,
3194703,32,12066,,,
3194703,33,12071,,,
3194703,34,12075,,,
3194703,35,12077,,,
3194703,36,12009,,,
3194703,37,12028,,,
3194703,38,12050,,,
3194703,39,12079,,,
3194800,0,412,,,
3194800,1,390,,,
3194800,2,24,,,
3194800,3,31,,,
3194800,4,25,,,
3194800,5,26,,,
3194800,6,33,,,
3194800,7,32,,,
3194800,8,27,,,
3194800,9,34,,,
3194800,10,413,,,
3194800,11,347,,,
3194800,12,391,,,
3194800,13,376,,,
3194800,14,414,,,
3194800,15,392,,,
3194800,16,348,,,
3194800,17,349,,,
3194800,18,350,,,
3194800,19,58,,,
3194800,20,59,,,
3194800,21,416,,,
3194800,22,377,,,
3194800,23,351,,,
3194800,24,378,,,
3194800,25,379,,,
3194800,26,393,,,
3194800,27,415,,,
3194800,28,394,,,
3194800,29,2378,,,
3194800,30,352,,,
3194800,31,395,,,
3194800,32,417,,,
3194800,33,2377,,,
3194800,34,353,,,
3194800,35,380,,,
3194800,36,396,,,
3194800,37,102,,,
3194800,38,625,,,
3194800,39,626,,,
3194800,40,627,,,
3194800,41,628,,,
3194800,42,629,,,
3194800,43,2493,,,
3194800,44,630,,,
3194800,45,2494,,,
3194800,46,50,,,
3194800,47,51,,,
3194800,48,604,,,
3194800,49,605,,,
3194800,50,63,,,
3194800,51,606,,,
3194800,52,2446,,,
3194800,53,2448,,,
3194800,54,61,,,
3194800,55,607,,,
3194800,56,38,,,
3194800,57,39,,,
3194800,58,40,,,
3194800,59,1123,,,
3194800,60,553,,,
3194800,61,1124,,,
3194800,62,2422,,,
3194800,63,2424,,,
3194800,64,2425,,,
3194800,65,1125,,,
3194800,66,2427,,,
3194800,67,2428,,,
3194800,68,44,,,
3194800,69,1148,,,
3194800,70,45,,,
3194800,71,46,,,
3194800,72,47,,,
3194800,73,2411,,,
3194800,74,2412,,,
3194800,75,9577,,,
3194800,76,9578,,,
3194800,77,9583,,,
3194800,78,9584,,,
3194801,0,1104,,,
3194801,1,1101,,,
3194801,2,1105,,,
3194801,3,1102,,,
3194801,4,465,,,
3194801,5,432,,,
3194801,6,467,,,
3194801,7,434,,,
3194801,8,468,,,
3194801,9,435,,,
3194801,10,469,,,
3194801,11,436,,,
3194801,12,470,,,
3194801,13,437,,,
3194801,14,438,,,
3194801,15,102,,,
3194801,16,625,,,
3194801,17,626,,,
3194801,18,627,,,
3194801,19,628,,,
3194801,20,629,,,
3194801,21,2493,,,
3194801,22,630,,,
3194801,23,2494,,,
3194801,24,50,,,
3194801,25,51,,,
3194801,26,604,,,
3194801,27,605,,,
3194801,28,63,,,
3194801,29,606,,,
3194801,30,2447,,,
3194801,31,2450,,,
3194801,32,61,,,
3194801,33,607,,,
3194801,34,2451,,,
3194801,35,38,,,
3194801,36,39,,,
3194801,37,40,,,
3194801,38,1123,,,
3194801,39,553,,,
3194801,40,1124,,,
3194801,41,2423,,,
3194801,42,2426,,,
3194801,43,1125,,,
3194801,44,2427,,,
3194801,45,2428,,,
3194801,46,44,,,
3194801,47,1148,,,
3194801,48,45,,,
3194801,49,46,,,
3194801,50,47,,,
3194801,51,2411,,,
3194801,52,2412,,,
3194801,53,9577,,,
3194801,54,9578,,,
3194801,55,9583,,,
3194801,56,9584,,,
3194802,0,12014,,,
3194802,1,12008,,,
3194802,2,12015,,,
3194802,3,12012,,,
3194802,4,12020,,,
3194802,5,12021,,,
3194802,6,12024,,,
3194802,7,12032,,,
3194802,8,12030,,,
3194802,9,12031,,,
3194802,10,12041,,,
3194802,11,12034,,,
3194802,12,12023,,,
3194802,13,12044,,,
3194802,14,12049,,,
3194802,15,12039,,,
3194802,16,12043,,,
3194802,17,12042,,,
3194802,18,12036,,,
3194802,19,12060,,,
3194802,20,12059,,,
3194802,21,12056,,,
3194802,22,12054,,,
3194802,23,12052,,,
3194802,24,12081,,,
3194802,25,12080,,,
3194802,26,12074,,,
3194802,27,12013,,,
3194802,28,12025,,,
3194802,29,12051,,,
3194802,30,12069,,,
3194802,31,12073,,,
3194802,32,12078,,,
3194802,33,12007,,,
3194802,34,12016,,,
3194802,35,12038,,,
3194802,36,12068,,,
3194802,37,12037,,,
3194802,38,12072,,,
3194802,39,12076,,,
3194802,40,12006,,,
3194802,41,12029,,,
3194802,42,12033,,,
3194802,43,12070,,,
3194802,44,12035,,,
3194802,45,12071,,,
3194802,46,12075,,,
3194802,47,12077,,,
3194802,48,12009,,,
3194802,49,12028,,,
3194802,50,12050,,,
3194802,51,12079,,,
3194803,0,12011,,,
3194803,1,12010,,,
3194803,2,12017,,,
3194803,3,12022,,,
3194803,4,12019,,,
3194803,5,12018,,,
3194803,6,12048,,,
3194803,7,12047,,,
3194803,8,12058,,,
3194803,9,12057,,,
3194803,10,12083,,,
3194803,11,12013,,,
3194803,12,12025,,,
3194803,13,12051,,,
3194803,14,12069,,,
3194803,15,12063,,,
3194803,16,12073,,,
3194803,17,12078,,,
3194803,18,12007,,,
3194803,19,12016,,,
3194803,20,12038,,,
3194803,21,12068,,,
3194803,22,12046,,,
3194803,23,12065,,,
3194803,24,12072,,,
3194803,25,12076,,,
3194803,26,12082,,,
3194803,27,12006,,,
3194803,28,12029,,,
3194803,29,12033,,,
3194803,30,12070,,,
3194803,31,12045,,,
3194803,32,12066,,,
3194803,33,12071,,,
3194803,34,12075,,,
3194803,35,12077,,,
3194803,36,12009,,,
3194803,37,12028,,,
3194803,38,12050,,,
3194803,39,12079,,,
3194900,0,908,,,
3194900,1,909,,,
3194900,2,910,,,
3194900,3,911,,,
3194900,4,912,,,
3194900,5,913,,,
3194900,6,845,,,
3194900,7,846,,,
3194900,8,847,,,
3194900,9,848,,,
3194900,10,849,,,
3194900,11,850,,,
3194900,12,877,,,
3194900,13,878,,,
3194900,14,890,,,
3194900,15,879,,,
3194900,16,880,,,
3194900,17,881,,,
3194900,18,851,,,
3194900,19,882,,,
3194900,20,914,,,
3194901,0,12312,,,
3194901,1,12315,,,
3194901,2,12317,,,
3194901,3,12320,,,
3194901,4,12311,,,
3194901,5,12314,,,
3194901,6,12318,,,
3194901,7,12322,,,
3194901,8,12313,,,
3194901,9,12316,,,
3194901,10,12319,,,
3194901,11,12321,,,
3194901,12,12325,,,
3194901,13,12323,,,
3194901,14,12324,,,
3195000,0,908,,,
3195000,1,909,,,
3195000,2,910,,,
3195000,3,911,,,
3195000,4,912,,,
3195000,5,913,,,
3195000,6,845,,,
3195000,7,846,,,
3195000,8,847,,,
3195000,9,848,,,
3195000,10,849,,,
3195000,11,850,,,
3195000,12,877,,,
3195000,13,878,,,
3195000,14,890,,,
3195000,15,879,,,
3195000,16,880,,,
3195000,17,881,,,
3195000,18,851,,,
3195000,19,882,,,
3195000,20,914,,,
3195001,0,12312,,,
3195001,1,12315,,,
3195001,2,12317,,,
3195001,3,12320,,,
3195001,4,12311,,,
3195001,5,12314,,,
3195001,6,12318,,,
3195001,7,12322,,,
3195001,8,12313,,,
3195001,9,12316,,,
3195001,10,12319,,,
3195001,11,12321,,,
3195001,12,12325,,,
3195001,13,12323,,,
3195001,14,12324,,,
3195100,0,1294,,,
3195100,1,1095,,,
3195100,2,1048,,,
3195100,3,1050,,,
3195100,4,1051,,,
3195100,5,1049,,,
3195100,6,1152,,,
3195100,7,1054,,,
3195100,8,1058,,,
3195100,9,1099,,,
3195100,10,1098,,,
3195100,11,1056,,,
3195100,12,1055,,,
3195100,13,1053,,,
3195100,14,1052,,,
3195100,15,1097,,,
3195100,16,1096,,,
3195100,17,1386,,,
3195100,18,1514,,,
3195100,19,1372,,,
3195100,20,1667,,,
3195100,21,1671,,,
3195100,22,1669,,,
3195100,23,1403,,,
3195100,24,1405,,,
3195100,25,1370,,,
3195100,26,1401,,,
3195100,27,4916,,,
3195100,28,1411,,,
3195100,29,1513,,,
3195100,30,1399,,,
3195100,31,1515,,,
3195100,32,1371,,,
3195100,33,1383,,,
3195100,34,1377,,,
3195100,35,1512,,,
3195100,36,1379,,,
3195100,37,1415,,,
3195100,38,1388,,,
3195100,39,1517,,,
3195100,40,4908,,,
3195100,41,1417,,,
3195100,42,1400,,,
3195100,43,1418,,,
3195100,44,1668,,,
3195100,45,1670,,,
3195100,46,1404,,,
3195100,47,4906,,,
3195100,48,1402,,,
3195100,49,1391,,,
3195100,50,1410,,,
3195100,51,1398,,,
3195100,52,1389,,,
3195100,53,1378,,,
3195100,54,1414,,,
3195100,55,1385,,,
3195100,56,4910,,,
3195100,57,1394,,,
3195100,58,1516,,,
3195100,59,3944,,,
3195100,60,1412,,,
3195100,61,1413,,,
3195100,62,1387,,,
3195100,63,1390,,,
3195100,64,1408,,,
3195100,65,1392,,,
3195100,66,1407,,,
3195100,67,1409,,,
3195100,68,1416,,,
3195100,69,1406,,,
3195100,70,1397,,,
3195100,71,1384,,,
3195100,72,1380,,,
3195100,73,1382,,,
3195100,74,1381,,,
3195100,75,1529,,,
3195100,76,1525,,,
3195100,77,1527,,,
3195100,78,1524,,,
3195100,79,1531,,,
3195100,80,1522,,,
3195100,81,1526,,,
3195100,82,1534,,,
3195100,83,1537,,,
3195100,84,1856,,,
3195100,85,10025,,,
3195100,86,10026,,,
3195100,87,10073,,,
3195100,88,10072,,,
3195100,89,10027,,,
3195100,90,10028,,,
3195100,91,10029,,,
3195100,92,10031,,,
3195100,93,10032,,,
3195100,94,10180,,,
3195100,95,10181,,,
3195100,96,10070,,,
3195100,97,10074,,,
3195100,98,10033,,,
3195100,99,10078,,,
3195100,100,10058,,,
3195100,101,10077,,,
3195100,102,10085,,,
3195100,103,10094,,,
3195100,104,10275,,,
3195100,105,10276,,,
3195100,106,10075,,,
3195100,107,10079,,,
3195100,108,10076,,,
3195200,0,4445,,,
3195200,1,4446,,,
3195200,2,4447,,,
3195200,3,4448,,,
3195200,4,4449,,,
3195200,5,4450,,,
3195200,6,4451,,,
3195200,7,4452,,,
3195200,8,4453,,,
3195200,9,4454,,,
3195200,10,4455,,,
3195200,11,4456,,,
3195200,12,4457,,,
3195200,13,4458,,,
3195200,14,4459,,,
3195200,15,4460,,,
3195200,16,4461,,,
3195200,17,4462,,,
3195200,18,4463,,,
3195200,19,4464,,,
3195200,20,4465,,,
3195200,21,4466,,,
3195200,22,4467,,,
3195200,23,4468,,,
3195200,24,4481,,,
3195200,25,4482,,,
3195200,26,4483,,,
3195200,27,4484,,,
3195200,28,4485,,,
3195200,29,4486,,,
3195200,30,4487,,,
3195200,31,4488,,,
3195200,32,4489,,,
3195200,33,4490,,,
3195200,34,4491,,,
3195200,35,4492,,,
3195200,36,4493,,,
3195200,37,4494,,,
3195200,38,4495,,,
3195200,39,4496,,,
3195200,40,4497,,,
3195200,41,4498,,,
3195200,42,4499,,,
3195200,43,4500,,,
3195200,44,4501,,,
3195200,45,4502,,,
3195200,46,4503,,,
3195200,47,4504,,,
3195200,48,4505,,,
3195200,49,4506,,,
3195200,50,4507,,,
3195200,51,4508,,,
3195200,52,4509,,,
3195200,53,4510,,,
3195200,54,4511,,,
3195200,55,4512,,,
3195200,56,4513,,,
3195200,57,4514,,,
3195200,58,4515,,,
3195200,59,4516,,,
3195200,60,4517,,,
3195200,61,4518,,,
3195200,62,4519,,,
3195200,63,4520,,,
3195200,64,4521,,,
3195200,65,4522,,,
3195200,66,4523,,,
3195200,67,4524,,,
3195200,68,4525,,,
3195200,69,4526,,,
3195200,70,4527,,,
3195200,71,4528,,,
3195200,72,4529,,,
3195200,73,4530,,,
3195200,74,4531,,,
3195200,75,4532,,,
3195200,76,4533,,,
3195200,77,4534,,,
3195200,78,4535,,,
3195200,79,4536,,,
3195200,80,4537,,,
3195200,81,4538,,,
3195200,82,4539,,,
3195200,83,4540,,,
3195200,84,4541,,,
3195200,85,4542,,,
3195200,86,4543,,,
3195200,87,4544,,,
3195200,88,4545,,,
3195200,89,4546,,,
3195200,90,4547,,,
3195200,91,4548,,,
3195200,92,4549,,,
3195200,93,4550,,,
3195200,94,4551,,,
3195200,95,4552,,,
3195200,96,4565,,,
3195200,97,4566,,,
3195200,98,4567,,,
3195200,99,4568,,,
3195200,100,4569,,,
3195200,101,4570,,,
3195200,102,4571,,,
3195200,103,4572,,,
3195200,104,4573,,,
3195200,105,4574,,,
3195200,106,4575,,,
3195200,107,4576,,,
3195200,108,4577,,,
3195200,109,4578,,,
3195200,110,4579,,,
3195200,111,4580,,,
3195200,112,4581,,,
3195200,113,4582,,,
3195200,114,4583,,,
3195200,115,4584,,,
3195200,116,4585,,,
3195200,117,4586,,,
3195200,118,4587,,,
3195200,119,4588,,,
3195201,0,1835,,,
3195201,1,2509,,,
3195201,2,3947,,,
3195201,3,5146,,,
3195201,4,5140,,,
3195201,5,5134,,,
3195201,6,5262,,,
3195201,7,5256,,,
3195201,8,5250,,,
3195201,9,17,,,
3195201,10,1341,,,
3195201,11,1342,,,
3195201,12,1060,,,
3195201,13,1061,,,
3195201,14,1831,,,
3195201,15,1832,,,
3195201,16,1833,,,
3195201,17,1834,,,
3195201,18,734,,,
3195201,19,735,,,
3195201,20,6035,,,
3195201,21,6037,,,
3195201,22,736,,,
3195201,23,737,,,
3195201,24,1829,,,
3195201,25,1830,,,
3195201,26,3031,,,
3195201,27,1785,,,
3195201,28,5589,,,
3195201,29,1661,,,
3195201,30,5192,,,
3195201,31,5193,,,
3195201,32,5194,,,
3195201,33,5195,,,
3195201,34,2130,,,
3195201,35,2131,,,
3195201,36,2132,,,
3195201,37,9633,,,
3195201,38,9634,,,
3195201,39,8594,,,
3195201,40,8595,,,
3195201,41,8596,,,
3195201,42,8597,,,
3195201,43,8598,,,
3195201,44,8622,,,
3195201,45,8623,,,
3195201,46,8624,,,
3195201,47,8634,,,
3195201,48,8635,,,
3195201,49,8636,,,
3195201,50,8637,,,
3195201,51,8638,,,
3195201,52,8615,,,
3195201,53,8658,,,
3195201,54,8871,,,
3195201,55,8872,,,
3195201,56,4625,,,
3195201,57,4626,,,
3195201,58,4627,,,
3195201,59,4628,,,
3195400,0,2505,,,
3195400,1,3439,,,
3195400,2,3902,,,
3195400,3,3903,,,
3195400,4,3904,,,
3195400,5,3905,,,
3195400,6,3906,,,
3195400,7,2506,,,
3195400,8,3891,,,
3195400,9,3892,,,
3195400,10,3893,,,
3195400,11,3894,,,
3195400,12,3895,,,
3195400,13,3896,,,
3195400,14,2515,,,
3195400,15,3920,,,
3195400,16,3921,,,
3195400,17,3922,,,
3195400,18,3923,,,
3195400,19,5187,,,
3195400,20,5188,,,
3195400,21,5189,,,
3195400,22,5190,,,
3195400,23,5191,,,
3195400,24,3913,,,
3195400,25,3914,,,
3195400,26,3915,,,
3195400,27,3916,,,
3195400,28,5182,,,
3195400,29,5183,,,
3195400,30,5184,,,
3195400,31,5185,,,
3195400,32,5186,,,
3195400,33,4038,,,
3195400,34,5176,,,
3195400,35,5177,,,
3195400,36,5178,,,
3195400,37,5179,,,
3195400,38,5180,,,
3195400,39,5181,,,
3195400,40,5170,,,
3195400,41,5171,,,
3195400,42,5172,,,
3195400,43,5173,,,
3195400,44,5174,,,
3195400,45,5175,,,
3195400,46,5168,,,
3195400,47,6645,,,
3195400,48,6646,,,
3195400,49,6647,,,
3195400,50,7582,,,
3195400,51,8541,,,
3195400,52,9656,,,
3195400,53,9657,,,
3195400,54,9658,,,
3195400,55,9659,,,
3195400,56,9660,,,
3195400,57,9661,,,
3195400,58,9662,,,
3195400,59,9663,,,
3195400,60,9664,,,
3195400,61,9665,,,
3195400,62,9666,,,
3195400,63,9667,,,
3195400,64,9668,,,
3195400,65,10515,,,
3195400,66,10516,,,
3195400,67,10517,,,
3195400,68,10425,,,
3195400,69,12740,2252400,,
3195400,70,12741,4344000,,
3195400,71,12742,8551200,,
3195400,72,12743,15075600,,
3195400,73,12744,29083200,,
3195400,74,12745,58654800,,
3195400,75,12746,4636,,
3195400,76,12747,24216,,
3195400,77,12748,76676,,
3195400,78,12749,188096,,
3195400,79,12750,555400,,
3195400,80,12751,1988376,,
3195400,81,12752,6198718,,
3196200,0,3038,,,
3196300,0,3031,,,
3196300,1,1785,,,
3196300,2,5192,,,
3196300,3,5193,,,
3196300,4,5194,,,
3196300,5,5195,,,
3196300,6,2130,,,
3196300,7,2131,,,
3196300,8,2132,,,
3197300,0,1294,,,
3197300,1,1095,,,
3197300,2,1048,,,
3197300,3,1050,,,
3197300,4,1051,,,
3197300,5,1049,,,
3197300,6,1152,,,
3197300,7,1054,,,
3197300,8,1058,,,
3197300,9,1099,,,
3197300,10,1098,,,
3197300,11,1056,,,
3197300,12,1055,,,
3197300,13,1053,,,
3197300,14,1052,,,
3197300,15,1097,,,
3197300,16,1096,,,
3197300,17,1386,,,
3197300,18,1514,,,
3197300,19,1372,,,
3197300,20,1667,,,
3197300,21,1671,,,
3197300,22,1669,,,
3197300,23,1403,,,
3197300,24,1405,,,
3197300,25,1370,,,
3197300,26,1401,,,
3197300,27,4916,,,
3197300,28,1411,,,
3197300,29,1513,,,
3197300,30,1399,,,
3197300,31,1515,,,
3197300,32,1371,,,
3197300,33,1383,,,
3197300,34,1377,,,
3197300,35,1512,,,
3197300,36,1379,,,
3197300,37,1415,,,
3197300,38,1388,,,
3197300,39,1517,,,
3197300,40,4908,,,
3197300,41,1417,,,
3197300,42,1400,,,
3197300,43,1418,,,
3197300,44,1668,,,
3197300,45,1670,,,
3197300,46,1404,,,
3197300,47,4906,,,
3197300,48,1402,,,
3197300,49,1391,,,
3197300,50,1410,,,
3197300,51,1398,,,
3197300,52,1389,,,
3197300,53,1378,,,
3197300,54,1414,,,
3197300,55,1385,,,
3197300,56,4910,,,
3197300,57,1394,,,
3197300,58,1516,,,
3197300,59,3944,,,
3197300,60,1412,,,
3197300,61,1413,,,
3197300,62,1387,,,
3197300,63,1390,,,
3197300,64,1408,,,
3197300,65,1392,,,
3197300,66,1407,,,
3197300,67,1409,,,
3197300,68,1416,,,
3197300,69,1406,,,
3197300,70,1397,,,
3197300,71,1384,,,
3197300,72,1380,,,
3197300,73,1382,,,
3197300,74,1381,,,
3197300,75,10025,,,
3197300,76,10026,,,
3197300,77,10073,,,
3197300,78,10072,,,
3197300,79,10027,,,
3197300,80,10028,,,
3197300,81,10029,,,
3197300,82,10031,,,
3197300,83,10032,,,
3197300,84,10180,,,
3197300,85,10181,,,
3197300,86,10070,,,
3197300,87,10074,,,
3197300,88,10033,,,
3197300,89,10078,,,
3197300,90,10058,,,
3197300,91,10077,,,
3197300,92,10085,,,
3197300,93,10094,,,
3197300,94,10275,,,
3197300,95,10276,,,
3197300,96,10075,,,
3197300,97,10079,,,
3197300,98,10076,,,
3198000,0,1529,,,
3198000,1,1525,,,
3198000,2,1527,,,
3198000,3,1524,,,
3198000,4,1531,,,
3198000,5,1522,,,
3198000,6,1526,,,
3198000,7,1534,,,
3198000,8,1537,,,
3198000,9,1856,,,
3198000,10,1523,,,
3198000,11,1521,,,
3198000,12,1535,,,
3198000,13,1532,,,
3198000,14,1536,,,
3198000,15,1533,,,
3198000,16,1528,,,
3198000,17,1518,,,
3198000,18,1519,,,
3198000,19,1520,,,
3198000,20,1530,,,
3198900,0,7807,,,
3198900,1,7808,,,
3198900,2,7809,,,
3198900,3,6520,,,
3198900,4,6523,,,
3198900,5,6526,,,
3198900,6,8506,,,
3198900,7,8509,,,
3198900,8,8512,,,
3198900,9,8484,,,
3198900,10,8485,,,
3198900,11,8486,,,
3198900,12,6529,,,
3198900,13,6530,,,
3198900,14,6531,,,
3198900,15,6532,,,
3198900,16,6533,,,
3198900,17,6534,,,
3198900,18,7561,,,
3198900,19,8193,,,
3198900,20,8194,,,
3198900,21,8195,,,
3198900,22,8196,,,
3198900,23,8197,,,
3198900,24,8198,,,
3198900,25,8199,,,
3198900,26,8200,,,
3198900,27,8202,,,
3210500,0,736,,,
3210500,1,737,,,
3210500,2,734,,,
3210500,3,735,,,
3210500,4,1831,,,
3210500,5,1833,,,
3210500,6,1061,,,
3210500,7,8786,,,
3210500,8,8598,,,
3210500,9,8599,,,
3210500,10,8615,,,
3210600,0,8924,,,
3210600,1,8925,,,
3216400,0,1,,,
3216400,1,4,,,
3216400,2,11,,,
3216400,3,13,,,
3216400,4,3,,,
3216400,5,152,,,
3216400,6,12,,,
3216400,7,215,,,
3216400,8,14,,,
3216400,9,5,,,
3216400,10,153,,,
3216400,11,1333,,,
3216400,12,66,,,
3216400,13,67,,,
3216400,14,122,,,
3216400,15,154,,,
3216400,16,216,,,
3216400,17,271,,,
3216400,18,2,,,
3216400,19,218,,,
3216400,20,272,,,
3216400,21,15,,,
3216400,22,5284,,,
3216400,23,253,,,
3216400,24,254,,,
3216400,25,255,,,
3216400,26,256,,,
3216401,0,7,,,
3216401,1,308,,,
3216401,2,8,,,
3216401,3,99,,,
3216401,4,9,,,
3216401,5,176,,,
3216401,6,310,,,
3216401,7,9577,,,
3216401,8,9583,,,
3216500,0,28,,,
3216500,1,21,,,
3216500,2,29,,,
3216500,3,22,,,
3216500,4,30,,,
3216500,5,2386,,,
3216500,6,23,,,
3216500,7,412,,,
3216500,8,390,,,
3216500,9,24,,,
3216500,10,31,,,
3216500,11,18,,,
3216500,12,19,,,
3216500,13,20,,,
3216500,14,102,,,
3216500,15,48,,,
3216500,16,1119,,,
3216500,17,49,,,
3216500,18,50,,,
3216500,19,1121,,,
3216500,20,35,,,
3216500,21,36,,,
3216500,22,1129,,,
3216500,23,1122,,,
3216500,24,37,,,
3216500,25,38,,,
3216500,26,41,,,
3216500,27,42,,,
3216500,28,43,,,
3216500,29,44,,,
3216500,30,9577,,,
3216500,31,9583,,,
3216501,0,462,,,
3216501,1,426,,,
3216501,2,1103,,,
3216501,3,1100,,,
3216501,4,463,,,
3216501,5,428,,,
3216501,6,464,,,
3216501,7,429,,,
3216501,8,1104,,,
3216501,9,1101,,,
3216501,10,18,,,
3216501,11,19,,,
3216501,12,20,,,
3216501,13,102,,,
3216501,14,48,,,
3216501,15,1119,,,
3216501,16,49,,,
3216501,17,50,,,
3216501,18,1121,,,
3216501,19,35,,,
3216501,20,36,,,
3216501,21,1129,,,
3216501,22,1122,,,
3216501,23,37,,,
3216501,24,38,,,
3216501,25,41,,,
3216501,26,42,,,
3216501,27,43,,,
3216501,28,44,,,
3216501,29,9577,,,
3216501,30,9583,,,
3216600,0,118,,,
3216600,1,906,,,
3216600,2,907,,,
3216600,3,908,,,
3216600,4,112,,,
3216600,5,113,,,
3216600,6,114,,,
3216600,7,115,,,
3216600,8,845,,,
3216600,9,116,,,
3216600,10,875,,,
3216600,11,876,,,
3216600,12,877,,,
3216700,0,1835,,,
3216700,1,2509,,,
3216700,2,3947,,,
3216700,3,5146,,,
3216700,4,5140,,,
3216700,5,5134,,,
3216700,6,5262,,,
3216700,7,5256,,,
3216700,8,5250,,,
3216700,9,17,,,
3216700,10,1341,,,
3216700,11,1060,,,
3216700,12,1831,,,
3216700,13,1833,,,
3216700,14,734,,,
3216700,15,735,,,
3216700,16,6035,,,
3216700,17,736,,,
3216700,18,737,,,
3216700,19,3031,,,
3216700,20,1785,,,
3216700,21,5589,,,
3216700,22,1661,,,
3216700,23,5192,,,
3216700,24,9633,,,
3216700,25,8594,,,
3216700,26,8595,,,
3216700,27,8622,,,
3216700,28,8623,,,
3216700,29,8628,,,
3216700,30,8629,,,
3216700,31,8634,,,
3216700,32,8635,,,
3216700,33,8615,,,
3216700,34,4625,,,
3216700,35,4626,,,
3216700,36,4627,,,
3216700,37,4628,,,
3216800,0,1294,,,
3216800,1,1095,,,
3216800,2,1048,,,
3216800,3,1050,,,
3216800,4,1051,,,
3216800,5,1049,,,
3216800,6,1152,,,
3216800,7,1054,,,
3216800,8,1058,,,
3216800,9,1099,,,
3216800,10,1098,,,
3216800,11,1056,,,
3216800,12,1055,,,
3216800,13,1053,,,
3216800,14,1052,,,
3216800,15,1097,,,
3216800,16,1096,,,
3216800,17,1386,,,
3216800,18,1514,,,
3216800,19,1372,,,
3216800,20,1667,,,
3216800,21,1671,,,
3216800,22,1669,,,
3216800,23,1403,,,
3216800,24,1405,,,
3216800,25,1370,,,
3216800,26,1401,,,
3216800,27,4916,,,
3216800,28,1411,,,
3216800,29,1513,,,
3216800,30,1399,,,
3216800,31,1515,,,
3216800,32,1371,,,
3216800,33,1383,,,
3216800,34,1377,,,
3216800,35,3038,,,
3216800,36,10025,,,
3216800,37,10026,,,
3216800,38,10073,,,
3216800,39,10072,,,
3216800,40,10027,,,
3216800,41,10028,,,
3216900,0,1294,,,
3216900,1,1095,,,
3216900,2,1048,,,
3216900,3,1050,,,
3216900,4,1051,,,
3216900,5,1049,,,
3216900,6,1152,,,
3216900,7,1054,,,
3216900,8,1058,,,
3216900,9,1099,,,
3216900,10,1098,,,
3216900,11,1056,,,
3216900,12,1055,,,
3216900,13,1053,,,
3216900,14,1052,,,
3216900,15,1097,,,
3216900,16,1096,,,
3216900,17,1386,,,
3216900,18,1514,,,
3216900,19,1372,,,
3216900,20,1667,,,
3216900,21,1671,,,
3216900,22,1669,,,
3216900,23,1403,,,
3216900,24,1405,,,
3216900,25,1370,,,
3216900,26,1401,,,
3216900,27,4916,,,
3216900,28,1411,,,
3216900,29,1513,,,
3216900,30,1399,,,
3216900,31,1515,,,
3216900,32,1371,,,
3216900,33,1383,,,
3216900,34,1377,,,
3216900,35,3038,,,
3216900,36,10025,,,
3216900,37,10026,,,
3216900,38,10073,,,
3216900,39,10072,,,
3216900,40,10027,,,
3216900,41,10028,,,
3216900,42,10030,,,
3216900,43,10185,,,
3216900,44,10040,,,
3216900,45,10186,,,
3216900,46,10088,,,
3216900,47,10062,,,
3216900,48,10045,,,
3216900,49,10097,,,
3216900,50,10034,,,
3216900,51,10042,,,
3216900,52,10052,,,
3216900,53,10066,,,
3216900,54,10086,,,
3216900,55,10081,,,
3216900,56,10041,,,
3216900,57,10182,,,
3216900,58,10187,,,
3216900,59,10183,,,
3216900,60,10083,,,
3216900,61,10046,,,
3216900,62,10053,,,
3216900,63,10037,,,
3216900,64,10204,,,
3216900,65,10188,,,
3216900,66,10189,,,
3216900,67,10184,,,
3216900,68,10080,,,
3216900,69,10043,,,
3216900,70,10095,,,
3216900,71,10055,,,
3216900,72,10059,,,
3216900,73,10084,,,
3216900,74,10190,,,
3216900,75,10092,,,
3216900,76,10036,,,
3216900,77,10060,,,
3216900,78,10044,,,
3216900,79,10071,,,
3216900,80,10191,,,
3216900,81,10098,,,
3216900,82,10049,,,
3216900,83,10061,,,
3216900,84,10082,,,
3216900,85,10093,,,
3216900,86,10600,,,
3216900,87,10047,,,
3216900,88,10050,,,
3216900,89,10087,,,
3216900,90,10192,,,
3216900,91,10597,,,
3216900,92,10063,,,
3216900,93,10038,,,
3216900,94,10193,,,
3216900,95,10089,,,
3216900,96,10057,,,
3216900,97,10039,,,
3216900,98,10065,,,
3216900,99,10054,,,
3216900,100,10596,,,
3216900,101,10194,,,
3216900,102,10048,,,
3216900,103,10195,,,
3216900,104,10196,,,
3216900,105,10064,,,
3216900,106,12773,,,
3216900,107,12774,,,
3216900,108,12775,,,
3216900,109,12776,,,
3216900,110,12777,,,
3216900,111,12778,,,
3234800,0,7807,,,
3234800,1,7808,,,
3234800,2,7809,,,
3234800,3,6520,,,
3234800,4,6523,,,
3234800,5,6526,,,
3234800,6,8506,,,
3234800,7,8509,,,
3234800,8,8512,,,
3234800,9,8484,,,
3234800,10,8485,,,
3234800,11,8486,,,
3234800,12,6529,,,
3234800,13,6530,,,
3234800,14,6531,,,
3234800,15,6532,,,
3234800,16,6533,,,
3234800,17,6534,,,
3234800,18,7561,,,
3234800,19,8193,,,
3234800,20,8194,,,
3234800,21,8195,,,
3234800,22,8196,,,
3234800,23,8197,,,
3234800,24,8198,,,
3234800,25,8199,,,
3234800,26,8200,,,
3234800,27,8202,,,
13128001,0,1835,,,
13128001,1,2509,,,
13128001,2,3947,,,
13128001,3,5146,,,
13128001,4,5140,,,
13128001,5,5134,,,
13128001,6,5262,,,
13128001,7,5256,,,
13128001,8,5250,,,
13128001,9,17,,,
13128001,10,1341,,,
13128001,11,1060,,,
13128001,12,1831,,,
13128001,13,1833,,,
13128001,14,734,,,
13128001,15,735,,,
13128001,16,6035,,,
13128001,17,736,,,
13128001,18,737,,,
13128001,19,5589,,,
13128001,20,1661,,,
13128001,21,9633,,,
13128001,22,4625,,,
13128001,23,4626,,,
13128001,24,4627,,,
13128001,25,4628,,,
